"p_val","avg_log2FC","pct.1","pct.2","p_val_adj","cluster","gene"
0,0.799489701793569,0.945,0.831,0,"0","MYC"
0,0.585125716639418,0.953,0.855,0,"0","PLAC8"
0,0.757323913553514,0.863,0.768,0,"0","NCOA4"
0,0.434793130610502,0.977,0.948,0,"0","TSPO"
0,0.370723249915318,0.996,0.981,0,"0","ZFAS1"
0,0.342150593315883,1,0.998,0,"0","NACA"
0,0.274620134395334,1,0.999,0,"0","BTF3"
0,0.272818209344084,1,1,0,"0","RPL5"
0,0.267595709542673,1,1,0,"0","RPS27A"
0,0.283034390913371,1,1,0,"0","RPL14"
0,0.267125256032921,1,1,0,"0","RPL34"
0,0.255569482455368,1,1,0,"0","RPL10A"
0,0.25992446406879,1,1,0,"0","RPS12"
0,0.26096236329947,1,1,0,"0","RPL7"
0,0.34006892358835,1,1,0,"0","RPL12"
0,0.258808885685712,1,1,0,"0","RPL27A"
0,0.252927575431728,1,1,0,"0","RPS25"
0,0.318453166091668,1,1,0,"0","RPS24"
0,0.278088382456758,1,1,0,"0","RPL21"
4.75439882307508e-301,0.387204859671652,0.994,0.988,9.12369134148107e-297,"0","CALR"
2.74500411148559e-276,0.829703206696071,0.715,0.584,5.26766288994085e-272,"0","FAM46A"
2.70833657096094e-265,0.633501813428046,0.807,0.727,5.19729787967404e-261,"0","SNHG19"
4.5568778861948e-250,0.466404820626428,0.991,0.986,8.74464866360783e-246,"0","METTL9"
2.83746178357096e-249,0.54655414305312,0.902,0.843,5.44508916267267e-245,"0","IGFBP2"
1.28176335588737e-236,0.392138178849599,0.989,0.973,2.45970387994787e-232,"0","EIF3E"
3.89930215900417e-230,0.371159328856585,0.987,0.978,7.482760843129e-226,"0","SNHG25"
1.06842509073951e-223,0.964319588352852,0.54,0.408,2.05030774912911e-219,"0","SNHG21"
4.93104498204553e-222,0.377395688032992,0.964,0.946,9.46267532054538e-218,"0","PPA1"
1.18686851999087e-218,0.665971660035093,0.817,0.771,2.27760068986249e-214,"0","RP5-1171I10.5"
3.10240157503809e-198,0.748502522355029,0.639,0.546,5.95350862249809e-194,"0","SNHG10"
8.76687079146398e-194,0.342641626351498,0.971,0.961,1.68236250488194e-189,"0","OSTC"
8.68278218010703e-189,0.36881517725209,0.981,0.972,1.66622590036254e-184,"0","GYPC"
1.40477320068413e-177,0.256268124761581,0.995,0.99,2.69575977211284e-173,"0","SSR4"
4.28527314387008e-176,0.356495428222489,0.955,0.917,8.22343916308668e-172,"0","PRSS57"
2.58875616656673e-166,0.39097583145478,0.91,0.89,4.96782308364156e-162,"0","CCND2"
8.20021583336022e-165,0.904731912439947,0.41,0.263,1.57362141842183e-160,"0","BZRAP1"
3.98004908859119e-158,0.306954555761817,0.979,0.974,7.63771420100649e-154,"0","PPIB"
7.88744268312384e-153,0.407937071107595,0.861,0.818,1.51360025089147e-148,"0","APLP2"
4.33969470691168e-143,0.437429072603363,0.776,0.699,8.32787414256352e-139,"0","CAT"
1.13083362191444e-141,0.313220745846106,0.956,0.933,2.17006972045382e-137,"0","HSPB1"
6.45071954698545e-140,0.330245189596319,0.948,0.915,1.23789308106651e-135,"0","PTMS"
1.7355775596373e-139,1.14564922331872,0.314,0.198,3.33057333694398e-135,"0","TMEM150A"
1.86501244725511e-139,0.284836563302899,0.975,0.962,3.57895888628256e-135,"0","SSR2"
1.18075514517375e-138,0.283644237883735,0.953,0.946,2.26586912358843e-134,"0","P4HB"
1.47605479934647e-138,0.569911426704752,0.673,0.58,2.83254915994587e-134,"0","FKBP11"
1.78889363924688e-136,0.314110894708335,0.973,0.951,3.43288689371476e-132,"0","NPW"
2.71334996386992e-132,0.444595530766146,0.793,0.735,5.20691858066638e-128,"0","NOP16"
4.83985690475605e-126,0.267547570214779,0.983,0.974,9.28768540022686e-122,"0","RBM3"
2.07772416414421e-123,0.564467921052785,0.62,0.521,3.98715267099274e-119,"0","CTSG"
2.60596852918216e-123,0.323146463976321,0.921,0.894,5.00085360750057e-119,"0","EIF4B"
7.82000546732111e-121,0.358253327322591,0.879,0.855,1.50065904917892e-116,"0","EBNA1BP2"
3.6674174397302e-120,0.255800613437715,0.992,0.986,7.03777406684225e-116,"0","SNHG8"
9.92238375563738e-119,0.568993559479966,0.466,0.345,1.90410544270681e-114,"0","RNASE2"
2.78332305232409e-117,1.26100461583577,0.272,0.17,5.34119693740992e-113,"0","CTA-29F11.1"
4.68459582761841e-117,0.30562597933954,0.852,0.817,8.98973939319973e-113,"0","HSP90B1"
6.80604176299822e-114,0.25645082794239,0.962,0.95,1.30607941431936e-109,"0","EBPL"
1.33190741039262e-110,0.304280073292393,0.937,0.928,2.55593032054344e-106,"0","SEC61G"
1.61126566085101e-105,0.319530917224258,0.903,0.889,3.09201880317308e-101,"0","NPM3"
8.46194767159417e-105,0.335941808256803,0.859,0.842,1.62384775817892e-100,"0","TMED10"
6.90189485325501e-90,0.338357955664065,0.803,0.767,1.32447362233964e-85,"0","GLRX"
6.31126610721081e-86,0.296975367053685,0.874,0.851,1.21113196597376e-81,"0","C20orf27"
7.73662437091393e-85,0.28150873138653,0.914,0.912,1.48465821677838e-80,"0","COMT"
1.22914634328726e-83,0.754708868044361,0.376,0.288,2.35873183276826e-79,"0","HOMER3"
1.28510254524457e-83,0.279350943558457,0.884,0.861,2.46611178432432e-79,"0","RAC3"
4.10255578340171e-81,0.393646019088633,0.465,0.36,7.87280454834789e-77,"0","UNG"
7.19952683115467e-79,0.28053408428687,0.896,0.898,1.38158919889858e-74,"0","MLEC"
1.74301269902897e-77,0.351147013137566,0.769,0.756,3.3448413694366e-73,"0","MFSD10"
3.5431678941364e-72,0.263765150862298,0.868,0.86,6.79933918884776e-68,"0","MRPL4"
1.74788009672264e-66,0.554238100918681,0.502,0.446,3.35418190561074e-62,"0","TOP1MT"
1.94375551962387e-65,0.328429992608437,0.735,0.692,3.7300668421582e-61,"0","RAB27A"
4.35633457087907e-63,0.309534062999617,0.795,0.803,8.35980604151693e-59,"0","TUSC2"
4.84012092621004e-61,0.807147312878175,0.297,0.227,9.28819205739708e-57,"0","CTB-31O20.2"
2.86713926217469e-59,0.36475338557775,0.618,0.594,5.50204024411322e-55,"0","NCBP2-AS2"
2.38065196134769e-58,0.397450704546339,0.621,0.606,4.56847111382621e-54,"0","ABHD14B"
4.64803562034293e-58,0.560340153053758,0.409,0.337,8.91958035543809e-54,"0","CEBPD"
1.91590142170646e-57,0.372844013222671,0.676,0.659,3.6766148282547e-53,"0","EPB41L4A-AS1"
7.86191430546348e-57,0.376441806280628,0.673,0.656,1.50870135521844e-52,"0","ZEB2"
2.53848572640301e-56,0.322562792251352,0.723,0.706,4.87135410896738e-52,"0","VAT1"
1.51308358081916e-55,0.659397697305142,0.272,0.199,2.90360739159197e-51,"0","RP11-84C10.2"
9.29247087757012e-55,0.435414389764209,0.533,0.497,1.78322516140571e-50,"0","ERLIN1"
1.15043005007231e-54,0.789249278301706,0.343,0.281,2.20767526608876e-50,"0","TSLP"
1.57945558590477e-54,0.286345925390634,0.766,0.754,3.03097526935126e-50,"0","RPP25"
7.08233029667406e-54,0.404981125818653,0.579,0.53,1.35909918393175e-49,"0","AGTRAP"
2.7303542571883e-50,0.590732186474105,0.406,0.36,5.23954981954434e-46,"0","LINC01481"
5.05527556768031e-48,0.73426409365771,0.305,0.248,9.70107381437851e-44,"0","HNRNPU-AS1"
8.42230141568988e-48,0.573234852328135,0.38,0.325,1.61623964167089e-43,"0","FUT4"
1.1930483039802e-46,0.283135539485149,0.712,0.703,2.289459695338e-42,"0","FAM45A"
2.49859230413288e-46,0.28511871166702,0.698,0.702,4.794798631631e-42,"0","C14orf142"
3.48507406705104e-46,0.46063964643968,0.501,0.471,6.68785713467095e-42,"0","CECR5"
1.5223980641124e-45,0.520562615261609,0.444,0.41,2.9214818850317e-41,"0","FRAT2"
2.82003663715599e-45,0.557343014468585,0.367,0.316,5.41165030670234e-41,"0","MLC1"
6.90902170519727e-43,0.296895183958056,0.68,0.678,1.32584126522736e-38,"0","RRP1B"
4.23765949474465e-42,0.252442568399944,0.776,0.763,8.13206857041498e-38,"0","ISOC2"
1.45315554314417e-40,0.422297415953997,0.405,0.356,2.78860548729366e-36,"0","MSH6"
1.20350581216073e-36,0.406264670436861,0.513,0.494,2.30952765353645e-32,"0","SLC27A5"
1.5123796821662e-34,0.681208248809476,0.29,0.247,2.90225661007694e-30,"0","THEMIS2"
2.08681834938165e-34,0.595353144344734,0.31,0.26,4.00460441246338e-30,"0","CFD"
2.53859852738639e-32,0.359176266339906,0.451,0.409,4.87157057405449e-28,"0","LYST"
7.43569671769914e-32,0.292890568959751,0.745,0.758,1.42691020012646e-27,"0","RPL22L1"
9.13459600617904e-32,0.341386815212792,0.622,0.628,1.75292897358576e-27,"0","AZI2"
2.34778280505527e-30,0.340641286169413,0.54,0.542,4.50539520290106e-26,"0","MAPKAPK5-AS1"
8.27447937349048e-30,0.258855322709226,0.691,0.706,1.58787259177282e-25,"0","EMB"
6.92267969921019e-29,0.381447664046803,0.465,0.445,1.32846223427843e-24,"0","HIST3H2A"
1.49112756213077e-28,0.427623539503207,0.327,0.285,2.86147379172894e-24,"0","CLEC12A"
3.95148353236581e-28,0.473920061707234,0.395,0.37,7.58289689860999e-24,"0","PROK2"
1.57617042974829e-27,0.262043413676162,0.455,0.413,3.02467105468697e-23,"0","GINS2"
2.30236080159248e-27,0.378935664786635,0.408,0.381,4.41823037825596e-23,"0","ZMYND19"
1.10413877922795e-26,0.461708100613065,0.411,0.395,2.11884231733843e-22,"0","N4BP2L1"
1.24143216293488e-26,0.275211412769383,0.616,0.62,2.38230832067204e-22,"0","P2RY8"
4.79008251798312e-26,0.36330740041071,0.454,0.438,9.19216835200962e-22,"0","TAF7"
1.38475577212418e-25,0.255590240461798,0.667,0.684,2.65734632670631e-21,"0","CBWD5"
1.23145381339352e-24,0.283838359141431,0.576,0.575,2.36315986790216e-20,"0","POLR3H"
4.21666843987901e-24,0.310791142810611,0.519,0.519,8.09178673612782e-20,"0","ERO1A"
1.70444356563419e-23,0.266376153941796,0.583,0.595,3.27082720245202e-19,"0","CCDC106"
1.36663474569139e-22,0.273266596160347,0.621,0.64,2.62257207698178e-18,"0","ILF3-AS1"
2.06057866776219e-21,0.51063327090124,0.311,0.286,3.95425046343564e-17,"0","DNAJC25"
2.65482565090489e-19,0.390553891875403,0.399,0.386,5.09461042408649e-15,"0","SLC35F2"
3.08242844968005e-19,0.267832734544301,0.602,0.624,5.91518019493602e-15,"0","CBWD2"
1.04653624010473e-18,0.446516934137648,0.323,0.301,2.00830304476097e-14,"0","FNDC3B"
2.7029697261904e-18,0.338493006388393,0.464,0.474,5.18699890455938e-14,"0","RP11-352M15.2"
1.24269841581901e-17,0.254804552927359,0.585,0.607,2.38473825995668e-13,"0","CYHR1"
1.29355268734995e-15,0.475362169162588,0.264,0.24,2.48232760702455e-11,"0","ERN1"
2.46531916220326e-15,0.263971059700079,0.527,0.548,4.73094747226806e-11,"0","SDHAF1"
6.96629641724062e-14,0.375888397890976,0.346,0.336,1.33683228246848e-09,"0","CAMKK2"
8.6166432800409e-14,0.355952082540442,0.407,0.412,1.65353384543985e-09,"0","MAN1A1"
2.76777101427667e-13,0.301127182722876,0.469,0.489,5.31135257639694e-09,"0","NUS1"
2.96563745166435e-13,0.339846099163584,0.43,0.429,5.69105826974389e-09,"0","FOSL2"
7.98824268823749e-13,0.358263082814671,0.358,0.353,1.53294377187277e-08,"0","ECE2"
3.62401922029254e-12,0.424818104189328,0.34,0.338,6.95449288374138e-08,"0","CTD-3184A7.4"
3.75804266576175e-11,0.330301092071545,0.374,0.378,7.2116838755968e-07,"0","MCAT"
2.16285064648501e-10,0.263227316145179,0.463,0.485,4.15051039060473e-06,"0","CPNE1"
3.08081193598027e-10,0.34154343388083,0.368,0.374,5.91207810514615e-06,"0","KIF9"
5.45996976516831e-10,0.36850433479297,0.353,0.356,1.0477681979358e-05,"0","FASTKD3"
5.63335109325086e-10,0.396565968834159,0.337,0.34,1.08104007479484e-05,"0","TOB2"
8.06839625521305e-10,0.273749547397794,0.501,0.531,1.54832524137538e-05,"0","ZDHHC2"
2.04790847829962e-09,0.388444516041798,0.284,0.275,3.92993636985697e-05,"0","DIS3"
7.32004277379477e-09,0.427477893219629,0.272,0.265,0.000140471620829122,"0","CERCAM"
9.4330358555885e-09,0.279114200119014,0.416,0.433,0.000181019958068743,"0","TCEB3"
1.10754405211088e-08,0.462418539973586,0.256,0.248,0.000212537703600077,"0","OCLN"
2.46077520232784e-08,0.380238130113645,0.295,0.294,0.000472222761326713,"0","BAIAP2-AS1"
2.83082509456492e-08,0.275714768431758,0.307,0.302,0.000543235335647008,"0","ANXA2R"
2.94456242189796e-08,0.336510558647909,0.35,0.357,0.000565061528762218,"0","CD302"
1.61372465587206e-07,0.365923324838466,0.386,0.407,0.00309673761461848,"0","PCF11"
1.81831624782656e-07,0.268400362369074,0.345,0.348,0.00348934887957917,"0","ANPEP"
2.47803513832758e-07,0.365816641392852,0.271,0.266,0.00475534943045062,"0","LINC00869"
5.20427027163887e-07,0.389913061324821,0.269,0.266,0.009986994651275,"0","ZNF263"
5.55399931438267e-07,0.364462958048423,0.304,0.304,0.0106581246843003,"0","SERINC5"
7.83210210498725e-07,0.273264168091716,0.389,0.405,0.0150298039394705,"0","RREB1"
9.19852515757418e-07,0.309409305020451,0.341,0.347,0.0176519697773849,"0","MFSD1"
1.46791300784467e-06,0.365702550490414,0.258,0.253,0.0281692506205392,"0","MIR762HG"
1.85674265762836e-06,0.349751801413347,0.291,0.293,0.0356308915998882,"0","CPD"
4.10254346087199e-06,0.296624634874207,0.319,0.325,0.0787278090141335,"0","B4GALT5"
1.45863556856749e-05,0.260338158885445,0.377,0.396,0.279912165608102,"0","ATXN7L3B"
1.59793659781116e-05,0.289075858072819,0.314,0.318,0.306644033119962,"0","PLD6"
5.51314232380829e-05,0.251810504472179,0.403,0.434,1,"0","NBEAL1"
9.19650477676079e-05,0.350522184691422,0.253,0.255,1,"0","SCARB1"
0.000119857330958614,0.359878440743167,0.282,0.283,1,"0","TRPM4"
0.000136003085014717,0.418489646694663,0.246,0.25,1,"0","GRAMD4"
0.000192908744690191,0.253515720350357,0.314,0.322,1,"0","CHCHD7"
0.00020181131812138,0.282547512949238,0.268,0.268,1,"0","CD3EAP"
0.000208397808139434,0.256553431474631,0.356,0.375,1,"0","MINCR"
0.000229979357425624,0.291653156859665,0.261,0.263,1,"0","KIAA0930"
0.000319273797869649,0.266861621795192,0.322,0.337,1,"0","TGFBRAP1"
0.000847770908213671,0.273338722392607,0.28,0.287,1,"0","TRIM14"
0.00107966703678601,0.279073470097261,0.294,0.306,1,"0","ADCK3"
0.00202129346152392,0.255893086247085,0.369,0.395,1,"0","IFI6"
0.0035057875932545,0.307275597481486,0.27,0.276,1,"0","CXCR4"
0.00471465108717116,0.279222920118549,0.265,0.275,1,"0","NMB"
0.00495153782217044,0.311248973216585,0.254,0.261,1,"0","PRAM1"
0.00601634980537753,0.259107902353227,0.288,0.301,1,"0","ZNF121"
0.00712830576329645,0.251208485072064,0.355,0.383,1,"0","EDEM3"
0.00871309251169046,0.286449831687776,0.256,0.267,1,"0","ATG13"
0,1.18780545504878,0.82,0.539,0,"1","TK1"
0,0.885027739681423,0.736,0.471,0,"1","RRM2"
0,0.971211662774117,0.677,0.414,0,"1","MYBL2"
0,1.07963784429113,0.656,0.393,0,"1","BIN1"
0,1.16959211541383,0.786,0.524,0,"1","MDK"
0,0.874409933545987,0.727,0.476,0,"1","HELLS"
0,0.814933624130358,0.765,0.535,0,"1","CLSPN"
0,0.847895071719112,0.694,0.466,0,"1","RAD51AP1"
0,1.07136413760494,0.535,0.309,0,"1","FAM213A"
0,0.84560927944003,0.781,0.556,0,"1","CCDC109B"
0,0.828803699138026,0.824,0.603,0,"1","TMEM106C"
0,0.789125922146413,0.876,0.666,0,"1","SPINK2"
0,0.758129878231376,0.776,0.567,0,"1","PCNA"
0,0.85001512443777,0.855,0.646,0,"1","VAMP5"
0,0.749786978902264,0.917,0.732,0,"1","NGFRAP1"
0,0.787138068438433,0.94,0.797,0,"1","TYMS"
0,0.602225809355852,0.941,0.814,0,"1","C12orf75"
0,0.540213574841943,0.914,0.8,0,"1","DNAJC9"
0,0.775378135673603,0.954,0.859,0,"1","HIST1H4C"
0,0.473247633505006,0.964,0.901,0,"1","IDH2"
0,0.527666383419964,0.985,0.937,0,"1","CD164"
0,0.556624003638164,0.992,0.968,0,"1","CDK4"
0,0.5011278770284,0.998,0.982,0,"1","CD74"
0,0.368008106342028,0.995,0.979,0,"1","SIVA1"
0,0.658527291421362,1,0.984,0,"1","DUT"
0,0.507703333348561,0.995,0.981,0,"1","KIAA0101"
0,0.401922307984165,0.997,0.984,0,"1","DEK"
0,0.510349908342232,1,0.988,0,"1","PRDX1"
0,0.372407785230428,0.99,0.98,0,"1","TUBB"
0,0.423531242219522,1,0.997,0,"1","RANBP1"
0,0.270503559043867,1,0.998,0,"1","H2AFZ"
0,0.29577841863145,1,0.998,0,"1","GSTP1"
0,0.340231033618609,1,1,0,"1","MALAT1"
5.4535665334336e-308,0.334025732056829,0.996,0.987,1.04653941776591e-303,"1","STMN1"
1.35389848609138e-307,0.270100500570027,0.999,0.998,2.59813119480936e-303,"1","SUMO2"
2.1459338862784e-305,1.07448187490915,0.528,0.302,4.11804712776826e-301,"1","TM4SF1"
1.33233670721673e-289,0.437264761635201,0.971,0.918,2.5567541411489e-285,"1","RAD23A"
5.82805659537789e-288,0.357018546959401,0.99,0.957,1.11840406065302e-283,"1","H2AFY"
5.79033359655256e-276,1.04077968892974,0.541,0.322,1.11116501717844e-271,"1","GLIPR1"
2.95530279965019e-273,0.745180986070733,0.77,0.582,5.67122607252872e-269,"1","MEF2C"
1.52999495038342e-265,0.315119212620406,0.997,0.989,2.93606030978578e-261,"1","NAA38"
7.00005410496257e-264,0.357009674394582,0.992,0.971,1.34331038274232e-259,"1","POMP"
3.42223919917517e-263,0.330094048209495,0.99,0.978,6.56727702321716e-259,"1","MGST1"
2.77955420022582e-260,0.411170867489617,0.973,0.9,5.33396451023336e-256,"1","HLA-DPA1"
1.41651502511607e-258,0.874778985847996,0.577,0.368,2.71829233319775e-254,"1","WBP5"
2.83630278555208e-258,0.661100988900084,0.775,0.604,5.44286504547443e-254,"1","WDR34"
3.75449592556942e-254,0.498802169450723,0.941,0.856,7.20487768116772e-250,"1","XIST"
4.43952729454838e-254,0.309845213111268,0.99,0.986,8.51945287823833e-250,"1","PPDPF"
3.72725207609773e-252,0.56592672051849,0.853,0.731,7.15259673403154e-248,"1","CKLF"
3.99733212624899e-249,0.713130439295422,0.748,0.574,7.67088035027181e-245,"1","DHFR"
2.84050534354521e-244,0.830009517918619,0.617,0.417,5.45092975426326e-240,"1","ASF1B"
6.88390584037298e-244,0.5683526009818,0.764,0.564,1.32102153076758e-239,"1","LINC00152"
8.41260740733297e-237,0.851017585943564,0.601,0.404,1.6143793614672e-232,"1","PHGDH"
1.68586002783668e-235,0.586433115329517,0.83,0.672,3.23516539341859e-231,"1","ZWINT"
1.51272275807339e-234,0.346639455441022,0.987,0.958,2.90291497274284e-230,"1","YWHAQ"
5.63058325149497e-233,0.495487270363187,0.898,0.76,1.08050892596189e-228,"1","HLA-DRB1"
9.77454157167996e-233,0.287169135875561,0.999,0.977,1.87573452760538e-228,"1","CALM2"
1.07002317728035e-228,0.482760740794266,0.908,0.819,2.05337447720099e-224,"1","USP1"
2.06445365372613e-228,0.445496646932563,0.937,0.855,3.96168656150045e-224,"1","RNASEH2B"
2.08669684131122e-228,0.76979700529648,0.693,0.494,4.00437123847622e-224,"1","RMI2"
1.99407593491124e-227,0.420449465016931,0.969,0.935,3.82663171909467e-223,"1","ZFP36L2"
3.77451040232872e-225,0.488887598373464,0.886,0.78,7.24328546206881e-221,"1","MEA1"
2.85686233133465e-224,0.567810582306398,0.805,0.648,5.48231881383119e-220,"1","CDCA4"
1.9825720994672e-223,0.57728612130198,0.771,0.576,3.80455585887756e-219,"1","HOPX"
7.10742534809153e-223,0.34706281599282,0.995,0.972,1.36391492429877e-218,"1","HLA-DRA"
9.22592993293734e-223,0.858078821327458,0.549,0.357,1.77045595413068e-218,"1","FAM111A"
4.88336724262334e-222,0.644047360228428,0.736,0.567,9.37118173859419e-218,"1","FEN1"
6.76305446828061e-222,0.497828173468798,0.884,0.777,1.29783015246305e-217,"1","PXMP2"
5.09637132772603e-221,0.897704719904778,0.517,0.323,9.77993657790626e-217,"1","TCF19"
8.88688746532459e-221,0.654173596997516,0.713,0.527,1.70539370459579e-216,"1","UBE2T"
1.85265287681901e-219,0.515158284445154,0.85,0.715,3.55524087061568e-215,"1","GGH"
7.89580432342195e-215,0.764015898672957,0.601,0.411,1.51520484966467e-210,"1","SMCO4"
8.97414351751385e-215,0.795251779907373,0.542,0.35,1.72213814101091e-210,"1","OCIAD2"
9.7438566303139e-214,0.573386981136408,0.821,0.691,1.86984608735724e-209,"1","PYCARD"
1.09986764060222e-209,0.43762711443565,0.916,0.836,2.11064600231565e-205,"1","DNMT1"
8.17016124387496e-209,0.426400878175447,0.924,0.859,1.5678539426996e-204,"1","FAM49B"
6.57660088271242e-208,0.297563925516799,0.997,0.992,1.26204970939251e-203,"1","HMGA1"
1.49743314014374e-207,0.724367834332289,0.643,0.463,2.87357419593584e-203,"1","CENPU"
1.70473798202847e-207,0.541883574204021,0.811,0.68,3.27139218751263e-203,"1","SMC3"
7.81638567680081e-206,0.730327741082213,0.624,0.442,1.49996441137808e-201,"1","NCAPH2"
1.57430979503358e-203,0.551106096919262,0.745,0.559,3.02110049666944e-199,"1","CKB"
1.02073329440234e-201,0.476624365244694,0.872,0.777,1.9587871919581e-197,"1","NDUFV1"
2.70123132143867e-200,0.666188423864428,0.691,0.522,5.1836629058408e-196,"1","CYB5A"
4.49154867666894e-198,0.542021049424687,0.829,0.704,8.61928191052769e-194,"1","HPRT1"
5.75864798654785e-198,0.372341431887497,0.984,0.948,1.10508454861853e-193,"1","HLA-DPB1"
1.28304177356881e-196,0.266761845921995,0.999,0.991,2.46215716347854e-192,"1","HLA-A"
3.20583614547966e-195,0.425301024249835,0.911,0.825,6.15199956317546e-191,"1","SMARCB1"
6.1677453444366e-194,0.640811431576835,0.704,0.527,1.18359033159738e-189,"1","HLA-DQB1"
1.23156577921503e-192,0.399130553419941,0.97,0.932,2.36337473031365e-188,"1","FUS"
4.46684508386432e-192,0.550733573490583,0.799,0.669,8.57187571593564e-188,"1","YEATS4"
1.19510353494096e-191,0.433644781613906,0.909,0.815,2.2934036835517e-187,"1","PSIP1"
5.27440971474244e-191,1.1607003094626,0.309,0.151,1.01215922425907e-186,"1","C1QTNF4"
8.3001864364792e-189,1.20212327993063,0.322,0.166,1.59280577716036e-184,"1","FHL1"
4.86069754083703e-188,0.441916567964203,0.906,0.822,9.32767858086626e-184,"1","SEPW1"
4.89281123768223e-187,0.555130568924433,0.772,0.631,9.38930476511219e-183,"1","LIMS1"
4.72538092533637e-183,0.647780673442778,0.694,0.55,9.0680059957205e-179,"1","CENPH"
1.14318190412282e-182,0.426501344575016,0.899,0.802,2.19376607401169e-178,"1","HSPB11"
5.6788913667831e-182,1.04154189171606,0.371,0.209,1.08977925328568e-177,"1","SERPINE2"
1.70945960820431e-181,0.314647021016981,0.973,0.952,3.28045298814407e-177,"1","PPP4C"
1.54855687410817e-179,0.69030823725646,0.616,0.451,2.97168064141358e-175,"1","TUBG1"
1.83865312363118e-178,0.395288133568828,0.946,0.883,3.52837534424824e-174,"1","LYRM1"
4.68509323753082e-178,0.302563667371073,0.975,0.942,8.99069392282164e-174,"1","CSTB"
1.96197644805629e-177,0.39182249503314,0.915,0.851,3.76503280382002e-173,"1","MRPL37"
8.02115890724623e-176,0.583179327018669,0.773,0.628,1.53926039430055e-171,"1","NFKBIA"
2.00717993525734e-175,1.07672607325471,0.355,0.199,3.85177829575884e-171,"1","TPD52"
3.85375086681181e-173,0.388990930501286,0.918,0.854,7.39534791341187e-169,"1","SSRP1"
1.60305761752336e-171,0.455874460197124,0.835,0.737,3.07626756802733e-167,"1","FAM212A"
8.71338463586113e-171,0.947491393019526,0.393,0.229,1.67209851162175e-166,"1","CDC45"
3.50718905110947e-168,0.260159737581937,0.992,0.981,6.73029578907906e-164,"1","SLC25A5"
1.22906717205221e-167,0.394178677057878,0.908,0.835,2.35857990316819e-163,"1","PSMC5"
2.70705445009521e-167,0.594056810352504,0.542,0.374,5.19483748973272e-163,"1","ID2"
1.27659785694402e-166,0.561422658109067,0.702,0.551,2.44979128747558e-162,"1","CDCA5"
1.17363040165908e-165,0.966188291224449,0.388,0.229,2.25219674078377e-161,"1","BEX2"
1.77214060358769e-165,0.330771753351745,0.956,0.917,3.40073781828477e-161,"1","PSMB1"
1.09031809200552e-164,0.449572267935435,0.861,0.766,2.09232041855859e-160,"1","ITGB1BP1"
7.23721867982596e-164,0.994001777215072,0.36,0.205,1.3888222646586e-159,"1","DONSON"
2.37623765150696e-163,0.69651034637434,0.577,0.416,4.56000005324185e-159,"1","NTAN1"
6.64038880056901e-163,0.354275178753499,0.943,0.894,1.27429061082919e-158,"1","C19orf60"
1.01157646687531e-161,0.509382363681189,0.796,0.667,1.94121523993371e-157,"1","GMNN"
6.68101589247633e-160,0.496225703637258,0.777,0.643,1.28208694976621e-155,"1","PSMC3"
6.38391288446731e-159,0.287303422830612,0.97,0.948,1.22507288252928e-154,"1","RAC1"
2.12436485983119e-158,0.269290073840864,0.986,0.966,4.07665616601605e-154,"1","LSM3"
1.03187543158519e-154,0.611139761225349,0.562,0.396,1.98016895321198e-150,"1","RHOC"
3.60801695757747e-154,0.309835559141733,0.962,0.931,6.92378454159116e-150,"1","RBM17"
1.62625784136259e-153,0.36773695079567,0.96,0.915,3.12078879757481e-149,"1","FABP5"
4.69178777568137e-153,0.420879457601682,0.893,0.791,9.00354074153255e-149,"1","SLBP"
1.29091415148027e-152,0.651542129044773,0.643,0.49,2.47726425669065e-148,"1","DLK1"
5.51921813753792e-152,0.294759360722313,0.976,0.958,1.05913796059353e-147,"1","TUFM"
4.93455081184943e-151,0.312388300144805,0.965,0.932,9.46940300793905e-147,"1","SNRPD3"
5.24878909408575e-151,0.260531639392187,0.99,0.979,1.00724262715506e-146,"1","SOD1"
4.31487922277701e-150,0.34864933371935,0.933,0.874,8.28025322850907e-146,"1","C9orf142"
2.4111836820401e-149,0.263956144549973,0.986,0.959,4.62706148583495e-145,"1","HNRNPDL"
4.19971199626168e-149,0.286106574568435,1,0.999,8.05924732082617e-145,"1","MIF"
2.45552103247834e-147,0.57455888348108,0.697,0.56,4.71214486132593e-143,"1","RPA3"
7.20565981580446e-147,0.387045438713033,0.877,0.812,1.38276611865288e-142,"1","ADRM1"
5.30625729558526e-146,0.264175383412623,0.981,0.962,1.01827077502281e-141,"1","PCBP1"
6.13056953569014e-145,0.851043644830277,0.453,0.302,1.17645629389894e-140,"1","ISYNA1"
5.68535433233899e-144,0.87936049989374,0.359,0.212,1.09101949637585e-139,"1","C1orf21"
1.15962275800932e-143,0.379357127238726,0.909,0.843,2.22531607261988e-139,"1","UBXN4"
2.01971361911322e-143,0.769202743248716,0.54,0.391,3.87583043507827e-139,"1","KRT18"
5.12439408341175e-143,0.500782378769888,0.718,0.576,9.83371224606715e-139,"1","NRGN"
1.02890149327601e-142,0.508833608921067,0.75,0.627,1.97446196559667e-138,"1","PPM1F"
1.20492300159033e-142,0.593038516150351,0.587,0.433,2.31224724005185e-138,"1","ITM2C"
3.49643689932229e-142,0.343916460590213,0.911,0.848,6.70966240979947e-138,"1","MAGOH"
9.85170671846183e-142,0.57563062779722,0.693,0.566,1.89054251927283e-137,"1","CSRP1"
3.00457244168912e-141,0.586218600855055,0.639,0.498,5.76577451560141e-137,"1","RNASEH2A"
3.50528083197646e-139,0.384485603003219,0.872,0.804,6.72663391656283e-135,"1","VPS29"
6.26350466170921e-139,0.800633200127713,0.331,0.19,1.201966544582e-134,"1","CRHBP"
9.41520221366263e-138,0.484958795108866,0.725,0.577,1.80677730480186e-133,"1","KIAA0125"
1.49043927991675e-137,0.611262744464626,0.574,0.42,2.86015297816023e-133,"1","TCEAL3"
4.07578371424755e-137,0.662166879290453,0.561,0.416,7.82142894764105e-133,"1","CENPK"
6.71951900954102e-137,0.282416999212008,0.976,0.946,1.28947569793092e-132,"1","EIF5"
1.96949011584486e-136,0.292506647844473,0.957,0.919,3.7794515323063e-132,"1","AKR1A1"
4.05478071066356e-135,0.434461741917996,0.823,0.728,7.78112418376338e-131,"1","CMAS"
1.15632550776546e-134,0.725960809575758,0.489,0.344,2.21898864940191e-130,"1","ATP2B1"
1.65396728135653e-134,0.415954403552459,0.835,0.728,3.17396321292319e-130,"1","DCK"
3.29990468209579e-134,0.541255959630474,0.662,0.52,6.33251708494183e-130,"1","ATAD2"
3.45433412314544e-133,0.273791389832738,0.981,0.957,6.6288671823161e-129,"1","ARPC5"
5.49255582152946e-133,0.363469563995464,0.889,0.829,1.0540214621515e-128,"1","ANAPC5"
1.44724416072734e-132,0.292502978018238,0.973,0.943,2.77726154443577e-128,"1","VKORC1"
1.92526620837432e-129,0.370690543027519,0.887,0.813,3.69458585387032e-125,"1","BCKDK"
8.31274325558283e-128,0.339823534438199,0.906,0.84,1.59521543074635e-123,"1","TCP1"
6.36111451145728e-127,0.390787877262594,0.83,0.733,1.22069787474865e-122,"1","MGST3"
2.11498154196115e-126,0.944161593259896,0.315,0.186,4.05864957902345e-122,"1","ESCO2"
3.02305994061069e-126,0.253743353974156,0.979,0.959,5.80125202603191e-122,"1","TMEM14B"
5.98065194967825e-125,0.900616911742482,0.337,0.206,1.14768710914326e-120,"1","RAD54L"
2.44723698728393e-124,0.309808771838482,0.968,0.931,4.69624777859786e-120,"1","HSPB1"
6.95144118281267e-124,0.479829915295807,0.692,0.552,1.33398156298175e-119,"1","LPXN"
1.25936218285712e-123,0.281558331092076,0.964,0.939,2.41671602890282e-119,"1","MRPL11"
3.92056056173849e-123,0.803689008772305,0.405,0.27,7.52355571797616e-119,"1","FANCG"
7.4004664557604e-123,0.437827578898481,0.621,0.475,1.42014951286042e-118,"1","LTB"
1.89270736461988e-122,0.685097658617225,0.487,0.345,3.63210543270555e-118,"1","BTG3"
6.30053802389645e-122,0.597898054608343,0.566,0.431,1.20907324678573e-117,"1","ACAA2"
2.73903655734901e-121,0.469979458161619,0.73,0.633,5.25621115355274e-117,"1","PSMD11"
7.99665074571931e-121,0.532446826901637,0.675,0.549,1.53455727810354e-116,"1","ITGB3BP"
8.06385114708743e-121,0.445121549445629,0.79,0.694,1.54745303512608e-116,"1","TMX1"
4.04274243795055e-120,0.378228244923892,0.834,0.744,7.75802273842711e-116,"1","CLN6"
4.4346975226851e-120,0.261962159398381,0.975,0.952,8.51018454603271e-116,"1","KPNB1"
4.98027513552851e-119,0.30529433038826,0.922,0.872,9.55714798507921e-115,"1","PNKD"
1.08892811986212e-117,0.365079883183471,0.874,0.789,2.08965306201541e-113,"1","POLE4"
3.5156807281806e-117,0.293325084627669,0.924,0.881,6.74659131737858e-113,"1","PIN1"
6.78369629693342e-117,0.616332859785738,0.552,0.412,1.30179131938152e-112,"1","HLA-DQA2"
1.29948682832289e-116,0.261522828127281,0.958,0.931,2.49371522355162e-112,"1","CLTA"
7.37120283183085e-115,0.473201308436646,0.713,0.602,1.41453382342834e-110,"1","AKR7A2"
2.19986327927944e-114,0.388370186726155,0.81,0.707,4.22153763293724e-110,"1","SQLE"
3.09643433594195e-114,0.268719095456031,0.951,0.917,5.9420574906726e-110,"1","FIBP"
1.1085455159654e-113,0.251344667576177,0.978,0.961,2.12729884513761e-109,"1","NDUFAB1"
1.19039590705583e-113,0.280866875314531,0.942,0.911,2.28436974564013e-109,"1","DGCR6L"
1.3951636392096e-113,0.304711030910768,0.924,0.87,2.67731902364322e-109,"1","ARF6"
2.38871501768504e-113,0.259859338856868,0.968,0.941,4.58394411893758e-109,"1","HNRNPF"
4.2349846831962e-113,0.279679537063468,0.923,0.863,8.12693560705351e-109,"1","UBE2I"
4.71021933557892e-113,0.824038869568832,0.327,0.201,9.03891090497595e-109,"1","PKMYT1"
8.02257836441317e-113,0.551616123435616,0.609,0.478,1.53953278813089e-108,"1","CARHSP1"
2.65104142491824e-112,0.554116381136113,0.596,0.474,5.0873484944181e-108,"1","GCLM"
1.19124328852836e-111,0.507720899673477,0.665,0.55,2.28599587068592e-107,"1","WDR54"
1.85908637871549e-111,0.523510036729674,0.607,0.461,3.56758676075503e-107,"1","GPAT3"
1.86198086862318e-111,0.515449054742534,0.593,0.455,3.57314128688787e-107,"1","ACAT2"
2.52305882437845e-111,0.3494426524833,0.861,0.776,4.84174988398225e-107,"1","TFDP1"
3.97102095703318e-111,0.809468681318444,0.36,0.231,7.62038921654668e-107,"1","ABI2"
5.62347646215528e-111,0.451922460704221,0.689,0.573,1.0791451330876e-106,"1","SLC3A2"
1.32423462092943e-110,0.524424137956678,0.62,0.495,2.54120623756357e-106,"1","CCP110"
1.17412930760086e-109,0.341921944251307,0.863,0.791,2.25315414128604e-105,"1","MAD2L2"
1.40652260212654e-109,0.403014495917441,0.788,0.692,2.69911687348083e-105,"1","UFD1L"
1.78353538711061e-109,0.348082158382504,0.869,0.8,3.42260440786526e-105,"1","TNFRSF1A"
1.93748371369548e-109,0.286928814361944,0.932,0.892,3.71803124658163e-105,"1","BAX"
4.15898202748147e-109,0.762925813763822,0.406,0.277,7.98108651073693e-105,"1","PAK1"
7.05316883911951e-109,0.725334151383426,0.44,0.309,1.35350310022703e-104,"1","PRIM1"
1.91808466564565e-108,0.672716707301594,0.423,0.289,3.680804473374e-104,"1","IFI16"
7.64762967140669e-108,0.435500117870088,0.79,0.706,1.46758013394294e-103,"1","CEBPA"
1.26272527558853e-106,0.36067594876928,0.831,0.738,2.42316980385439e-102,"1","SMC2"
1.38406769458756e-106,0.333872081760141,0.916,0.859,2.65602590591353e-102,"1","TAOK3"
8.65138619699983e-106,0.566400159933404,0.567,0.439,1.66020101120427e-101,"1","BRCA1"
6.77306679420541e-105,0.292017110506595,0.921,0.871,1.29975151780802e-100,"1","NDUFV2"
2.30008724686981e-104,0.453549617985491,0.681,0.557,4.41386742674317e-100,"1","FADS1"
2.59975252096297e-104,0.35146509999489,0.844,0.765,4.98892508772795e-100,"1","THAP7"
1.06044689325577e-103,0.302602082920117,0.915,0.841,2.03499758815783e-99,"1","CACYBP"
1.06384218549852e-103,0.383086406186075,0.817,0.741,2.04151315397167e-99,"1","UBA2"
2.47703934541038e-103,0.3652159724078,0.844,0.758,4.75343850384252e-99,"1","XRCC5"
2.52397147183113e-103,0.353182873851257,0.807,0.721,4.84350125444393e-99,"1","SAC3D1"
3.34377758830243e-103,0.447230949708533,0.701,0.587,6.41670919195237e-99,"1","TSEN34"
2.17745514289211e-102,0.980638235772215,0.274,0.163,4.17853641920996e-98,"1","CNFN"
3.07019718639873e-102,0.680162234858299,0.448,0.319,5.89170840069917e-98,"1","POLD3"
3.70742068322354e-102,0.776982731848429,0.369,0.248,7.11454029110596e-98,"1","RBPMS"
9.00313155463869e-102,0.702398650843798,0.438,0.315,1.72770094533516e-97,"1","BRCA2"
1.35278488861e-101,0.617928722621247,0.516,0.393,2.5959942012426e-97,"1","FAF1"
2.36928913430521e-101,0.690161969504407,0.386,0.255,4.54666584873169e-97,"1","WDR76"
3.25413008530221e-101,0.836971060393061,0.325,0.207,6.24467563369493e-97,"1","LRRCC1"
4.90519876315023e-101,0.581729642003536,0.536,0.407,9.4130764264853e-97,"1","SMIM24"
7.92698757427841e-100,0.324624949198097,0.89,0.822,1.52118891550403e-95,"1","MEAF6"
1.50814544837627e-99,0.368081459027746,0.687,0.558,2.89413111543407e-95,"1","PDLIM1"
3.16784261962879e-99,0.38738974588307,0.765,0.664,6.07908998706764e-95,"1","SCCPDH"
3.24744366526055e-99,0.670311175697966,0.429,0.304,6.231844393635e-95,"1","DSCC1"
4.45618274994483e-99,0.456471843665607,0.702,0.608,8.55141469714413e-95,"1","PSMD3"
4.54082234596753e-99,0.633885524029774,0.478,0.355,8.71383808191169e-95,"1","TMEM237"
4.84091867409029e-99,0.771384625881217,0.368,0.249,9.28972293557926e-95,"1","REC8"
1.27205852070632e-98,0.395182088193557,0.775,0.674,2.44108030123543e-94,"1","TCEAL4"
1.66245210714008e-98,0.354571094885807,0.839,0.764,3.19024559360182e-94,"1","PSMD14"
7.78849734832958e-98,0.353246405538256,0.836,0.755,1.49461264114445e-93,"1","REXO2"
8.60510086514983e-98,0.783497393399215,0.341,0.223,1.65131885602225e-93,"1","CDK2"
2.00300821153726e-97,0.45332867282997,0.669,0.557,3.84377275794001e-93,"1","HAUS1"
2.28153881216854e-97,0.766176072782864,0.4,0.281,4.37827298055143e-93,"1","LKAAEAR1"
4.78818045864636e-97,0.654383814526749,0.479,0.354,9.18851830014236e-93,"1","UHRF1"
5.98905118417314e-97,0.36983913559223,0.854,0.776,1.14929892224283e-92,"1","KNOP1"
8.5405319183352e-97,0.613247654585199,0.419,0.296,1.63892807512852e-92,"1","SPC25"
6.15864942877208e-96,0.563867738041406,0.545,0.423,1.18184482538136e-91,"1","AAED1"
8.38580748517063e-95,0.675008418191131,0.402,0.282,1.60923645640424e-90,"1","DSN1"
9.62824018470799e-95,0.681588415849982,0.416,0.294,1.84765929144546e-90,"1","C4orf27"
2.13910855087789e-94,0.736434287353403,0.382,0.263,4.10494930913467e-90,"1","RBBP8"
3.5316442508093e-94,0.536380716744669,0.527,0.396,6.77722531730305e-90,"1","HLA-DQA1"
4.73231532338042e-94,0.33579692390889,0.842,0.764,9.08131310556703e-90,"1","VDAC3"
1.3831369430511e-93,0.364276912838176,0.814,0.726,2.65423979371505e-89,"1","RNF138"
6.89265375244542e-93,0.429664640747529,0.678,0.568,1.32270025509428e-88,"1","KLHDC2"
8.78648553274746e-93,0.461996926657512,0.636,0.522,1.68612657373424e-88,"1","HIRIP3"
1.3392378591069e-92,0.660282027223427,0.449,0.329,2.56999745162614e-88,"1","SPNS3"
1.47924138148614e-92,0.776352646586216,0.345,0.231,2.83866421107191e-88,"1","TIGAR"
4.37680886930825e-91,0.548173305566517,0.507,0.386,8.39909622020253e-87,"1","DPYSL2"
7.17142740930962e-91,0.303029545874781,0.803,0.674,1.37619691984652e-86,"1","H2AFX"
9.29560538419545e-91,0.319569350016199,0.825,0.75,1.78382667322711e-86,"1","C14orf1"
9.37492044703587e-91,0.256857739923242,0.934,0.888,1.79904723378618e-86,"1","PRDX2"
1.72117280960572e-90,0.508660632912996,0.61,0.499,3.30293062163338e-86,"1","NUBP1"
2.26787185510028e-90,0.255533392143418,0.933,0.888,4.35204608993743e-86,"1","MTCH2"
4.25881999449338e-90,0.376410789748043,0.763,0.679,8.1726755694328e-86,"1","RFC1"
1.75526738407661e-89,0.257567984695319,0.923,0.867,3.36835811004302e-85,"1","RHEB"
2.158714252945e-88,0.354657598360839,0.765,0.678,4.14257265140145e-84,"1","SCAMP2"
2.73441388838374e-88,0.408419894163316,0.716,0.619,5.2473402518084e-84,"1","TSTD1"
3.07246458111737e-88,0.549566473686552,0.532,0.417,5.89605953116423e-84,"1","TMEM38B"
4.24486342695998e-88,0.262372603887891,0.903,0.839,8.14589291633619e-84,"1","MYL12B"
5.6562719114254e-88,0.370000968261434,0.76,0.67,1.08543857980253e-83,"1","CCDC167"
8.36241784928766e-88,0.48093194085376,0.491,0.37,1.6047479852783e-83,"1","BNIP3"
1.62193738443507e-87,0.273603661701709,0.7,0.535,3.11249784073091e-83,"1","CCNA2"
2.30513080819105e-87,0.51447461667307,0.553,0.432,4.42354602091863e-83,"1","CHAF1A"
9.50653500334102e-87,0.580475119847394,0.459,0.341,1.82430406714114e-82,"1","CNP"
8.47399311363956e-86,0.290326195510378,0.86,0.777,1.62615927850743e-81,"1","CENPW"
9.45497166903371e-86,0.44386891700041,0.626,0.515,1.81440906328757e-81,"1","FLOT1"
9.90441223740819e-86,0.656359733709527,0.412,0.298,1.90065670835863e-81,"1","EIF2AK2"
1.03082453789862e-85,0.353349423696424,0.787,0.71,1.97815228822745e-81,"1","PITHD1"
1.10339400008366e-85,0.552634842666548,0.501,0.384,2.11741308616055e-81,"1","PHTF1"
1.76046387936416e-85,0.711292431122817,0.308,0.199,3.37833018449981e-81,"1","MFGE8"
4.69597649021443e-85,0.377533063266106,0.736,0.65,9.01157888472148e-81,"1","TPGS2"
7.57618690302218e-85,0.467599142774291,0.632,0.535,1.45387026668996e-80,"1","SMC1A"
8.11183679720568e-85,0.461280551757666,0.625,0.516,1.55666148138377e-80,"1","TXNDC9"
1.19454314228441e-84,0.269215954660214,0.909,0.86,2.29232829004378e-80,"1","NDUFA6"
1.53889833554115e-84,0.65863565022293,0.432,0.318,2.95314590590347e-80,"1","ATP2A1-AS1"
3.38040011433083e-84,0.778594569514053,0.278,0.173,6.48698781940087e-80,"1","DMC1"
4.85496700843149e-84,0.44195909345681,0.663,0.557,9.31668168918004e-80,"1","TSEN15"
1.24489933972744e-83,0.469269366350135,0.618,0.516,2.38896183293696e-79,"1","APITD1"
1.99414751483741e-83,0.781573156698847,0.316,0.209,3.82676908097298e-79,"1","ZNF367"
1.80199146233156e-82,0.532105471833355,0.498,0.383,3.45802161621426e-78,"1","RRM1"
1.93296027707782e-82,0.306776017133511,0.814,0.738,3.70935077171233e-78,"1","UQCRC1"
3.06085551010645e-82,0.457655204096192,0.643,0.548,5.87378172389427e-78,"1","ZDHHC6"
7.99218744572515e-82,0.270414210507533,0.887,0.839,1.53370077083466e-77,"1","PSMB6"
1.35478038833815e-81,0.477947106905979,0.615,0.511,2.59982356522091e-77,"1","COMMD4"
2.05051301307904e-81,0.273611364230329,0.886,0.821,3.93493447209868e-77,"1","RCN2"
4.02047959491057e-81,0.395994313164566,0.68,0.578,7.71530034263338e-77,"1","NFATC2IP"
2.37411834017755e-80,0.25390759754494,0.897,0.843,4.55593309480072e-76,"1","GHITM"
2.38499129167909e-80,0.424877490061058,0.648,0.542,4.57679828873218e-76,"1","MCM3"
8.81345741898611e-80,0.300848563389019,0.834,0.759,1.69130247870343e-75,"1","MRPL27"
3.16843120325605e-79,0.354892832909356,0.561,0.428,6.08021947904837e-75,"1","GFI1B"
3.93164629376397e-79,0.270371544300756,0.884,0.833,7.54482923773306e-75,"1","TMEM14C"
6.07441679668196e-79,0.375293448382928,0.618,0.509,1.16568058328327e-74,"1","INSIG1"
6.48945646113697e-79,0.36517669748167,0.724,0.626,1.24532669489218e-74,"1","CEP57"
2.18445035670498e-78,0.486764612273605,0.576,0.468,4.19196023451686e-74,"1","SORBS3"
2.51132908686279e-78,0.590474471846975,0.412,0.299,4.8192405176897e-74,"1","HEXB"
3.42483092942059e-78,0.360887271108206,0.76,0.669,6.5722505535581e-74,"1","COMMD3"
4.35654579337203e-78,0.527179750291602,0.487,0.375,8.36021137748092e-74,"1","LMF2"
9.78701372198675e-78,0.665064277230205,0.359,0.253,1.87812793324926e-73,"1","RFC5"
9.79950021187777e-78,0.782170877374969,0.336,0.233,1.88052409065934e-73,"1","AC011043.1"
1.00476524019956e-77,0.460056022977334,0.551,0.438,1.92814449594296e-73,"1","PTPRE"
1.10075682991648e-77,0.69127883652437,0.375,0.267,2.11235235660972e-73,"1","BAALC"
1.53399401377014e-77,0.393619954537572,0.722,0.63,2.9437345124249e-73,"1","LCMT1"
2.79661973905534e-77,0.333360024902205,0.808,0.735,5.36671327924719e-73,"1","MRPL40"
3.60146699734323e-77,0.546832041408887,0.513,0.406,6.91121516790166e-73,"1","ATAD5"
8.80829886316619e-77,0.333426634837831,0.782,0.692,1.69031255184159e-72,"1","DPY30"
1.67367466724248e-76,0.399245494606207,0.691,0.597,3.21178168643832e-72,"1","POLR2J3"
4.02925994158518e-76,0.463175651267351,0.571,0.462,7.73214982790196e-72,"1","AKR1B1"
4.19339312621787e-76,0.543111063261443,0.474,0.358,8.0471214092121e-72,"1","MCM5"
7.12316702813978e-76,0.50979952757892,0.529,0.427,1.36693575270002e-71,"1","UNK"
8.25305116895751e-76,0.279659267987936,0.872,0.802,1.58376051932295e-71,"1","RAB10"
8.3258536747175e-76,0.318272379067959,0.805,0.714,1.59773132017829e-71,"1","CBR1"
8.01596415406927e-75,0.661206234234092,0.374,0.272,1.53826352116589e-70,"1","CEP78"
3.94044347531656e-74,0.541595614167693,0.388,0.278,7.56171102913248e-70,"1","SOCS3"
4.94320440290099e-74,0.377155583782457,0.71,0.629,9.486009249167e-70,"1","OSGEP"
7.68364481730333e-74,0.417814518259105,0.619,0.52,1.47449144044051e-69,"1","ANXA7"
1.83084740217195e-73,0.286799670487111,0.864,0.81,3.51339616476798e-69,"1","TPRKB"
4.07591690598581e-73,0.264723140435277,0.868,0.781,7.82168454258676e-69,"1","DTYMK"
7.41538146961972e-73,0.270853836836069,0.875,0.818,1.42301170402002e-68,"1","GNA15"
7.96423075792158e-73,0.384368700088506,0.634,0.525,1.52833588244515e-68,"1","PMAIP1"
8.1983107462156e-73,0.277398074536384,0.764,0.674,1.57325583219877e-68,"1","MRPL16"
2.79944363260619e-72,0.857297380465315,0.259,0.167,5.37213233097128e-68,"1","NPM2"
5.7030658564941e-72,0.335327400621402,0.751,0.664,1.09441833786122e-67,"1","PAFAH1B3"
7.45645417758149e-72,0.529029595589857,0.452,0.348,1.43089355667789e-67,"1","MND1"
8.36001508626042e-72,0.466365780899654,0.583,0.493,1.60428689505337e-67,"1","SECISBP2"
1.79062858869645e-71,0.296007505987056,0.848,0.787,3.43621626170849e-67,"1","RBBP4"
1.88285668816008e-71,0.255857667634883,0.881,0.835,3.6132019845792e-67,"1","CLTB"
1.9475042778415e-70,0.791744917995225,0.26,0.17,3.73726070917784e-66,"1","MELK"
2.89668833403013e-70,0.34549578660077,0.724,0.641,5.55874491300382e-66,"1","SMAD2"
3.20382365377738e-70,0.488291356056595,0.566,0.475,6.1481375915988e-66,"1","RHBDD3"
3.29020754192943e-70,0.433723094751469,0.619,0.516,6.31390827296258e-66,"1","NSMCE4A"
3.41868278486475e-70,0.329594474592785,0.752,0.675,6.56045226415545e-66,"1","RBBP7"
4.20525245700585e-70,0.733157776907304,0.283,0.188,8.06987946499423e-66,"1","HIST2H2AC"
7.81196742638368e-70,0.310028057510142,0.79,0.729,1.49911654912303e-65,"1","BLOC1S2"
1.18768582164915e-69,0.269931645160303,0.925,0.864,2.27916909174472e-65,"1","CDCA7"
3.56339403961161e-69,0.312809565747332,0.767,0.691,6.83815316201468e-65,"1","FDPS"
3.58277349977114e-69,0.63952645994278,0.313,0.211,6.87534234606082e-65,"1","CTNNAL1"
5.75196615622439e-69,0.264187662404352,0.884,0.815,1.10380230537946e-64,"1","CD34"
5.79364175947957e-69,0.545060613466086,0.449,0.345,1.11179985364413e-64,"1","SNX10"
8.93093729353468e-69,0.298810701942764,0.742,0.642,1.71384686662931e-64,"1","SNCA"
2.45301024703927e-68,0.290397732394746,0.806,0.739,4.70732666406836e-64,"1","ZNF511"
6.61902954186626e-68,0.443202753692178,0.566,0.461,1.27019176908414e-63,"1","ARL6IP6"
1.45659690166151e-67,0.278799225112311,0.844,0.781,2.79520945428844e-63,"1","PRKDC"
1.75421736119426e-67,0.452270626590369,0.556,0.454,3.36634311613178e-63,"1","HADH"
2.02598865477492e-67,0.554984882510247,0.365,0.263,3.88787222851307e-63,"1","TMEM98"
2.7904939607871e-67,0.252364231337196,0.877,0.823,5.35495791075045e-63,"1","TMBIM4"
5.14023793812402e-67,0.375821760274504,0.668,0.577,9.86411660325999e-63,"1","FERMT3"
9.13868978404337e-67,0.541684095381529,0.432,0.332,1.75371456955792e-62,"1","NRM"
9.68429173638209e-67,0.292137679496826,0.765,0.69,1.85841558421172e-62,"1","WDR1"
1.09133979468771e-66,0.254817394439899,0.904,0.857,2.09428106600572e-62,"1","PPIG"
1.6983852668873e-66,0.350822507603543,0.685,0.599,3.25920132715673e-62,"1","DYNLT1"
6.14231223249281e-66,0.388162336053405,0.634,0.54,1.17870971741537e-61,"1","THOC6"
8.53076933587529e-66,0.540539547861072,0.433,0.331,1.63705463555447e-61,"1","MCM10"
2.05833145768869e-65,0.684255949488025,0.304,0.212,3.94993806730459e-61,"1","RP11-452F19.3"
2.46464568838872e-65,0.617879308519624,0.333,0.235,4.72965507601796e-61,"1","DDB2"
3.63942735034319e-65,0.710145832822388,0.292,0.2,6.98406108530858e-61,"1","CD79B"
6.08445378219838e-65,0.447560748903426,0.53,0.429,1.16760668080387e-60,"1","ILK"
8.32351801018008e-65,0.262221987600427,0.891,0.839,1.59728310615356e-60,"1","SMS"
2.35721419697314e-64,0.617094094557201,0.357,0.261,4.52349404399145e-60,"1","RAD51"
3.767886154456e-64,0.312109722631778,0.8,0.729,7.23057353040106e-60,"1","PSMG2"
9.15485681327512e-64,0.721934826456712,0.304,0.213,1.75681702246749e-59,"1","PAWR"
1.16306072335574e-63,0.508011785843623,0.454,0.353,2.23191352811967e-59,"1","CCPG1"
1.31378641692691e-63,0.437520971221062,0.548,0.449,2.52115613408275e-59,"1","ACOT7"
1.36915230844508e-63,0.251116789786297,0.872,0.824,2.6274032799061e-59,"1","CDC37"
1.94799310535259e-63,0.709041965171235,0.251,0.164,3.73819876917161e-59,"1","MAP1A"
2.16678716148459e-63,0.352803775564956,0.725,0.651,4.15806456288894e-59,"1","ADA"
3.60358416322237e-63,0.438012594067102,0.53,0.43,6.91527800922373e-59,"1","TP53I13"
4.59951687773918e-63,0.301772597214313,0.585,0.473,8.82647288838148e-59,"1","DUSP6"
2.00596406149711e-62,0.491482002037106,0.46,0.357,3.84944503401295e-58,"1","HLA-DMB"
5.95134181528947e-62,0.354269097631279,0.653,0.556,1.14206249435405e-57,"1","PSMB9"
6.50129173794562e-62,0.298253516559215,0.772,0.707,1.24759788451176e-57,"1","MED4"
8.83236417041528e-62,0.41075063120313,0.578,0.483,1.69493068430269e-57,"1","ZNF672"
1.08137348527714e-61,0.523106186251008,0.415,0.316,2.07515571824682e-57,"1","TSPAN5"
2.6015670457382e-61,0.393008468247144,0.615,0.525,4.99240716077161e-57,"1","POP5"
3.92961280037733e-61,0.333294910753757,0.704,0.629,7.5409269639241e-57,"1","SLC25A1"
1.1326431410971e-60,0.358845215971166,0.486,0.383,2.17354218776534e-56,"1","MLLT11"
1.35421124601083e-60,0.409887698357201,0.596,0.508,2.59873138109479e-56,"1","CCDC28B"
1.40186877246052e-60,0.38324671254316,0.685,0.6,2.69018617435173e-56,"1","GAMT"
1.9786467983038e-60,0.562785055478165,0.355,0.26,3.797023205945e-56,"1","CAST"
2.05807031835085e-60,0.351759826486322,0.711,0.624,3.94943694091527e-56,"1","NMI"
6.61867998270919e-60,0.355619287633151,0.696,0.613,1.27012468868189e-55,"1","PPT1"
8.20593542737019e-60,0.487287934698906,0.494,0.401,1.57471900851234e-55,"1","FAM92A1"
2.37973158796148e-59,0.573142654243118,0.285,0.193,4.56670491729808e-55,"1","ARRDC3"
2.44634012071816e-59,0.329137055671109,0.735,0.655,4.69452669165815e-55,"1","DRG1"
7.73418851496093e-59,0.268082015999323,0.84,0.796,1.484190776021e-54,"1","GABARAP"
8.16534169590987e-59,0.728353930337462,0.271,0.187,1.5669290714451e-54,"1","LIG1"
9.19784950381011e-59,0.529352013430779,0.401,0.306,1.76506731978116e-54,"1","CASP8AP2"
1.03282298323049e-58,0.365274009861895,0.649,0.566,1.9819873048193e-54,"1","PANK2"
1.08141756956166e-58,0.29350335326522,0.779,0.705,2.07524031598882e-54,"1","ITFG2"
1.19405029195832e-58,0.562719781287046,0.361,0.269,2.29138251026802e-54,"1","DYNLT3"
1.32645627359273e-58,0.352915208811717,0.644,0.552,2.54546958902445e-54,"1","CENPM"
1.52773408286787e-58,0.348014330018583,0.68,0.602,2.93172170502344e-54,"1","PRPF19"
2.83018401867813e-58,0.677349051180455,0.291,0.205,5.43112313184334e-54,"1","GUCY1A3"
5.03494184381304e-58,0.389637598130121,0.618,0.534,9.66205339827722e-54,"1","SLC29A1"
5.79218698545954e-58,0.31032830554303,0.74,0.661,1.11152068250969e-53,"1","MRPS6"
7.18143326755613e-58,0.252736774751631,0.86,0.804,1.37811704404402e-53,"1","ZNF428"
9.18141494807364e-58,0.261957054777291,0.821,0.755,1.76191352853533e-53,"1","TMPO"
1.53300718626576e-57,0.603107664416784,0.307,0.218,2.94184079044399e-53,"1","RBMS1"
2.21099847312979e-57,0.615981978841287,0.313,0.223,4.24290606993607e-53,"1","BCL3"
3.97334979922269e-57,0.350005959160122,0.644,0.567,7.62485826470834e-53,"1","HMGXB4"
5.87929944493703e-57,0.498903900813823,0.474,0.384,1.12823756348342e-52,"1","KLHL23"
1.03865540034581e-56,0.415788032209558,0.558,0.471,1.99317971326362e-52,"1","PPP2R3C"
1.22122300506917e-56,0.455698102981226,0.47,0.372,2.34352694672775e-52,"1","MCM7"
1.36884275576531e-56,0.285893005548779,0.771,0.696,2.62680924831364e-52,"1","DNAJB6"
1.83169346714741e-56,0.430988563209361,0.504,0.399,3.51501976345588e-52,"1","GINS2"
4.65327835713479e-56,0.552667268171255,0.317,0.225,8.92964116734165e-52,"1","OPTN"
5.0830638968924e-56,0.346443059361383,0.633,0.546,9.75439961813652e-52,"1","PDLIM7"
1.00977790487245e-55,0.357653500718384,0.613,0.527,1.93776379945023e-51,"1","THOC3"
1.14677274836883e-55,0.56233986068679,0.349,0.256,2.20065690411979e-51,"1","PROM1"
1.23233585968082e-55,0.718432932058473,0.255,0.174,2.36485251472749e-51,"1","MCM8"
2.26795492202072e-55,0.375701886789535,0.592,0.508,4.35220549535776e-51,"1","KEAP1"
3.7237513872983e-55,0.31225201457644,0.555,0.456,7.14587891222543e-51,"1","CYTL1"
5.33646646933249e-55,0.428356949023103,0.502,0.409,1.0240679154649e-50,"1","CCDC34"
9.47146915147864e-55,0.561812589331415,0.376,0.289,1.81757493016875e-50,"1","RAD51D"
1.02491013313924e-54,0.345743047739973,0.667,0.592,1.9668025454942e-50,"1","THYN1"
1.0754682005568e-54,0.382476504232884,0.564,0.477,2.06382347686849e-50,"1","PHACTR1"
1.91403904398161e-54,0.407454984734919,0.509,0.412,3.67304092540071e-50,"1","CD58"
3.00591850354536e-54,0.286720736708757,0.752,0.679,5.76835760830355e-50,"1","RAB11A"
4.38838610301466e-54,0.589697668919326,0.34,0.252,8.42131293168513e-50,"1","ISOC1"
6.57607481726593e-54,0.411568151459271,0.582,0.494,1.26194875743333e-49,"1","RP11-126K1.6"
8.67660673481436e-54,0.388605736573391,0.459,0.366,1.66504083241088e-49,"1","MIR4435-2HG"
1.3953095576131e-53,0.270953087029405,0.825,0.765,2.67759904105954e-49,"1","CDIPT"
1.44098300466678e-53,0.637497455826851,0.285,0.201,2.76524638595555e-49,"1","ARHGAP5"
1.70032794502722e-53,0.367116046678817,0.622,0.538,3.26292932650724e-49,"1","SLC43A3"
2.41262604878454e-53,0.31440392022658,0.715,0.65,4.62982938761753e-49,"1","NFE2"
2.49975292506079e-53,0.419246719750314,0.523,0.436,4.79702586319165e-49,"1","ICMT"
3.13005638440824e-53,0.400790673145448,0.57,0.49,6.00657820167941e-49,"1","SF3A2"
3.42596928921185e-53,0.281108107765611,0.801,0.744,6.57443506599755e-49,"1","CCT2"
7.59743906629895e-53,0.420726223865876,0.506,0.416,1.45794855682277e-48,"1","GNG11"
7.90204531484804e-53,0.47121508387556,0.475,0.391,1.51640249591934e-48,"1","ASCC2"
7.92151770254758e-53,0.31086042934381,0.731,0.656,1.52013924711888e-48,"1","RAD51C"
8.3105516176819e-53,0.46055113682144,0.459,0.369,1.59479485543316e-48,"1","SLC20A1"
1.29899074096686e-52,0.566947843257016,0.329,0.242,2.4927632319154e-48,"1","ZNF280B"
2.02688999882881e-52,0.34475594600223,0.665,0.589,3.88960190775248e-48,"1","WRB"
6.42124777797633e-52,0.450346420417152,0.492,0.407,1.23223744859366e-47,"1","HENMT1"
9.62061395530365e-52,0.478420410958491,0.433,0.345,1.84619581802277e-47,"1","COQ7"
1.02547629761874e-51,0.612158426004044,0.28,0.198,1.96788901513037e-47,"1","FAM210B"
1.02906739974197e-51,0.532222468490863,0.374,0.288,1.97478034010484e-47,"1","RFX2"
1.43509003817023e-51,0.330533388747526,0.638,0.558,2.75393778324866e-47,"1","PSMD13"
1.95439368987475e-51,0.540132505746016,0.366,0.28,3.75048149086965e-47,"1","MAPK3"
2.89801981263653e-51,0.396571809420773,0.533,0.449,5.56130002044949e-47,"1","CREM"
4.54373133364996e-51,0.255215418404748,0.813,0.753,8.71942042927426e-47,"1","CUEDC2"
5.36741043022999e-51,0.25776991905094,0.736,0.651,1.03000606156113e-46,"1","ETS2"
5.44285556655743e-51,0.352888597790849,0.537,0.441,1.04448398322237e-46,"1","SGOL1"
1.07092368263705e-50,0.473633427365236,0.424,0.334,2.0551025469805e-46,"1","STAB1"
1.32520879706266e-50,0.285708340376678,0.766,0.721,2.54307568156324e-46,"1","PSMB4"
1.73127093684891e-50,0.607132957428483,0.298,0.219,3.32230892781307e-46,"1","MGMT"
2.34844765993423e-50,0.289897115848047,0.727,0.65,4.5066710594138e-46,"1","SEPT11"
9.51755845344789e-50,0.256390071306825,0.817,0.756,1.82641946721665e-45,"1","NDUFA8"
2.45627155814501e-49,0.388967228521664,0.496,0.412,4.71358512008027e-45,"1","CD59"
5.36548373302899e-49,0.273139266949413,0.679,0.585,1.02963632836826e-44,"1","CSF3R"
2.21624317545694e-48,0.256228407018362,0.804,0.74,4.25297065370187e-44,"1","MFF"
3.35492042075759e-48,0.529452537022997,0.324,0.24,6.43809228743382e-44,"1","PSMC3IP"
4.36519188875801e-48,0.34890350843125,0.61,0.527,8.37680323452662e-44,"1","PSMC6"
6.55396552792014e-48,0.553729615482722,0.367,0.285,1.25770598480787e-43,"1","FCGRT"
7.86291015818312e-48,0.33232507154588,0.655,0.578,1.50889245935534e-43,"1","SYPL1"
8.61696637025055e-48,0.643787105134644,0.263,0.186,1.65359584645108e-43,"1","MYCN"
1.22707138845679e-47,0.313318373962496,0.667,0.589,2.35474999444858e-43,"1","UNC50"
1.94220544282695e-47,0.251383157303546,0.784,0.736,3.72709224478491e-43,"1","SRSF4"
3.6269605343742e-47,0.339924210826103,0.628,0.556,6.96013726546409e-43,"1","MAPK1IP1L"
4.42902627001827e-47,0.44556182106498,0.391,0.301,8.49930141216506e-43,"1","E2F1"
4.52752942482887e-47,0.262057188690549,0.769,0.709,8.68832896624661e-43,"1","MTCH1"
4.99248653748277e-47,0.400270570782978,0.509,0.428,9.58058166542943e-43,"1","STAT1"
5.69908904584361e-47,0.319612854246889,0.664,0.588,1.09365518789739e-42,"1","DIMT1"
9.05971271172037e-47,0.433808403507053,0.45,0.365,1.73855886937914e-42,"1","HAT1"
1.23242307589672e-46,0.343373915149056,0.612,0.532,2.3650198826458e-42,"1","ERGIC2"
1.24310920809841e-46,0.545983133262491,0.307,0.225,2.38552657034084e-42,"1","RFC4"
1.6221440718227e-46,0.333492110155719,0.657,0.585,3.11289447382777e-42,"1","RCN1"
1.75098961951769e-46,0.578467444572671,0.307,0.23,3.36014907985446e-42,"1","CCDC14"
2.04976598830861e-46,0.639539779185074,0.256,0.181,3.93350093156422e-42,"1","HAUS5"
2.75957855020045e-46,0.399762985444987,0.478,0.394,5.29563123783466e-42,"1","DRAM1"
2.8842814823236e-46,0.294158194064283,0.689,0.617,5.53493616457899e-42,"1","PRAME"
5.40583088388439e-46,0.327338477206979,0.633,0.557,1.03737894661741e-41,"1","ATG101"
5.65413000411054e-46,0.456793929317032,0.397,0.313,1.08502754778881e-41,"1","ANGPT1"
6.94271997112954e-46,0.251711040449184,0.735,0.666,1.33230796245976e-41,"1","RNASET2"
7.90915564443749e-46,0.320618701060803,0.62,0.542,1.51776696816756e-41,"1","MPDU1"
9.65939118996058e-46,0.333633438789433,0.623,0.543,1.85363716935344e-41,"1","PSMD12"
1.03851358980308e-45,0.500542524549319,0.339,0.258,1.99290757883211e-41,"1","MMD"
1.52824888700299e-45,0.294977297900969,0.693,0.634,2.93270961415875e-41,"1","ZYX"
2.86289477746139e-45,0.429391643496029,0.445,0.363,5.4938950779484e-41,"1","CENPN"
2.92188507578465e-45,0.449672957378534,0.409,0.327,5.60709746043074e-41,"1","FANCI"
3.34652706607261e-45,0.258323450424139,0.543,0.429,6.42198543979334e-41,"1","AURKB"
5.24670469749749e-45,0.538506666790417,0.386,0.305,1.00684263144977e-40,"1","FANCD2"
5.91241825306812e-45,0.257377825473567,0.75,0.689,1.13459306276377e-40,"1","SUZ12"
7.05295921374633e-45,0.560950204821249,0.45,0.367,1.35346287311792e-40,"1","UNG"
7.69757837612673e-45,0.403184868549783,0.436,0.35,1.47716529037872e-40,"1","CPNE3"
9.47464530250364e-45,0.250173317475214,0.727,0.655,1.81818443355045e-40,"1","SMC4"
1.30802792978892e-44,0.291872568188051,0.62,0.546,2.51010559726494e-40,"1","GSDMD"
1.38741034166542e-44,0.305912604162943,0.635,0.566,2.66244044565593e-40,"1","SVBP"
1.42840280739226e-44,0.315632196825779,0.662,0.592,2.74110498738576e-40,"1","NELFE"
1.84116606499186e-44,0.346968017400343,0.567,0.492,3.53319767871938e-40,"1","TMED1"
1.86541967762542e-44,0.48801763644497,0.371,0.289,3.57974036136318e-40,"1","RP11-108M9.4"
2.16032189320272e-44,0.343813509207953,0.421,0.338,4.14565771305601e-40,"1","BLVRB"
2.33755675033832e-44,0.322781081720396,0.632,0.553,4.48577140389923e-40,"1","ILKAP"
2.73741863547364e-44,0.351816781117071,0.603,0.531,5.25310636147391e-40,"1","ACADM"
2.82985003383913e-44,0.360345841731971,0.553,0.477,5.43048221493729e-40,"1","PSMD1"
4.2592464263176e-44,0.253163107781046,0.757,0.697,8.17349389210348e-40,"1","FAM195B"
4.53660943943164e-44,0.301951728352484,0.684,0.618,8.70575351426932e-40,"1","ROCK1"
5.29111968993434e-44,0.480079555292907,0.378,0.297,1.0153658684984e-39,"1","TGFBR1"
5.84487420918541e-44,0.455878839333534,0.352,0.269,1.12163136074268e-39,"1","ATP1B1"
1.04434404390366e-43,0.387553041170673,0.503,0.422,2.00409622025113e-39,"1","TM2D3"
1.07576575427659e-43,0.518305388561487,0.342,0.266,2.06439448245678e-39,"1","SYMPK"
1.26651475863505e-43,0.312824331146365,0.664,0.597,2.43044182182066e-39,"1","PIN4"
1.38171405867906e-43,0.332828049085849,0.599,0.519,2.65150927860512e-39,"1","PRPF31"
1.44241471719736e-43,0.502105965555256,0.391,0.312,2.76799384230174e-39,"1","LRBA"
1.59197023441338e-43,0.328024324370999,0.629,0.559,3.05499087983928e-39,"1","FGD5-AS1"
2.20294981391554e-43,0.31682038245048,0.663,0.591,4.22746069290392e-39,"1","MAGOHB"
3.54576267353193e-43,0.35058218112863,0.567,0.489,6.80431857050778e-39,"1","DNPEP"
4.14588958717362e-43,0.413399683414407,0.467,0.389,7.95596211778618e-39,"1","AMZ2"
5.3267558285636e-43,0.344715418978026,0.598,0.523,1.02220444350135e-38,"1","AC013461.1"
5.40134262080945e-43,0.458178644615316,0.422,0.341,1.03651764893333e-38,"1","PRPS2"
5.50760127950287e-43,0.532769073047449,0.297,0.221,1.0569086855366e-38,"1","OGFRL1"
6.58806392576388e-43,0.39488668255187,0.485,0.406,1.26424946735409e-38,"1","CLN3"
7.86058602577228e-43,0.272974906153215,0.747,0.688,1.5084464583457e-38,"1","SCOC"
1.6272951469233e-42,0.439375956117921,0.487,0.413,3.12277938694581e-38,"1","NUP107"
2.01653704441903e-42,0.558531507028439,0.32,0.245,3.86973458824013e-38,"1","ZBED5"
2.05504607361966e-42,0.484714910504516,0.274,0.199,3.94363341527613e-38,"1","ESAM"
2.06248476527288e-42,0.304994309190869,0.617,0.543,3.95790826455866e-38,"1","PSMC1"
4.28735711330702e-42,0.624802108956025,0.267,0.196,8.22743830043617e-38,"1","SLC12A5"
5.01851251622269e-42,0.557783314656801,0.292,0.218,9.63052551863135e-38,"1","PKNOX1"
5.87318338534369e-42,0.417431222167233,0.457,0.379,1.12706389164745e-37,"1","CHEK1"
6.30409453861855e-42,0.429383035680004,0.455,0.377,1.2097557419609e-37,"1","GPR137"
9.30758695221528e-42,0.279951917668303,0.698,0.623,1.78612593613011e-37,"1","ATP1B3"
1.3343761069978e-41,0.416916720966077,0.374,0.294,2.56066774932878e-37,"1","TSPAN13"
1.41075572997685e-41,0.29006159373381,0.686,0.619,2.70724024582557e-37,"1","SMARCE1"
1.62833681420876e-41,0.310882588182803,0.662,0.604,3.12477834646661e-37,"1","ICAM3"
1.98284025240737e-41,0.277837951948761,0.696,0.628,3.80507044436975e-37,"1","SLC2A4RG"
2.57495239258218e-41,0.324939232758607,0.572,0.497,4.94133364136521e-37,"1","CDT1"
3.00956568270651e-41,0.453592995441549,0.406,0.329,5.77535654511379e-37,"1","RNF2"
4.60227814175567e-41,0.503169849411786,0.355,0.276,8.83177175402913e-37,"1","MCM6"
1.02968977145532e-40,0.360119394490241,0.48,0.399,1.97597467142276e-36,"1","ACYP1"
1.1011376163303e-40,0.308656765282996,0.639,0.571,2.11308308573784e-36,"1","CHIC2"
1.31668269603428e-40,0.436284279250479,0.307,0.23,2.52671409368979e-36,"1","MTSS1"
1.5651189748447e-40,0.355361977474792,0.578,0.512,3.00346331272699e-36,"1","ASNSD1"
1.84038577158152e-40,0.277184024220178,0.702,0.634,3.53170029566494e-36,"1","RFK"
2.02674588737495e-40,0.303339587011537,0.639,0.57,3.88932535787253e-36,"1","FKBP3"
2.1323233455918e-40,0.3296731810424,0.594,0.522,4.09192850019067e-36,"1","PGRMC1"
2.62640653507275e-40,0.49931244460168,0.303,0.228,5.04007414080461e-36,"1","LRRC42"
3.068500802933e-40,0.426246307080246,0.346,0.267,5.88845304082842e-36,"1","SFXN1"
6.29046534696564e-40,0.263660159044017,0.73,0.664,1.20714030008271e-35,"1","MESDC1"
8.6896427759998e-40,0.303164161758446,0.663,0.593,1.66754244871436e-35,"1","ENOPH1"
1.04812498630193e-39,0.298617841296016,0.617,0.537,2.01135184871339e-35,"1","ATXN10"
1.31055178562777e-39,0.555333071784577,0.278,0.208,2.5149488766197e-35,"1","CTSW"
1.42266586363626e-39,0.270606065235811,0.688,0.625,2.73009579231799e-35,"1","CXXC5"
1.62358077980567e-39,0.265828669791657,0.779,0.722,3.11565151644709e-35,"1","SRSF6"
1.63700425453117e-39,0.271688805945812,0.68,0.614,3.14141116444531e-35,"1","YIPF4"
2.69582853032614e-39,0.445811479002755,0.391,0.315,5.17329494969586e-35,"1","GUCY1B3"
3.79672709311944e-39,0.524075443754443,0.327,0.255,7.28591929169621e-35,"1","MTHFD1"
5.54712851134195e-39,0.35635608738429,0.526,0.449,1.06449396132652e-34,"1","MESP1"
6.12950678352573e-39,0.486699256769419,0.366,0.293,1.17625235175859e-34,"1","DTNBP1"
6.9666546791135e-39,0.45720271282873,0.427,0.355,1.33690103292188e-34,"1","NUDT8"
8.04977414675476e-39,0.339159743132582,0.553,0.48,1.54475165876224e-34,"1","COPS8"
8.05331286133016e-39,0.350124822085917,0.54,0.47,1.54543073808926e-34,"1","RIF1"
1.04667978234558e-38,0.462599976882247,0.334,0.26,2.00857850232117e-34,"1","ODF2L"
1.22533727519423e-38,0.385078701473477,0.422,0.338,2.35142223109773e-34,"1","MCM4"
1.68850204156348e-38,0.384884617612848,0.463,0.389,3.24023541776032e-34,"1","FUZ"
1.93630052685849e-38,0.346774597427044,0.526,0.452,3.71576071104145e-34,"1","CARD19"
2.62478619746711e-38,0.561898501465116,0.259,0.19,5.03696471293938e-34,"1","GMEB1"
2.72120795328893e-38,0.381792225030912,0.504,0.432,5.22199806236145e-34,"1","RAD1"
2.73295498178454e-38,0.395008836166635,0.474,0.4,5.24454061004452e-34,"1","RPP21"
3.25508040993673e-38,0.507263983243339,0.345,0.276,6.24649930666859e-34,"1","TRIP13"
3.34374416046127e-38,0.436682832913867,0.465,0.395,6.41664504392517e-34,"1","RFC3"
4.12139073491936e-38,0.312302009711153,0.542,0.472,7.90894882031025e-34,"1","VMP1"
4.93829445175471e-38,0.255927721991058,0.808,0.759,9.4765870529173e-34,"1","NASP"
5.19606567364145e-38,0.365011700364271,0.507,0.435,9.97125002771794e-34,"1","C12orf4"
5.62593533070978e-38,0.326381395029164,0.609,0.54,1.07961698996321e-33,"1","CBX5"
8.24459952225415e-38,0.276394817193605,0.688,0.619,1.58213864832057e-33,"1","SNRNP40"
8.84599960399256e-38,0.586132296333765,0.253,0.185,1.69754732400617e-33,"1","TMEM243"
1.16303649569901e-37,0.333829938220622,0.575,0.505,2.23186703524639e-33,"1","NINJ1"
1.35830986856196e-37,0.280516931470762,0.675,0.611,2.6065966377704e-33,"1","AK3"
1.61509144014928e-37,0.488707401906871,0.359,0.287,3.09936047364646e-33,"1","C19orf81"
1.65075142271354e-37,0.441616669272993,0.288,0.215,3.16779198018729e-33,"1","SQRDL"
1.93158743038173e-37,0.288751529983196,0.629,0.56,3.70671627890254e-33,"1","PMF1"
1.99419880361221e-37,0.481732415148135,0.321,0.246,3.82686750413183e-33,"1","INAFM1"
2.32102556586316e-37,0.498844697865327,0.258,0.188,4.4540480608914e-33,"1","SELL"
2.50128571512221e-37,0.274901743891103,0.667,0.603,4.79996728731952e-33,"1","TMEM70"
2.84750207200028e-37,0.251411372899736,0.744,0.691,5.46435647616854e-33,"1","ANKRD28"
3.24249055902492e-37,0.278973735158714,0.652,0.585,6.22233938276883e-33,"1","SETD9"
4.41306007698022e-37,0.470492277565806,0.372,0.3,8.46866228772505e-33,"1","RP11-500C11.3"
5.01615332573832e-37,0.452352012679873,0.382,0.311,9.62599823209184e-33,"1","C19orf66"
5.33849091735252e-37,0.395671111875546,0.405,0.333,1.02445640703995e-32,"1","ABHD12"
5.40670185593064e-37,0.290575810442564,0.632,0.568,1.03754608615309e-32,"1","IMPA2"
8.13006869547016e-37,0.282591225500724,0.511,0.427,1.56016018266072e-32,"1","GCSAML"
1.07921001713698e-36,0.345565197024025,0.549,0.482,2.07100402288586e-32,"1","RANBP2"
1.08708537568441e-36,0.504343675321606,0.313,0.244,2.08611683593839e-32,"1","TMEM39B"
1.09114045837018e-36,0.329234307671072,0.547,0.474,2.09389853961237e-32,"1","ASCL2"
1.12869422612009e-36,0.394805562859595,0.462,0.393,2.16596421992445e-32,"1","CHMP2B"
1.36148785670098e-36,0.599687627293089,0.254,0.189,2.61269519700918e-32,"1","FANCL"
1.68973462648705e-36,0.408383812320549,0.412,0.34,3.24260074822865e-32,"1","ZNF414"
1.74787346729176e-36,0.275128792675822,0.648,0.583,3.35416918373289e-32,"1","ATXN2L"
2.26252112684794e-36,0.404231680112912,0.377,0.302,4.3417780424212e-32,"1","CD53"
3.81497729948891e-36,0.318754983252407,0.563,0.488,7.32094143771921e-32,"1","NUDT14"
4.52358322984448e-36,0.327571009204501,0.594,0.525,8.68075621807155e-32,"1","ME2"
4.87070829951543e-36,0.571992603119901,0.258,0.193,9.34688922677011e-32,"1","CRY1"
7.32137378179277e-36,0.439508568440334,0.412,0.343,1.40497162872603e-31,"1","CDK5RAP3"
9.39410614388867e-36,0.303021499464556,0.596,0.531,1.80272896901223e-31,"1","DNTTIP1"
9.99103287732511e-36,0.312795779389187,0.588,0.519,1.91727920915869e-31,"1","ANKRD12"
1.59419177457962e-35,0.323765014720922,0.549,0.485,3.05925401541829e-31,"1","RBM23"
1.64904818441774e-35,0.348910484799021,0.526,0.458,3.16452346589763e-31,"1","ZFAND2B"
1.66779911235203e-35,0.282663732374846,0.655,0.595,3.20050649660355e-31,"1","MRPL15"
1.97261815270236e-35,0.468085653531204,0.341,0.272,3.78545423503583e-31,"1","CDC6"
2.00241708068628e-35,0.283682903232717,0.591,0.522,3.84263837783698e-31,"1","RABIF"
2.01336502318654e-35,0.337493399948654,0.552,0.484,3.86364747949497e-31,"1","UTP18"
2.85977725693146e-35,0.30694743185089,0.61,0.554,5.48791255605146e-31,"1","CHRAC1"
3.15980275394435e-35,0.318930885543594,0.561,0.491,6.06366148481922e-31,"1","MTHFS"
3.35244845073158e-35,0.393802704711905,0.417,0.344,6.43334857695391e-31,"1","HOXA9"
4.50395736866209e-35,0.441181581691139,0.339,0.269,8.64309419046254e-31,"1","SSBP2"
5.05300309597423e-35,0.413658240815714,0.406,0.336,9.69671294117455e-31,"1","BBX"
5.4621674254157e-35,0.260087604469596,0.695,0.642,1.04818992893727e-30,"1","A1BG"
7.66438282203424e-35,0.320818130324876,0.546,0.479,1.47079506354837e-30,"1","ARMC1"
8.3619647947666e-35,0.364348584353952,0.417,0.341,1.60466104411571e-30,"1","FBXO5"
1.28845480132537e-34,0.333001608572647,0.5,0.43,2.47254476374338e-30,"1","HSCB"
1.5666586133258e-34,0.48223795271932,0.326,0.257,3.00641787897221e-30,"1","RFC2"
2.20731489997254e-34,0.276114622822823,0.653,0.593,4.2358372930473e-30,"1","CHCHD3"
2.25090025089236e-34,0.268213761432888,0.651,0.585,4.31947758146243e-30,"1","RUNX3"
2.46841763743157e-34,0.389825249801827,0.417,0.348,4.73689344623118e-30,"1","COQ2"
2.76593252815421e-34,0.273578279011018,0.688,0.627,5.30782452152794e-30,"1","SLC38A1"
3.37782488750274e-34,0.262039463719708,0.62,0.548,6.48204595911776e-30,"1","NSFL1C"
4.26238924618957e-34,0.258989883367779,0.641,0.575,8.17952496343778e-30,"1","ASNA1"
5.82566675040513e-34,0.30350236392688,0.527,0.452,1.11794544940274e-29,"1","EIF4A3"
6.00952725958382e-34,0.348342352313847,0.516,0.449,1.15322828111413e-29,"1","KDSR"
6.16761212623704e-34,0.489728936016088,0.314,0.248,1.18356476702489e-29,"1","GMDS"
6.49215287140516e-34,0.446125537518915,0.395,0.329,1.24584413602265e-29,"1","RUSC1"
7.10058205178272e-34,0.269899507550878,0.66,0.597,1.3626016957371e-29,"1","RDH14"
7.47494454598706e-34,0.390264092134928,0.414,0.347,1.43444185837492e-29,"1","ASPH"
1.27347285124905e-33,0.413767967553919,0.337,0.268,2.44379440154692e-29,"1","SPC24"
2.76206404569893e-33,0.326625592499454,0.502,0.434,5.30040090369625e-29,"1","NGLY1"
3.29291040764448e-33,0.386635342503357,0.36,0.289,6.31909507226976e-29,"1","TIFA"
3.42569982609025e-33,0.56200868261429,0.257,0.194,6.57391796626718e-29,"1","SCMH1"
3.64865584590248e-33,0.498582848523897,0.316,0.252,7.00177056828686e-29,"1","TIMELESS"
1.20896468581552e-32,0.25047770803975,0.655,0.597,2.32000323207998e-28,"1","PSMD7"
1.50370172089918e-32,0.276830880666795,0.509,0.434,2.88560360240553e-28,"1","OIP5"
1.55214211647157e-32,0.436260206683492,0.335,0.269,2.97856072150894e-28,"1","SLC35F6"
2.33053397821415e-32,0.351981229018838,0.472,0.404,4.47229470419295e-28,"1","RALA"
2.62928313919446e-32,0.34637349517125,0.43,0.36,5.04559434411416e-28,"1","RRAGD"
2.9420927539515e-32,0.503088334986458,0.259,0.198,5.64587599483293e-28,"1","NCAPG"
3.43653175467671e-32,0.511209013017513,0.321,0.257,6.5947044372246e-28,"1","MACROD1"
4.07989178461185e-32,0.349835399073166,0.439,0.368,7.82931233467014e-28,"1","MAP2K1"
5.64419884055835e-32,0.445257531348185,0.356,0.29,1.08312175750315e-27,"1","TAF9B"
5.66881731555168e-32,0.468482998456314,0.276,0.212,1.08784604285437e-27,"1","TMPO-AS1"
6.2880690141313e-32,0.422317524714145,0.352,0.285,1.2066804438118e-27,"1","TCF4"
6.48711163355732e-32,0.304227163134394,0.551,0.485,1.24487672247965e-27,"1","CARD8"
7.96762861047932e-32,0.276825398220527,0.62,0.556,1.52898793035098e-27,"1","NUDT1"
8.02402628273495e-32,0.415807592515731,0.357,0.29,1.53981064365684e-27,"1","CREB3"
8.30963176161951e-32,0.306944070495261,0.549,0.485,1.59461833505478e-27,"1","MCRS1"
1.12054591222369e-31,0.290600373936235,0.539,0.472,2.15032760555726e-27,"1","PUF60"
1.13479894203804e-31,0.46035277161372,0.345,0.28,2.17767916977099e-27,"1","PARN"
1.31853777717912e-31,0.326292986201504,0.516,0.454,2.53027399440673e-27,"1","ELP6"
3.30806254620261e-31,0.349100474756472,0.524,0.464,6.34817202616282e-27,"1","MTHFD1L"
3.51055831580844e-31,0.410336713990539,0.362,0.298,6.73676140803639e-27,"1","ATPAF1"
3.92325232564549e-31,0.257076503580367,0.625,0.564,7.52872121291369e-27,"1","BMI1"
5.32274741270937e-31,0.41854000609932,0.398,0.333,1.02143522849893e-26,"1","MYO19"
5.62742076408349e-31,0.380676518874766,0.463,0.404,1.07990204462762e-26,"1","MCMBP"
6.10798381780342e-31,0.481588807418435,0.288,0.224,1.17212209463648e-26,"1","BICD1"
9.54392976533207e-31,0.454717869103902,0.314,0.252,1.83148012196722e-26,"1","IFT52"
9.74357686772951e-31,0.448385863333954,0.387,0.326,1.86979240091729e-26,"1","IL27RA"
1.09667143906296e-30,0.263809191566319,0.672,0.613,2.10451249156182e-26,"1","PRKCB"
1.37521834852322e-30,0.311964743336486,0.5,0.432,2.63904401081606e-26,"1","CCZ1"
2.07945701253843e-30,0.275848912730789,0.654,0.601,3.99047800706124e-26,"1","ALG5"
2.18428578142019e-30,0.282735746821361,0.554,0.489,4.19164441454534e-26,"1","EIF2B1"
2.94682073267706e-30,0.456503693852951,0.266,0.206,5.65494898600728e-26,"1","KIFC1"
3.27900106503143e-30,0.34103037066994,0.459,0.396,6.29240304379531e-26,"1","TMEM9"
4.08866590082449e-30,0.521145977820886,0.255,0.196,7.84614986368219e-26,"1","NEK1"
4.20359740280059e-30,0.395854708862753,0.418,0.355,8.06670341597433e-26,"1","HYI"
4.34247147045493e-30,0.45294618660362,0.376,0.317,8.33320275180302e-26,"1","TMEM68"
4.34545119771566e-30,0.485241027967934,0.265,0.204,8.33892084841635e-26,"1","HOOK3"
4.62530032233007e-30,0.344584247842085,0.455,0.39,8.8759513185514e-26,"1","BBIP1"
4.93946801769994e-30,0.257174110177192,0.54,0.47,9.47883912596618e-26,"1","TRBC2"
5.22179824490906e-30,0.565803277312978,0.255,0.197,1.00206308319805e-25,"1","CNTLN"
5.76656239248219e-30,0.382162309503965,0.418,0.353,1.10660332311733e-25,"1","SKP2"
1.02037150658074e-29,0.309428225806546,0.572,0.509,1.95809292112845e-25,"1","TMEM97"
1.14815731461527e-29,0.322858954351962,0.495,0.434,2.20331388674671e-25,"1","ZMAT5"
1.32451482471202e-29,0.422571471036757,0.343,0.281,2.54174394862236e-25,"1","RBM4B"
1.34673724734895e-29,0.362226603365565,0.447,0.383,2.58438877766264e-25,"1","RPP30"
1.45847316063062e-29,0.489681017798938,0.256,0.196,2.79880999525015e-25,"1","TAF6"
1.69022627114761e-29,0.35482977157327,0.464,0.403,3.24354421433226e-25,"1","COPS7A"
1.97380893354024e-29,0.329989370813593,0.421,0.357,3.78773934346372e-25,"1","PDCL"
2.06698588364501e-29,0.253823908156794,0.631,0.574,3.96654591071477e-25,"1","ZNF326"
2.78470235675895e-29,0.252595627388174,0.629,0.571,5.34384382262043e-25,"1","SAE1"
2.82329923239976e-29,0.426949557604129,0.312,0.25,5.41791122697514e-25,"1","FAM229B"
3.1114743830575e-29,0.366589245494649,0.437,0.374,5.97091934108735e-25,"1","NSL1"
3.26603804481e-29,0.378647707903936,0.419,0.355,6.26752700799038e-25,"1","OSBPL9"
3.56422636868392e-29,0.484938061439919,0.275,0.215,6.83975040150444e-25,"1","RMI1"
3.58617559115491e-29,0.291015875277376,0.571,0.515,6.88187095942628e-25,"1","NR1H2"
5.20989507731984e-29,0.436649753984755,0.339,0.278,9.99778865337677e-25,"1","PIAS2"
6.44577007801454e-29,0.42167293955129,0.314,0.251,1.23694327797099e-24,"1","ARMCX6"
7.14188857504476e-29,0.384571512215106,0.37,0.307,1.37052841755109e-24,"1","GNL1"
9.55839780004998e-29,0.362731945631048,0.454,0.395,1.83425653782959e-24,"1","PLAGL1"
1.13241909642352e-28,0.281156613230815,0.52,0.456,2.17311224603674e-24,"1","NDUFA9"
1.15815818850774e-28,0.454660975580901,0.296,0.236,2.22250556374635e-24,"1","ERCC4"
1.2792938973539e-28,0.268816835964353,0.584,0.524,2.45496498902214e-24,"1","CRIPT"
1.40273226779429e-28,0.304482999041681,0.495,0.43,2.69184322189724e-24,"1","FAM69B"
2.33641762777306e-28,0.284755633712475,0.538,0.481,4.4835854276965e-24,"1","NUDT21"
2.50206930956478e-28,0.410498141101301,0.363,0.303,4.80147100505481e-24,"1","SASS6"
2.54384310863226e-28,0.447048012021405,0.334,0.275,4.8816349254653e-24,"1","TMEM19"
2.67903842880671e-28,0.40323388026286,0.331,0.27,5.14107474488008e-24,"1","SKA3"
3.16428669264294e-28,0.438921997744532,0.307,0.246,6.0722661631818e-24,"1","DGCR8"
3.20758555993494e-28,0.317729797027215,0.498,0.439,6.15535668951515e-24,"1","PRPS1"
3.61824749970786e-28,0.250321067647388,0.584,0.519,6.94341695193939e-24,"1","ING2"
4.15715076235161e-28,0.397737248257747,0.33,0.269,7.97757231295275e-24,"1","C14orf80"
4.52952311095323e-28,0.44073512425883,0.314,0.254,8.69215484991926e-24,"1","GXYLT1"
4.77906961812669e-28,0.349153530911944,0.446,0.384,9.17103459718512e-24,"1","NREP"
5.28410680397749e-28,0.514188128215192,0.253,0.197,1.01402009568328e-23,"1","TMEM65"
5.96111157308472e-28,0.419133884838549,0.301,0.241,1.14393731087496e-23,"1","COMMD2"
7.54152943004604e-28,0.500168423867698,0.269,0.212,1.44721949762583e-23,"1","THEM6"
1.20489652544352e-27,0.372974764001116,0.428,0.368,2.31219643232612e-23,"1","JMJD1C"
1.2218070390006e-27,0.287858664678862,0.627,0.576,2.34464770784215e-23,"1","SMIM19"
1.26552081396638e-27,0.37694305578074,0.354,0.293,2.42853444200149e-23,"1","MAP7"
1.41669402950055e-27,0.458961213857038,0.32,0.261,2.71863584261156e-23,"1","C16orf62"
1.71214808679934e-27,0.480348766852019,0.272,0.213,3.28561217856794e-23,"1","TCTEX1D2"
1.71436552203529e-27,0.373925267358183,0.394,0.331,3.28986743678572e-23,"1","XYLT1"
1.74269899523868e-27,0.287013925779976,0.543,0.485,3.34423937186302e-23,"1","ZNF292"
1.91418440597612e-27,0.370261971203182,0.427,0.367,3.67331987506818e-23,"1","SMC6"
2.18394867574326e-27,0.299069325632682,0.552,0.498,4.19099750875132e-23,"1","NOL12"
2.26282667760177e-27,0.374418152813623,0.445,0.383,4.34236439431779e-23,"1","NR2C2AP"
2.34703626907105e-27,0.448127909985858,0.295,0.236,4.50396260034735e-23,"1","DVL2"
2.48078230175588e-27,0.334957884032642,0.46,0.4,4.76062123706954e-23,"1","ALKBH3"
2.82252137914236e-27,0.326883688060842,0.445,0.383,5.41641852657418e-23,"1","TIMM21"
3.26506816140131e-27,0.324119184070444,0.451,0.389,6.26566580172911e-23,"1","AC004381.6"
3.39750609496238e-27,0.378217879196851,0.382,0.32,6.51981419623282e-23,"1","ACTR10"
4.83644754569511e-27,0.284738819341466,0.558,0.502,9.28114284018891e-23,"1","ITSN2"
5.55391810117331e-27,0.346192146471781,0.412,0.351,1.06579688361516e-22,"1","VEZF1"
5.90365916351152e-27,0.411365293439085,0.295,0.236,1.13291219347786e-22,"1","MAST4"
6.7255291736611e-27,0.497243479603544,0.292,0.235,1.29062904842557e-22,"1","AKAP7"
7.6325765920086e-27,0.295969864252935,0.527,0.467,1.46469144800645e-22,"1","CCDC115"
8.76028185423326e-27,0.378301744272983,0.396,0.337,1.68109808782736e-22,"1","CDC16"
9.32671574713077e-27,0.306813489673493,0.437,0.374,1.7897967518744e-22,"1","GNPAT"
1.00334109371156e-26,0.453308623687226,0.316,0.259,1.92541155883249e-22,"1","ENTPD1-AS1"
1.03762162301353e-26,0.341678638447312,0.467,0.41,1.99119589456296e-22,"1","RSU1"
1.03769672836562e-26,0.305599881709872,0.478,0.416,1.99134002173363e-22,"1","RAB5A"
1.05822257760704e-26,0.428060869461153,0.326,0.267,2.03072912642791e-22,"1","CEP290"
1.0718112736846e-26,0.450224700685522,0.283,0.225,2.05680583420075e-22,"1","MPPE1"
1.78667605852233e-26,0.353604261388571,0.336,0.274,3.42863135630435e-22,"1","ARHGAP22"
1.95950592793798e-26,0.338789932971874,0.397,0.335,3.76029187571298e-22,"1","TSG101"
2.02688196127231e-26,0.256848593511492,0.586,0.527,3.88958648368156e-22,"1","NDUFS2"
2.09866662082906e-26,0.25116701489371,0.614,0.557,4.02734124537097e-22,"1","UCHL3"
2.26063086964151e-26,0.362171855095754,0.408,0.345,4.33815063884205e-22,"1","DOCK5"
5.71876019292986e-26,0.277558652063517,0.563,0.507,1.09743008102324e-21,"1","GGPS1"
6.00794400290039e-26,0.301508629064106,0.47,0.409,1.15292445415659e-21,"1","NUDT15"
6.97954251797826e-26,0.278645877124696,0.564,0.511,1.33937420920003e-21,"1","CD2BP2"
7.09673088998705e-26,0.434933846680132,0.348,0.293,1.36186265778852e-21,"1","NNT-AS1"
9.22701981353817e-26,0.4091374888573,0.325,0.269,1.77066510221797e-21,"1","C16orf52"
9.63601366809532e-26,0.252137690508071,0.582,0.524,1.84915102290749e-21,"1","FNTA"
1.25643027640953e-25,0.418954156307797,0.325,0.267,2.41108970042988e-21,"1","ZNF48"
1.41803592198208e-25,0.330926517034864,0.508,0.456,2.72121093428362e-21,"1","KRR1"
1.63749119189041e-25,0.384487421406468,0.368,0.312,3.14234559723769e-21,"1","SUV39H2"
1.69434467351355e-25,0.41134624908863,0.336,0.28,3.25144742847251e-21,"1","PDZD11"
2.33988005142116e-25,0.337906046089839,0.426,0.367,4.49022981867721e-21,"1","ORC6"
2.85045159745613e-25,0.264624254625277,0.473,0.406,5.47001661551832e-21,"1","HSPA14"
3.13065521096765e-25,0.328436099516981,0.383,0.32,6.00772734984692e-21,"1","SPNS2"
3.13326269104975e-25,0.296493680431607,0.471,0.412,6.01273110412447e-21,"1","SNAP29"
3.23175637573265e-25,0.259482813461561,0.572,0.516,6.20174048503095e-21,"1","PTPN2"
3.90881230309703e-25,0.372101753887772,0.385,0.33,7.50101080964321e-21,"1","DUSP11"
4.29358363482512e-25,0.387975568570067,0.332,0.274,8.2393869952294e-21,"1","OXCT1"
4.67812324334759e-25,0.27903334988491,0.596,0.543,8.97731850398402e-21,"1","SEH1L"
5.16179556569274e-25,0.409467010042223,0.354,0.297,9.90548569056436e-21,"1","TCEAL1"
6.44871093218865e-25,0.284816647258612,0.511,0.454,1.237507627887e-20,"1","ARPC1A"
6.84740828716008e-25,0.262637668649577,0.557,0.498,1.31401765030602e-20,"1","TMEM109"
7.78075491098747e-25,0.363572228763755,0.373,0.315,1.4931268674185e-20,"1","CASP2"
7.86615962057624e-25,0.376109537539201,0.374,0.318,1.50951603118858e-20,"1","BARD1"
8.20053977066889e-25,0.304336271228421,0.498,0.442,1.57368358199136e-20,"1","MSI2"
9.17665477263573e-25,0.394274994696639,0.347,0.29,1.7610000508688e-20,"1","C22orf29"
9.61314982206249e-25,0.277628666116911,0.51,0.455,1.84476345085379e-20,"1","PITPNA-AS1"
9.71254714083012e-25,0.315364348906846,0.452,0.394,1.8638377963253e-20,"1","ADPRHL2"
1.26147182430796e-24,0.377742548314576,0.374,0.317,2.42076443084697e-20,"1","TSFM"
1.31651416254848e-24,0.385361517879648,0.299,0.242,2.52639067793053e-20,"1","OSER1"
1.3665593347067e-24,0.268097783839296,0.574,0.524,2.62242736330215e-20,"1","PYCR2"
1.50941806433825e-24,0.444244944554197,0.284,0.229,2.89657326546511e-20,"1","SIAH1"
1.60393977691897e-24,0.325863404874872,0.443,0.388,3.0779604319075e-20,"1","CYP20A1"
1.71248444609492e-24,0.306304754691165,0.449,0.393,3.28625765205616e-20,"1","GINM1"
1.74543881916036e-24,0.43128744036738,0.259,0.204,3.34949709396872e-20,"1","C21orf58"
1.75932586319998e-24,0.307278173763042,0.493,0.441,3.37614633148076e-20,"1","ATF1"
1.82869867888557e-24,0.313343133190473,0.451,0.395,3.5092727647814e-20,"1","INIP"
1.89857266097351e-24,0.423476628158903,0.301,0.245,3.64336093640817e-20,"1","SH3RF1"
2.19925645256499e-24,0.410115385462989,0.349,0.289,4.22037313247222e-20,"1","DTL"
2.6997807853489e-24,0.478118324019843,0.281,0.228,5.18087932708455e-20,"1","RAD18"
6.53488649918479e-24,0.342087129297635,0.427,0.372,1.25404471919356e-19,"1","SDSL"
7.50051370528857e-24,0.27197309822432,0.48,0.424,1.43934858004488e-19,"1","PLA2G12A"
9.09143313740673e-24,0.287687518113239,0.537,0.487,1.74464601906835e-19,"1","DFFA"
1.08586707010936e-23,0.30196572593835,0.461,0.402,2.08377890753985e-19,"1","POLR2C"
1.14674990195925e-23,0.433672212235943,0.274,0.22,2.20061306185979e-19,"1","ELK3"
1.25191059324791e-23,0.391491220589547,0.28,0.225,2.40241642844273e-19,"1","MYCT1"
1.3997373389197e-23,0.33485952852674,0.412,0.357,2.68609595338691e-19,"1","SP3"
1.51134573234341e-23,0.307536736344711,0.431,0.373,2.90027246036701e-19,"1","RING1"
1.52222708034586e-23,0.445037601236359,0.258,0.205,2.9211537671837e-19,"1","PSMC2"
1.80328911085711e-23,0.395752569293944,0.323,0.269,3.46051180373479e-19,"1","PGS1"
1.89076728862173e-23,0.280156888524922,0.501,0.447,3.62838242686511e-19,"1","ARL3"
1.95078016868862e-23,0.477109450584853,0.264,0.214,3.74354714371347e-19,"1","AUNIP"
2.01502976529819e-23,0.406265311124276,0.291,0.237,3.86684211960723e-19,"1","KLHL5"
2.13527605742807e-23,0.374357736135693,0.339,0.284,4.09759475420446e-19,"1","IPO9"
2.2134070291088e-23,0.384393051007129,0.341,0.288,4.24752808885979e-19,"1","HEBP1"
2.2402816485282e-23,0.369514812128533,0.312,0.256,4.29910048352562e-19,"1","CCDC82"
2.46288321013508e-23,0.412464871625358,0.318,0.265,4.72627288024921e-19,"1","BLM"
3.33927038678706e-23,0.280543076770393,0.434,0.376,6.40805987224437e-19,"1","CMC2"
4.07798340470023e-23,0.303932748413014,0.433,0.377,7.82565015361974e-19,"1","FOXN3"
4.45852743935358e-23,0.373600842392456,0.403,0.349,8.55591415611952e-19,"1","CACNA1C-AS2"
4.47636516275836e-23,0.284262534262131,0.296,0.241,8.5901447473333e-19,"1","TRIB3"
5.20978190239663e-23,0.261164364886534,0.525,0.47,9.99757147069913e-19,"1","MTX1"
5.26200362679296e-23,0.348110176090034,0.379,0.324,1.00977849598157e-18,"1","GARS"
5.68660240826048e-23,0.282747082278305,0.487,0.433,1.09125900214519e-18,"1","IFNAR2"
5.71842069732132e-23,0.376771387520419,0.337,0.283,1.09736493181596e-18,"1","ARHGAP25"
5.91924973888156e-23,0.392809507161407,0.294,0.239,1.13590402489137e-18,"1","CBX2"
6.58447102188636e-23,0.418827225060675,0.259,0.207,1.26355998909999e-18,"1","NR3C1"
6.87045217696147e-23,0.393940010245284,0.341,0.288,1.31843977275891e-18,"1","ANKRD39"
7.25282014897758e-23,0.354577824328632,0.355,0.298,1.3918161865888e-18,"1","KIAA0430"
8.19921873560209e-23,0.346220589742041,0.391,0.337,1.57343007536204e-18,"1","PCGF6"
8.79414958790173e-23,0.289550350255079,0.445,0.387,1.68759730591834e-18,"1","DHRS7"
9.73441281564799e-23,0.451486079424325,0.267,0.216,1.86803381932285e-18,"1","UBXN11"
1.08860727491259e-22,0.340566136394593,0.37,0.316,2.08903736055726e-18,"1","C8orf88"
1.11892138722577e-22,0.381348861714681,0.304,0.25,2.14721014208624e-18,"1","DMAP1"
1.13239319877768e-22,0.26480132407493,0.551,0.497,2.17306254845437e-18,"1","NUP62"
1.30566833301167e-22,0.334239880996517,0.415,0.363,2.50557753104939e-18,"1","PHF11"
1.49257306896296e-22,0.268789537696066,0.448,0.389,2.86424771933992e-18,"1","FSCN1"
1.71388142459926e-22,0.413979533257675,0.294,0.242,3.28893845380597e-18,"1","CHST14"
2.24063797841942e-22,0.312329896533532,0.457,0.406,4.29978428058686e-18,"1","NMRAL1"
2.51470557794989e-22,0.306082950943931,0.476,0.424,4.82572000408585e-18,"1","EXOSC4"
2.59406767977031e-22,0.264520633799368,0.499,0.44,4.97801587747922e-18,"1","PDCL3"
3.00899023450475e-22,0.419612840798173,0.291,0.238,5.77425226001461e-18,"1","UBR7"
3.08138567291418e-22,0.361878478926873,0.356,0.303,5.91317910632231e-18,"1","C3orf38"
3.16679577767548e-22,0.261865073308944,0.522,0.47,6.07708109735925e-18,"1","WBP4"
3.72464158336139e-22,0.43041946814729,0.264,0.214,7.1475871984705e-18,"1","TRIM58"
6.13883721213372e-22,0.324107471479194,0.418,0.367,1.17804286100846e-17,"1","DTWD1"
6.60129876715567e-22,0.404307112258662,0.306,0.257,1.26678923341717e-17,"1","MTFR2"
7.54389198672439e-22,0.260129118428026,0.512,0.457,1.44767287225241e-17,"1","TROVE2"
8.43647484579811e-22,0.313308180187027,0.402,0.346,1.61895952290866e-17,"1","CASP4"
8.72828759228147e-22,0.371913885066998,0.335,0.282,1.67495838895881e-17,"1","SLC35E3"
9.36949852199819e-22,0.409431192122879,0.3,0.248,1.79800676637145e-17,"1","TRIM8"
9.68109743554087e-22,0.414777752384716,0.295,0.244,1.85780259788029e-17,"1","RABEP2"
1.15299642082424e-21,0.361178942726178,0.332,0.28,2.21260013156172e-17,"1","TRIOBP"
1.43477403099593e-21,0.259072011693303,0.478,0.425,2.7533313654812e-17,"1","TMEM55B"
1.47778750374094e-21,0.408036614380248,0.32,0.267,2.83587421967886e-17,"1","NUP155"
1.64116245833289e-21,0.392278125947291,0.299,0.246,3.14939075754082e-17,"1","LOXL1"
1.67137187866896e-21,0.337271548067721,0.429,0.379,3.20736263516573e-17,"1","KLHL42"
2.01984713081402e-21,0.266766034517052,0.488,0.433,3.87608664403211e-17,"1","MFSD14A"
2.59347074391784e-21,0.42608687340688,0.27,0.221,4.97687035757834e-17,"1","PIP5K1B"
2.91586537261667e-21,0.29478681759808,0.443,0.389,5.59554565005139e-17,"1","NFKBIE"
3.1030940325708e-21,0.250094245470499,0.527,0.474,5.95483744850337e-17,"1","NFU1"
3.15777888023111e-21,0.314184981207394,0.354,0.3,6.0597776711635e-17,"1","IPO11"
3.20884620543756e-21,0.26826856622784,0.528,0.478,6.15777586823469e-17,"1","NRIP1"
3.71837732401355e-21,0.345094272458231,0.336,0.284,7.135566084782e-17,"1","RDH11"
4.01025726217066e-21,0.323621947695345,0.418,0.367,7.69568368610549e-17,"1","PUSL1"
4.04573675705376e-21,0.391371003650906,0.319,0.268,7.76376883678616e-17,"1","RP11-12G12.7"
4.77433996527046e-21,0.340850950373995,0.347,0.295,9.161958393354e-17,"1","MAPRE2"
5.10051138014245e-21,0.307622620256675,0.377,0.323,9.78788133849335e-17,"1","TRNAU1AP"
5.27599126544834e-21,0.281158860985386,0.444,0.394,1.01246272383954e-16,"1","TTF2"
5.36914553701979e-21,0.321389450423134,0.371,0.318,1.0303390285541e-16,"1","PCIF1"
6.01785716442045e-21,0.267871633378109,0.479,0.427,1.15482678985228e-16,"1","CD151"
6.56209888652827e-21,0.307308465544649,0.419,0.369,1.25926677632477e-16,"1","TAF3"
7.25580304991863e-21,0.374050582948398,0.288,0.236,1.39238860527939e-16,"1","PNMA1"
8.05337660397683e-21,0.349074070190478,0.377,0.325,1.54544297030315e-16,"1","FAM127B"
8.6190756990566e-21,0.382280123150232,0.308,0.256,1.65400062664896e-16,"1","RFTN1"
8.9617857415223e-21,0.357887256121174,0.394,0.344,1.71976668379813e-16,"1","MSRB2"
9.66034153684049e-21,0.298903532843911,0.466,0.413,1.85381954091969e-16,"1","NAE1"
1.04380441005225e-20,0.291069342428625,0.453,0.403,2.00306066289026e-16,"1","MARCH5"
1.18140949807993e-20,0.271215426938923,0.446,0.391,2.26712482681539e-16,"1","UBXN2A"
1.21319557575501e-20,0.252498878120727,0.538,0.489,2.32812230987386e-16,"1","PPIE"
1.26743688154338e-20,0.424285547358625,0.284,0.236,2.43221137568174e-16,"1","INPP1"
1.2796080237962e-20,0.303506667566254,0.439,0.39,2.45556779766492e-16,"1","PSMA6"
1.54438062970689e-20,0.314596846914016,0.402,0.348,2.96366642840752e-16,"1","RFXAP"
1.56592703374811e-20,0.365625545357741,0.297,0.248,3.00501397776261e-16,"1","FOXM1"
1.83546926373305e-20,0.27799397886848,0.481,0.429,3.52226551710373e-16,"1","RABL2B"
2.05036887022038e-20,0.420234902932896,0.304,0.255,3.9346578619529e-16,"1","LOXL1-AS1"
2.25352775915818e-20,0.459199964157397,0.254,0.207,4.32451976982454e-16,"1","FN3KRP"
2.34946625962725e-20,0.330912430472165,0.346,0.294,4.50862575222469e-16,"1","PGM1"
2.39422042866218e-20,0.28638596108624,0.453,0.402,4.59450900260271e-16,"1","HEXA"
2.9357934150212e-20,0.284078870212855,0.466,0.417,5.63378756342568e-16,"1","SPIN1"
2.97896034421564e-20,0.296673822112071,0.341,0.287,5.71662490054981e-16,"1","MXD3"
3.85919650204325e-20,0.354491075152763,0.287,0.235,7.405798087421e-16,"1","STIM2"
4.27162416801003e-20,0.411888222187489,0.261,0.214,8.19724677841125e-16,"1","N4BP2"
4.73780826932402e-20,0.327830514011501,0.369,0.318,9.09185406883279e-16,"1","UCK1"
5.16042308092734e-20,0.386475007328868,0.296,0.246,9.90285189229957e-16,"1","JAK3"
5.34761590009027e-20,0.367535589940415,0.341,0.291,1.02620749122732e-15,"1","ERGIC1"
5.52640404496748e-20,0.323242449618266,0.386,0.335,1.06051693622926e-15,"1","SIPA1"
5.73889672106792e-20,0.419117956317856,0.261,0.214,1.10129428077293e-15,"1","RHOBTB3"
7.80058536020871e-20,0.293975754582989,0.445,0.395,1.49693233062405e-15,"1","MMAB"
9.57889755982266e-20,0.314773667481972,0.403,0.353,1.83819044172997e-15,"1","OFD1"
1.21911701718547e-19,0.416120492674781,0.322,0.277,2.33948555597891e-15,"1","TMEM220"
1.38673876340403e-19,0.256445004594285,0.486,0.436,2.66115168697233e-15,"1","TACO1"
1.38873009252692e-19,0.357539447591365,0.282,0.232,2.66497304755916e-15,"1","LGALS8"
1.53934347571476e-19,0.389374115875953,0.284,0.235,2.95400012989662e-15,"1","TRPS1"
1.59015388133706e-19,0.359320960173609,0.288,0.238,3.05150529828582e-15,"1","TAP1"
2.25386296675985e-19,0.37195861235616,0.312,0.263,4.32516303321215e-15,"1","BLOC1S5"
2.3434951966606e-19,0.262325925882229,0.452,0.403,4.4971672823917e-15,"1","UXS1"
2.36486056923125e-19,0.32047363090243,0.432,0.385,4.53816743235476e-15,"1","BAG2"
2.51353554317899e-19,0.299140658329741,0.392,0.339,4.82347470736048e-15,"1","BIN2"
2.63552480805981e-19,0.290173857682715,0.422,0.371,5.05757210666677e-15,"1","ZDHHC4"
2.84191533331034e-19,0.369030579993768,0.308,0.26,5.45363552462254e-15,"1","EED"
2.97967551668246e-19,0.314626567816775,0.377,0.326,5.71799731651364e-15,"1","PRKD3"
3.58641621143995e-19,0.399623097379591,0.307,0.261,6.88233270975326e-15,"1","VPS13A"
3.8927913266291e-19,0.266731169166506,0.428,0.379,7.47026655580124e-15,"1","STK24"
4.19075880744848e-19,0.312756329803534,0.363,0.313,8.04206615149363e-15,"1","ZFYVE21"
4.65064054862503e-19,0.330421421982177,0.373,0.324,8.92457921281144e-15,"1","ULK3"
4.76161543332716e-19,0.372092230838766,0.309,0.262,9.13754001655482e-15,"1","FAAP24"
4.77235368903896e-19,0.260284894145,0.523,0.478,9.15814672926576e-15,"1","PITPNB"
4.83587118540516e-19,0.360532097300028,0.286,0.237,9.2800368047925e-15,"1","RECQL"
4.90169176652192e-19,0.294242952504797,0.427,0.377,9.40634649995556e-15,"1","ECI2"
5.20530237702883e-19,0.348583182891565,0.301,0.252,9.98897526151832e-15,"1","ATG16L2"
5.97481132560587e-19,0.37374034569658,0.318,0.272,1.14656629338377e-14,"1","CHEK2"
8.40876190399227e-19,0.318252221999806,0.42,0.373,1.61364140937612e-14,"1","MARS"
8.55591948119356e-19,0.281013362312464,0.412,0.362,1.64188094844104e-14,"1","R3HCC1"
9.50151819325116e-19,0.326647516678059,0.369,0.322,1.8233413412849e-14,"1","ZWILCH"
1.0042481577477e-18,0.256689401688896,0.525,0.479,1.92715221471784e-14,"1","ZNF302"
1.16601058095854e-18,0.338733717376731,0.332,0.284,2.23757430485944e-14,"1","PPCDC"
1.59307619568755e-18,0.256867803237991,0.416,0.365,3.05711321952441e-14,"1","MAP3K13"
1.59593618191217e-18,0.279172077657319,0.443,0.398,3.06260153308945e-14,"1","RIC8A"
1.67477616360845e-18,0.377866315231122,0.252,0.206,3.21389545796462e-14,"1","DUSP14"
1.87511341723301e-18,0.43211389870685,0.264,0.219,3.59834264767015e-14,"1","ILVBL"
2.1944065440805e-18,0.259611737412255,0.489,0.443,4.21106615809047e-14,"1","SLC39A8"
2.52732566136705e-18,0.400329664800939,0.319,0.273,4.84993794416337e-14,"1","ABCA7"
2.76973240281643e-18,0.393392703037584,0.296,0.251,5.31511648100473e-14,"1","ATG10"
2.91416591051522e-18,0.399825533331818,0.279,0.234,5.59228438227871e-14,"1","HOOK2"
3.01564700091625e-18,0.258290217052232,0.482,0.437,5.78702659475829e-14,"1","TRMT2A"
3.66646548504687e-18,0.345306938955433,0.276,0.229,7.03594726580495e-14,"1","KATNA1"
3.66953804074918e-18,0.364002760493385,0.302,0.255,7.04184350019767e-14,"1","PATL1"
3.81582345430502e-18,0.290098905702386,0.423,0.375,7.32256520881133e-14,"1","SMC5"
3.95720220540141e-18,0.333766867606831,0.367,0.323,7.5938710321653e-14,"1","CCDC71"
4.14735866586952e-18,0.255916396224572,0.45,0.4,7.95878127980361e-14,"1","ERI2"
4.28201659616925e-18,0.280486359719102,0.43,0.382,8.21718984804878e-14,"1","MITD1"
5.50031925773137e-18,0.257437697450668,0.477,0.432,1.05551126555865e-13,"1","FDX1L"
5.51235760755389e-18,0.257251508260659,0.448,0.4,1.05782142488959e-13,"1","RNF213"
8.0460563084126e-18,0.276864744926287,0.439,0.393,1.54403820558438e-13,"1","EVL"
8.75593334739635e-18,0.386355869366898,0.268,0.224,1.68026360936536e-13,"1","MAP1S"
1.25849661626021e-17,0.268627147065937,0.494,0.451,2.41505500660334e-13,"1","ATRX"
1.57162150965739e-17,0.299930213876437,0.37,0.322,3.01594167703254e-13,"1","BCAS2"
1.58739442335381e-17,0.291022570717844,0.495,0.449,3.04620989841596e-13,"1","ITPRIPL2"
1.81060158004922e-17,0.303886303095681,0.322,0.275,3.47454443211445e-13,"1","EVI2B"
1.88082031339062e-17,0.299226007107277,0.386,0.342,3.6092941813966e-13,"1","DYM"
1.88913317748886e-17,0.33416361300074,0.286,0.239,3.62524656760112e-13,"1","MFSD5"
1.95608630663191e-17,0.346795790006192,0.303,0.254,3.75372962242664e-13,"1","THAP1"
2.36405480467136e-17,0.261936585692429,0.47,0.427,4.53662117016433e-13,"1","RRP36"
2.83603880386464e-17,0.32909156979984,0.285,0.238,5.44235846461625e-13,"1","APEX2"
3.10928084891033e-17,0.320718769652904,0.306,0.259,5.96670994905891e-13,"1","CDS2"
3.16207635955312e-17,0.368870919540909,0.257,0.213,6.06802453398244e-13,"1","NEDD1"
4.15721343893994e-17,0.268978773270277,0.486,0.441,7.97769258932575e-13,"1","GEMIN6"
4.96790085890826e-17,0.274513330099492,0.394,0.346,9.53340174824495e-13,"1","NCAPD3"
5.4683240255443e-17,0.273380664092377,0.498,0.457,1.04937138050195e-12,"1","CNOT2"
5.58977143441757e-17,0.340379281152163,0.319,0.274,1.07267713826473e-12,"1","FAM76B"
6.81717608155422e-17,0.321287652580907,0.345,0.301,1.30821609005026e-12,"1","NBN"
7.81835112257869e-17,0.346380320857061,0.314,0.27,1.50034158042285e-12,"1","VAV3"
8.48772475748896e-17,0.330221152207505,0.343,0.299,1.62879438096213e-12,"1","ABCD3"
9.13692530571963e-17,0.269241898734435,0.39,0.342,1.7533759661676e-12,"1","MGAT4A"
1.13565341478716e-16,0.261547592713715,0.481,0.437,2.17931890297655e-12,"1","ZCCHC10"
1.14038857540399e-16,0.309571319972106,0.31,0.264,2.18840567620026e-12,"1","ACSL3"
1.28963983378271e-16,0.431015437498976,0.268,0.225,2.47481884102902e-12,"1","PSAT1"
1.29979328521506e-16,0.33271035439623,0.288,0.243,2.49430331432771e-12,"1","LRRC57"
1.49821089082123e-16,0.308525044681198,0.366,0.32,2.87506669948594e-12,"1","ALG12"
2.16510510322568e-16,0.368366799051721,0.268,0.225,4.15483669309008e-12,"1","POLD1"
2.20588416414583e-16,0.340632163643945,0.323,0.28,4.23309171099585e-12,"1","COQ10A"
2.41632172264276e-16,0.356399349567844,0.338,0.296,4.63692138575146e-12,"1","KAT2A"
2.6030364620746e-16,0.25196530853299,0.468,0.426,4.99522697072116e-12,"1","TM2D2"
2.84566936274045e-16,0.298970693926233,0.294,0.248,5.46083950709893e-12,"1","RP11-251M1.1"
2.86363557587089e-16,0.293842848273985,0.373,0.331,5.49531667009623e-12,"1","GBAS"
3.03848329499801e-16,0.270039189958305,0.444,0.399,5.83084944310119e-12,"1","MUS81"
3.38595463701743e-16,0.253562766430647,0.461,0.416,6.49764694843644e-12,"1","MIS12"
3.58029749871972e-16,0.260362932807528,0.452,0.409,6.87059090004314e-12,"1","MAP4K2"
4.10767205776172e-16,0.302217544952731,0.328,0.281,7.88262267884475e-12,"1","TAGAP"
4.74777813070204e-16,0.270707991652114,0.426,0.384,9.11098623281721e-12,"1","VGLL4"
4.94857598822826e-16,0.26270079787798,0.432,0.391,9.49631732141003e-12,"1","WHSC1"
5.60529507626102e-16,0.28591614855666,0.388,0.343,1.07565612513449e-11,"1","SCAMP4"
6.55349642020588e-16,0.316967928846396,0.346,0.302,1.25761596303751e-11,"1","RCE1"
7.55488583582252e-16,0.350839518806686,0.278,0.237,1.44978259189434e-11,"1","CEP152"
8.03983864470223e-16,0.306421858946998,0.375,0.33,1.54284503591836e-11,"1","NR6A1"
9.96970562319467e-16,0.327415184311822,0.293,0.251,1.91318650909106e-11,"1","ERBB2IP"
1.09867517201307e-15,0.283203872481446,0.389,0.347,2.10835765509309e-11,"1","ATP5S"
1.48064097509739e-15,0.32582601964837,0.311,0.268,2.84135003121189e-11,"1","PPP1R3E"
1.65363135129502e-15,0.358346846162144,0.262,0.219,3.17331856313515e-11,"1","TMEM55A"
1.73264185468416e-15,0.258168459055428,0.394,0.351,3.3249397191389e-11,"1","GGA2"
1.75510186474611e-15,0.359108640325531,0.286,0.246,3.36804047844778e-11,"1","REPS1"
2.11322994847567e-15,0.263270042828816,0.418,0.373,4.05528827112481e-11,"1","PRPSAP1"
2.88949569400874e-15,0.340673347310441,0.279,0.237,5.54494223680278e-11,"1","ROCK2"
3.51001607407101e-15,0.256634401168195,0.454,0.413,6.73572084614226e-11,"1","AP1M1"
4.15386950020559e-15,0.32202282667888,0.301,0.258,7.97127557089453e-11,"1","FBXL3"
7.13296669780823e-15,0.367729088059149,0.314,0.275,1.3688163093094e-10,"1","AAAS"
7.1708600289669e-15,0.294343661658179,0.364,0.322,1.37608803955875e-10,"1","DCAF10"
8.90284037049827e-15,0.369381998884412,0.255,0.216,1.70845506709862e-10,"1","LPIN1"
1.11746745795622e-14,0.337154084036394,0.355,0.317,2.14442005181798e-10,"1","PRKAG2-AS1"
1.13239640902176e-14,0.320865049176341,0.287,0.246,2.17306870891276e-10,"1","INSIG2"
1.25264792447841e-14,0.336345398012901,0.275,0.235,2.40383136707407e-10,"1","LIMA1"
1.29940087164436e-14,0.262608031324268,0.454,0.415,2.49355027268553e-10,"1","FRA10AC1"
1.33226091262548e-14,0.325412604859987,0.317,0.278,2.5566086913283e-10,"1","SLC35A3"
1.56687965421913e-14,0.336062783166504,0.268,0.226,3.00684205644651e-10,"1","SLC30A1"
1.82378681051886e-14,0.365020296386647,0.264,0.225,3.49984688938569e-10,"1","CEP135"
2.01186066640935e-14,0.317998740933705,0.323,0.282,3.86076061883954e-10,"1","FBXO22"
2.08894413700454e-14,0.292609024400006,0.305,0.262,4.00868379891172e-10,"1","TRIM56"
2.15142623002905e-14,0.265361111658086,0.379,0.336,4.12858693542575e-10,"1","VAMP3"
2.27032613441991e-14,0.302059430296943,0.311,0.27,4.3567558519518e-10,"1","RARS2"
2.38053383396736e-14,0.313010547397393,0.356,0.316,4.56824442738336e-10,"1","HRSP12"
2.41124233099395e-14,0.278333499868457,0.385,0.343,4.62717403317739e-10,"1","PHKG2"
2.51706183234564e-14,0.257024338773144,0.408,0.368,4.83024165627128e-10,"1","CSE1L"
2.55427701006016e-14,0.256767606946426,0.426,0.387,4.90165758230546e-10,"1","APP"
2.75693483717791e-14,0.25548795044097,0.475,0.435,5.29055795254441e-10,"1","QDPR"
2.86506339915873e-14,0.268338856623639,0.359,0.315,5.49805666298561e-10,"1","IWS1"
2.97109042472562e-14,0.314660533561297,0.314,0.272,5.70152252504846e-10,"1","MMS22L"
3.93656568152386e-14,0.311165893711429,0.293,0.253,7.5542695428443e-10,"1","KIAA1715"
4.58372710638879e-14,0.282868671590862,0.337,0.297,8.79617231716009e-10,"1","TRMT6"
4.85608820665515e-14,0.348364152312656,0.265,0.228,9.31883326857124e-10,"1","PHYH"
5.88791621546569e-14,0.319536371878081,0.275,0.234,1.12989112174787e-09,"1","TFEC"
6.11557577109295e-14,0.327323735583986,0.286,0.245,1.17357899047274e-09,"1","C14orf159"
6.21112593233243e-14,0.261494149157475,0.362,0.32,1.19191506641459e-09,"1","OBFC1"
6.51423474423802e-14,0.262045781574252,0.414,0.373,1.25008164741928e-09,"1","DUSP12"
6.76074345107057e-14,0.320509244041037,0.334,0.296,1.29738666826044e-09,"1","FAR2"
9.00413318367716e-14,0.259511226384951,0.409,0.369,1.72789315794765e-09,"1","NARS2"
9.14826232776442e-14,0.326835520370836,0.292,0.253,1.75555154069799e-09,"1","PFKP"
9.17121669300596e-14,0.302033235842448,0.329,0.289,1.75995648338784e-09,"1","ALDH9A1"
1.03536658189685e-13,0.388409027127303,0.261,0.224,1.98686847066005e-09,"1","OSBPL1A"
1.04151521213975e-13,0.298826235085425,0.341,0.302,1.99866769209617e-09,"1","ZNF689"
1.06646130626852e-13,0.292242075059052,0.327,0.288,2.04653924672929e-09,"1","CASP6"
1.10183287983663e-13,0.310679602800504,0.313,0.274,2.11441729640649e-09,"1","MRPS31"
1.60094670030796e-13,0.261079579192333,0.407,0.368,3.07221671789097e-09,"1","BCL7B"
1.91229285855858e-13,0.35102819245894,0.3,0.264,3.66968999557391e-09,"1","GCFC2"
2.18019411021616e-13,0.301074943982393,0.296,0.256,4.18379249750482e-09,"1","EZH2"
2.33747781659674e-13,0.361425124137996,0.277,0.24,4.48561993004915e-09,"1","CHAC2"
2.36101833676095e-13,0.27239828171669,0.353,0.313,4.53079418824427e-09,"1","SNN"
2.44659223936057e-13,0.285352866580795,0.35,0.311,4.69501050733294e-09,"1","RPS6KA3"
2.49088299605413e-13,0.338277673041618,0.262,0.224,4.78000446942787e-09,"1","DHX40"
2.5592371918097e-13,0.31107151572968,0.299,0.258,4.91117617108282e-09,"1","RP11-359B12.2"
2.83166882394887e-13,0.320321306317736,0.3,0.262,5.43397247315787e-09,"1","NSMCE3"
3.46812391241246e-13,0.273844518838368,0.345,0.305,6.65532978791952e-09,"1","TTF1"
3.92644634749707e-13,0.278988010386668,0.366,0.327,7.53485054084688e-09,"1","GTF2H1"
6.55855327772992e-13,0.271931560132138,0.421,0.379,1.25858637399637e-08,"1","IFI6"
7.42789547755603e-13,0.283507404447015,0.282,0.243,1.425413142143e-08,"1","RIPK2"
8.5619744184529e-13,0.308275828494826,0.287,0.249,1.64304289090111e-08,"1","PLSCR1"
1.16802230088234e-12,0.250032230292855,0.397,0.361,2.24143479539321e-08,"1","VEZT"
1.2017193566445e-12,0.25706553148317,0.348,0.31,2.30609944540079e-08,"1","KAT5"
1.58017002843342e-12,0.310050139175701,0.297,0.26,3.03234628456373e-08,"1","TMEM107"
1.77243043721202e-12,0.272514430992241,0.774,0.751,3.40129400900986e-08,"1","MT-ND6"
1.84874241746991e-12,0.382267007967944,0.254,0.22,3.54773669912476e-08,"1","HAUS7"
2.00821169083657e-12,0.336250518403691,0.251,0.214,3.85375823471537e-08,"1","FAM43A"
2.54086563670613e-12,0.303448567859145,0.257,0.22,4.87592115683907e-08,"1","TAOK2"
2.74642419180256e-12,0.316855256992628,0.251,0.217,5.27038802406912e-08,"1","NCAPH"
2.79383153349684e-12,0.283126707648814,0.295,0.257,5.36136271278044e-08,"1","LCOR"
2.87083347429866e-12,0.32316740251146,0.317,0.283,5.50912943717912e-08,"1","QRSL1"
3.11905290329978e-12,0.291010533721034,0.272,0.235,5.98546252143227e-08,"1","HGSNAT"
4.00573792828315e-12,0.304541754778133,0.301,0.265,7.68701108437537e-08,"1","AP2A2"
4.70494824002471e-12,0.298934890979723,0.255,0.219,9.02879567260741e-08,"1","TMEM51"
4.77296050505623e-12,0.255271932139206,0.421,0.386,9.1593112092029e-08,"1","QTRT1"
5.50824103685436e-12,0.293834421133508,0.31,0.274,1.05703145497235e-07,"1","DLAT"
5.74541147314033e-12,0.2871608729768,0.301,0.264,1.10254446169563e-07,"1","RP11-395G23.3"
5.87446706281818e-12,0.283730510902128,0.31,0.273,1.12731022935481e-07,"1","FH"
6.33030493415945e-12,0.265167473433546,0.37,0.332,1.2147855168652e-07,"1","DNTTIP2"
7.08399764838347e-12,0.310849236410286,0.268,0.232,1.35941914872479e-07,"1","PLCB1"
7.21942562978098e-12,0.31836915257619,0.268,0.232,1.38540777835497e-07,"1","QSER1"
7.57639842948958e-12,0.299576180354356,0.315,0.281,1.45391085861905e-07,"1","DNAJB12"
7.76308681674322e-12,0.30648734733724,0.338,0.305,1.48973636013302e-07,"1","GTPBP3"
9.62508137150522e-12,0.264773234597774,0.328,0.292,1.84705311519185e-07,"1","MAP2K7"
1.36568426248465e-11,0.283029789813131,0.358,0.325,2.62074809970805e-07,"1","REV1"
1.50816915258944e-11,0.267643697460585,0.301,0.264,2.89417660381914e-07,"1","IVNS1ABP"
1.66522518942543e-11,0.269493711620137,0.387,0.353,3.1955671385074e-07,"1","PRR5"
1.75084984267515e-11,0.304274102926039,0.287,0.252,3.35988084809362e-07,"1","PDHX"
1.77004226250781e-11,0.288379451106991,0.338,0.303,3.39671110175248e-07,"1","CLIC4"
2.0240262624293e-11,0.281498161030467,0.311,0.277,3.88410639760183e-07,"1","MANBAL"
2.15289970551926e-11,0.314662031040257,0.273,0.239,4.13141453489145e-07,"1","MMGT1"
2.1744404184159e-11,0.309632336990555,0.298,0.263,4.17275116294011e-07,"1","RFWD3"
2.61673886417795e-11,0.300126447683002,0.252,0.218,5.02152188035749e-07,"1","FUT8"
2.63251621620785e-11,0.252437485624491,0.369,0.333,5.05179861890287e-07,"1","PDCD6IP"
2.67498286573286e-11,0.271094433782308,0.355,0.319,5.13329211934135e-07,"1","RAP1GDS1"
3.12058468110221e-11,0.272303836396637,0.308,0.271,5.98840200303514e-07,"1","RRAGC"
3.14057536797241e-11,0.282035368430297,0.366,0.335,6.02676413113905e-07,"1","DUS3L"
3.46953618444462e-11,0.254530337807648,0.294,0.257,6.65803993794923e-07,"1","MIR181A1HG"
3.51968240287205e-11,0.261054367275413,0.339,0.304,6.75427053111146e-07,"1","RBM10"
3.58706963373363e-11,0.268873669368663,0.282,0.246,6.88358662713484e-07,"1","SKAP2"
3.60285495773163e-11,0.298958851849129,0.29,0.258,6.913878663887e-07,"1","RGP1"
3.99956005929319e-11,0.304401203359063,0.322,0.291,7.67515575378362e-07,"1","CDC42BPA"
4.30530726024658e-11,0.290712486884779,0.385,0.356,8.26188463241319e-07,"1","NPR3"
4.35709036886354e-11,0.346615064752112,0.299,0.267,8.36125641784914e-07,"1","FBXO4"
4.45514154645056e-11,0.318328639615685,0.258,0.224,8.54941662763863e-07,"1","LPGAT1"
4.58913575749327e-11,0.301241065030751,0.257,0.222,8.80655151862958e-07,"1","STAG1"
6.12941511421793e-11,0.272498090301249,0.35,0.317,1.17623476041842e-06,"1","PIGM"
8.06768295060479e-11,0.263283966603578,0.303,0.268,1.54818835822106e-06,"1","SGF29"
9.67217296674952e-11,0.299925720182529,0.32,0.288,1.85608999231923e-06,"1","E2F6"
1.20355626304052e-10,0.252458004202816,0.367,0.337,2.30962446877477e-06,"1","CASP8"
1.25825663828262e-10,0.268326028257705,0.286,0.252,2.41459448886435e-06,"1","ERI1"
1.44137556223949e-10,0.25713776422953,0.31,0.275,2.76599970393758e-06,"1","GCC2"
1.86362825638592e-10,0.26481564716485,0.273,0.238,3.57630262400457e-06,"1","C19orf38"
1.96975464136433e-10,0.290302188343619,0.25,0.218,3.77995915677815e-06,"1","NEK4"
2.12541969709622e-10,0.261710403701211,0.326,0.293,4.07868039872765e-06,"1","NAPG"
2.31148276850093e-10,0.301217740251522,0.253,0.221,4.43573543275329e-06,"1","GSKIP"
2.51336843141413e-10,0.259514854437668,0.282,0.248,4.82315401988371e-06,"1","CNPPD1"
2.83675964223828e-10,0.25307288187431,0.325,0.29,5.44374175345526e-06,"1","RAD9A"
3.01673353974493e-10,0.323129670730894,0.257,0.226,5.78911166277052e-06,"1","CTPS1"
3.08796484321704e-10,0.298921868574873,0.267,0.237,5.9258045341335e-06,"1","NISCH"
3.43727341019486e-10,0.257573729258088,0.279,0.245,6.59612767416395e-06,"1","SAV1"
3.5777766356048e-10,0.253186310795281,0.346,0.315,6.86575336372561e-06,"1","PEX11B"
3.64346294714239e-10,0.257080400515151,0.303,0.27,6.99180539556624e-06,"1","HDHD3"
4.08851581958653e-10,0.317414440104504,0.265,0.234,7.84586185778655e-06,"1","MLH1"
4.37829771333168e-10,0.260245204880423,0.291,0.258,8.4019533118835e-06,"1","TMEM263"
4.983496189855e-10,0.253050855112313,0.306,0.271,9.56332918833174e-06,"1","SOCS4"
6.41104295150718e-10,0.306374450134486,0.252,0.222,1.23027914239423e-05,"1","BSPRY"
6.58782280174757e-10,0.25642922443378,0.278,0.245,1.26420319565536e-05,"1","GPR89A"
6.98123020801114e-10,0.27978146908372,0.259,0.226,1.33969807691734e-05,"1","CLN8"
9.40909682773047e-10,0.269358688388711,0.272,0.241,1.80560568124148e-05,"1","RPAP3"
1.16283124179158e-09,0.259148430763564,0.308,0.276,2.23147315299805e-05,"1","RBM12"
1.37050409735107e-09,0.282866130009711,0.332,0.303,2.6299973628167e-05,"1","HTATIP2"
1.4788132271146e-09,0.254720881122427,0.375,0.346,2.83784258283292e-05,"1","ZNF426"
2.65558187462352e-09,0.322024057976281,0.271,0.242,5.09606161740253e-05,"1","RP4-728D4.2"
2.70638533864416e-09,0.30300558134658,0.318,0.291,5.19355346485815e-05,"1","METTL1"
3.10663716045421e-09,0.271375647055065,0.317,0.289,5.96163671091164e-05,"1","C5orf30"
3.510749219266e-09,0.301778936458831,0.272,0.244,6.73712775177146e-05,"1","BRE"
3.60430883905911e-09,0.255919361689879,0.313,0.282,6.91666866215442e-05,"1","ZBED1"
3.75604580099767e-09,0.262161604977274,0.265,0.236,7.20785189211452e-05,"1","SYNRG"
4.60281707875491e-09,0.262711760892567,0.296,0.268,8.83280597413067e-05,"1","SMIM8"
5.35965153393075e-09,0.252928312880544,0.31,0.281,0.000102851712936131,"1","TCF12"
5.42062068060464e-09,0.2700344283459,0.334,0.305,0.000104021710860803,"1","C11orf98"
6.75400837630069e-09,0.258133446467779,0.286,0.256,0.00012960942074121,"1","SCFD1"
6.95066543329993e-09,0.280233286270116,0.263,0.233,0.000133383269665026,"1","TMEM91"
8.5066168731545e-09,0.285345045950509,0.265,0.236,0.000163241977795835,"1","MRE11A"
1.02540737488725e-08,0.252303218190197,0.273,0.244,0.000196775675240864,"1","DHRS7B"
1.24207166084609e-08,0.282499441929217,0.254,0.225,0.000238353551716365,"1","DLGAP3"
1.29096225848012e-08,0.284838902704028,0.256,0.229,0.000247735657402335,"1","TTC37"
1.52680545739335e-08,0.299625521341478,0.267,0.241,0.000292993967273784,"1","FLVCR1"
2.26883878350292e-08,0.268038298161019,0.267,0.236,0.000435390162554211,"1","BCYRN1"
2.28424778682997e-08,0.276373557556622,0.261,0.232,0.00043834715029267,"1","SAMD4B"
2.30122330133612e-08,0.294049327122865,0.269,0.242,0.000441604751526402,"1","MTG1"
3.18076293548408e-08,0.276606567647292,0.251,0.223,0.000610388407319394,"1","MAPK8"
4.16530171967801e-08,0.259095990830451,0.307,0.28,0.00079932140000621,"1","MPV17L"
4.97090787612711e-08,0.31520113861598,0.277,0.252,0.000953917221428792,"1","DNAAF3"
6.06795247816171e-08,0.343422165924218,0.323,0.294,0.00116444008055923,"1","ISG15"
6.22687108117675e-08,0.253298915766612,0.254,0.226,0.00119493656047782,"1","RGL2"
8.35794783373238e-08,0.250158234485828,0.279,0.252,0.00160389018929324,"1","KAT6B"
1.01517008757204e-07,0.26838959444471,0.273,0.248,0.00194811139805075,"1","XPO4"
1.04236006062242e-07,0.254263412873021,0.267,0.238,0.00200028895633443,"1","MOAP1"
3.0075724077402e-07,0.259817183330988,0.266,0.242,0.00577153145045344,"1","STX2"
4.43438183946729e-07,0.250942657116941,0.288,0.263,0.00850957874993774,"1","MIB1"
8.09820988977786e-07,0.273935844317204,0.308,0.284,0.0155404647784837,"1","PRR7"
1.19702824158654e-06,0.258396434644723,0.28,0.256,0.0229709719560457,"1","TIPIN"
0,2.60147779947651,0.891,0.22,0,"2","PLK1"
0,2.498045530542,0.987,0.386,0,"2","CENPA"
0,2.1692207345589,0.841,0.269,0,"2","AURKA"
0,2.01361552019634,0.869,0.298,0,"2","CCNB1"
0,1.72098361390093,0.88,0.351,0,"2","CDC20"
0,1.7565447214336,0.882,0.355,0,"2","ASPM"
0,1.91159217413998,0.924,0.404,0,"2","KPNA2"
0,2.05547735740393,0.719,0.208,0,"2","CDCA3"
0,1.92756521691161,0.976,0.472,0,"2","CENPF"
0,2.01924934825331,0.697,0.2,0,"2","CENPE"
0,1.55105672218958,0.85,0.354,0,"2","GTSE1"
0,1.5663011320102,0.894,0.399,0,"2","TPX2"
0,1.59952020336512,0.763,0.287,0,"2","KNSTRN"
0,1.78495888337549,0.692,0.218,0,"2","SAPCD2"
0,1.53872292909245,0.799,0.33,0,"2","CDCA8"
0,1.44236960751283,0.862,0.398,0,"2","CDK1"
0,1.29389528006805,0.855,0.395,0,"2","AURKB"
0,1.97558741784626,0.612,0.165,0,"2","DEPDC1"
0,1.48594677369924,0.714,0.273,0,"2","TROAP"
0,1.35960884545953,0.922,0.487,0,"2","PTTG1"
0,1.7655733052114,0.996,0.566,0,"2","TOP2A"
0,1.15893829377173,0.926,0.498,0,"2","NUSAP1"
0,1.35493850982148,0.946,0.525,0,"2","CDKN3"
0,2.31713710824287,0.533,0.113,0,"2","PSRC1"
0,1.33043400603096,0.716,0.296,0,"2","CDC25B"
0,1.26786943935386,0.809,0.391,0,"2","ARHGAP11A"
0,1.89537129909724,0.575,0.157,0,"2","FAM72D"
0,1.30633757654128,0.687,0.271,0,"2","CCNB2"
0,1.24011809011784,0.961,0.549,0,"2","MKI67"
0,1.5424091156448,0.631,0.221,0,"2","G2E3"
0,1.34115915875825,0.923,0.52,0,"2","CCNA2"
0,1.09325975715783,0.791,0.396,0,"2","EMC9"
0,2.11696058540489,0.514,0.12,0,"2","FAM64A"
0,3.60576612374914,0.428,0.037,0,"2","PIF1"
0,1.85724372122994,0.528,0.143,0,"2","DLGAP5"
0,1.20413365771161,0.694,0.309,0,"2","PRC1"
0,1.12996250746673,0.803,0.421,0,"2","RNF26"
0,1.11877571810832,0.728,0.347,0,"2","SGOL2"
0,1.16786622092505,0.686,0.314,0,"2","NUF2"
0,1.03081864702223,0.867,0.497,0,"2","CKAP2"
0,1.63884948028495,0.529,0.164,0,"2","KIF14"
0,1.38721493621266,0.571,0.207,0,"2","RACGAP1"
0,1.1229091420119,0.622,0.267,0,"2","DEPDC1B"
0,2.20472016935481,0.999,0.655,0,"2","UBE2C"
0,0.865768556483335,0.856,0.513,0,"2","UBALD2"
0,1.71204084366621,0.464,0.132,0,"2","HMMR"
0,1.75655061001778,0.461,0.129,0,"2","PRR11"
0,1.09361239999778,0.589,0.257,0,"2","GPSM2"
0,2.0861792151282,0.429,0.097,0,"2","FAM83D"
0,1.15104142392816,0.587,0.256,0,"2","MXD3"
0,1.10146954506988,0.949,0.619,0,"2","BUB3"
0,1.10645941167926,0.562,0.238,0,"2","CEP55"
0,1.53449302157711,0.467,0.151,0,"2","KIF23"
0,0.861815468986142,0.931,0.624,0,"2","HMGB3"
0,1.17106121200988,0.514,0.208,0,"2","CKAP2L"
0,1.63903374241522,0.445,0.139,0,"2","CDCA2"
0,1.17904377251098,0.5,0.199,0,"2","HJURP"
0,0.945134462140385,0.959,0.665,0,"2","H2AFX"
0,1.68616539575128,0.39,0.109,0,"2","BORA"
0,1.22427727618863,0.996,0.727,0,"2","BIRC5"
0,1.73704144046559,0.356,0.101,0,"2","FAM72B"
0,1.53250367894387,0.368,0.113,0,"2","NEK2"
0,0.832275732153907,0.951,0.701,0,"2","TUBB4B"
0,1.58476887130285,0.326,0.096,0,"2","ARHGEF39"
0,0.659352291254782,0.955,0.735,0,"2","MZT1"
0,1.19934473414048,0.994,0.774,0,"2","UBE2S"
0,1.29172641590707,0.992,0.779,0,"2","TUBA1C"
0,1.087082184047,0.99,0.778,0,"2","HN1"
0,1.82886722462252,0.276,0.07,0,"2","CCNF"
0,1.95520919567904,0.261,0.064,0,"2","FAM72C"
0,1.21127505874432,0.998,0.861,0,"2","CKS2"
0,1.38601705973576,0.998,0.885,0,"2","ARL6IP1"
0,0.626079729662951,1,0.935,0,"2","CKS1B"
0,0.53137552524357,0.999,0.979,0,"2","CALM2"
0,0.734093067291957,1,0.983,0,"2","HMGB2"
4.7495653331145e-305,0.905702246513062,0.775,0.419,9.11441587424672e-301,"2","KIF20B"
8.64335632933288e-301,0.250853861881865,1,1,1.65866007959898e-296,"2","GNB2L1"
1.14599808303605e-292,1.19785368478847,0.451,0.174,2.19917032134617e-288,"2","BUB1B"
1.18741833116017e-288,1.12027787876068,0.502,0.208,2.27865577749637e-284,"2","KIF2C"
3.34846452757106e-286,1.64394408137279,0.263,0.072,6.42570342840887e-282,"2","SMTN"
6.6431543363678e-282,1.09864046172509,0.497,0.205,1.27482131714898e-277,"2","CKAP5"
2.94590945257469e-279,1.01981935845799,0.629,0.309,5.65320023949084e-275,"2","ARHGAP11B"
3.33497125702929e-279,1.45657965753064,0.312,0.098,6.3998098422392e-275,"2","HYLS1"
5.16061674507765e-276,0.688761090633944,0.988,0.865,9.90322353380401e-272,"2","HIST1H4C"
4.71089834882496e-274,1.03490150862207,0.526,0.228,9.0402139313951e-270,"2","SUN2"
2.19743995904988e-266,1.317791769208,0.331,0.11,4.21688728141671e-262,"2","NEURL1B"
4.95628888132251e-257,1.47391190115659,0.287,0.09,9.51111836325789e-253,"2","KIF18B"
1.0900351437468e-255,1.13111762891033,0.449,0.185,2.09177744085011e-251,"2","KIFC1"
5.14678495885556e-255,0.320237655436765,1,0.997,9.87668033604381e-251,"2","SLC25A6"
1.33914988602603e-254,0.407636342759912,1,0.979,2.56982863128396e-250,"2","TUBB"
1.29277382854976e-244,0.825942457295034,0.688,0.363,2.48083297698699e-240,"2","SPDL1"
5.37171367154344e-239,0.875437367341119,0.577,0.274,1.03083185356919e-234,"2","TNFAIP8L1"
2.43678573575203e-232,0.977594291265916,0.52,0.239,4.67619182690815e-228,"2","KIF11"
5.2736310374332e-231,0.530000725191677,0.975,0.797,1.01200979608343e-226,"2","PHF19"
6.850073201437e-228,0.903258135101248,0.569,0.274,1.31452904735576e-223,"2","NCAPD2"
2.47393436546113e-219,0.548939596213978,0.953,0.77,4.74748004731991e-215,"2","TIMM10"
7.20626895647666e-219,0.28705792117313,1,1,1.38288301274787e-214,"2","HNRNPA1"
5.03980946908049e-216,0.924654685942997,0.505,0.235,9.67139437116545e-212,"2","CASC5"
7.44318103881444e-216,1.17944884959261,0.306,0.109,1.42834644134849e-211,"2","APOLD1"
1.83227603235831e-215,0.555870882760907,0.933,0.694,3.5161377060956e-211,"2","CEBPA"
3.10074094915911e-213,0.914154308930188,0.531,0.264,5.95032188143633e-209,"2","BZRAP1"
9.59383720340025e-210,0.674252222851866,0.828,0.521,1.84105735933251e-205,"2","DLEU2"
1.91111063767848e-209,0.64801149665934,0.845,0.566,3.667421313705e-205,"2","GRK6"
1.63156384605335e-207,1.16464077345214,0.295,0.105,3.13097102057637e-203,"2","RHOU"
3.33539226771137e-207,1.31935341332432,0.267,0.09,6.40061776173812e-203,"2","ARHGAP19"
3.25075228631951e-205,0.593075259168081,0.89,0.633,6.23819363744714e-201,"2","HMG20B"
3.37891790713728e-203,0.615782692363774,0.889,0.62,6.48414346379644e-199,"2","MIS18BP1"
4.55538277051234e-202,1.01763505771813,0.374,0.154,8.74177953661317e-198,"2","KIF4A"
3.24359745168569e-201,1.1524990389042,0.305,0.113,6.22446350978485e-197,"2","FZR1"
1.95502584616341e-198,0.77943809682832,0.596,0.307,3.75169459878758e-194,"2","RANGAP1"
8.67926498725891e-193,1.24685631612466,0.282,0.103,1.66555095105498e-188,"2","NDC80"
6.29196777344298e-186,0.548959915513316,0.798,0.495,1.20742861572371e-181,"2","ID1"
2.45691504170103e-184,0.680169278372302,0.724,0.424,4.71481996502427e-180,"2","SGOL1"
1.01180495440624e-181,0.994505691292682,0.331,0.134,1.94165370750557e-177,"2","BUB1"
3.40675510387184e-178,0.323319335500643,0.998,0.964,6.53756304433005e-174,"2","NUCKS1"
1.15212948576844e-177,0.706626653727379,0.589,0.32,2.21093648318964e-173,"2","CEBPD"
2.68981521021253e-174,0.755431171395723,0.409,0.183,5.16175538839785e-170,"2","CTSS"
5.01246023784043e-171,0.53074439682904,0.895,0.653,9.61891119641578e-167,"2","DLEU1"
1.25139606590672e-169,0.77898269557828,0.489,0.24,2.401429050475e-165,"2","CDR2"
1.78696744483429e-169,0.7155744354284,0.624,0.345,3.429190526637e-165,"2","REEP4"
8.43117460357082e-167,0.347524835755217,0.987,0.863,1.61794240642524e-162,"2","PLAC8"
2.9649226247089e-163,0.651522361941559,0.682,0.408,5.68968651681638e-159,"2","TACC3"
1.11510257820832e-162,0.751019328449301,0.47,0.231,2.13988184758176e-158,"2","SCLT1"
8.12166611203426e-160,0.790743382081053,0.474,0.238,1.55854772689937e-155,"2","CENPL"
1.89829484271865e-159,0.463368784226732,0.927,0.721,3.64282780317708e-155,"2","RAD21"
9.02563109479336e-158,0.589431424046114,0.723,0.45,1.73201860709085e-153,"2","TRBC2"
5.67090734020548e-156,0.293563577470648,0.999,0.994,1.08824711858543e-151,"2","EEF2"
8.47104639178431e-156,0.687075976534004,0.526,0.275,1.62559380258341e-151,"2","ARL4A"
4.69253583590972e-155,0.641724637633783,0.656,0.382,9.00497626911076e-151,"2","LIX1L"
6.12311757463911e-153,0.296952982922181,0.998,0.964,1.17502626257325e-148,"2","EIF3F"
1.49692835606889e-149,0.639724700635686,0.621,0.353,2.8726055152962e-145,"2","TMEM138"
4.11524896271147e-148,0.798349665562453,0.367,0.168,7.89716275944332e-144,"2","RP1-313I6.12"
1.81225593979397e-147,0.675234228352662,0.496,0.256,3.47771914846464e-143,"2","NRXN2"
3.81963694139448e-147,0.721307887132955,0.46,0.23,7.32988329053601e-143,"2","PRAM1"
5.16001354997102e-147,0.671949700496631,0.577,0.319,9.90206600239438e-143,"2","DBF4"
1.80877853446992e-146,0.98170406097628,0.266,0.106,3.47104600764778e-142,"2","TRIM69"
2.21200249155685e-145,0.504233483676759,0.882,0.631,4.2448327812976e-141,"2","SKA2"
2.80398896178543e-144,1.02168244912411,0.275,0.114,5.38085481766624e-140,"2","TRIM59"
4.96696543774848e-144,0.480130832420273,0.894,0.673,9.53160667503934e-140,"2","HP1BP3"
5.59117832412289e-144,0.677699923304787,0.56,0.309,1.07294712039918e-139,"2","NDE1"
3.31216809186076e-141,0.522170499751527,0.823,0.555,6.35605056828081e-137,"2","DCAF7"
3.00552007736317e-138,0.552447653881476,0.662,0.395,5.76759302845993e-134,"2","FOSL2"
1.00833524625079e-136,0.463679780418316,0.847,0.588,1.93499533755527e-132,"2","TNFSF13B"
4.8768844729529e-136,0.557778123729558,0.683,0.415,9.35874130359662e-132,"2","BCL11A"
7.42554642126873e-132,0.427870044040529,0.916,0.71,1.42496235824147e-127,"2","RANGRF"
5.20766786777524e-130,0.277285173835848,0.997,0.969,9.99351463826069e-126,"2","GLTSCR2"
1.42496444592832e-129,0.377605944440468,0.952,0.778,2.73450677173644e-125,"2","DTYMK"
4.39784309423262e-129,0.626225034660504,0.572,0.328,8.4394608978324e-125,"2","GBGT1"
4.54032395684376e-128,0.799350590613292,0.308,0.139,8.71288167318317e-124,"2","GPR84"
1.72406171598752e-127,0.262707106450098,0.998,0.975,3.30847443298006e-123,"2","MRPL51"
4.57457974378013e-126,0.65365436991688,0.479,0.257,8.77861852831407e-122,"2","EVI2B"
5.0780095959552e-125,0.584634188937042,0.621,0.367,9.74470041463802e-121,"2","RHNO1"
7.68605209023248e-125,0.343132362899144,0.968,0.823,1.47495339611561e-120,"2","IRF2BP2"
1.60529474346941e-123,0.468569402775371,0.829,0.596,3.08056061271779e-119,"2","AZI2"
9.58846409545208e-123,0.477812224561507,0.837,0.608,1.84002625991725e-118,"2","CNIH4"
2.05907256279814e-121,0.524778518001771,0.593,0.344,3.95136024800964e-117,"2","PROK2"
3.28081051338149e-121,0.29843513378223,0.99,0.913,6.29587537517908e-117,"2","PTMS"
3.47544122849734e-119,0.728629528016927,0.372,0.188,6.6693717174864e-115,"2","NCAPG"
7.05974534196599e-115,0.374487924994094,0.993,0.95,1.35476513112327e-110,"2","HLA-DPB1"
2.89537037793899e-114,0.532482878951114,0.671,0.418,5.55621575526492e-110,"2","OIP5"
8.48015681547609e-114,0.378803429822786,0.917,0.749,1.62734209288986e-109,"2","NUDCD2"
4.29387763352254e-113,0.446897101633276,0.558,0.322,8.23995117872975e-109,"2","MARCKS"
3.88427716210216e-111,0.458926708415167,0.716,0.457,7.45392787407404e-107,"2","ASCL2"
7.4300945342566e-111,0.488097375567447,0.516,0.288,1.42583514112384e-106,"2","PLD6"
1.08235930016774e-110,0.427293264810668,0.873,0.642,2.0770474970219e-106,"2","SMC4"
1.2031605836226e-108,0.583698557474029,0.463,0.254,2.30886515997176e-104,"2","DCP2"
3.40974222394411e-108,0.649281586193748,0.386,0.201,6.54329532774875e-104,"2","NCAPH"
2.88869581877114e-107,0.590443999807427,0.433,0.233,5.54340727622182e-103,"2","FOXM1"
3.57148350422025e-107,0.575377409440311,0.474,0.27,6.85367684459865e-103,"2","TSLP"
6.24174457373401e-107,0.458435755349807,0.806,0.571,1.19779078369956e-102,"2","OXA1L"
1.23951603343965e-106,0.359873082432717,0.952,0.825,2.37863126817069e-102,"2","SNHG7"
2.2717074705384e-106,0.353555503785639,0.94,0.744,4.35940663596318e-102,"2","TMPO"
8.29015355434991e-106,0.59133564046105,0.398,0.21,1.59088046707975e-101,"2","F12"
1.2099800871413e-104,0.492128813207689,0.659,0.414,2.32195178722416e-100,"2","JADE1"
1.35923803030902e-104,0.417143280724432,0.851,0.612,2.60837778016301e-100,"2","WSB1"
6.62279052160767e-104,0.363855220901806,0.914,0.745,1.27091350109651e-99,"2","ISOC2"
6.6647099527291e-103,0.391574323070614,0.82,0.575,1.27895783992872e-98,"2","CSF3R"
9.91642517695915e-103,0.336704886133122,0.947,0.786,1.90296199145846e-98,"2","MAD2L1"
1.11128137231938e-102,0.630613758269398,0.32,0.158,2.13254895348089e-98,"2","FAM198B"
3.21156197003391e-102,0.276635090357334,0.99,0.931,6.16298742049508e-98,"2","SPI1"
2.37452407421673e-101,0.470619693734197,0.605,0.362,4.5567116984219e-97,"2","ARID1B"
1.7505727978336e-99,0.465000326288903,0.6,0.362,3.35934919904268e-95,"2","IL6R"
6.63509184454007e-98,0.513087576415383,0.51,0.292,1.27327412496724e-93,"2","RCCD1"
7.85769778442069e-97,0.78090131270924,0.26,0.123,1.50789220483033e-92,"2","CIT"
2.95322925524336e-95,0.503611657744592,0.565,0.347,5.66724694081201e-91,"2","CCDC18"
3.18991886161321e-95,0.363090148712509,0.911,0.726,6.12145429543576e-91,"2","ORAI1"
5.20713029051686e-94,0.56815568276444,0.342,0.178,9.99248302750186e-90,"2","ADGRE5"
1.63323909356525e-93,0.682437441319391,0.294,0.148,3.13418582055172e-89,"2","NAALADL1"
1.70861853905334e-93,0.594502531900677,0.396,0.218,3.27883897644335e-89,"2","CDKN2C"
2.69856691458942e-93,0.784373455875574,0.264,0.128,5.17854990909709e-89,"2","KIF15"
9.3472179558854e-93,0.669492212315041,0.309,0.157,1.79373112573441e-88,"2","RTKN2"
9.34477367801715e-92,0.540499239408106,0.373,0.198,1.79326206881149e-87,"2","PKP4"
2.15947570904607e-91,0.414454622669114,0.756,0.52,4.14403388565941e-87,"2","DUSP3"
2.41646418817172e-91,0.487190992791353,0.427,0.237,4.63719477710154e-87,"2","C10orf11"
1.35790995444702e-90,0.537180505551362,0.412,0.229,2.60582920258383e-86,"2","CEP164"
4.34314105431361e-90,0.590487783005504,0.302,0.153,8.33448768322782e-86,"2","LDLR"
1.69229985198878e-89,0.692831729920572,0.263,0.128,3.24752341596647e-85,"2","TSPAN32"
1.75439659922395e-89,0.276849134502931,0.983,0.883,3.36668707391076e-85,"2","ANP32E"
7.66868052942503e-89,0.539159638643183,0.369,0.199,1.47161979359666e-84,"2","DDX10"
6.87337926403404e-87,0.416194727515381,0.609,0.375,1.31900148076813e-82,"2","TTF2"
1.18229004857162e-86,0.446305340378713,0.599,0.374,2.26881460320894e-82,"2","CDC27"
4.87592038656683e-86,0.401016684905211,0.611,0.391,9.35689122182175e-82,"2","LYST"
4.43619146377733e-85,0.372943696366305,0.698,0.458,8.51305141898869e-81,"2","UBE2F"
4.54806170632306e-85,0.544090894278826,0.373,0.205,8.72773041443396e-81,"2","MAFG-AS1"
8.67028528390313e-85,0.372573666240082,0.742,0.512,1.66382774598101e-80,"2","AGTRAP"
9.24212435566404e-85,0.587148856856948,0.309,0.161,1.77356366385193e-80,"2","HIST1H2BN"
8.55919604461898e-84,0.539288982752022,0.317,0.165,1.64250972096238e-79,"2","BAHCC1"
1.81239208157864e-83,0.373917576564421,0.833,0.621,3.47798040454942e-79,"2","TIMM9"
1.97881698451171e-83,0.662573737877996,0.26,0.128,3.79734979327796e-79,"2","BRD8"
2.41363025582172e-83,0.303166634798221,0.95,0.826,4.63175646092189e-79,"2","YDJC"
6.96072120282896e-83,0.435204261757151,0.623,0.402,1.33576239882288e-78,"2","DPH5"
1.20032576732174e-82,0.266884419891802,0.982,0.891,2.30342514749041e-78,"2","IMPDH2"
2.77990658622639e-82,0.516091863034445,0.381,0.212,5.33464073896844e-78,"2","NUDT16"
3.54006287705973e-82,0.370169580139132,0.748,0.513,6.79338066107762e-78,"2","SYTL1"
4.82597625054334e-82,0.541571834271844,0.365,0.202,9.26104842479267e-78,"2","DNMT3B"
3.6715738117452e-81,0.423587035715884,0.594,0.372,7.04575014473903e-77,"2","GTPBP6"
3.7006371113474e-81,0.519817024618861,0.338,0.181,7.10152261667566e-77,"2","FUT7"
3.84695289440691e-81,0.380014410886727,0.709,0.47,7.38230260436687e-77,"2","TMEM173"
4.0215953730058e-81,0.444145713199611,0.498,0.296,7.71744152079812e-77,"2","PARPBP"
1.67350419102548e-80,0.422146783346518,0.486,0.289,3.21145454257789e-76,"2","SATB1"
4.24754499758248e-80,0.277810339467484,0.955,0.833,8.15103885036079e-76,"2","MKKS"
6.85726938259032e-80,0.258279359496821,0.997,0.955,1.31590999451908e-75,"2","LST1"
4.33194159519319e-79,0.411662188128254,0.568,0.354,8.31299592117573e-75,"2","CENPN"
8.53186414141936e-79,0.402616019624096,0.588,0.373,1.63726472873838e-74,"2","RREB1"
2.17156263121841e-78,0.356468045677891,0.79,0.561,4.16722868930813e-74,"2","LTBR"
5.81506010459457e-78,0.381890036291868,0.495,0.298,1.1159100340717e-73,"2","SPC25"
3.02097359147956e-77,0.301742622953735,0.94,0.795,5.79724832204928e-73,"2","RASGRP2"
4.28210195979492e-77,0.351918277464498,0.714,0.475,8.21735366084646e-73,"2","HSH2D"
7.77748845064666e-77,0.370035705797974,0.552,0.341,1.49250003367909e-72,"2","KDM5B"
4.80130428303567e-75,0.468455939401917,0.376,0.212,9.21370291914545e-71,"2","TAP2"
4.97538433238155e-75,0.364405389969022,0.826,0.617,9.54776253384019e-71,"2","SAP30"
7.53058387952137e-75,0.555302490405627,0.286,0.15,1.44511904648015e-70,"2","KCNE3"
1.5592883857838e-74,0.374510525004544,0.511,0.308,2.99227441231911e-70,"2","SPNS2"
8.28019416690972e-74,0.440534373648884,0.544,0.346,1.58896926062998e-69,"2","TUBB6"
1.17638932517585e-73,0.446898844171089,0.419,0.246,2.25749111501245e-69,"2","MTFR2"
3.39577684027994e-73,0.355020435782704,0.748,0.523,6.5164957564972e-69,"2","LTA4H"
5.83142500422421e-73,0.295489415754042,0.936,0.786,1.11905045831063e-68,"2","RP11-620J15.3"
9.90273869260766e-73,0.403624485542139,0.411,0.237,1.90033555511141e-68,"2","GIPC1"
3.12049529353453e-72,0.337250339957714,0.77,0.544,5.98823046829275e-68,"2","CENPM"
4.68647683425905e-72,0.371379522341119,0.588,0.373,8.99334904494313e-68,"2","ZNF37A"
6.48312034225068e-72,0.373938218723706,0.599,0.385,1.24411079367791e-67,"2","ARRDC1"
7.5653979225026e-72,0.269251730546799,0.938,0.78,1.45179986132825e-67,"2","LMO2"
1.74657086073874e-71,0.491222461633535,0.305,0.165,3.35166948175765e-67,"2","SACS"
3.03549598842899e-71,0.25910271684831,0.804,0.588,5.82511680179524e-67,"2","FAM46A"
4.10476058370966e-71,0.387091826946157,0.498,0.307,7.87703556013884e-67,"2","ANGPT1"
7.0317817950665e-71,0.413938825055938,0.468,0.284,1.34939892647326e-66,"2","ITGA6"
1.60237498444675e-70,0.418021035306805,0.464,0.283,3.07495759515332e-66,"2","STK11"
1.68425534872096e-70,0.366660298941613,0.489,0.299,3.23208601419553e-66,"2","B4GALT5"
2.98781784734777e-70,0.392427436006182,0.597,0.389,5.73362244906038e-66,"2","TTC9C"
3.35522633492668e-70,0.391657495827028,0.382,0.217,6.43867933672429e-66,"2","PSTPIP1"
1.24913523039899e-69,0.45841516259882,0.348,0.196,2.39709050713566e-65,"2","SOX12"
1.28099147948812e-69,0.387776631433645,0.578,0.367,2.4582226491377e-65,"2","FAM122B"
1.97039145623816e-69,0.455881546186637,0.312,0.17,3.78118120452102e-65,"2","KIAA0586"
1.13115906778855e-68,0.354541499787634,0.623,0.407,2.17069425108623e-64,"2","PPIP5K2"
3.44521499854527e-68,0.3777375743436,0.588,0.378,6.61136758220838e-64,"2","MED13L"
4.09363625732717e-68,0.378807208441826,0.356,0.203,7.85568797781084e-64,"2","FAM43A"
5.38257390001572e-68,0.482849374860521,0.301,0.166,1.03291593141302e-63,"2","SERPINB8"
7.15611226956506e-68,0.363393491811804,0.598,0.39,1.37325794452953e-63,"2","PLIN3"
9.9984905773983e-68,0.276846442076293,0.895,0.696,1.91871034180273e-63,"2","ITFG2"
1.22740362742562e-67,0.495344512216912,0.421,0.262,2.35538756102977e-63,"2","TRPM4"
1.88001483715637e-67,0.47556246974661,0.293,0.16,3.60774847250307e-63,"2","SESN3"
1.95966906618488e-67,0.42507579042026,0.379,0.22,3.76060493800878e-63,"2","NACC2"
2.99805497290368e-67,0.386650682597028,0.634,0.434,5.75326749300215e-63,"2","TOP1MT"
3.25161546715116e-67,0.397648513897196,0.468,0.284,6.23985008146308e-63,"2","NOTCH2"
8.58740764694784e-67,0.395805978675742,0.442,0.266,1.64792352744929e-62,"2","PDE3B"
2.5967115468028e-66,0.31444472936273,0.752,0.53,4.98308945831457e-62,"2","LAT2"
3.3034455736229e-66,0.373689076198072,0.519,0.323,6.33931205578235e-62,"2","TMEM60"
3.71906026829478e-66,0.32550825167545,0.63,0.417,7.13687665485768e-62,"2","FAM69B"
3.74933613996741e-66,0.412077760340731,0.384,0.225,7.19497605259746e-62,"2","SLC39A10"
8.68577889926539e-66,0.367489278807861,0.49,0.303,1.66680097076903e-61,"2","SLC17A9"
1.73978161614788e-65,0.372326196616502,0.447,0.269,3.33864092138777e-61,"2","TMEM129"
4.58746649738149e-65,0.264066203487233,0.936,0.8,8.80334820847507e-61,"2","HLA-DMA"
6.6942549794078e-65,0.390060855876526,0.322,0.18,1.28462753054836e-60,"2","MGLL"
2.53740121603073e-64,0.352015162763977,0.536,0.338,4.86927293356297e-60,"2","C1orf109"
5.49624008878823e-64,0.369095483466047,0.567,0.367,1.05472847303846e-59,"2","C2orf69"
7.73455471776965e-64,0.334032770453423,0.713,0.502,1.48426105034e-59,"2","ZNF581"
7.79446704266578e-64,0.327785419717032,0.749,0.531,1.49575822548756e-59,"2","RABGGTB"
8.08436795188705e-64,0.412472231888144,0.359,0.208,1.55139020996713e-59,"2","SCAMP1"
2.13492160660888e-63,0.32532094374199,0.74,0.519,4.09691456308244e-59,"2","CCDC88A"
5.80029462074494e-63,0.444205210952344,0.281,0.154,1.11307653772095e-58,"2","PIK3CD"
6.58057208635836e-63,0.343361918614504,0.636,0.441,1.26281178337217e-58,"2","BASP1"
2.50641973984353e-62,0.346858918624345,0.451,0.277,4.80981948075974e-58,"2","TCF4"
2.54670449756348e-62,0.360306206978832,0.389,0.23,4.88712593082433e-58,"2","OCLN"
2.64331261722774e-62,0.338358731088847,0.766,0.579,5.07251691246004e-58,"2","FKBP11"
1.04663584903733e-61,0.357993777508022,0.566,0.374,2.00849419430265e-57,"2","NOTCH1"
1.74191159295855e-61,0.40504948242507,0.333,0.191,3.34272834688745e-57,"2","ZADH2"
1.76122353091679e-61,0.326285242522746,0.68,0.47,3.37978795582932e-57,"2","CHST12"
2.0510774823854e-61,0.403735666869047,0.311,0.176,3.93601768869758e-57,"2","MDFIC"
2.74858915550638e-61,0.348987341066167,0.582,0.383,5.27454258941674e-57,"2","PVRL2"
2.82037341768809e-61,0.350932627512249,0.52,0.33,5.41229658854344e-57,"2","ZNF771"
3.52293233559606e-61,0.348836342362827,0.553,0.358,6.76050715200883e-57,"2","PRPSAP1"
3.9011207966752e-61,0.363748907760773,0.463,0.288,7.48625080881972e-57,"2","NBPF14"
6.75749376822491e-61,0.444444184332874,0.32,0.184,1.29676305412236e-56,"2","PDIK1L"
6.78826925276392e-61,0.28427594037605,0.427,0.255,1.3026688696054e-56,"2","PROM1"
9.11974837882923e-61,0.325712498982225,0.687,0.477,1.75007971389733e-56,"2","FAM200B"
1.07460983784155e-60,0.294949456669432,0.797,0.591,2.06217627881794e-56,"2","DGKZ"
1.37665616686238e-60,0.362756708819872,0.479,0.3,2.64180318420891e-56,"2","DPAGT1"
3.06755010198158e-60,0.370068721524662,0.425,0.259,5.88662864570266e-56,"2","FAM78A"
4.85155008136256e-60,0.425876275985688,0.322,0.185,9.31012460613475e-56,"2","CCSAP"
8.70007306579022e-60,0.291960315314145,0.775,0.567,1.66954402132514e-55,"2","FAM216A"
9.02547648145267e-60,0.388727592010137,0.426,0.262,1.73198893679077e-55,"2","SPC24"
1.04303191709494e-59,0.536827520749041,0.253,0.139,2.00157824890518e-55,"2","HIST1H1D"
1.05145035331114e-59,0.353700187795948,0.847,0.674,2.01773322800408e-55,"2","IFITM1"
2.3241734693849e-59,0.250598948955239,0.914,0.748,4.46008888774963e-55,"2","FAM26F"
2.77056236121288e-59,0.444478880147761,0.269,0.149,5.31670917116752e-55,"2","TAF4B"
3.24075858274059e-59,0.44013645376336,0.263,0.143,6.21901572027918e-55,"2","ZEB1-AS1"
8.77518315765858e-59,0.427539166458169,0.334,0.196,1.68395764795468e-54,"2","SKA1"
1.4654883823839e-58,0.466615015936253,0.256,0.14,2.81227220579471e-54,"2","CEP44"
4.22778718097919e-58,0.4323716053801,0.283,0.158,8.11312360029906e-54,"2","DARS2"
1.92871658035455e-57,0.333133538755324,0.691,0.486,3.70120711770039e-53,"2","WDR77"
2.01464795950671e-57,0.32241468379686,0.585,0.382,3.86610943429338e-53,"2","NIFK-AS1"
2.42259475992151e-57,0.338695898503428,0.614,0.417,4.64895934428939e-53,"2","AKIRIN2"
2.88817801490426e-57,0.272820883206999,0.657,0.44,5.54241361060127e-53,"2","CREM"
4.12416261970531e-57,0.343142888996075,0.615,0.418,7.91426806721449e-53,"2","IGBP1"
5.19810203936215e-57,0.329805480570659,0.387,0.231,9.97515781353597e-53,"2","TOMM70A"
7.45305948879341e-57,0.296968887477857,0.809,0.626,1.43024211589945e-52,"2","TUBA1A"
1.04916444393484e-56,0.34882300544647,0.461,0.29,2.01334656791097e-52,"2","NUP37"
1.19180547119569e-56,0.340260068806468,0.557,0.368,2.28707469922453e-52,"2","PRKAG1"
1.19538135699861e-56,0.34953839641844,0.378,0.227,2.29393682408034e-52,"2","AC009948.5"
1.61184857372006e-56,0.2660313699533,0.897,0.743,3.09313741296879e-52,"2","TMEM261"
2.24953532309172e-56,0.348012704033254,0.383,0.231,4.31685828501302e-52,"2","B3GNT5"
2.39071678168345e-56,0.416839536892816,0.282,0.159,4.58778550405053e-52,"2","PLXND1"
3.07603690774457e-56,0.364075799263623,0.515,0.335,5.90291482596183e-52,"2","FBXO5"
3.39876334756226e-56,0.353577256006376,0.392,0.237,6.52222686397197e-52,"2","STAT6"
3.69200199096173e-56,0.273093449779099,0.493,0.316,7.08495182065555e-52,"2","FUT4"
4.4841240480067e-56,0.343716903971815,0.355,0.209,8.60503404812486e-52,"2","DBP"
4.63581070600286e-56,0.386124040719933,0.259,0.143,8.89612074481949e-52,"2","CITED4"
7.12765250061867e-56,0.40494258941143,0.321,0.188,1.36779651486872e-51,"2","TDP1"
1.15705667153818e-55,0.333229802453286,0.501,0.321,2.22039175268177e-51,"2","ODF2"
2.61456106527242e-55,0.34925542319345,0.518,0.335,5.01734268425777e-51,"2","SEPHS1"
3.28286658195413e-55,0.297756904245562,0.794,0.584,6.29982097076997e-51,"2","DCTN3"
6.67903513547143e-55,0.34927854179969,0.304,0.175,1.28170684249697e-50,"2","PTPN12"
6.76020292314208e-55,0.300977719561674,0.496,0.316,1.29728294095096e-50,"2","TMEM177"
1.23420899292682e-54,0.350181077727851,0.501,0.325,2.36844705742656e-50,"2","CEP350"
1.8965210417505e-54,0.392128546850598,0.268,0.151,3.63942387911921e-50,"2","UBE2E2"
2.56185081209197e-54,0.359649145588064,0.383,0.233,4.9161917084045e-50,"2","ADRBK2"
2.97258980540425e-54,0.273954931498502,0.826,0.639,5.70439983657076e-50,"2","EPB41L4A-AS1"
5.32254278145441e-54,0.290347370052069,0.495,0.317,1.0213959597611e-49,"2","NR6A1"
8.57627792781484e-54,0.322031913316603,0.468,0.295,1.64578773434767e-49,"2","NNT"
8.89432678101763e-54,0.296166231509538,0.593,0.394,1.70682130927728e-49,"2","ARRB1"
1.17043366044517e-53,0.417649282301925,0.278,0.159,2.24606219439428e-49,"2","NUDT11"
1.59031346133222e-53,0.455479618187354,0.256,0.144,3.05181153229652e-49,"2","VANGL1"
1.93839282602137e-53,0.301160853346207,0.512,0.33,3.71977583313501e-49,"2","ECE2"
2.04707528005004e-53,0.324171514511572,0.439,0.275,3.92833746241602e-49,"2","TNPO2"
5.224585584762e-53,0.318642804205491,0.484,0.31,1.00259797371583e-48,"2","MPV17L2"
5.2731804797235e-53,0.368608924319477,0.28,0.16,1.01192333405894e-48,"2","CXorf21"
9.66069465239062e-53,0.355907495420288,0.266,0.15,1.85388730379376e-48,"2","CALN1"
1.32920320619355e-52,0.31027934659282,0.449,0.287,2.55074095268542e-48,"2","ODF3B"
1.83157136249642e-52,0.373326929182124,0.305,0.178,3.51478544463063e-48,"2","NLE1"
2.2250646722606e-52,0.455960095756905,0.271,0.155,4.2698991060681e-48,"2","SHCBP1"
2.33951020352284e-52,0.301599596208243,0.694,0.483,4.48952008056033e-48,"2","VPS51"
2.74852222585525e-52,0.325278061003679,0.412,0.256,5.27441415141623e-48,"2","RALGAPA2"
3.42624607927259e-52,0.327248531597645,0.436,0.273,6.57496622612411e-48,"2","WDR36"
7.78450264210017e-52,0.316413570024266,0.428,0.267,1.49384605701902e-47,"2","TMEM19"
8.77794064302405e-52,0.451005909192709,0.267,0.154,1.68448680939631e-47,"2","GEN1"
9.87917236243689e-52,0.345422872621914,0.397,0.246,1.89581317635164e-47,"2","NFIX"
1.10208728781169e-51,0.277787256392224,0.601,0.412,2.11490550531063e-47,"2","SMIM24"
1.24109644149201e-51,0.261608148455861,0.535,0.358,2.38166407122316e-47,"2","HLA-DMB"
1.30719385054161e-51,0.296085476823176,0.6,0.411,2.50850499918935e-47,"2","NR2F6"
1.5897051785169e-51,0.356237623039384,0.397,0.248,3.05064423757392e-47,"2","LINC00869"
2.95611435410106e-51,0.316305209236784,0.553,0.37,5.67278344551994e-47,"2","HS6ST1"
3.53976138067468e-51,0.383290813343293,0.308,0.182,6.7928020895147e-47,"2","RP11-262H14.4"
3.5742802941632e-51,0.366432433310755,0.286,0.166,6.85904388449918e-47,"2","ASGR1"
3.86646358436694e-51,0.269194702543941,0.748,0.537,7.41974361840017e-47,"2","NSFL1C"
5.77488218981117e-51,0.28467833096761,0.622,0.424,1.10819989222476e-46,"2","SAT2"
7.88338588201805e-51,0.271379579097235,0.639,0.435,1.51282175075926e-46,"2","EBAG9"
7.98847980217293e-51,0.332960570731532,0.404,0.253,1.53298927403699e-46,"2","RP11-395G23.3"
9.44242813396375e-51,0.288718009342942,0.631,0.433,1.81200195890764e-46,"2","IRAK3"
3.33860438842432e-50,0.293294227075716,0.444,0.29,6.40678182138627e-46,"2","HOMER3"
3.53306498823571e-50,0.293280544599284,0.518,0.34,6.77995171242433e-46,"2","COQ2"
3.64023508553791e-50,0.280143420418704,0.326,0.196,6.98561112914726e-46,"2","AP5B1"
4.99661300566843e-50,0.32617556217631,0.496,0.324,9.58850035787771e-46,"2","NDC1"
9.51784397621338e-50,0.336300628230108,0.32,0.191,1.82647425903535e-45,"2","ERF"
1.39091198385709e-49,0.273089617652475,0.49,0.315,2.66916009702176e-45,"2","CARNMT1"
1.61703388445001e-49,0.333424911564594,0.294,0.172,3.10308802425957e-45,"2","SPON2"
2.50517057667084e-49,0.340123422054859,0.341,0.207,4.80742233663135e-45,"2","GEMIN2"
2.83950487884669e-49,0.279747219469804,0.396,0.246,5.44900986250679e-45,"2","MIR181A1HG"
2.88722853957736e-49,0.315535203191595,0.331,0.199,5.54059156744895e-45,"2","AKAP1"
4.5638658723989e-49,0.317766781393516,0.368,0.227,8.75805860913349e-45,"2","CDK19"
5.00331459259411e-49,0.399857890243327,0.279,0.163,9.6013607031881e-45,"2","C17orf67"
5.13046369501656e-49,0.341597926150378,0.347,0.212,9.84535983073678e-45,"2","ILVBL"
6.9437032849056e-49,0.284223680602769,0.678,0.478,1.33249666037338e-44,"2","PPAN"
7.84993759876897e-49,0.36805968400401,0.298,0.176,1.50640302520376e-44,"2","METAP1D"
8.16226807465131e-49,0.322582541462638,0.329,0.199,1.56633924352559e-44,"2","XAF1"
1.057256635612e-48,0.278488622237021,0.659,0.455,2.02887548373943e-44,"2","PRR34-AS1"
1.30554148189599e-48,0.349909413183652,0.267,0.155,2.50533410375841e-44,"2","HRH2"
4.1146598577454e-48,0.265287015623132,0.829,0.635,7.89603226701342e-44,"2","SMAD2"
5.9587107745269e-48,0.337113470469343,0.274,0.159,1.14347659763171e-43,"2","ZNF275"
1.56648321753984e-47,0.336329151544254,0.284,0.167,3.00608129445895e-43,"2","MSTO1"
1.68256346836455e-47,0.280461246999982,0.583,0.394,3.22883929579158e-43,"2","ECSIT"
3.31345820860268e-47,0.256357299274596,0.44,0.278,6.35852630230855e-43,"2","SLC9A3R2"
4.99784446200639e-47,0.264384780901364,0.548,0.362,9.59086352259027e-43,"2","RAB30-AS1"
8.29283847580073e-47,0.278998578600224,0.491,0.322,1.59139570350616e-42,"2","ZNF33A"
9.58536683957597e-47,0.36274816407577,0.285,0.169,1.83943189651463e-42,"2","IFT46"
1.00704554676722e-46,0.351809680308912,0.327,0.2,1.9325204042463e-42,"2","C21orf58"
1.36054904459937e-46,0.270638032386797,0.704,0.502,2.6108936165862e-42,"2","TBL1XR1"
4.7974964279085e-46,0.33034621354581,0.291,0.174,9.20639564515641e-42,"2","RP11-259N19.1"
1.1689197451245e-45,0.286070401448873,0.69,0.49,2.24315699089392e-41,"2","OAF"
2.75747784984287e-45,0.300671145670721,0.343,0.211,5.29159999384847e-41,"2","UBXN11"
3.09549197210907e-45,0.262133452922947,0.377,0.236,5.9402490944773e-41,"2","PRKCD"
3.32326005083064e-45,0.328441638914226,0.297,0.179,6.377336037544e-41,"2","CTD-2020K17.1"
3.62034039243521e-45,0.314160073963359,0.377,0.238,6.94743321308316e-41,"2","KRI1"
3.69661031310083e-45,0.319095839551886,0.307,0.185,7.09379519084049e-41,"2","ZNF33B"
5.86428948788104e-45,0.311582145307188,0.295,0.176,1.12535715272437e-40,"2","LCORL"
6.93789305404441e-45,0.269479699127205,0.357,0.222,1.33138167707112e-40,"2","PLCB1"
7.69426262792899e-45,0.270148029601815,0.432,0.278,1.47652899829957e-40,"2","EPB41L2"
8.81153248165707e-45,0.283685063563525,0.539,0.363,1.69093308322999e-40,"2","TMEM101"
1.34508616627071e-44,0.274448291006266,0.371,0.232,2.58122035307348e-40,"2","MEX3C"
1.60784259248786e-44,0.277709616597124,0.349,0.215,3.0854499349842e-40,"2","OSBPL1A"
1.97204142962442e-44,0.262467501048625,0.483,0.318,3.78434750344926e-40,"2","GCAT"
4.04469658851126e-44,0.261737940191235,0.56,0.382,7.76177275335311e-40,"2","MTL5"
4.92644747472048e-44,0.287409799417722,0.424,0.273,9.45385270398861e-40,"2","HEXDC"
5.92616530419654e-44,0.356120623809585,0.258,0.152,1.13723112187532e-39,"2","IFT74"
9.68958673562994e-44,0.258827901523059,0.625,0.44,1.85943169456739e-39,"2","C21orf2"
1.15373738756585e-43,0.307055461522359,0.407,0.264,2.21402204673886e-39,"2","CHEK2"
1.2524429662512e-43,0.250204148630723,0.56,0.376,2.40343805223605e-39,"2","PUM2"
1.40887553345636e-43,0.292077433102874,0.326,0.2,2.70363214870276e-39,"2","LRFN4"
3.45954972000304e-43,0.257938052488183,0.476,0.314,6.63887591268584e-39,"2","AC009005.2"
4.18050129768235e-43,0.325574912575259,0.287,0.174,8.02238199025243e-39,"2","DDIAS"
1.67823099491994e-42,0.252911298888433,0.468,0.309,3.22052527925136e-38,"2","GCNT1"
2.40364271404125e-42,0.275845349210398,0.446,0.297,4.61259036824517e-38,"2","C1orf186"
2.53362128184318e-42,0.35182682091828,0.265,0.159,4.86201923985706e-38,"2","INO80B"
3.92623081367716e-42,0.286799947867057,0.341,0.215,7.53443693144646e-38,"2","SQRDL"
5.63039625359888e-42,0.259061262979469,0.438,0.287,1.08047304106562e-37,"2","TRMU"
6.89043705624728e-42,0.276376370777548,0.321,0.199,1.32227487109385e-37,"2","TPT1-AS1"
7.01415686601614e-42,0.2868993563585,0.35,0.22,1.3460167025885e-37,"2","DHRS4-AS1"
8.11474404855341e-42,0.275971713994426,0.294,0.179,1.5572193829174e-37,"2","RINL"
9.89599390053964e-42,0.272489755014545,0.327,0.204,1.89904122951356e-37,"2","EPS8L2"
2.45230031340459e-41,0.288746392162158,0.409,0.266,4.7059643014234e-37,"2","SKA3"
2.81712509648041e-41,0.256924648959577,0.365,0.232,5.4060630601459e-37,"2","SNTB1"
3.16365586439182e-41,0.255284521773567,0.546,0.367,6.07105560376789e-37,"2","SEC22C"
4.55862151061873e-41,0.266561027980205,0.37,0.235,8.74799467887734e-37,"2","RPUSD4"
4.65662761282721e-41,0.2680769064915,0.277,0.167,8.93606838901541e-37,"2","PDSS2"
4.76480717960011e-41,0.29482145912818,0.329,0.207,9.14366497765261e-37,"2","CDK5RAP2"
7.15378338837671e-41,0.312629366165956,0.275,0.167,1.37281103222949e-36,"2","NIPAL3"
8.3594604676866e-41,0.270104835091304,0.36,0.229,1.60418046374906e-36,"2","NUMA1"
1.09660942835335e-40,0.320582392981247,0.282,0.173,2.10439349301008e-36,"2","NBPF19"
1.7308869698281e-40,0.256339885151742,0.787,0.618,3.32157209510013e-36,"2","SMYD3"
2.87975028476406e-40,0.295113075102806,0.329,0.207,5.52624079646223e-36,"2","RAB44"
2.95398723598084e-40,0.256740340743084,0.318,0.198,5.66870150584723e-36,"2","MEPCE"
4.25561590661205e-40,0.315049828918063,0.265,0.161,8.16652692478853e-36,"2","PCBD2"
4.73981388319303e-40,0.307326630752807,0.31,0.194,9.09570284184742e-36,"2","HIST2H2AC"
1.75600247986731e-39,0.263770761296578,0.429,0.282,3.36976875886537e-35,"2","RNF44"
2.81500529876984e-39,0.280561676902263,0.275,0.168,5.40199516833932e-35,"2","JUP"
2.90719917164043e-39,0.26332642376184,0.374,0.241,5.57891521037798e-35,"2","KAT6B"
3.89372631094258e-39,0.269628259096304,0.254,0.152,7.47206079069882e-35,"2","RFX7"
5.23396975155715e-39,0.257330652091413,0.354,0.225,1.00439879532382e-34,"2","GLMP"
1.1241975582399e-38,0.261017131336245,0.448,0.296,2.15733511426237e-34,"2","FBXL5"
1.13726638583736e-38,0.256973310844778,0.321,0.203,2.18241419442189e-34,"2","IL3RA"
1.80567314231614e-38,0.284595494921286,0.266,0.163,3.46508676010468e-34,"2","NBPF1"
7.4970174086695e-38,0.33752225062533,0.27,0.167,1.43867764072368e-33,"2","C20orf196"
1.62389513875222e-37,0.256331580424753,0.328,0.208,3.11625477126551e-33,"2","PCNX"
1.8419122340868e-37,0.25478254436903,0.32,0.203,3.53462957721256e-33,"2","MPI"
2.13769173818191e-37,0.266293361634915,0.253,0.153,4.10223044557108e-33,"2","DTD2"
5.83511715594574e-37,0.261832644103556,0.267,0.164,1.11975898222599e-32,"2","FAM89A"
1.01460590121915e-36,0.308191989255655,0.252,0.154,1.94702872443955e-32,"2","POU2F1"
1.41956664894011e-36,0.285456490980655,0.254,0.155,2.72414839931607e-32,"2","ZNF793-AS1"
1.69412816506317e-36,0.259224376804936,0.281,0.175,3.25103194875621e-32,"2","SNX20"
2.08187889215241e-36,0.261456272050371,0.303,0.191,3.99512559404047e-32,"2","CCDC77"
2.26123528496634e-36,0.277295892416652,0.263,0.163,4.3393105118504e-32,"2","HERC5"
2.2883585252391e-36,0.275871915300253,0.319,0.203,4.39136000993383e-32,"2","BORCS6"
4.52198801874268e-36,0.264931060858471,0.292,0.183,8.67769500796721e-32,"2","WT1"
8.76902760526055e-36,0.265313787316572,0.251,0.153,1.6827763974495e-31,"2","ZSCAN5A"
1.14868636240366e-35,0.253353972431036,0.275,0.174,2.20432912945262e-31,"2","C1QTNF4"
1.78144299405117e-35,0.28382922121471,0.255,0.157,3.4185891055842e-31,"2","ADGRG5"
2.52689006087123e-35,0.251279111413268,0.334,0.216,4.84910202681189e-31,"2","UBL7-AS1"
2.90029418930177e-35,0.279493197911901,0.273,0.171,5.56566454927009e-31,"2","PAK4"
5.1194622381608e-35,0.26002129107832,0.298,0.188,9.82424803503058e-31,"2","POLG2"
2.15826953207692e-34,0.252976688280142,0.286,0.182,4.14171923205561e-30,"2","TMEM217"
3.70218675942964e-34,0.293275764918348,0.255,0.16,7.10449639134547e-30,"2","SORT1"
0,2.17402638697582,0.892,0.435,0,"3","SOCS1"
0,1.71973171920597,0.695,0.262,0,"3","RAB27B"
0,1.42422192389195,0.833,0.43,0,"3","SAMSN1"
0,1.76768902493197,0.943,0.548,0,"3","GATA2"
0,1.90911374261937,0.482,0.118,0,"3","SEMA7A"
0,1.2615087187052,0.656,0.293,0,"3","TESPA1"
0,1.1280171033327,0.769,0.417,0,"3","GFI1B"
0,1.34885742429175,0.84,0.49,0,"3","S100A4"
0,1.40299235393958,0.616,0.268,0,"3","CSF2RB"
0,0.982016699769577,0.927,0.58,0,"3","TOP2A"
0,1.61138388393596,0.65,0.305,0,"3","CDKN2D"
0,1.59720366738094,0.551,0.207,0,"3","BHLHE40"
0,1.5435867858423,0.535,0.202,0,"3","SLC45A3"
0,0.956772054526073,0.837,0.515,0,"3","NUSAP1"
0,1.36946619432729,0.528,0.216,0,"3","SLC2A6"
0,1.14240365132164,0.73,0.422,0,"3","TPSAB1"
0,1.10252054204892,0.854,0.549,0,"3","HOXB2"
0,2.06589264954004,0.463,0.166,0,"3","IGFBP4"
0,1.10237648764987,0.818,0.522,0,"3","UBALD2"
0,1.11376395655795,0.957,0.664,0,"3","UBE2C"
0,2.06860742979237,0.62,0.33,0,"3","DDIT4"
0,1.07951603354754,0.834,0.545,0,"3","PTRF"
0,2.34779808622871,0.36,0.078,0,"3","IL18R1"
0,1.12896462688656,0.845,0.575,0,"3","TPSB2"
0,1.4842018180501,0.403,0.136,0,"3","ALOX5AP"
0,1.31121156515074,0.846,0.584,0,"3","FO538757.2"
0,1.79346960636104,0.368,0.117,0,"3","CDKN1C"
0,1.64497896975385,0.367,0.122,0,"3","WASIR2"
0,2.02899704513205,0.299,0.063,0,"3","CTTNBP2"
0,2.69138651466999,0.282,0.051,0,"3","TIMP3"
0,1.6362952514363,0.314,0.09,0,"3","ARID5B"
0,0.801022525865915,0.901,0.681,0,"3","IQGAP2"
0,1.96297545820132,0.298,0.084,0,"3","LAT"
0,1.09663998232337,0.965,0.781,0,"3","UBE2S"
0,0.69972148882416,0.953,0.799,0,"3","S100A6"
0,1.19007412457071,0.942,0.811,0,"3","VIM"
0,1.07473954458747,0.99,0.866,0,"3","HIST1H4C"
0,1.05963805315561,0.973,0.859,0,"3","PIM1"
0,0.766934338390095,0.978,0.89,0,"3","MAX"
0,1.03058499635864,0.982,0.907,0,"3","LMO4"
0,0.75779388489185,0.999,0.936,0,"3","CKS1B"
0,0.731109712677632,0.989,0.93,0,"3","PLP2"
0,0.58360469097214,0.999,0.98,0,"3","TUBB"
0,0.636227390303501,1,0.983,0,"3","HMGB2"
0,0.562963658907422,0.998,0.981,0,"3","LYL1"
0,0.545681628998959,0.999,0.986,0,"3","PPDPF"
0,0.637896031390583,1,1,0,"3","FTH1"
0,0.617446023358162,1,1,0,"3","MALAT1"
0,0.510658996776696,1,1,0,"3","EIF1"
6.13499878142692e-307,1.52181222091964,0.348,0.109,1.17730626615583e-302,"3","CMPK2"
4.34100185076175e-303,0.955369911268747,0.751,0.415,8.33038255161179e-299,"3","AURKB"
2.90659528112126e-293,0.977294714789601,0.74,0.42,5.57775634447171e-289,"3","CDK1"
1.68330308620654e-292,0.309306196678075,1,1,3.23025862243035e-288,"3","H3F3A"
3.37294925021896e-291,0.561973241571076,0.989,0.932,6.47268961117019e-287,"3","GPSM3"
8.95610722200996e-284,0.973681866646015,0.824,0.569,1.71867697590371e-279,"3","RUNX3"
1.23651081352939e-282,0.823332380089218,0.949,0.825,2.3728642511629e-278,"3","MTHFD2"
1.24879560315162e-282,0.772342789285742,0.929,0.764,2.39643876244795e-278,"3","PPP1R18"
5.24446923190526e-280,0.483158816621799,0.999,0.99,1.00641364560262e-275,"3","CLIC1"
4.22406595980742e-279,0.308740885920305,1,1,8.10598257687044e-275,"3","PFN1"
9.08348997289188e-277,0.596330579648277,0.982,0.916,1.74312172579795e-272,"3","LAPTM5"
1.74421864988224e-273,0.454883532041491,0.999,0.979,3.34715558912401e-269,"3","CALM2"
3.38470927029779e-272,0.674211114579061,0.948,0.818,6.49525708970145e-268,"3","LIMD2"
2.06911249780154e-263,1.54179515341558,0.342,0.119,3.97062688328116e-259,"3","DOK2"
1.87597846852917e-262,1.41308105747776,0.558,0.28,3.60000268110748e-258,"3","BTG2"
9.20067087251152e-261,0.757048980945013,0.866,0.566,1.76560874043496e-256,"3","MKI67"
5.60714939208969e-260,0.793035506363293,0.855,0.576,1.07601196834201e-255,"3","LINC00152"
1.82136483535198e-258,1.32658291163412,0.754,0.485,3.49519911904046e-254,"3","CRIP1"
6.37712296026576e-258,1.44895765023117,0.3,0.096,1.223769896075e-253,"3","ABCC4"
1.18684945334395e-257,1.17082149482319,0.372,0.135,2.27756410096704e-253,"3","PTGS1"
3.24059956920458e-251,1.58227205040798,0.474,0.222,6.21871057330359e-247,"3","CXCL8"
3.6418934381045e-251,1.67348324281452,0.496,0.238,6.98879350772254e-247,"3","DDIT3"
1.81940747564947e-245,1.47059475140579,0.462,0.215,3.49144294577133e-241,"3","OSM"
5.10607099655024e-244,1.01245229205402,0.652,0.367,9.79855024237992e-240,"3","FHL2"
1.08660921633676e-243,1.2674787603025,0.498,0.24,2.08520308615023e-239,"3","GMPR"
7.87565635522668e-240,0.677437871876801,0.918,0.751,1.511338454568e-235,"3","OAZ2"
2.20179962638184e-238,0.630946688830615,0.959,0.845,4.22525348302675e-234,"3","TEX30"
9.17570947699978e-238,1.34081757687417,0.361,0.136,1.76081864863626e-233,"3","GATSL3"
4.07269653604727e-236,1.18622328796814,0.501,0.24,7.81550465267472e-232,"3","SOS1"
6.87242110605813e-236,1.39486504458757,0.366,0.143,1.31881761025256e-231,"3","GATA2-AS1"
2.7063146699999e-235,0.679244273958963,0.903,0.676,5.19341785172981e-231,"3","H2AFX"
3.3654654464743e-235,0.806310953754545,0.891,0.697,6.45832819178418e-231,"3","SOCS2"
2.92737543865275e-229,0.302064140786396,1,0.998,5.61763346677463e-225,"3","SUMO2"
3.74050904557297e-228,0.756473759384341,0.888,0.678,7.17803685845453e-224,"3","DDAH2"
8.064927662679e-228,0.640312584386925,0.954,0.857,1.5476596184681e-223,"3","HEBP2"
1.19444886728632e-226,1.32720811533317,0.323,0.116,2.29214737632244e-222,"3","IKZF2"
8.04950354805869e-226,0.389912471526658,1,0.999,1.54469973087246e-221,"3","SH3BGRL3"
1.09567850060887e-225,0.872546054763203,0.818,0.571,2.10260704266843e-221,"3","CKB"
1.86746560869409e-225,0.880318765426812,0.701,0.412,3.58366650308396e-221,"3","GCSAML"
3.61775012602211e-225,0.828117303289453,0.788,0.53,6.94246249183642e-221,"3","HOXB4"
4.16329000192257e-223,0.657465614389879,0.9,0.734,7.98935351368942e-219,"3","TGFB1"
7.47432769423279e-222,0.506533686546776,0.999,0.982,1.43432348452327e-217,"3","KIAA0101"
1.75074200503707e-220,0.728829697342029,0.864,0.662,3.35967390766613e-216,"3","EMP3"
2.54364085716601e-217,1.55314689609042,0.26,0.084,4.88124680490157e-213,"3","PTAFR"
5.13326117026402e-216,0.940386895539534,0.642,0.375,9.85072818573666e-212,"3","KCNK6"
1.37977474254514e-214,1.0507418437754,0.567,0.304,2.64778773094413e-210,"3","FAM110A"
2.43034089545821e-208,1.18219001421208,0.386,0.162,4.6638241783843e-204,"3","SLC27A2"
3.75452886825013e-208,0.449534668509086,0.995,0.967,7.204940898172e-204,"3","TAGLN2"
1.91675890739744e-207,0.7126813845339,0.793,0.502,3.67826034329569e-203,"3","CENPF"
3.55952653458927e-204,0.403854115658828,0.998,0.973,6.83073141987681e-200,"3","TPM4"
3.75631326033534e-204,0.69693376310476,0.848,0.626,7.20836514658353e-200,"3","IDS"
4.17084375926846e-202,0.723922879654,0.803,0.569,8.00384917403617e-198,"3","RHOH"
1.61199423540758e-199,0.763922349560978,0.771,0.529,3.09341693774715e-195,"3","ARHGAP15"
7.55162087230343e-196,1.25441423765368,0.327,0.13,1.44915604539503e-191,"3","RNF144A"
1.08594334441744e-188,0.63452384982027,0.891,0.716,2.08392527793707e-184,"3","BEX4"
7.73509517181131e-188,0.498838212176832,0.98,0.944,1.48436476347059e-183,"3","DBI"
2.34691611350741e-185,0.773441850568734,0.701,0.431,4.50373202182072e-181,"3","TPX2"
2.21038254389868e-184,1.11243471639418,0.445,0.221,4.24172410174156e-180,"3","CKAP2L"
1.77764521025999e-183,0.309515148621384,1,0.997,3.41130115848893e-179,"3","SLC25A6"
1.94785744706682e-183,0.536131622170353,0.968,0.866,3.73793844092123e-179,"3","CKS2"
2.22085452286288e-181,0.800798274852492,0.649,0.387,4.26181982937387e-177,"3","GTSE1"
6.00697960520941e-181,0.66484068873543,0.874,0.658,1.15273938623969e-176,"3","CDCA4"
5.41821969689311e-180,0.636894235343782,0.895,0.733,1.03975635983379e-175,"3","EIF1B"
1.55850901247969e-178,0.69145615391676,0.726,0.49,2.99077879494853e-174,"3","TIMP1"
6.64692153150363e-178,0.96729020998322,0.46,0.228,1.27554424189555e-173,"3","ATP6V0A1"
4.08993109531538e-176,0.428516009079859,0.986,0.937,7.84857777191021e-172,"3","NCF4"
7.56123884913281e-176,0.577316299275202,0.926,0.791,1.45100173514859e-171,"3","TUBA1C"
6.90661124011476e-175,0.334225883150899,1,1,1.32537869697802e-170,"3","GPX1"
9.88619755286714e-174,0.898315326939406,0.537,0.295,1.8971613103952e-169,"3","SPC25"
6.2519162994363e-173,0.576836096449545,0.9,0.747,1.19974273786183e-168,"3","SIGIRR"
1.04590186820521e-172,0.938878594429416,0.551,0.315,2.00708568508579e-168,"3","AURKA"
2.36029322138061e-171,0.597127630146497,0.905,0.744,4.5294026918294e-167,"3","MZT1"
1.25113135019166e-168,0.620638091626044,0.854,0.638,2.4009210610178e-164,"3","SKA2"
1.66095892456642e-168,0.661394500845831,0.975,0.888,3.18738017624297e-164,"3","LGALS1"
2.62290464776565e-167,0.564553974410444,0.938,0.796,5.03335401906229e-163,"3","HLA-E"
3.33134474445567e-165,0.820067757688401,0.679,0.45,6.39285056461043e-161,"3","JUND"
9.45248238684791e-164,1.01600070478268,0.362,0.165,1.81393137003611e-159,"3","ALDH1A1"
8.9933582130768e-163,0.955397680333419,0.476,0.25,1.72582544108944e-158,"3","MEX3B"
3.36040685686831e-161,0.665539707949612,0.84,0.647,6.44862075833029e-157,"3","ETS2"
7.51658581376881e-160,0.728007098975485,0.644,0.393,1.44243281766223e-155,"3","ASPM"
2.14547952674708e-159,1.09914834761486,0.376,0.179,4.11717521182764e-155,"3","MTURN"
4.08079062997842e-159,0.522567864955926,0.938,0.817,7.83103721892858e-155,"3","GNA15"
4.60383786597576e-159,0.356810480178499,0.996,0.971,8.83476486480748e-155,"3","LSM4"
7.62471447812904e-159,1.25113956386178,0.295,0.123,1.46318270835296e-154,"3","TM6SF1"
3.9993504277033e-158,0.584526702545116,0.915,0.784,7.67475347076263e-154,"3","TNNT1"
1.10244532438232e-157,1.06355409341513,0.392,0.192,2.11559257748968e-153,"3","ESAM"
3.04365856314692e-157,0.436654110159733,0.981,0.888,5.84078078267895e-153,"3","ARL6IP1"
9.16836731714488e-157,0.422343267836091,0.979,0.922,1.7594096881601e-152,"3","RBMX"
3.8456998548101e-155,0.334036955402616,0.995,0.972,7.37989802138059e-151,"3","CALM3"
1.48646556591267e-154,1.04330609619149,0.388,0.188,2.85252742098642e-150,"3","PTP4A3"
2.77921172277163e-154,0.820474375674717,0.618,0.387,5.33330729599875e-150,"3","TNIP1"
4.31719351912499e-154,0.525213148752842,0.918,0.788,8.28469436320086e-150,"3","KIF5B"
1.1024735140265e-153,0.96233917655166,0.475,0.258,2.11564667341685e-149,"3","HOXB5"
1.71400685218467e-153,0.265366600145975,1,1,3.28917914934239e-149,"3","H3F3B"
1.78450489884463e-152,0.672860137014975,0.683,0.434,3.42446490088285e-148,"3","CENPA"
8.13369005463699e-151,0.373005329383622,0.995,0.98,1.56085512148484e-146,"3","CIRBP"
9.13587256083328e-151,0.807295482261168,0.508,0.278,1.75317394442391e-146,"3","RPS6KA5"
1.93577139744004e-150,0.831655195609819,0.553,0.323,3.71474531168744e-146,"3","ARHGAP11B"
4.50805411031382e-150,0.699384789325547,0.71,0.477,8.65095583769222e-146,"3","NUDT14"
5.14553822256618e-149,0.748615877659001,0.641,0.405,9.8742878491045e-145,"3","RHOC"
8.50893707862052e-149,0.878650184222172,0.464,0.249,1.63286502538728e-144,"3","CDCA3"
1.00808697681494e-148,0.278034704294957,0.999,0.994,1.93451890850787e-144,"3","MT-ND4"
4.23314952746225e-147,1.13533313691806,0.261,0.104,8.12341394320006e-143,"3","STON2"
6.32783146393376e-147,0.964264580740236,0.364,0.173,1.21431085792889e-142,"3","LTC4S"
1.20512243694327e-146,0.475417884825167,0.934,0.739,2.31262995649413e-142,"3","BIRC5"
1.09836108309416e-143,0.334351621525971,0.997,0.989,2.10775491845769e-139,"3","MYL6"
4.75569018392327e-142,1.01721683253221,0.376,0.189,9.12616946294876e-138,"3","FAM72D"
8.48298177780477e-142,0.617101301802856,0.829,0.632,1.62788420316073e-137,"3","ELMSAN1"
1.4613904017846e-140,0.728338747500033,0.651,0.422,2.80440818102466e-136,"3","AP1S2"
2.27330769769506e-140,0.551486575303369,0.856,0.675,4.36247747187682e-136,"3","EVA1B"
4.39694199838439e-140,0.616479761305546,0.958,0.936,8.43773169489964e-136,"3","CD44"
9.65922089500213e-140,0.555000373517684,0.652,0.421,1.85360448975091e-135,"3","MLLT3"
3.20737794439946e-139,0.726478748684109,0.611,0.379,6.15495827530256e-135,"3","MLLT11"
4.61152185563243e-139,0.696310101007491,0.599,0.366,8.84951044095864e-135,"3","DAPK1"
4.05429744348758e-138,0.795572169835606,0.53,0.31,7.78019679405266e-134,"3","GDF11"
6.57616249117011e-137,0.98610785026948,0.7,0.522,1.26196558205554e-132,"3","MIIP"
4.48221036338759e-136,0.968002185809262,0.386,0.197,8.60136168734079e-132,"3","KIFC1"
1.62854657767277e-134,0.348732788687632,0.994,0.986,3.12518088255405e-130,"3","AVP"
2.54590498514364e-134,0.890443083016387,0.466,0.262,4.88559166649065e-130,"3","TMEM98"
8.66054220905021e-134,0.670436675296971,0.663,0.436,1.66195804991673e-129,"3","SGOL1"
6.60213146430565e-133,0.778292275917874,0.552,0.337,1.26694902800025e-128,"3","NUF2"
9.9925674453329e-133,1.39717306818721,0.29,0.132,1.91757369275938e-128,"3","CXCL3"
2.62797641349991e-132,0.2605146952788,0.999,0.986,5.04308673750632e-128,"3","C19orf43"
2.16534655517289e-131,0.977687008732506,0.401,0.213,4.15530003937678e-127,"3","PIM2"
2.95162584240963e-131,0.627436784608089,0.736,0.503,5.66416999158408e-127,"3","RRM2"
6.03309599064397e-130,0.750061038479351,0.579,0.362,1.15775112060458e-125,"3","BCL2L1"
6.65375219871926e-130,0.552834090072025,0.784,0.552,1.27685504693423e-125,"3","CDKN3"
6.69332715020633e-129,0.853950396683354,0.552,0.346,1.2844494801246e-124,"3","ITGAL"
1.27799921410715e-128,0.860203284376908,0.426,0.228,2.45248049187162e-124,"3","PCTP"
6.2877702168785e-128,0.422465583830211,0.992,0.961,1.20662310461898e-123,"3","C6orf48"
2.02405119908113e-127,1.14768367260007,0.315,0.152,3.88415425103669e-123,"3","FAM64A"
4.49980357541024e-127,0.597567866310285,0.691,0.468,8.63512306121224e-123,"3","GPAT3"
7.11363838998138e-127,0.398286651241913,0.965,0.888,1.36510720703743e-122,"3","CD82"
1.46928886135625e-126,0.779219228437278,0.543,0.334,2.81956532494264e-122,"3","PRC1"
1.47605152548175e-126,0.407292411736748,0.96,0.872,2.83254287739948e-122,"3","RGS19"
1.60777447003737e-126,0.721989802019599,0.726,0.53,3.08531920800171e-122,"3","SLC40A1"
1.99456695124281e-126,1.0783254035331,0.273,0.12,3.82757397943496e-122,"3","APOBR"
2.52452251350674e-126,0.984196890808316,0.281,0.125,4.84455870341944e-122,"3","CAMK1D"
2.71290930783444e-126,0.581474468762962,0.803,0.605,5.20607296173428e-122,"3","IER2"
1.03095124625011e-125,0.669371253959627,0.757,0.564,1.97839544155396e-121,"3","PDLIM1"
2.25109120461507e-125,0.89876229522591,0.402,0.216,4.31984402165633e-121,"3","HJURP"
2.51965203594353e-125,0.394687614723909,0.968,0.905,4.83521225697563e-121,"3","C12orf57"
1.06646799282667e-123,0.480556969689529,0.909,0.766,2.04655207823438e-119,"3","ZDHHC12"
1.85180231426743e-123,0.842705822807966,0.434,0.242,3.5536086410792e-119,"3","CENPE"
8.75751412713389e-123,0.340150738099215,0.976,0.932,1.68056696099699e-118,"3","RAC2"
2.87689201723766e-122,0.619641300314474,0.753,0.558,5.52075578107907e-118,"3","HOXB-AS3"
1.55650660984034e-120,0.626706413959765,0.641,0.419,2.98693618428362e-116,"3","ARHGAP11A"
2.00702548235741e-120,0.864361095686098,0.399,0.215,3.85148190064386e-116,"3","RASSF5"
5.05493110105724e-120,0.936794754042259,0.476,0.287,9.70041278292883e-116,"3","GFOD1"
1.19574812550383e-119,0.593343473210575,0.753,0.544,2.29464065284186e-115,"3","UBE2T"
1.23133544287479e-119,0.682065701982556,0.578,0.366,2.36293271487672e-115,"3","CDCA8"
2.17712565251489e-119,0.452148985363271,0.907,0.751,4.17790412717606e-115,"3","TMPO"
1.37222078705306e-117,0.822513383749235,0.455,0.264,2.63329169035483e-113,"3","CD84"
1.92386468472125e-117,0.324339127625029,0.985,0.944,3.69189632998007e-113,"3","ENSA"
1.94170305375983e-117,0.460528440514039,0.93,0.805,3.72612816016512e-113,"3","PHF19"
2.49089812693512e-117,1.00049656611963,0.299,0.142,4.78003350558849e-113,"3","SKIL"
3.26469948225169e-117,0.857199375176114,0.405,0.224,6.26495830644098e-113,"3","KIF2C"
5.84764153060299e-117,0.730537133270649,0.7,0.506,1.12216240972271e-112,"3","SHMT2"
1.48432854008183e-116,0.950373361994189,0.289,0.135,2.84842646841703e-112,"3","TNFRSF14"
3.80050846693481e-116,0.737113756530157,0.559,0.353,7.2931757480479e-112,"3","DENND6B"
8.70475069653878e-116,0.703492275492166,0.535,0.334,1.67044165866579e-111,"3","STXBP5"
9.80450475043139e-116,0.625360658631985,0.58,0.361,1.88148446160778e-111,"3","MIR4435-2HG"
2.19419453181946e-115,0.934742333252408,0.341,0.173,4.21065930656154e-111,"3","DEPTOR"
5.9144683486043e-115,0.763617023292761,0.42,0.232,1.13498647609717e-110,"3","PPP1R14A"
8.24931925575824e-115,0.844331826433342,0.414,0.233,1.58304436518001e-110,"3","RACGAP1"
2.8239979288402e-112,0.64309192514943,0.646,0.442,5.41925202544434e-108,"3","HOXB6"
6.82366020124793e-112,0.62846473576477,0.767,0.59,1.30946039261948e-107,"3","SPNS1"
6.58238244528456e-111,0.785816274102117,0.473,0.284,1.26315919125011e-106,"3","PLK1"
7.08358696902245e-111,0.562794321955423,0.772,0.586,1.35934033935541e-106,"3","NRGN"
9.84671371769491e-111,0.472221732039355,0.833,0.674,1.88958436242565e-106,"3","ZFAND6"
1.27907867987216e-109,1.06753933608033,0.264,0.124,2.45455198667467e-105,"3","FAM83D"
8.44153352050895e-108,0.541590959197779,0.799,0.617,1.61993028258567e-103,"3","CXXC5"
1.7819082648506e-107,0.348333283520072,0.968,0.906,3.41948196024831e-103,"3","SEC11A"
1.87017866814847e-107,0.864468174593896,0.445,0.262,3.58887286417692e-103,"3","PPP1R15A"
4.15177781542883e-107,0.427909045979732,0.892,0.754,7.96726162780792e-103,"3","GLO1"
1.76331400191088e-106,0.535633495073334,0.729,0.52,3.38379956966697e-102,"3","CKAP2"
1.90765356946581e-106,0.664975527968387,0.579,0.377,3.66078719980489e-102,"3","ZNF688"
2.34982100315815e-106,0.61007719365803,0.651,0.447,4.50930650506049e-102,"3","KPNA2"
5.6350656438812e-106,0.777188063713526,0.418,0.237,1.0813690970608e-101,"3","RP11-251M1.1"
2.7217934870267e-105,0.49932043305753,0.836,0.674,5.22312170160424e-101,"3","MYL12A"
3.83689603923134e-105,0.501798950398756,0.787,0.606,7.36300349928493e-101,"3","ARHGEF6"
4.77039739742406e-104,0.883064251894678,0.358,0.195,9.15439260565676e-100,"3","SKA1"
1.93196523787482e-103,0.268304553534539,0.994,0.971,3.70744129148178e-99,"3","PTP4A2"
1.02160212375615e-102,0.477563030170318,0.886,0.742,1.96045447548805e-98,"3","FAM212A"
1.90376685602595e-102,0.750170754722376,0.557,0.366,3.6533285967138e-98,"3","S100A10"
2.06793217823012e-102,0.457503484662484,0.876,0.727,3.9683618500236e-98,"3","SLC25A11"
2.46507807947466e-102,0.86275105303189,0.378,0.21,4.73048483451188e-98,"3","PRDM8"
3.6362298841113e-102,0.939711981055604,0.307,0.157,6.97792514760959e-98,"3","ISG20"
2.45072082461447e-101,0.466766296469289,0.841,0.684,4.70293326243516e-97,"3","TADA3"
1.7793666167798e-100,0.838524049712624,0.445,0.267,3.41460453760043e-96,"3","ATP1B1"
4.16656408757152e-100,0.501502799833872,0.873,0.764,7.99563648404975e-96,"3","ST3GAL4"
2.18571733396294e-98,0.284388881117522,0.991,0.961,4.19439156387488e-94,"3","RHOG"
3.1285462913384e-98,0.694247259918056,0.509,0.319,6.0036803330784e-94,"3","TRAF4"
1.24433258480018e-96,0.98063135107953,0.276,0.138,2.38787423023154e-92,"3","HIST1H1D"
1.79090493436847e-96,0.286120067941896,0.995,0.963,3.4367465690531e-92,"3","ANAPC11"
5.80951909586376e-96,0.619338498023271,0.41,0.236,1.11484671449626e-91,"3","SLC44A1"
7.18877536616059e-96,0.319770242375224,0.984,0.957,1.37952599276622e-91,"3","LST1"
1.56394847011033e-95,0.719768546498928,0.422,0.248,3.00121711414172e-91,"3","KLF6"
1.91822932735815e-95,0.411985249237266,0.898,0.784,3.6810820792003e-91,"3","VASP"
5.32550541320081e-95,0.4976814243435,0.87,0.771,1.02196448879324e-90,"3","CCND3"
7.80959187961183e-95,0.513460647081099,0.733,0.537,1.49866068169751e-90,"3","DLEU2"
1.93518281108055e-94,0.331042154059869,0.979,0.942,3.71361581446358e-90,"3","CALM1"
4.17940493961577e-94,0.889316867520907,0.306,0.161,8.02027807912266e-90,"3","CDCA2"
8.94260424858422e-94,0.474419806813922,0.794,0.628,1.71608575530331e-89,"3","CD33"
3.52193054986833e-93,0.685434822457317,0.715,0.533,6.75858472519733e-89,"3","H1F0"
1.13921109820508e-92,0.258700369837093,0.995,0.965,2.18614609745555e-88,"3","NUCKS1"
3.41626449429987e-92,0.846711926357797,0.344,0.191,6.55581156456145e-88,"3","HIST2H2AC"
5.0977712238627e-92,0.390366679375219,0.904,0.791,9.78262297859253e-88,"3","CHPT1"
1.12095948686038e-91,0.664957727413284,0.654,0.477,2.15112125528507e-87,"3","DUSP6"
1.79384366683297e-91,0.38186778465239,0.876,0.753,3.44238599665247e-87,"3","TYROBP"
3.69296004030578e-91,0.45626527945523,0.79,0.612,7.0867903173468e-87,"3","PRAME"
9.00480230900449e-91,0.502600932313372,0.727,0.544,1.72802156309796e-86,"3","PDLIM7"
2.29706282512272e-90,0.460123102160439,0.797,0.626,4.40806356141049e-86,"3","SPAG7"
3.70983044037959e-90,0.495899404307447,0.755,0.585,7.11916461508842e-86,"3","FAM117A"
6.33819648752923e-90,0.628710265848337,0.416,0.242,1.21629990595686e-85,"3","C10orf128"
1.09405422284674e-89,0.772408902073366,0.372,0.213,2.09949005364289e-85,"3","ITPR2"
1.11691465744864e-89,0.603124654115706,0.567,0.377,2.14335922764393e-85,"3","FAM111A"
3.99081842193241e-89,0.717676591799401,0.415,0.25,7.6583805516883e-85,"3","CASC5"
6.83521428045534e-89,0.661551451711001,0.496,0.32,1.31167762041938e-84,"3","CISH"
7.67105762459963e-89,0.561231848215031,0.57,0.381,1.47207595816067e-84,"3","AC004381.6"
5.32721800376443e-88,0.515470876473047,0.638,0.438,1.02229313492239e-83,"3","ASF1B"
1.39608037134043e-87,0.64858686450123,0.455,0.277,2.67907823260228e-83,"3","C18orf32"
3.4873071769498e-87,0.689540055134128,0.488,0.314,6.69214247256667e-83,"3","CYTH2"
4.89309968176193e-87,0.591399412416947,0.516,0.334,9.38985828930114e-83,"3","LCP2"
6.10460480405887e-87,0.676629512887325,0.395,0.23,1.1714736618989e-82,"3","CPPED1"
1.30310972967219e-86,0.266648949527863,0.999,0.994,2.50066757124093e-82,"3","EEF2"
1.80978469768089e-86,0.463274901899191,0.766,0.589,3.47297683484963e-82,"3","ACAP1"
3.89845687324283e-86,0.89240608507182,0.27,0.138,7.481138739753e-82,"3","NFAT5"
1.91344022347479e-85,0.366598309343844,0.931,0.832,3.67189178884813e-81,"3","RNF167"
3.61940230888573e-85,0.678478124060351,0.433,0.266,6.94563303075171e-81,"3","PTPRC"
3.76256509679701e-85,0.406313876721266,0.862,0.704,7.22036242075347e-81,"3","DR1"
1.37279277644047e-84,0.362464652436913,0.926,0.826,2.63438933798926e-80,"3","HAX1"
1.48493551331634e-84,0.56891200162342,0.555,0.367,2.84959125005406e-80,"3","CMC2"
1.78875410025403e-84,0.591075486142284,0.541,0.354,3.43261911838748e-80,"3","ATP6V0A2"
2.76689541013667e-84,0.363251436272303,0.97,0.911,5.30967229205227e-80,"3","CORO1A"
4.77557876355664e-84,0.432960833206734,0.814,0.646,9.16433564726519e-80,"3","GNB2"
7.78050868267084e-84,0.293911828018432,0.969,0.897,1.49307961620453e-79,"3","CELF2"
4.25677328281963e-83,0.675805775883091,0.4,0.237,8.16874792973086e-79,"3","ORAI3"
1.52161777387218e-82,0.533881987842302,0.668,0.493,2.91998450806071e-78,"3","PTPN6"
1.69114244244718e-82,0.303449034280826,0.995,0.98,3.24530234705614e-78,"3","EGFL7"
2.28106421928455e-82,0.357810433254881,0.892,0.741,4.37736223680704e-78,"3","SMC2"
2.8385336152536e-82,0.430037026084633,0.742,0.549,5.44714600767165e-78,"3","CCNA2"
3.44024398407117e-82,0.56141609595536,0.525,0.348,6.60182820543258e-78,"3","ZBTB16"
7.33402508424464e-82,0.600036921674305,0.7,0.53,1.40739941366655e-77,"3","PMAIP1"
1.40451906147382e-81,0.980598708273455,0.335,0.195,2.69527207896826e-77,"3","PLPP1"
1.84929776170028e-81,0.756540477432423,0.325,0.182,3.54880240470284e-77,"3","NFATC1"
4.66376030866943e-81,0.361147222328647,0.917,0.784,8.94975603233663e-77,"3","DTYMK"
5.03333081074801e-81,0.376831168978819,0.971,0.925,9.65896182582544e-77,"3","ATF4"
6.49256985554162e-81,0.385865037751156,0.696,0.502,1.24592415527844e-76,"3","AP001171.1"
8.36871080343722e-81,0.571982888718551,0.516,0.336,1.6059556031796e-76,"3","ARHGAP30"
1.31243018160608e-80,0.678335308734004,0.443,0.279,2.51855351850206e-76,"3","MXD3"
1.42378849491064e-80,0.563370244380077,0.572,0.392,2.73225012173352e-76,"3","POLD4"
1.60011651735672e-80,0.559387033694618,0.678,0.504,3.07062359680754e-76,"3","OXT"
5.20786898302437e-80,0.509499574044246,0.759,0.606,9.99390057842377e-76,"3","SLC16A3"
6.07241379585016e-80,0.712242462162898,0.355,0.206,1.16529620742364e-75,"3","IL1B"
7.33172754452939e-80,0.685996391813631,0.353,0.201,1.40695851579519e-75,"3","GDI1"
1.07119902616904e-79,0.36805499324002,0.859,0.687,2.05563093121838e-75,"3","ZWINT"
1.13294543874283e-79,0.561609461768079,0.8,0.671,2.17412229694749e-75,"3","C10orf54"
1.37199572809271e-79,0.564366104130314,0.588,0.41,2.6328598022099e-75,"3","TAL1"
2.51506539286092e-79,0.584306415929511,0.515,0.337,4.8264104889001e-75,"3","FBXO5"
2.93133139604239e-79,0.354200367466435,0.947,0.881,5.62522494900534e-75,"3","PTPN7"
3.30760955912666e-79,0.409061704331541,0.824,0.659,6.34730274396406e-75,"3","MESDC1"
3.35298357668441e-79,0.708835184282181,0.322,0.179,6.43437548365737e-75,"3","PAG1"
4.7940960888563e-79,0.651947434365947,0.412,0.25,9.19987039451524e-75,"3","HOXB3"
5.58729901646348e-79,0.540737899877855,0.601,0.416,1.07220268125934e-74,"3","AIP"
8.06625494942345e-79,0.559867331647227,0.552,0.375,1.54791432479436e-74,"3","ESYT1"
8.09626384205915e-79,0.798666376507316,0.299,0.164,1.55367303129115e-74,"3","HIST1H2BN"
1.07316593568405e-78,0.554025349193932,0.545,0.367,2.0594054305777e-74,"3","RARA"
1.57263054532677e-78,0.382316936000244,0.876,0.725,3.01787801648207e-74,"3","UBC"
3.80179781635551e-78,0.501664825891421,0.681,0.498,7.29565000958621e-74,"3","PPIL3"
8.29278177057072e-78,0.378823020911399,0.855,0.691,1.59138482177252e-73,"3","FAM195B"
9.87199327327763e-78,0.472761230710859,0.68,0.495,1.89443550914198e-73,"3","RAD51AP1"
2.24962859860411e-77,0.436511697902186,0.754,0.563,4.31703728072128e-73,"3","CDCA5"
2.98766929981822e-77,0.425167433237834,0.78,0.596,5.73333738635117e-73,"3","DYNLT1"
8.23010427950405e-77,0.457611075201194,0.795,0.642,1.57935701123683e-72,"3","NFKBIA"
3.43796268819847e-76,0.715816571808484,0.342,0.2,6.59745039865286e-72,"3","C21orf58"
6.88476612001359e-76,0.561962409350182,0.51,0.334,1.32118661843061e-71,"3","NRM"
9.14930884962296e-75,0.649831239835035,0.399,0.243,1.75575236824265e-70,"3","TLE3"
1.19621735967411e-74,0.701779462581478,0.376,0.226,2.29554111321462e-70,"3","LRP10"
1.23646326704457e-74,0.535415280325802,0.589,0.419,2.37277300945853e-70,"3","HNRNPLL"
1.24422971421552e-74,0.561940276069932,0.537,0.361,2.38767682157957e-70,"3","YPEL3"
2.92335664932083e-74,0.43125171442927,0.778,0.626,5.60992141004667e-70,"3","SAP30"
3.23565489993473e-74,0.776147921569422,0.333,0.196,6.20922175297475e-70,"3","NCAPG"
1.16970227419497e-73,0.774105463153473,0.287,0.159,2.24465866418014e-69,"3","HMMR"
2.29240232535612e-73,0.651526577816222,0.42,0.265,4.39912006235839e-69,"3","SPC24"
2.31601702216604e-73,0.596744744718354,0.427,0.267,4.44443666553662e-69,"3","MYO1G"
2.44197490426404e-73,0.603142747571156,0.383,0.231,4.6861498412827e-69,"3","MAST4"
2.465430627332e-73,0.332831055955078,0.917,0.806,4.73116137385011e-69,"3","VPS29"
8.32273940244536e-73,0.494654836941412,0.639,0.467,1.59713369132927e-68,"3","NIPSNAP3A"
9.78159635646381e-73,0.42550327590748,0.879,0.77,1.87708834080541e-68,"3","SLC1A5"
1.12270317218111e-72,0.536431412081487,0.497,0.331,2.15446738741555e-68,"3","BIN2"
2.52431585790867e-72,0.423002919923581,0.776,0.621,4.84416213132673e-68,"3","SNRNP27"
5.51649225594103e-72,0.523324536996918,0.53,0.36,1.05861486391508e-67,"3","TAX1BP3"
6.96560112046916e-72,0.459421455492831,0.735,0.565,1.33669885501803e-67,"3","FADS1"
7.53284725071949e-72,0.705673189530948,0.411,0.262,1.44555338741307e-67,"3","FAM105A"
8.21164007386426e-72,0.562770661816467,0.521,0.357,1.57581373017455e-67,"3","TMBIM1"
1.70249059499667e-71,0.589724668942739,0.439,0.28,3.26707945179861e-67,"3","RMND5B"
2.00571723546705e-71,0.581193141421096,0.519,0.352,3.84897137486127e-67,"3","MND1"
6.24608330694775e-71,0.373663861940011,0.843,0.706,1.19862338660327e-66,"3","SNRPN"
7.62582737210361e-71,0.447113235837605,0.701,0.536,1.46339627270668e-66,"3","DDA1"
1.44896323595448e-70,0.480233122078327,0.703,0.532,2.78056044979664e-66,"3","ATAD2"
2.34430907348256e-70,0.295929587598055,0.94,0.824,4.49872911201303e-66,"3","PNRC2"
4.12358596567249e-70,0.600978461336906,0.405,0.251,7.91316146812551e-66,"3","CENPL"
8.91803963927072e-70,0.562708240097432,0.472,0.309,1.71137180677605e-65,"3","QPRT"
9.99638633563728e-70,0.484944778244455,0.632,0.461,1.91830653780879e-65,"3","PRR34-AS1"
1.03435532141819e-69,0.481323034907566,0.562,0.384,1.98492786180151e-65,"3","STAMBP"
1.19082388759522e-69,0.365901350735485,0.856,0.719,2.28519104029523e-65,"3","ADIPOR1"
1.48004657661469e-69,0.270380856262459,0.981,0.941,2.84020938052358e-65,"3","SPN"
1.65231885162771e-69,0.284116506443284,0.962,0.869,3.17079987627357e-65,"3","RHEB"
3.53359485898306e-69,0.580865641380024,0.398,0.249,6.7809685343885e-65,"3","HIST1H1C"
4.43776061739773e-69,0.504813578681543,0.572,0.396,8.51606262478625e-65,"3","ACYP1"
4.82374222901424e-69,0.507112039585431,0.571,0.402,9.25676133747834e-65,"3","WDR13"
7.20131921925563e-69,0.583897710454455,0.452,0.295,1.38193315817515e-64,"3","TNFAIP8L1"
8.3878668377526e-69,0.496041971140686,0.714,0.566,1.60963164616472e-64,"3","LPXN"
9.27361065963329e-69,0.406930764228993,0.885,0.774,1.77960588558363e-64,"3","CEBPB"
2.6972810981371e-68,0.609769899738383,0.458,0.301,5.17608242732509e-64,"3","RAB33A"
8.78495482393472e-68,0.269486744123203,0.982,0.923,1.68583283071307e-63,"3","RAD23A"
1.10089129405714e-67,0.528599274571771,0.494,0.331,2.11261039329565e-63,"3","WBP2"
1.16227117144384e-67,0.31689479111367,0.909,0.793,2.23039837800073e-63,"3","MAD2L1"
1.63643715194753e-67,0.538310426414649,0.441,0.284,3.14032289458731e-63,"3","SWAP70"
2.38247521935811e-67,0.695259581345858,0.363,0.225,4.57196994594822e-63,"3","CDKN2C"
4.44372031179818e-67,0.314421419484873,0.935,0.843,8.52749927834071e-63,"3","MYL12B"
6.12443075163581e-67,0.675915474983547,0.354,0.216,1.17527826123891e-62,"3","C2orf88"
8.34841473549955e-67,0.597057422194562,0.391,0.245,1.60206078774236e-62,"3","GNB5"
9.14289627373306e-67,0.56398731242342,0.489,0.326,1.75452179492937e-62,"3","CCDC28A"
9.21606172738104e-67,0.544011274198339,0.449,0.295,1.76856224548442e-62,"3","DEPDC1B"
1.27453945693464e-66,0.42359295502262,0.744,0.581,2.44584121785757e-62,"3","NFATC2IP"
1.87633807369155e-66,0.673399659162786,0.33,0.196,3.60069276341408e-62,"3","RP11-25K19.1"
7.65715595801968e-66,0.399255943989905,0.7,0.522,1.46940822834398e-61,"3","PTTG1"
1.49465633541474e-65,0.84247742949601,0.258,0.144,2.86824550766088e-61,"3","PCK2"
6.77275469184986e-65,0.472515801362371,0.586,0.424,1.29969162536599e-60,"3","MPP1"
1.03626069130618e-64,0.370648397289021,0.815,0.67,1.98858426661657e-60,"3","PPP1R11"
1.3828096737925e-64,0.734881925471369,0.265,0.148,2.6536117640078e-60,"3","PDLIM5"
1.98189015016985e-64,0.369149240729342,0.887,0.795,3.80324719817594e-60,"3","HN1"
2.88732098413768e-64,0.660645842200802,0.348,0.212,5.54076896856021e-60,"3","RGS14"
3.13524361410432e-64,0.372643652865277,0.792,0.644,6.0165324954662e-60,"3","TBPL1"
3.15194219208458e-64,0.399709875423331,0.738,0.573,6.0485770666103e-60,"3","JAK1"
3.53965896068539e-64,0.631520247716427,0.487,0.338,6.79260554555527e-60,"3","GALNT2"
3.77677865389536e-64,0.499241416840796,0.529,0.365,7.24763823682519e-60,"3","SDSL"
6.02597615089709e-64,0.679173029873827,0.338,0.207,1.15638482335715e-59,"3","DEPDC1"
1.0533591537121e-63,0.667861658799173,0.271,0.151,2.02139621597353e-59,"3","MAGEF1"
1.45702536634026e-63,0.382970696047685,0.799,0.643,2.79603167800696e-59,"3","BUB3"
2.49833335851448e-63,0.725278897561629,0.336,0.207,4.79430171498929e-59,"3","CRHBP"
2.56536952039528e-63,0.427592255552048,0.672,0.502,4.92294410963854e-59,"3","YIF1B"
2.59545243636048e-63,0.313876522143437,0.934,0.815,4.98067322537576e-59,"3","TYMS"
3.37835206756896e-63,0.407550201966326,0.856,0.757,6.48305761766484e-59,"3","SELK"
4.12376047399231e-63,0.534415641420593,0.424,0.274,7.91349634959124e-59,"3","RAB4B"
6.25127764279125e-63,0.450459314616804,0.583,0.421,1.19962017965164e-58,"3","BNIP3L"
6.47281110251855e-63,0.493609142452142,0.54,0.381,1.24213245057331e-58,"3","AP1B1"
6.91124000455053e-63,0.358215775729608,0.817,0.652,1.32626695687325e-58,"3","SMC4"
7.5045152630441e-63,0.513295677709067,0.469,0.313,1.44011647897816e-58,"3","GUCY1B3"
8.4964802220663e-63,0.626011931072809,0.346,0.212,1.63047455461452e-58,"3","TMEM51"
1.35861342505821e-62,0.58231030977011,0.476,0.322,2.6071791626867e-58,"3","OTULIN"
1.63836388842542e-62,0.321217837653154,0.889,0.78,3.14402030188838e-58,"3","TIMM10"
3.59388994423683e-62,0.464969788703223,0.591,0.426,6.89667480299047e-58,"3","CYB5B"
3.80597922222098e-62,0.404536967164694,0.744,0.583,7.30367412744206e-58,"3","PTTG1IP"
3.8670397707498e-62,0.445752960877507,0.678,0.517,7.42084932006886e-58,"3","BMP2K"
4.97235067161576e-62,0.666064462636065,0.3,0.177,9.54194093883065e-58,"3","KIF23"
7.36339432900735e-62,0.405481278213312,0.683,0.514,1.41303537173651e-57,"3","FAM177A1"
1.22631905941208e-61,0.397946268734138,0.767,0.611,2.35330627501178e-57,"3","LSM8"
1.55874544234893e-61,0.554361340441076,0.732,0.581,2.99123250386759e-57,"3","SLC3A2"
1.57905690544806e-61,0.420304734435508,0.645,0.48,3.03021020155482e-57,"3","CARD8"
3.40369924199768e-61,0.642167864639317,0.298,0.176,6.53169884539355e-57,"3","MELK"
3.51916539286164e-61,0.480754047822582,0.548,0.385,6.7532783889015e-57,"3","BBIP1"
5.36976315408747e-61,0.533729684787034,0.43,0.281,1.03045754926939e-56,"3","C6orf1"
5.60076752562818e-61,0.517457790127034,0.422,0.273,1.07478728816805e-56,"3","AHNAK"
6.33387997766742e-61,0.440505331756618,0.694,0.528,1.21547156771438e-56,"3","HIRIP3"
1.55385747396896e-60,0.636608388761425,0.273,0.154,2.98185249254644e-56,"3","SLC6A6"
2.16338861348147e-60,0.360565946654314,0.775,0.612,4.15154274927093e-56,"3","IFI27L2"
2.41386635715974e-60,0.585563546027785,0.401,0.263,4.63220953938955e-56,"3","CEP55"
3.45835117353973e-60,0.500971639982713,0.559,0.401,6.63657590202273e-56,"3","CDC20"
3.71681651126441e-60,0.47063663752477,0.547,0.386,7.1325708851164e-56,"3","SPDL1"
5.28435058003725e-60,0.442684228265082,0.517,0.352,1.01406687630915e-55,"3","CCNB1"
1.01818849302959e-59,0.583637890208007,0.389,0.249,1.95390371812379e-55,"3","MIR181A1HG"
1.1271502945693e-59,0.277762672057282,0.942,0.862,2.16300141527848e-55,"3","UBE2D2"
1.3947372102464e-59,0.661906335838291,0.3,0.179,2.67650070646285e-55,"3","GPR108"
1.76906666289311e-59,0.285125005299081,0.932,0.833,3.39483892609188e-55,"3","TMEM14C"
1.7761020151983e-59,0.504542920515327,0.482,0.331,3.40833976716553e-55,"3","KNSTRN"
3.10904002512168e-59,0.477392711831847,0.488,0.331,5.96624780820851e-55,"3","TSG101"
3.31227621375393e-59,0.408071723637002,0.632,0.47,6.3562580541938e-55,"3","LPCAT2"
3.37787822547847e-59,0.371539451962541,0.734,0.556,6.48214831469318e-55,"3","MAPRE1"
3.41285030167871e-59,0.589555576106906,0.309,0.185,6.54925972892145e-55,"3","HOXA10-AS"
6.33595621129294e-59,0.382175255585274,0.652,0.489,1.21586999694712e-54,"3","LTB"
6.50374780825157e-59,0.509596998614388,0.458,0.309,1.24806920440348e-54,"3","HAGH"
1.79253669310597e-58,0.39874023196031,0.762,0.618,3.43987791407035e-54,"3","LYN"
2.02147330385163e-58,0.519932990296094,0.363,0.225,3.87920727009127e-54,"3","ANTXR2"
2.58453314915204e-58,0.788681469985798,0.278,0.164,4.95971911322276e-54,"3","RELB"
2.64716601868619e-58,0.362172922791082,0.858,0.723,5.0799115898588e-54,"3","VAMP2"
4.51059832531319e-58,0.345410631452209,0.788,0.634,8.65583818627602e-54,"3","TMEM106C"
6.39361895418888e-58,0.344708211351285,0.829,0.692,1.22693547730885e-53,"3","RNF5"
1.34040990635177e-57,0.437274532198789,0.573,0.412,2.57224661028905e-53,"3","INO80C"
1.38059824833537e-57,0.318191608357016,0.866,0.734,2.64936803855557e-53,"3","CGGBP1"
1.45095404114796e-57,0.337770423797841,0.829,0.691,2.78438080496293e-53,"3","WDR1"
5.95441572131771e-57,0.418172750894359,0.607,0.441,1.14265237692087e-52,"3","PLEKHF2"
6.25422275855136e-57,0.421070948149751,0.592,0.431,1.20018534736601e-52,"3","DCTN2"
7.9752029792914e-57,0.34227313096682,0.787,0.623,1.53044145172602e-52,"3","WSB1"
1.08080037465407e-56,0.430087063461806,0.708,0.555,2.07405591896116e-52,"3","H1FX"
1.51419462943413e-56,0.46039382543805,0.588,0.429,2.90573949388409e-52,"3","EMC9"
2.94435636974342e-56,0.455257023418281,0.556,0.399,5.65021987353763e-52,"3","CALCOCO2"
3.55284491285845e-56,0.352221776626327,0.84,0.717,6.81790938777537e-52,"3","CCNB1IP1"
6.21585188250222e-56,0.591552744495899,0.359,0.23,1.19282197625218e-51,"3","C1orf21"
7.52106229802915e-56,0.367246655261305,0.638,0.472,1.44329185499179e-51,"3","ZMIZ1"
9.6047757887308e-56,0.308913393043044,0.969,0.9,1.84315647385744e-51,"3","HHEX"
1.25116724198488e-55,0.52931275413423,0.388,0.252,2.40098993736899e-51,"3","TM7SF2"
1.65612315627963e-55,0.669965689636125,0.27,0.159,3.17810033690061e-51,"3","PRR11"
1.82722463354922e-55,0.631309043391618,0.295,0.179,3.50644407178096e-51,"3","DLGAP5"
3.12823243366695e-55,0.437162205103273,0.654,0.501,6.00307804020688e-51,"3","NUTM2A-AS1"
3.43867364950818e-55,0.611598792089767,0.311,0.19,6.59881473340619e-51,"3","FAIM"
3.97169765486679e-55,0.652001245132301,0.316,0.197,7.62168779968937e-51,"3","KIF14"
5.62759206416198e-55,0.517096481544168,0.422,0.281,1.07993491711268e-50,"3","CDC42BPA"
8.22590347798108e-55,0.370897761195436,0.745,0.588,1.57855087742457e-50,"3","NSMCE1"
9.47115122193393e-55,0.490905822176003,0.538,0.387,1.81751391948912e-50,"3","ZNF768"
1.20698320460004e-54,0.68758461272295,0.273,0.163,2.31620076962748e-50,"3","RTKN2"
6.334469113082e-54,0.362261881940548,0.732,0.561,1.21558462280044e-49,"3","SVBP"
1.05369454500208e-53,0.379393034823734,0.619,0.454,2.022039831859e-49,"3","MYBL2"
1.10216266902416e-53,0.426433786336192,0.685,0.546,2.11505016185737e-49,"3","RASGRP3"
2.18820080380562e-53,0.384790583753758,0.61,0.455,4.19915734250299e-49,"3","OSTF1"
2.29772766601622e-53,0.448102369749188,0.516,0.36,4.40933939108512e-49,"3","SNAPC2"
5.74949969215392e-53,0.732935524000612,0.335,0.221,1.10332899092434e-48,"3","PSAT1"
6.58108758162797e-53,0.620126068453988,0.295,0.18,1.26291070691441e-48,"3","CA8"
1.95468517458684e-52,0.409376841850712,0.606,0.449,3.75104085003214e-48,"3","PXN-AS1"
2.2428682493112e-52,0.501682805745944,0.469,0.326,4.3040641704282e-48,"3","CDC42EP3"
3.2494842949111e-52,0.450764396547533,0.422,0.279,6.2357603619344e-48,"3","RDH11"
4.68855761735985e-52,0.502176847758755,0.377,0.246,8.99734206771354e-48,"3","SCLT1"
4.97656226876447e-52,0.463311994735505,0.429,0.288,9.55002299375902e-48,"3","SH2B3"
5.7089428809813e-52,0.465512894573456,0.458,0.315,1.09554613886031e-47,"3","DSCC1"
7.36117485248296e-52,0.431643430374093,0.54,0.388,1.41260945419148e-47,"3","TRPT1"
7.64247304258161e-52,0.370528968350208,0.785,0.647,1.46659057687141e-47,"3","HMGB3"
3.35180109256362e-51,0.387942486218406,0.674,0.522,6.43210629662959e-47,"3","FLOT1"
3.78681538428153e-51,0.449400209866246,0.496,0.351,7.26689872243626e-47,"3","ATP2A3"
6.06253938592971e-51,0.425271012126511,0.552,0.404,1.16340130815991e-46,"3","HACD1"
7.32410929829195e-51,0.40521146723275,0.523,0.373,1.40549657434223e-46,"3","CCNDBP1"
8.92632922046182e-51,0.329508129577348,0.739,0.59,1.71296257740662e-46,"3","CD37"
1.02818552540648e-50,0.461134773381885,0.409,0.271,1.97308802325504e-46,"3","ARL8A"
1.26027299371885e-50,0.401651348834456,0.489,0.34,2.41846387494648e-46,"3","JOSD2"
1.36701748422605e-50,0.514134777327329,0.39,0.26,2.6233065522298e-46,"3","KIF11"
3.50816123098534e-50,0.474213376245315,0.398,0.264,6.73216140226086e-46,"3","NAT6"
3.64305845629843e-50,0.304443747295425,0.914,0.814,6.99102917763669e-46,"3","DNAJC9"
5.34209429032254e-50,0.37551312882334,0.646,0.48,1.0251478943129e-45,"3","RBM23"
9.63015040841568e-50,0.49492744733971,0.341,0.218,1.84802586337497e-45,"3","FAM63B"
9.87350955568652e-50,0.425007760794477,0.584,0.435,1.89472648373624e-45,"3","TP53I13"
1.20965777237349e-49,0.390153436753242,0.622,0.463,2.32133326518472e-45,"3","NKIRAS2"
1.44663319392459e-49,0.348546635099212,0.709,0.558,2.77608909914129e-45,"3","PMF1"
1.58566496191504e-49,0.417391888212024,0.585,0.43,3.04289106191495e-45,"3","ZMAT5"
1.68098210092786e-49,0.293353725811878,0.864,0.732,3.22580465168056e-45,"3","RAD21"
2.19013657135059e-49,0.284915676917529,0.874,0.763,4.20287208042179e-45,"3","ERCC1"
2.55158775589249e-49,0.418576792361189,0.562,0.417,4.89649690355769e-45,"3","DHPS"
2.75982246627362e-49,0.628947752208949,0.283,0.175,5.29609931277908e-45,"3","KCNMB1"
3.20598068100753e-49,0.351590982576282,0.674,0.518,6.15227692685345e-45,"3","C17orf49"
3.244471974521e-49,0.414879229231598,0.564,0.413,6.22614171910579e-45,"3","DPH5"
3.63663276260584e-49,0.3558000621022,0.612,0.451,6.97869827144061e-45,"3","RNF26"
4.12816010936732e-49,0.465310528789686,0.37,0.24,7.92193924987588e-45,"3","RABEP2"
6.90299329589844e-49,0.587850079628446,0.271,0.163,1.32468441348291e-44,"3","HDAC5"
7.27021375585128e-49,0.362524545288895,0.75,0.607,1.39515401974786e-44,"3","FHL3"
9.74716176507559e-49,0.485150309797391,0.415,0.282,1.87048034271801e-44,"3","IL4R"
1.11956020299677e-48,0.402723327918313,0.823,0.696,2.1484360295508e-44,"3","CEBPG"
1.48396281844139e-48,0.638158533661062,0.286,0.177,2.84772464858902e-44,"3","IRF2BPL"
2.78841667368733e-48,0.339803717929846,0.789,0.651,5.35097159680598e-44,"3","TLN1"
3.13965276196505e-48,0.433740341383612,0.508,0.364,6.02499365021093e-44,"3","REEP4"
3.2560466990796e-48,0.383517422021878,0.536,0.382,6.24835361553376e-44,"3","RHNO1"
5.5617646033844e-48,0.42559599916573,0.546,0.403,1.06730262738947e-43,"3","ARRB1"
6.55443419467802e-48,0.452358806183214,0.465,0.326,1.25779592195871e-43,"3","MGME1"
9.58221102913946e-48,0.613521014573673,0.26,0.158,1.83882629649186e-43,"3","SHCBP1"
1.08026122798583e-47,0.427709680080873,0.51,0.368,2.07302129650481e-43,"3","SPATS2"
1.43166917080586e-47,0.416785162605348,0.634,0.488,2.74737313877645e-43,"3","ZNF787"
1.61050651513109e-47,0.575976227761531,0.372,0.248,3.09056200253656e-43,"3","TXNIP"
1.88563684775071e-47,0.342658244957564,0.688,0.533,3.6185371108336e-43,"3","SDCBP"
1.95916984530275e-47,0.275438301648778,0.86,0.739,3.75964693313597e-43,"3","ZNF511"
2.13522711433419e-47,0.546819948968724,0.349,0.231,4.09750083240732e-43,"3","SERPINE2"
2.48673971578436e-47,0.496425715038217,0.368,0.244,4.77205351459019e-43,"3","FOXM1"
2.67717812237932e-47,0.408109687321764,0.521,0.372,5.13750481684591e-43,"3","STK24"
2.85764864923844e-47,0.278594993526052,0.864,0.746,5.48382775788857e-43,"3","ARPP19"
3.04837146013345e-47,0.326895195826687,0.71,0.562,5.8498248319961e-43,"3","RAB6A"
4.49764695291179e-47,0.586715758546013,0.263,0.159,8.63098450263772e-43,"3","AMN1"
4.50557317806633e-47,0.428680087384868,0.511,0.364,8.64619492870928e-43,"3","CENPN"
7.09941956968634e-47,0.447569428104053,0.474,0.336,1.36237861542281e-42,"3","CLDND1"
9.39510088538495e-47,0.321525213104029,0.722,0.581,1.80291985990537e-42,"3","PDLIM2"
1.76164598838413e-46,0.418073336373193,0.51,0.366,3.38059865170915e-42,"3","PRPSAP1"
1.91526144602784e-46,0.388111629526411,0.596,0.445,3.67538671492742e-42,"3","RASSF1"
2.15288415861775e-46,0.449560293337439,0.445,0.31,4.13138470038746e-42,"3","NFYC"
2.16052192297285e-46,0.402450984318709,0.525,0.381,4.1460415701849e-42,"3","AGPAT1"
3.70547337176735e-46,0.326989577162925,0.706,0.56,7.11080340042154e-42,"3","ITGB3BP"
4.0575076593779e-46,0.302670053361566,0.808,0.686,7.78635719834619e-42,"3","MRPL54"
4.20643166006986e-46,0.270142139752999,0.92,0.825,8.07214235567406e-42,"3","PSIP1"
4.3529674881616e-46,0.330391622347412,0.776,0.637,8.3533446097821e-42,"3","BPTF"
4.78075326232448e-46,0.295898274734575,0.819,0.686,9.17426551040068e-42,"3","HP1BP3"
5.51065095683124e-46,0.486777063179529,0.452,0.321,1.05749391861591e-41,"3","WARS"
5.69413898658912e-46,0.403295985144257,0.638,0.49,1.09270527152645e-41,"3","CARHSP1"
5.77312912202916e-46,0.359831378005617,0.685,0.537,1.1078634785174e-41,"3","CHMP5"
6.71921219632211e-46,0.349805883150419,0.771,0.633,1.28941682047421e-41,"3","TUBA1A"
9.78146671604566e-46,0.521621236088868,0.328,0.212,1.87706346280916e-41,"3","FUT8"
1.27308646158644e-45,0.312211419957886,0.76,0.618,2.44305291978437e-41,"3","KIF22"
1.36925079245166e-45,0.412279904163913,0.384,0.255,2.62759227071473e-41,"3","CMIP"
2.01303869100072e-45,0.340248570131517,0.781,0.64,3.86302124803038e-41,"3","LRRFIP2"
2.90133864958452e-45,0.458325778717055,0.454,0.322,5.56766886855269e-41,"3","ZNF609"
3.23599920981808e-45,0.273968289069229,0.785,0.646,6.2098824836409e-41,"3","LIMS1"
3.70631251034442e-45,0.497894616053701,0.368,0.245,7.11241370735095e-41,"3","STX11"
3.9820636094946e-45,0.497047726511038,0.277,0.171,7.64158006662014e-41,"3","MAP1A"
4.18112314927698e-45,0.432822273715889,0.424,0.293,8.02357532346252e-41,"3","ICAM2"
6.46144555934128e-45,0.375110766632981,0.794,0.681,1.23995140283759e-40,"3","MRPL16"
1.05989981929199e-44,0.533585273360488,0.288,0.18,2.03394775322133e-40,"3","ATP13A2"
1.07299271988886e-44,0.302183852643967,0.816,0.688,2.05907302946673e-40,"3","SUZ12"
1.22775111562707e-44,0.521969383816034,0.362,0.243,2.35605439088835e-40,"3","DDB2"
1.39699212486755e-44,0.469890686311782,0.382,0.26,2.68082788762083e-40,"3","G2E3"
2.25697929426288e-44,0.548312740380825,0.302,0.192,4.33114326569047e-40,"3","GSTZ1"
2.9351901223227e-44,0.356891497137196,0.585,0.438,5.63262984473726e-40,"3","TACC1"
4.45772927812056e-44,0.539657044288696,0.266,0.164,8.55438248471335e-40,"3","IRF7"
4.60348217675794e-44,0.376220816275879,0.547,0.401,8.83408229719849e-40,"3","MAP4K2"
9.56599403533464e-44,0.352245845209876,0.584,0.432,1.83571425538072e-39,"3","UNK"
9.60510073690042e-44,0.270122131568445,0.925,0.862,1.84321883141119e-39,"3","SFT2D1"
1.07071019948546e-43,0.652282555079033,0.307,0.201,2.0546928728126e-39,"3","ARRDC3"
1.15261264301281e-43,0.441136903054934,0.642,0.52,2.21186366194158e-39,"3","ID1"
1.20338126420916e-43,0.381263103797276,0.52,0.378,2.30928864601738e-39,"3","NABP1"
1.67590519662221e-43,0.399601541323126,0.462,0.325,3.21606207231802e-39,"3","DCTN6"
1.80238801428729e-43,0.327978757652655,0.719,0.574,3.4587825994173e-39,"3","GPAA1"
1.83664414549755e-43,1.4946395578593,0.335,0.242,3.52452011520979e-39,"3","TRIB3"
2.34315276947069e-43,0.257826663446707,0.894,0.78,4.49651016461426e-39,"3","FOPNL"
2.59976641301481e-43,0.597229562691817,0.459,0.334,4.98895174657542e-39,"3","ATF5"
2.69097252307199e-43,0.47846582897045,0.347,0.229,5.16397627177515e-39,"3","DENND1B"
3.21018505713173e-43,0.511876050630368,0.312,0.201,6.16034512463579e-39,"3","RAB8B"
3.56880241520932e-43,0.312231663232088,0.804,0.675,6.84853183478668e-39,"3","CCDC167"
4.4541633612671e-43,0.346329281973204,0.63,0.476,8.54753949027157e-39,"3","FAM89B"
9.45015793439074e-43,0.478088444390857,0.348,0.23,1.81348530760958e-38,"3","ATG4D"
9.48444345652603e-43,0.489712198397161,0.402,0.281,1.82006469930734e-38,"3","PPCDC"
1.13380082207299e-42,0.268753485385068,0.878,0.784,2.17576377755807e-38,"3","TBCB"
1.66458879102215e-42,0.438760010145759,0.556,0.421,3.1943458899715e-38,"3","TWISTNB"
1.74747691150011e-42,0.401420786451496,0.376,0.251,3.35340819316872e-38,"3","HDAC7"
2.05420817310931e-42,0.251275107039306,0.858,0.738,3.94202548419677e-38,"3","DCK"
2.27569603183484e-42,0.354866159394276,0.528,0.387,4.36706068509106e-38,"3","EVL"
2.34104954208845e-42,0.419602876430615,0.33,0.213,4.49247407126773e-38,"3","COQ10B"
3.40821661163292e-42,0.394401544423216,0.477,0.345,6.54036767772356e-38,"3","WDR45"
5.08251905226857e-42,0.457579344606283,0.33,0.215,9.75335406130339e-38,"3","SEMA4D"
5.57155503248012e-42,0.543668900516313,0.311,0.203,1.06918141073293e-37,"3","SLA2"
6.8768455547097e-42,0.37089218973362,0.578,0.433,1.31966666194879e-37,"3","OIP5"
9.10067263008251e-42,0.49483131809678,0.251,0.153,1.74641907771283e-37,"3","FRY"
9.16883981745422e-42,0.510950715018053,0.309,0.201,1.75950036096947e-37,"3","TGFBR2"
9.7658778247067e-42,0.329001590736659,0.617,0.47,1.87407195456122e-37,"3","CBX1"
1.06888465655503e-41,0.424505370723364,0.474,0.344,2.0511896559291e-37,"3","GBGT1"
1.7911029597327e-41,0.348380832805162,0.595,0.449,3.43712657972705e-37,"3","SYAP1"
2.43388013393733e-41,0.523766047663661,0.269,0.168,4.67061597702574e-37,"3","ZC3H12C"
2.86251714425285e-41,0.318237533776685,0.705,0.563,5.49317039982121e-37,"3","NDUFS4"
3.17880926590238e-41,0.445477659095401,0.372,0.253,6.10013498126666e-37,"3","ELOVL6"
4.03042175590104e-41,0.432079936668081,0.41,0.286,7.7343793495741e-37,"3","C2orf76"
4.5356672887787e-41,0.422927644105868,0.378,0.258,8.70394552716633e-37,"3","HIF1A"
5.57975268755759e-41,0.375217080642957,0.488,0.352,1.0707545407423e-36,"3","PPP2R5A"
5.91796011330988e-41,0.255151164566545,0.872,0.764,1.13565654574417e-36,"3","HINT2"
7.47607256097211e-41,0.41864577484924,0.439,0.315,1.43465832445055e-36,"3","TROAP"
8.17968023646257e-41,0.431728149617036,0.319,0.209,1.56968063737717e-36,"3","KCNQ1OT1"
1.30161817640423e-40,0.446302477958554,0.318,0.208,2.49780528051972e-36,"3","RAB37"
1.41561481835186e-40,0.373853002335082,0.451,0.319,2.71656483641722e-36,"3","PTS"
2.10815263734731e-40,0.403676097258482,0.354,0.237,4.04554491106949e-36,"3","CCM2"
3.42892305270511e-40,0.28794576825633,0.807,0.693,6.58010333814111e-36,"3","AES"
3.68866371132546e-40,0.40970632954429,0.43,0.305,7.07854566203356e-36,"3","SASH3"
5.19225243904492e-40,0.37267993708334,0.459,0.326,9.9639324305272e-36,"3","SEPT1"
5.52888138404239e-40,0.284273246146048,0.758,0.634,1.06099233759773e-35,"3","RRBP1"
8.29382357609745e-40,0.528956480739308,0.299,0.197,1.5915847442531e-35,"3","BUB1B"
1.34369184580976e-39,0.362626492485111,0.559,0.418,2.57854465210892e-35,"3","TSNAX"
1.41725963256404e-39,0.442129891056045,0.387,0.268,2.71972123489039e-35,"3","ZNF524"
1.46427231339918e-39,0.300445689889628,0.713,0.571,2.80993856941304e-35,"3","CERS2"
1.73584861775101e-39,0.363106005948312,0.438,0.309,3.33109349746418e-35,"3","CCNB2"
1.92626984861408e-39,0.427666933295656,0.397,0.277,3.69651183949042e-35,"3","C15orf39"
3.16583643960962e-39,0.352985385513431,0.521,0.383,6.07524012761085e-35,"3","PTPN18"
3.40487185224898e-39,0.45933851147874,0.386,0.269,6.53394908446579e-35,"3","R3HDM2"
3.65173708077991e-39,0.347369984082965,0.619,0.483,7.00768345801665e-35,"3","RDX"
3.74172831890411e-39,0.469313604161302,0.329,0.219,7.18037664397698e-35,"3","KCNN4"
8.85193524410095e-39,0.364444866178291,0.45,0.32,1.69868637334297e-34,"3","UNC119"
8.93608642293003e-39,0.413253693647915,0.306,0.198,1.71483498456027e-34,"3","HYAL3"
9.37802766060059e-39,0.43304400301991,0.372,0.254,1.79964350806925e-34,"3","MTFR2"
1.2558504748249e-38,0.335692149794624,0.549,0.413,2.40997706118898e-34,"3","ALS2"
1.59907852790196e-38,0.468483008551789,0.327,0.218,3.06863169504387e-34,"3","UBL7-AS1"
1.68432555657848e-38,0.323861864408683,0.6,0.46,3.23222074307411e-34,"3","GAB3"
1.71944335083538e-38,0.355371194855851,0.558,0.419,3.29961179025309e-34,"3","FMNL1"
1.73178629885063e-38,0.437775945420388,0.37,0.256,3.32329790749437e-34,"3","ZMYND8"
2.33425499814937e-38,0.342156164330357,0.534,0.397,4.47943534144864e-34,"3","DPYSL2"
4.28373315901447e-38,0.332850134131829,0.591,0.451,8.22048393214877e-34,"3","TINF2"
4.40918761206322e-38,0.370781102984582,0.496,0.362,8.46123102754933e-34,"3","PPP2CB"
5.24725903708988e-38,0.425208272346964,0.347,0.234,1.00694900921755e-33,"3","MDP1"
5.27898276562853e-38,0.409032577363161,0.633,0.514,1.01303679272412e-33,"3","TP53RK"
5.88978880043273e-38,0.377802144117091,0.504,0.375,1.13025047080304e-33,"3","SEC22C"
7.48808453704982e-38,0.314025862673986,0.6,0.458,1.43696342265986e-33,"3","MECP2"
8.26699605427453e-38,0.478839798719612,0.26,0.164,1.58643654281528e-33,"3","BTBD10"
8.28939278122683e-38,0.34823465994912,0.502,0.367,1.59073447471743e-33,"3","ZDHHC4"
8.34176342854676e-38,0.318539529087915,0.634,0.496,1.60078440193812e-33,"3","MAPK6"
1.01218770459384e-37,0.490708237277324,0.282,0.183,1.94238820511558e-33,"3","CTD-2020K17.1"
1.10353243326832e-37,0.394800442487909,0.448,0.321,2.1176787394419e-33,"3","GARS"
1.13657712789952e-37,0.378023420660051,0.463,0.335,2.18109150843918e-33,"3","NFKBIL1"
1.45687809591072e-37,0.395469999946764,0.356,0.242,2.79574906605268e-33,"3","PPP1R9B"
1.68276647270184e-37,0.303551441868972,0.71,0.574,3.22922886111482e-33,"3","TWF2"
1.77137559468072e-37,0.450652300973057,0.268,0.17,3.39926976619231e-33,"3","PTPN9"
1.84960372466141e-37,0.427308737616727,0.3,0.196,3.54938954762524e-33,"3","IFRD1"
2.10251335271042e-37,0.345916383770607,0.492,0.361,4.03472312385129e-33,"3","PRKX"
2.43291888681041e-37,0.421803126786314,0.361,0.247,4.66877134378917e-33,"3","TOR4A"
2.86430276748333e-37,0.502613934304349,0.283,0.185,5.49659701080051e-33,"3","LENG1"
3.83418031725947e-37,0.347529490328219,0.579,0.447,7.35779202882092e-33,"3","FUOM"
5.0252760942887e-37,0.429155340468524,0.367,0.254,9.64350482494002e-33,"3","RMDN3"
6.64289750420447e-37,0.273534738993039,0.732,0.584,1.27477203105684e-32,"3","NUTM2B-AS1"
7.28661402734307e-37,0.426366737513376,0.329,0.222,1.39830123184713e-32,"3","STRN4"
7.33974455073874e-37,0.469892877316254,0.302,0.2,1.40849697928676e-32,"3","DBN1"
7.82496919486652e-37,0.353585249359437,0.463,0.335,1.50161158849489e-32,"3","CDC25B"
8.65209850709558e-37,0.395464747657194,0.397,0.278,1.66033770351164e-32,"3","TAGAP"
9.63466080022532e-37,0.355954141026943,0.46,0.331,1.84889140756324e-32,"3","SIPA1"
9.93959044882245e-37,0.354443666482472,0.512,0.378,1.90740740712903e-32,"3","FAM122B"
1.02217931211192e-36,0.345985525945686,0.47,0.338,1.96156209994277e-32,"3","TMX4"
1.21135782456429e-36,0.290005967236813,0.637,0.503,2.32459566533887e-32,"3","PTBP3"
1.30188962561641e-36,0.395873779411831,0.478,0.358,2.49832619155789e-32,"3","IQGAP1"
1.50297936101836e-36,0.365419045878422,0.488,0.359,2.88421739379423e-32,"3","PPP2R5C"
1.8112766228613e-36,0.27360117866117,0.778,0.652,3.47583983927084e-32,"3","BRD2"
2.11207334141078e-36,0.461028795270157,0.268,0.172,4.05306874216729e-32,"3","DCAF15"
2.30308497556945e-36,0.366440812866605,0.412,0.291,4.41962006811777e-32,"3","NNT-AS1"
2.65512338083691e-36,0.299467463922881,0.713,0.577,5.09518176782603e-32,"3","UCP2"
2.75820938539391e-36,0.412329359514692,0.317,0.211,5.29300381057091e-32,"3","IMPA1"
4.05657433525545e-36,0.382006355878959,0.359,0.246,7.78456614935521e-32,"3","TRIM8"
4.34616634416686e-36,0.449126973308817,0.25,0.158,8.34029321445621e-32,"3","PDE6G"
4.46687551598997e-36,0.387491803344116,0.446,0.326,8.57193411518475e-32,"3","DCP1A"
6.0707735389146e-36,0.360462775899772,0.455,0.33,1.16498144211771e-31,"3","TTC32"
6.71936862671896e-36,0.50670707770817,0.271,0.176,1.28944683946737e-31,"3","RHBDD2"
7.00255248270099e-36,0.311607888097595,0.563,0.426,1.34378982143032e-31,"3","AKIRIN2"
7.33250430404267e-36,0.472711930172745,0.277,0.181,1.40710757594579e-31,"3","PHF1"
7.50595149605825e-36,0.488771322337823,0.272,0.177,1.44039209209358e-31,"3","CHKB"
8.43106091517001e-36,0.287130166372004,0.716,0.587,1.61792058962112e-31,"3","OSBPL8"
9.18051028388055e-36,0.352533387873842,0.563,0.43,1.76173992347668e-31,"3","MYADM"
1.07309830921023e-35,0.284724993469459,0.762,0.637,2.05927565537443e-31,"3","CHMP3"
1.11276476454899e-35,0.388177865757605,0.406,0.288,2.13539558316951e-31,"3","RCOR3"
1.15146443027553e-35,0.355113824105779,0.523,0.392,2.20966024169874e-31,"3","ARHGAP9"
1.54741743089479e-35,0.444854198799871,0.285,0.188,2.9694940498871e-31,"3","OGG1"
1.56935284018947e-35,0.331528893855646,0.535,0.404,3.01158810032359e-31,"3","PPM1K"
1.67334537391601e-35,0.354287424667377,0.659,0.532,3.21114977254483e-31,"3","JUNB"
1.73519289464539e-35,0.356598571173983,0.394,0.275,3.3298351648245e-31,"3","COQ10A"
1.76742993792019e-35,0.25165530332296,0.835,0.722,3.39169805086884e-31,"3","FAM96B"
2.1360285559987e-35,0.320620874444584,0.538,0.403,4.09903879896151e-31,"3","AKAP9"
2.14208860734025e-35,0.305975707628661,0.598,0.465,4.11066803748593e-31,"3","CCDC115"
3.08856781124781e-35,0.339518199330042,0.525,0.393,5.92696162978454e-31,"3","RRM1"
3.10011712938702e-35,0.282554555303607,0.725,0.596,5.94912477129369e-31,"3","DCTN3"
3.53295842184889e-35,0.382304313531209,0.418,0.3,6.77974721152803e-31,"3","UBE4A"
3.55773558816922e-35,0.381101610096619,0.34,0.233,6.82729459369674e-31,"3","RNPEPL1"
4.33837375504758e-35,0.327990917847073,0.488,0.36,8.32533923593631e-31,"3","CCDC18"
5.80087884343406e-35,0.42706660047319,0.319,0.216,1.113188650055e-30,"3","MOB3A"
6.24187003097811e-35,0.280911807870826,0.629,0.487,1.1978148589447e-30,"3","CENPU"
8.36228411127142e-35,0.305200158329661,0.572,0.432,1.60472232095299e-30,"3","CENPK"
8.47057070259875e-35,0.471540136386426,0.327,0.225,1.6255025178287e-30,"3","MYCT1"
8.907417735814e-35,0.250701353974023,0.814,0.688,1.70933346350271e-30,"3","VPS28"
9.24067694230674e-35,0.456948909494423,0.254,0.162,1.77328590522866e-30,"3","STK40"
1.0306317627229e-34,0.262902107565431,0.799,0.679,1.97778235266525e-30,"3","UBE2A"
1.05677871191389e-34,0.291291788426318,0.707,0.568,2.02795834816275e-30,"3","HMGXB4"
1.52139847175579e-34,0.328107606842301,0.611,0.476,2.91956366729936e-30,"3","RNF41"
1.72652155849934e-34,0.372765159682604,0.446,0.325,3.31319487076023e-30,"3","GFER"
1.73290931993902e-34,0.306648459242494,0.584,0.452,3.32545298496299e-30,"3","CREM"
1.76660819907391e-34,0.345356038199983,0.574,0.442,3.39012113402283e-30,"3","SPPL2A"
1.78906282025726e-34,0.309884416236485,0.717,0.581,3.43321155207369e-30,"3","ATXN2L"
1.84983984974619e-34,0.381206591797598,0.384,0.27,3.54984267166294e-30,"3","FAM76B"
1.90576349073957e-34,0.519516511036834,0.279,0.187,3.65716013872924e-30,"3","CARS"
2.2167545803733e-34,0.376102158848821,0.421,0.304,4.25395203973636e-30,"3","ZFAND3"
2.48640812874844e-34,0.287070893597278,0.711,0.573,4.77141719906826e-30,"3","RAB11B"
2.70177097491267e-34,0.312774479530669,0.62,0.486,5.18469850085742e-30,"3","VPS25"
2.96879330612588e-34,0.261639238933485,0.734,0.603,5.69711435445556e-30,"3","DCTD"
3.15639399707324e-34,0.295333975456397,0.627,0.491,6.05712008038354e-30,"3","MTHFS"
3.50076389291811e-34,0.308576948944321,0.586,0.449,6.71796591050985e-30,"3","KIF20B"
4.21908709785381e-34,0.389315927303969,0.324,0.22,8.09642814078147e-30,"3","RGL2"
6.11437011044712e-34,0.26700686980809,0.724,0.593,1.1733476241948e-29,"3","POLR2A"
6.37019255144201e-34,0.361806347909319,0.431,0.314,1.22243995062172e-29,"3","CHD2"
8.17718452097093e-34,0.281245704977839,0.714,0.591,1.56920170957432e-29,"3","GMCL1"
8.21677846312468e-34,0.375091618246359,0.372,0.262,1.57679978707363e-29,"3","PRPSAP2"
8.69213041103968e-34,0.348375780592418,0.469,0.344,1.66801982587852e-29,"3","PPP3R1"
8.96725191291572e-34,0.363739518820542,0.416,0.298,1.72081564208853e-29,"3","HINT3"
1.04161994929076e-33,0.277209125856438,0.851,0.758,1.99886868268897e-29,"3","IDI1"
1.24555175476695e-33,0.363063796325437,0.316,0.212,2.39021381739777e-29,"3","LPIN1"
1.50734848594798e-33,0.331963229835141,0.433,0.313,2.89260174453417e-29,"3","RP3-477O4.14"
1.69788672644455e-33,0.264397498864573,0.779,0.657,3.25824462804708e-29,"3","ARRB2"
1.8030412388489e-33,0.352079261692272,0.659,0.53,3.46003613735104e-29,"3","CDC42SE1"
1.91674902154666e-33,0.336902777790533,0.44,0.317,3.67824137234804e-29,"3","RFX5"
2.07343512786362e-33,0.480702002736527,0.475,0.365,3.97892201037028e-29,"3","C16orf54"
3.37800545997239e-33,0.41443814746357,0.304,0.207,6.48239247768702e-29,"3","ENG"
3.4422844528442e-33,0.475932490275906,0.252,0.164,6.60574386500803e-29,"3","DUSP10"
3.84261734343744e-33,0.315566776477674,0.55,0.42,7.37398268205645e-29,"3","EXOSC4"
4.42460970414335e-33,0.428236204136979,0.28,0.186,8.49082602225109e-29,"3","SECISBP2L"
6.89631251155813e-33,0.32493649606974,0.439,0.317,1.323402370968e-28,"3","MED19"
7.4994826612561e-33,0.322722225385505,0.647,0.524,1.43915072269505e-28,"3","RMI2"
9.00868593675415e-33,0.254676299390036,0.784,0.666,1.72876683126312e-28,"3","PQBP1"
9.68836620453445e-33,0.2925231327749,0.639,0.511,1.85919747465016e-28,"3","EMC7"
1.03162165421038e-32,0.283259443911899,0.647,0.509,1.97968195442972e-28,"3","WAS"
1.28040290878783e-32,0.402033271556954,0.299,0.201,2.45709318196385e-28,"3","TVP23B"
1.82284366721551e-32,0.327084442103876,0.342,0.237,3.49803699738656e-28,"3","CD55"
2.11735364114811e-32,0.336008321243164,0.396,0.281,4.06320163736322e-28,"3","NOL4L"
2.6020805062643e-32,0.363214017549644,0.451,0.33,4.99339249152119e-28,"3","VPS37B"
2.64137374747906e-32,0.411733415998604,0.326,0.226,5.06879622141232e-28,"3","MUTYH"
2.73318089928919e-32,0.364469459061086,0.337,0.234,5.24497414573595e-28,"3","LRRC8B"
3.08180018893412e-32,0.367141657192051,0.303,0.205,5.91397456256457e-28,"3","ATN1"
4.63687768653149e-32,0.373086194715639,0.341,0.238,8.89816828045393e-28,"3","DHRS7B"
5.14007670186894e-32,0.32044096729155,0.534,0.404,9.86380719088649e-28,"3","HAUS4"
5.58201918457067e-32,0.27156005486865,0.763,0.645,1.07118948151911e-27,"3","DDRGK1"
6.02526970063312e-32,0.309490802703751,0.597,0.47,1.1562492555515e-27,"3","ARL6IP6"
7.6063387106336e-32,0.308283888623364,0.563,0.436,1.45965639857059e-27,"3","ORMDL2"
7.76645798743573e-32,0.277353008741739,0.585,0.451,1.49038328778892e-27,"3","PITPNA-AS1"
1.10655825924375e-31,0.318351968158704,0.408,0.293,2.12348529948876e-27,"3","SLAIN2"
1.11705018921171e-31,0.467507883064783,0.276,0.188,2.14361931309727e-27,"3","HERPUD1"
1.15014519083945e-31,0.386038897545305,0.333,0.23,2.2071286212209e-27,"3","SYNRG"
1.18044712789011e-31,0.271428046431937,0.616,0.481,2.26527803842112e-27,"3","RTCA"
1.48732182633332e-31,0.329755057557616,0.479,0.359,2.85417058473363e-27,"3","RRAGA"
1.60648801375978e-31,0.367856710748386,0.291,0.196,3.08285049840501e-27,"3","HERC1"
2.04323557160696e-31,0.394434606755288,0.295,0.2,3.92096906191375e-27,"3","KCTD13"
2.3370414971786e-31,0.323690870057987,0.393,0.279,4.48478263308573e-27,"3","PDZD11"
2.71312651232647e-31,0.39630988674279,0.302,0.206,5.2064897771545e-27,"3","NEK7"
3.34705868979472e-31,0.374070328309597,0.26,0.17,6.42300562571607e-27,"3","GOLGA8B"
3.75496670638353e-31,0.358706421048822,0.372,0.263,7.20578110955e-27,"3","MMD"
3.75675202483768e-31,0.331384061183833,0.425,0.311,7.20920713566351e-27,"3","AKAP13"
3.81410644155339e-31,0.327102190656547,0.523,0.402,7.31927026134096e-27,"3","CTCF"
4.46287474581582e-31,0.37456802582344,0.317,0.218,8.56425663722056e-27,"3","STAG1"
4.78080155609512e-31,0.39344761149898,0.31,0.213,9.17435818614653e-27,"3","NCAPH"
5.43522845348249e-31,0.349972353859201,0.468,0.353,1.04302034022329e-26,"3","TCF19"
5.81075089351323e-31,0.301646746022876,0.51,0.385,1.11508309646519e-26,"3","LMF2"
6.78159445212842e-31,0.359341402488401,0.404,0.292,1.30138797536344e-26,"3","C9orf40"
1.17894838391407e-30,0.353313046696064,0.483,0.363,2.2624019487311e-26,"3","BTG3"
1.35312167690971e-30,0.46673292950425,0.295,0.204,2.59664049798973e-26,"3","ESCO2"
1.3863400735896e-30,0.346460804383775,0.317,0.217,2.66038660121845e-26,"3","ASMTL"
1.88676355019143e-30,0.316731707235276,0.352,0.246,3.62069925281736e-26,"3","ATP6V1E1"
1.98960285534754e-30,0.452241283184834,0.251,0.166,3.81804787941193e-26,"3","HDAC6"
2.04468715684065e-30,0.345114654013074,0.509,0.392,3.92375465397721e-26,"3","SH3BP1"
2.24340639201593e-30,0.29503183532062,0.49,0.366,4.30509686627856e-26,"3","SARS"
2.2821386471227e-30,0.362525123708946,0.377,0.272,4.37942406382847e-26,"3","SKA3"
2.33056711165179e-30,0.324508245690933,0.441,0.327,4.47235828725978e-26,"3","PPFIBP1"
2.6259200862244e-30,0.252560541426486,0.646,0.518,5.03914064546462e-26,"3","INSIG1"
3.18195417727178e-30,0.290842832408643,0.455,0.334,6.10617006618455e-26,"3","CAPN1"
3.56283033839433e-30,0.312066780498732,0.491,0.368,6.83707141937872e-26,"3","DUSP12"
6.31745084391391e-30,0.354131400039113,0.313,0.214,1.21231881694708e-25,"3","FAM174A"
7.14095713939446e-30,0.391703461385921,0.27,0.18,1.3703496750498e-25,"3","VOPP1"
7.29356388629537e-30,0.253191146178906,0.709,0.582,1.39963490978008e-25,"3","FERMT3"
7.99299266134946e-30,0.331549271963566,0.424,0.311,1.53385529171296e-25,"3","PTPN1"
8.08469017634288e-30,0.353945587924945,0.367,0.264,1.5514520448402e-25,"3","SGF29"
8.55387558174759e-30,0.274573714161306,0.579,0.449,1.64148872413736e-25,"3","VAMP7"
8.6574814582681e-30,0.270360813500123,0.786,0.67,1.66137069184165e-25,"3","PIM3"
8.91068389840322e-30,0.338520365745044,0.356,0.252,1.70996024010358e-25,"3","UNC13D"
1.23347889137621e-29,0.250244678916906,0.841,0.726,2.36704599255094e-25,"3","SAC3D1"
1.54056142658728e-29,0.335188645163754,0.351,0.248,2.95633737762098e-25,"3","HTT"
1.57383778657008e-29,0.429639419583744,0.272,0.184,3.02019471242798e-25,"3","CCSER2"
1.6243109954809e-29,0.263670015376712,0.719,0.602,3.11705280032784e-25,"3","PRKAR1A"
1.85105581439543e-29,0.288712804539321,0.54,0.412,3.55217610782484e-25,"3","FUNDC1"
2.04353995625101e-29,0.337240555327194,0.393,0.285,3.92155317604568e-25,"3","TBC1D7"
2.31246894121965e-29,0.29153243485662,0.402,0.292,4.4376278982005e-25,"3","FAR2"
2.68094972371368e-29,0.331450050942943,0.425,0.317,5.14474251980656e-25,"3","ABHD2"
3.84290767874747e-29,0.276338510314683,0.593,0.462,7.37453983551639e-25,"3","MAP7D1"
3.96411608367864e-29,0.326025592985497,0.43,0.319,7.60713876457931e-25,"3","YIPF6"
3.98079547672528e-29,0.363210328715617,0.437,0.328,7.63914651983581e-25,"3","RBMX2"
4.2737776844023e-29,0.2777064664775,0.634,0.506,8.20137937636801e-25,"3","KMT2A"
7.43606100330461e-29,0.32219459908047,0.418,0.307,1.42698010653415e-24,"3","RCCD1"
8.31840030525144e-29,0.253684861989161,0.755,0.633,1.59630101857775e-24,"3","CEP57"
8.75051713987337e-29,0.287061279594347,0.848,0.76,1.6792242391417e-24,"3","CDK2AP2"
8.81009591686198e-29,0.396075255077916,0.298,0.206,1.69065740644581e-24,"3","TCTA"
1.06538536185169e-28,0.278934848941911,0.442,0.325,2.0444745093934e-24,"3","EEF2K"
1.30712438594071e-28,0.308899561056408,0.503,0.385,2.50837169662022e-24,"3","RNF145"
1.55753261730808e-28,0.297034905856416,0.548,0.426,2.98890509261421e-24,"3","IFI27L1"
1.80222393643749e-28,0.340660958412802,0.319,0.223,3.45846773402355e-24,"3","UCKL1"
2.09397416445548e-28,0.331591395547421,0.425,0.318,4.01833642159006e-24,"3","BARD1"
2.29320519126781e-28,0.290061673080905,0.415,0.301,4.40066076204293e-24,"3","RNF11"
2.30813242192785e-28,0.332248568242429,0.351,0.25,4.42930611767955e-24,"3","DMAP1"
2.415627092737e-28,0.406595472128144,0.351,0.253,4.63558839096231e-24,"3","EZH2"
2.50791180951123e-28,0.290170007236728,0.526,0.401,4.81268276245204e-24,"3","TTC9C"
2.68507044687666e-28,0.272380308743382,0.655,0.532,5.1526501875563e-24,"3","ELOVL1"
2.7015797600539e-28,0.308651595495026,0.487,0.37,5.18433155954343e-24,"3","MAP2K1"
2.85570374398929e-28,0.250316151278869,0.691,0.565,5.48009548471545e-24,"3","AAK1"
3.0469413419575e-28,0.299026841766279,0.475,0.36,5.84708043521645e-24,"3","KMT5A"
3.35101448203619e-28,0.418760333616276,0.303,0.213,6.43059679102744e-24,"3","MFGE8"
3.35807781220914e-28,0.317255982385478,0.458,0.343,6.44415132162934e-24,"3","NCAPD3"
3.44964952774973e-28,0.255666850210149,0.7,0.58,6.61987744375174e-24,"3","OARD1"
3.77500287798104e-28,0.276252643603896,0.639,0.517,7.24423052284562e-24,"3","BORCS7"
4.97093559040293e-28,0.336785172330592,0.361,0.261,9.53922539798322e-24,"3","CENPJ"
5.10296259355186e-28,0.3966763426176,0.266,0.18,9.79258521702603e-24,"3","USP6NL"
5.45667534676438e-28,0.257135452225613,0.562,0.44,1.04713599904408e-23,"3","MSI2"
5.47873906705085e-28,0.331297010933413,0.496,0.383,1.05137002696706e-23,"3","SGOL2"
6.21991262667164e-28,0.374628636356374,0.329,0.234,1.19360123305829e-23,"3","CDK19"
6.72784538904456e-28,0.294758302745391,0.424,0.312,1.29107353015765e-23,"3","ELMO1"
6.82341644629781e-28,0.385625231038636,0.37,0.271,1.30941361604455e-23,"3","C14orf80"
7.9794096183998e-28,0.318789770705489,0.474,0.358,1.53124870577092e-23,"3","PDCL"
1.24790635146114e-27,0.330705423719903,0.388,0.281,2.39473228845393e-23,"3","CFAP20"
1.25061003463128e-27,0.260043135410822,0.725,0.609,2.39992065645743e-23,"3","FBXW5"
1.26588158011228e-27,0.27892277370016,0.573,0.455,2.42922675223547e-23,"3","CLINT1"
1.40754227342554e-27,0.259144565802771,0.681,0.557,2.70107362270361e-23,"3","PAFAH1B1"
1.47667877859972e-27,0.409917265121479,0.281,0.194,2.83374657613287e-23,"3","SH3GLB2"
1.71193571942151e-27,0.301902379880165,0.452,0.339,3.28520464556988e-23,"3","DBF4"
2.92762585767695e-27,0.344936768512858,0.403,0.298,5.61811402088207e-23,"3","CLIC4"
3.2706712227755e-27,0.323294698012977,0.394,0.288,6.27641807650618e-23,"3","FANCG"
3.32019604218674e-27,0.33843484836662,0.339,0.241,6.37145620495636e-23,"3","EIF4G3"
3.89595665836595e-27,0.29978279239255,0.454,0.34,7.47634082740426e-23,"3","RAP2C"
4.18086341811389e-27,0.261672033892472,0.66,0.543,8.02307689936056e-23,"3","CTDSP1"
4.32978792088491e-27,0.305871201967347,0.483,0.37,8.30886302017814e-23,"3","MARS"
5.03930205362152e-27,0.269816417933474,0.439,0.323,9.67042064089969e-23,"3","FAM127B"
6.74519445983864e-27,0.389958984981977,0.365,0.27,1.29440281684303e-22,"3","SLA"
7.20319667539068e-27,0.297757425128196,0.795,0.726,1.38229344200747e-22,"3","CITED2"
7.22463237531711e-27,0.269279060501253,0.521,0.401,1.38640695282335e-22,"3","WIPF1"
7.25276407639438e-27,0.287715860222074,0.618,0.494,1.39180542626008e-22,"3","GMPR2"
7.60532210419003e-27,0.404644795590553,0.305,0.216,1.45946131179407e-22,"3","TMPO-AS1"
8.33158510770158e-27,0.290935935326385,0.465,0.351,1.59883118216793e-22,"3","VEZF1"
1.0273464121887e-26,0.29630851159326,0.377,0.275,1.97147776499011e-22,"3","PRKACB"
1.03687376458333e-26,0.346081875447795,0.375,0.277,1.98976075423541e-22,"3","ARHGAP22"
1.14867429454272e-26,0.300015828181174,0.442,0.332,2.20430597122747e-22,"3","TRAPPC6B"
1.23905758078594e-26,0.267030988082515,0.52,0.401,2.37775149752822e-22,"3","PPM1A"
1.24691607575524e-26,0.304986504998401,0.441,0.332,2.39283194937431e-22,"3","FANCI"
1.29887870047058e-26,0.306976802975653,0.449,0.339,2.49254822620304e-22,"3","NT5C3A"
1.47076483112662e-26,0.277701774096256,0.507,0.392,2.82239771093199e-22,"3","GINM1"
1.47414547839955e-26,0.311961329918582,0.346,0.248,2.82888517304873e-22,"3","CRTC3"
1.65309033703793e-26,0.286500501021147,0.453,0.341,3.17228035677579e-22,"3","RAB22A"
1.76740363769778e-26,0.312954877417396,0.409,0.304,3.39164758074204e-22,"3","ARAF"
2.19058227588957e-26,0.289922716196688,0.37,0.269,4.20372738743209e-22,"3","FAM172A"
2.23794429315495e-26,0.378826838193313,0.3,0.212,4.29461509856435e-22,"3","PAQR3"
2.33700144617913e-26,0.351258599496684,0.287,0.199,4.48470577521776e-22,"3","TMEM65"
3.09067982056529e-26,0.349838824792296,0.324,0.232,5.93101457566479e-22,"3","CKAP5"
3.271445272983e-26,0.267603844292918,0.515,0.396,6.27790347885437e-22,"3","ASCC2"
3.44923304615222e-26,0.402928033451589,0.27,0.187,6.61907821556611e-22,"3","CLU"
3.47502455355092e-26,0.290104617649588,0.364,0.263,6.66857211826421e-22,"3","CDYL"
3.73913503404486e-26,0.252181494830281,0.698,0.579,7.17540013033209e-22,"3","HSF1"
3.87122950115829e-26,0.251027664040239,0.348,0.247,7.42888941272276e-22,"3","NUDT19"
5.02360810428745e-26,0.350873513691065,0.273,0.188,9.64030395212762e-22,"3","RP11-262H14.4"
5.05209458391124e-26,0.299083450809966,0.405,0.298,9.69496950652568e-22,"3","ZNF689"
5.618489894337e-26,0.357899398350104,0.285,0.198,1.07818821072327e-21,"3","GALM"
7.67912066836696e-26,0.26417163743162,0.492,0.374,1.47362325625962e-21,"3","NSL1"
9.96349617707899e-26,0.299921866125271,0.463,0.352,1.91199491638146e-21,"3","COQ7"
1.00057869174277e-25,0.276680991463732,0.54,0.423,1.92011050945437e-21,"3","TMEM55B"
1.10793619159949e-25,0.298227378244506,0.403,0.297,2.12612955167941e-21,"3","MAPK9"
1.30788896704885e-25,0.301186761322647,0.416,0.311,2.50983892776674e-21,"3","SMUG1"
1.45400865393975e-25,0.276345198750513,0.558,0.44,2.79024260691038e-21,"3","PCGF5"
2.01262834440704e-25,0.392163833211422,0.257,0.177,3.8622337929171e-21,"3","MEF2A"
3.06895062268688e-25,0.356990166962905,0.255,0.174,5.88931624493612e-21,"3","ZFAND2A"
3.45246576211295e-25,0.373565500586005,0.27,0.188,6.62528179749475e-21,"3","CCDC130"
4.08126147958524e-25,0.266077008544286,0.668,0.552,7.83194077932408e-21,"3","LYRM5"
4.09054149561086e-25,0.281678585433205,0.405,0.298,7.84974913007724e-21,"3","NBPF14"
4.10037447404788e-25,0.294468676806749,0.401,0.3,7.86861861569788e-21,"3","NCAPD2"
5.22947191119988e-25,0.308343247932865,0.357,0.262,1.00353565975926e-20,"3","SRA1"
6.94456470537208e-25,0.300708998287287,0.458,0.348,1.3326619669609e-20,"3","MAP1LC3B"
8.03594130782815e-25,0.268076272943073,0.566,0.449,1.54209713697222e-20,"3","PLEKHA3"
8.0548298015664e-25,0.311403413466991,0.379,0.28,1.54572183892059e-20,"3","TRIOBP"
8.34854727581665e-25,0.292215804098575,0.412,0.308,1.60208622222922e-20,"3","CDK16"
1.00008846789753e-24,0.284577867935937,0.426,0.319,1.91916976989536e-20,"3","RALB"
1.00816656751932e-24,0.268690829776271,0.481,0.369,1.93467164306957e-20,"3","MIDN"
1.06604100737054e-24,0.2552579201067,0.437,0.329,2.04573269314407e-20,"3","NDE1"
1.07922594200536e-24,0.253434849186201,0.538,0.418,2.0710345827083e-20,"3","MOB4"
1.11705192635026e-24,0.334829977245832,0.279,0.193,2.14362264666615e-20,"3","ARHGAP27"
1.17451618995959e-24,0.325490312602656,0.252,0.172,2.25389656853245e-20,"3","DEDD"
1.30912339705729e-24,0.354487309393016,0.289,0.203,2.51220779895294e-20,"3","CTD-3252C9.4"
1.85545746513963e-24,0.259480043022088,0.49,0.379,3.56062287560296e-20,"3","DCPS"
2.00060929493453e-24,0.343504322343825,0.3,0.215,3.83916923697937e-20,"3","TRIM58"
2.00755166151355e-24,0.283165593115789,0.458,0.35,3.8524916384445e-20,"3","C8orf82"
2.27406955402741e-24,0.291793250374635,0.417,0.313,4.36393947417859e-20,"3","PRAF2"
2.31830095068422e-24,0.261471800218412,0.687,0.572,4.44881952436302e-20,"3","BUD31"
3.58879810113325e-24,0.30752463405684,0.314,0.224,6.88690355607471e-20,"3","PKNOX1"
4.24589045569629e-24,0.264945078099377,0.424,0.317,8.14786378448118e-20,"3","TERF1"
6.1462550699586e-24,0.291168849455308,0.331,0.239,1.17946634792506e-19,"3","EDEM1"
8.20465346546602e-24,0.370563457036821,0.263,0.185,1.57447300002293e-19,"3","RP1-313I6.12"
1.20354458108766e-23,0.269244899440033,0.445,0.338,2.30960205110721e-19,"3","SMAP2"
1.28220083497672e-23,0.32347313705114,0.319,0.231,2.46054340232033e-19,"3","NIT1"
1.30063248878427e-23,0.252679957231836,0.587,0.467,2.49591374597702e-19,"3","WBP4"
1.71828668191933e-23,0.327197269504744,0.273,0.192,3.29739214260319e-19,"3","GTF2A1"
2.06605824025549e-23,0.284893028997285,0.327,0.236,3.96476576305028e-19,"3","C6orf106"
2.90860657934318e-23,0.291610395625267,0.308,0.22,5.58161602575957e-19,"3","KMT5B"
3.02938274084751e-23,0.276958711621488,0.351,0.255,5.81338547968638e-19,"3","TMEM127"
3.44539447724359e-23,0.353601751397486,0.29,0.208,6.61171200183044e-19,"3","CENPO"
3.60576186450165e-23,0.314911845995733,0.305,0.219,6.91945701797867e-19,"3","C11orf84"
5.93076589664521e-23,0.347994529017549,0.256,0.178,1.13811397556622e-18,"3","RRNAD1"
6.17215983257368e-23,0.283525770702932,0.325,0.234,1.18443747187089e-18,"3","FADS2"
6.48749287473097e-23,0.279874153463307,0.395,0.296,1.24494988266087e-18,"3","CXorf38"
6.76276036141893e-23,0.35893775736707,0.296,0.212,1.29777371335629e-18,"3","ARRDC4"
8.07057459953582e-23,0.290724889402028,0.273,0.192,1.54874326565092e-18,"3","ADAL"
8.81762806609525e-23,0.316417175444493,0.301,0.216,1.69210282588368e-18,"3","CDADC1"
9.2759488826047e-23,0.25678859603724,0.466,0.364,1.78005459057184e-18,"3","ACSM3"
9.61915726528845e-23,0.255349209426672,0.376,0.277,1.84591627920885e-18,"3","C5orf28"
9.98088889528694e-23,0.312243252316004,0.63,0.527,1.91533257900556e-18,"3","RNASEK"
1.26607022296252e-22,0.258629988334788,0.479,0.369,2.42958875786507e-18,"3","TMEM237"
1.27779190480241e-22,0.288998172937582,0.321,0.233,2.45208266531583e-18,"3","ST6GALNAC6"
1.38601721983922e-22,0.282658803101648,0.424,0.323,2.65976704487147e-18,"3","TRNAU1AP"
1.62786675471921e-22,0.361594958584797,0.269,0.191,3.12387630230616e-18,"3","SPSB2"
1.760114053842e-22,0.34476442304216,0.3,0.217,3.3776588693228e-18,"3","RAB24"
2.10542797131127e-22,0.2632983148962,0.367,0.271,4.04031627694633e-18,"3","CHEK2"
3.5133217055842e-22,0.3225444291588,0.29,0.207,6.74206435301607e-18,"3","ING1"
3.57769732336411e-22,0.274366038160935,0.33,0.242,6.86560116353573e-18,"3","MICU2"
4.42637899717016e-22,0.296012617209676,0.342,0.254,8.49422129556953e-18,"3","MED29"
4.67295525798084e-22,0.307748326431715,0.317,0.232,8.96740114006524e-18,"3","SIAH1"
4.8191276421227e-22,0.281557917010942,0.423,0.326,9.24790594523346e-18,"3","RAP2B"
5.38019199335797e-22,0.314877489984287,0.336,0.248,1.03245884352539e-17,"3","WSB2"
5.87333095963222e-22,0.270466556017755,0.412,0.314,1.12709221115342e-17,"3","ARHGEF1"
6.65307539741139e-22,0.26759308649418,0.332,0.243,1.27672516876325e-17,"3","ARID5A"
7.43018617591931e-22,0.304964800681413,0.289,0.206,1.42585272715892e-17,"3","ANKRA2"
8.88339152873917e-22,0.253250929813353,0.401,0.304,1.70472283436505e-17,"3","SREBF2"
8.94813501504653e-22,0.355858802628333,0.261,0.187,1.71714710938743e-17,"3","PROCR"
9.91692941492732e-22,0.27858845956544,0.3,0.216,1.90305875472455e-17,"3","WASH1"
1.07681336898178e-21,0.25831150440534,0.367,0.271,2.06640485507603e-17,"3","DOCK2"
1.24438859035444e-21,0.250190077524319,0.341,0.251,2.38798170489017e-17,"3","CTNND1"
1.37322624736059e-21,0.271204401932301,0.392,0.294,2.63522116868498e-17,"3","PSPC1"
1.40085804368392e-21,0.277653657420258,0.443,0.343,2.68824658582944e-17,"3","POLR2M"
1.71830889134655e-21,0.278196372332154,0.361,0.269,3.29743476249403e-17,"3","ZNF48"
2.35176258709677e-21,0.285774006123041,0.289,0.209,4.51303240463869e-17,"3","IL3RA"
3.04680216655939e-21,0.312805565370453,0.291,0.21,5.84681335762748e-17,"3","ASH2L"
3.06572071995605e-21,0.252747785082285,0.355,0.264,5.88311806159566e-17,"3","BCAP29"
3.29278016656146e-21,0.260069068975131,0.385,0.292,6.31884513963144e-17,"3","PELI2"
3.75334897121656e-21,0.257638126525043,0.433,0.333,7.20267667576458e-17,"3","VPS72"
3.97087139730411e-21,0.269417958288104,0.436,0.337,7.62010221142658e-17,"3","ABHD12"
4.66474916996096e-21,0.282744474176322,0.534,0.432,8.95165365715508e-17,"3","YRDC"
4.8020061090128e-21,0.268497446659023,0.4,0.305,9.21504972319557e-17,"3","C1orf186"
7.26385378145869e-21,0.346801547227742,0.54,0.438,1.39393354066192e-16,"3","HIST3H2A"
9.57613931003846e-21,0.250561079462563,0.562,0.458,1.83766113359638e-16,"3","B3GNT2"
9.77541885930576e-21,0.298644540469994,0.264,0.188,1.87590287910078e-16,"3","LATS1"
1.09672959610282e-20,0.269226140788576,0.278,0.199,2.1046240949213e-16,"3","POC1B"
1.2312104574424e-20,0.252075197516757,0.383,0.289,2.36269286783197e-16,"3","C11orf24"
1.23903056936162e-20,0.323147308665648,0.338,0.253,2.37769966260496e-16,"3","INAFM1"
1.28281419070321e-20,0.301259537063889,0.326,0.242,2.46172043195945e-16,"3","GRIPAP1"
1.37729253988737e-20,0.292013507059295,0.316,0.234,2.64302438404387e-16,"3","BCL3"
1.51916863887611e-20,0.251094314072828,0.502,0.393,2.91528461800325e-16,"3","FUZ"
1.70102872020245e-20,0.267484005667785,0.319,0.235,3.26427411406851e-16,"3","RANBP9"
1.7039203724881e-20,0.26779830471911,0.381,0.29,3.26982319480466e-16,"3","RNF44"
2.47289115771225e-20,0.454658842307294,0.421,0.339,4.74547813164981e-16,"3","TRGC1"
2.54584370010197e-20,0.304641886818995,0.253,0.18,4.88547406049568e-16,"3","SNX20"
2.84259803633536e-20,0.287954048888558,0.292,0.212,5.45494563172755e-16,"3","KIAA1191"
4.36422896783552e-20,0.264274459438052,0.379,0.288,8.37495538927636e-16,"3","MAPK3"
4.91785997586582e-20,0.251467811627488,0.466,0.367,9.43737329368652e-16,"3","RAB28"
5.12483972442356e-20,0.260034805048212,0.435,0.336,9.83456743116882e-16,"3","MGAT4B"
5.19580171912404e-20,0.295314554741841,0.273,0.197,9.97074349899903e-16,"3","PLK4"
8.18978530454362e-20,0.250374406653578,0.287,0.207,1.57161979994192e-15,"3","SLC35B3"
1.13959294917101e-19,0.265771256112091,0.318,0.236,2.18687886945916e-15,"3","NUMA1"
1.29816606274264e-19,0.27357795014266,0.332,0.248,2.49118067440312e-15,"3","NFKBID"
1.37549376856551e-19,0.268385704938898,0.414,0.319,2.63957254187722e-15,"3","PCIF1"
1.4257404263999e-19,0.362326335318778,0.295,0.22,2.73599587826141e-15,"3","PKMYT1"
1.74248048960549e-19,0.268345590955903,0.304,0.225,3.34382005955294e-15,"3","SNRK"
1.81576209837207e-19,0.313835206425648,0.271,0.197,3.484447466776e-15,"3","TMEM164"
1.99225002654486e-19,0.250722318302651,0.253,0.18,3.82312780093959e-15,"3","PPM1N"
2.09899832350757e-19,0.284125200789888,0.298,0.219,4.02797778281103e-15,"3","SNAPC1"
2.47833221321026e-19,0.297299947435478,0.27,0.197,4.75591951715049e-15,"3","CCDC77"
3.62115391868417e-19,0.26078192753355,0.292,0.214,6.94899436995492e-15,"3","RP9"
5.12551633461562e-19,0.297922371552606,0.268,0.197,9.83586584612737e-15,"3","GMEB1"
5.54253443922734e-19,0.276529046614717,0.258,0.185,1.06361235888773e-14,"3","RABGGTA"
8.19528482736995e-19,0.321300805337636,0.334,0.255,1.57267515837229e-14,"3","BEX2"
1.07269669020275e-18,0.270415309037988,0.333,0.25,2.05850494849908e-14,"3","SNX12"
1.15073573430719e-18,0.252394737376398,0.327,0.245,2.2082618741355e-14,"3","INSIG2"
1.23038016112792e-18,0.28596307960121,0.324,0.244,2.36109952920449e-14,"3","TMEM41B"
1.29378756253179e-18,0.269125588183131,0.417,0.328,2.4827783324985e-14,"3","PRIM1"
1.35644585563729e-18,0.343987932326375,0.409,0.322,2.60301959696797e-14,"3","C1orf56"
2.89895884878836e-18,0.30125532108614,0.278,0.205,5.56310203082487e-14,"3","ZNF655"
3.54814413503142e-18,0.266552624272392,0.283,0.209,6.8088885951253e-14,"3","CNOT3"
4.00802854473801e-18,0.254785941088324,0.29,0.215,7.69140677735224e-14,"3","LEO1"
6.93635932799137e-18,0.290998219190414,0.594,0.503,1.33108735504154e-13,"3","CDT1"
9.485742194329e-18,0.251319616256848,0.337,0.257,1.82031392709174e-13,"3","SUN2"
1.72126014574874e-17,0.303552923933375,0.323,0.246,3.30309821969183e-13,"3","OSER1"
1.80482787517062e-17,0.251827006792802,0.343,0.263,3.46346469245242e-13,"3","CDR2"
1.94799212780058e-17,0.275376944776106,0.272,0.201,3.73819689324932e-13,"3","ARL13B"
2.29933208526134e-17,0.276117305108836,0.303,0.227,4.41241827161651e-13,"3","COX19"
2.34309135215337e-17,0.252537836018202,0.308,0.231,4.49639230478232e-13,"3","DENND4B"
2.78661638462334e-17,0.251774077969285,0.287,0.213,5.34751684209218e-13,"3","OXNAD1"
4.79192661813111e-17,0.262076082602038,0.315,0.237,9.1957071801936e-13,"3","CEP152"
8.60077654030899e-17,0.306110850478786,0.263,0.196,1.6504890180853e-12,"3","PPIL4"
1.57049592531849e-16,0.255176532681727,0.292,0.219,3.01378168068619e-12,"3","KHNYN"
2.26175384855108e-16,0.285831981848569,0.256,0.19,4.34030563536952e-12,"3","PREPL"
2.91961246332798e-16,0.341022404179041,0.255,0.192,5.60273631712639e-12,"3","SMAD3"
3.5902544889891e-16,0.251716990213829,0.321,0.245,6.88969836437008e-12,"3","SKAP2"
5.73708751738005e-16,0.25862066598678,0.279,0.209,1.10094709458523e-11,"3","CEP57L1"
8.8526012941902e-16,0.270879922226278,0.252,0.188,1.6988141883551e-11,"3","AVEN"
1.33584132327199e-15,0.267289540808987,0.262,0.196,2.56347949935894e-11,"3","DAAM1"
5.51338741679579e-15,0.316928980386279,0.255,0.193,1.05801904528311e-10,"3","TSC22D1"
1.39227578794194e-14,0.305553130003139,0.478,0.396,2.67177723706058e-10,"3","GOLIM4"
2.6072076367503e-13,0.251212163258188,0.322,0.256,5.00323145492382e-09,"3","FAM229B"
3.01543721621219e-13,0.251503112063375,0.301,0.236,5.78662401791119e-09,"3","CYB5D2"
1.82066316888038e-11,0.286752478796741,0.557,0.475,3.49385262108145e-07,"3","NCOA7"
2.95611002384737e-11,0.265688278721534,0.258,0.201,5.6727751357631e-07,"3","ZFP36"
1.09148481219224e-08,0.283689342169164,0.614,0.529,0.00020945593545969,"3","SNHG12"
0,2.34095460498199,0.677,0.275,0,"4","CSF2RB"
0,2.28554166357966,0.833,0.457,0,"4","SOCS1"
0,1.86565214915948,0.811,0.506,0,"4","S100A4"
0,1.55476463976967,0.749,0.452,0,"4","SAMSN1"
0,2.26434525759801,0.429,0.136,0,"4","SEMA7A"
0,1.26095185483329,0.839,0.572,0,"4","GATA2"
0,1.3356538515755,0.935,0.806,0,"4","S100A6"
0,0.777205075685209,1,0.999,0,"4","SH3BGRL3"
4.9993770593186e-304,1.83460212714779,0.514,0.216,9.5938045768324e-300,"4","SLC45A3"
9.50067333532776e-302,0.6504128839754,1,1,1.8231792130494e-297,"4","GPX1"
3.21278759414653e-268,1.00804953425156,0.968,0.891,6.16533939316719e-264,"4","LGALS1"
3.05419314284187e-258,1.69981835090831,0.68,0.426,5.86099664111355e-254,"4","MLLT3"
1.94405431791822e-243,2.32522985012214,0.378,0.143,3.73064023608506e-239,"4","PTGS1"
1.23087723610327e-242,0.615559475310486,1,1,2.36205341608218e-238,"4","FTH1"
2.78163981395537e-238,1.71628814524676,0.487,0.225,5.33796680298036e-234,"4","BHLHE40"
3.5501143339769e-229,1.25926267941474,0.771,0.561,6.81266940690167e-225,"4","PTRF"
3.67416145743886e-212,2.19260316689747,0.304,0.103,7.05071583682517e-208,"4","ABCC4"
9.38618697428107e-208,0.908997693646919,0.869,0.762,1.80120928036454e-203,"4","OAZ2"
3.89265794781628e-200,1.13896912814454,0.802,0.589,7.47001060185944e-196,"4","TPSB2"
4.76907666989326e-192,0.854089846704677,0.968,0.947,9.15185812952517e-188,"4","DBI"
5.84840339077884e-191,1.30627007553973,0.831,0.71,1.12230861069046e-186,"4","SOCS2"
2.09838463937737e-189,0.309690644515953,0.999,1,4.02680012296517e-185,"4","MT-CO2"
4.83066989655118e-188,0.483127227652374,0.993,0.987,9.27005553148172e-184,"4","NOP10"
8.93283928358946e-185,0.733548960402122,0.936,0.866,1.71421185852082e-180,"4","PIM1"
1.68440535486175e-177,0.945028530110007,0.821,0.673,3.2323738759797e-173,"4","EMP3"
1.55988908513078e-175,0.596316286125602,0.987,0.967,2.99342715436597e-171,"4","CD63"
1.13729463111926e-174,1.52727128217132,0.695,0.529,2.18246839711786e-170,"4","MIIP"
2.07416671121411e-173,1.26962101045228,0.545,0.317,3.98032591881988e-169,"4","TESPA1"
1.54607447217462e-165,0.773924896980493,0.857,0.763,2.96691691210309e-161,"4","GLO1"
1.56731282211057e-162,2.10580761676782,0.344,0.151,3.00767330563018e-158,"4","ALOX5AP"
2.48228441443388e-161,1.77857861538537,0.306,0.122,4.76350379129862e-157,"4","CMPK2"
7.1533666557382e-159,0.873759112686822,0.842,0.771,1.37273106123616e-154,"4","ST3GAL4"
2.09128328927259e-155,2.91618303564142,0.25,0.091,4.01317263211409e-151,"4","CYTIP"
2.67410128191537e-155,0.69539125348052,0.909,0.827,5.1316003599956e-151,"4","LIMD2"
4.89920986861406e-150,1.08941841606454,0.654,0.44,9.40158373787039e-146,"4","TPSAB1"
8.48274988940975e-146,0.281403213469188,1,1,1.62783970377773e-141,"4","COX7A2"
2.15658229860752e-143,2.85173295911829,0.253,0.096,4.13848143102783e-139,"4","LAT"
3.00695343442084e-143,0.262218204713506,1,1,5.77034364065359e-139,"4","PFN1"
1.40516008405377e-137,1.03379374321311,0.678,0.51,2.69650220129919e-133,"4","AP001171.1"
4.12001774548587e-137,0.472617254241653,0.982,0.977,7.90631405358738e-133,"4","ATP6V0B"
7.22119718925285e-133,1.38051893241081,0.443,0.255,1.38574774061762e-128,"4","SOS1"
8.16275737555507e-131,2.77436657557966,0.424,0.236,1.56643314036902e-126,"4","CXCL8"
3.8047483652989e-130,0.415347699639249,0.996,0.994,7.30131211300858e-126,"4","TPI1"
2.6151469656574e-128,0.579003902110693,0.965,0.919,5.01846702709656e-124,"4","PTMS"
1.7588368572337e-127,0.596579491591008,0.926,0.889,3.37520792903148e-123,"4","MRPL41"
2.72830419777029e-125,0.539968736063985,0.958,0.945,5.23561575552118e-121,"4","CALM1"
6.14421965359833e-117,0.365727480985557,0.987,0.981,1.17907575152552e-112,"4","PRR13"
1.49336097557106e-116,1.16900656837283,0.501,0.326,2.86575971212086e-112,"4","CISH"
5.47958205882076e-116,0.415470753519205,0.976,0.966,1.0515317970877e-111,"4","PPP1R14B"
1.06924897285849e-113,0.507699906963655,0.95,0.913,2.05188877891545e-109,"4","LMO4"
1.08258831290007e-110,0.371205296375589,0.994,0.991,2.07748697245523e-106,"4","CLIC1"
1.8698576895976e-110,0.772684887302234,0.851,0.759,3.5882569063378e-106,"4","TYROBP"
3.56992771273495e-110,0.940655691163846,0.735,0.614,6.85069128073836e-106,"4","SLC16A3"
2.84048699908157e-107,0.676201586402185,0.881,0.857,5.45089455123754e-103,"4","SVIP"
5.67221200652698e-107,0.706070136678977,0.829,0.747,1.08849748405253e-102,"4","TGFB1"
4.9982148479283e-105,0.881577052910082,0.624,0.477,9.59157429317441e-101,"4","LPCAT2"
5.43235021124386e-105,1.56560918040972,0.29,0.14,1.0424680055377e-100,"4","RNF144A"
3.75578585717548e-103,0.623244015920132,0.855,0.792,7.20735305991975e-99,"4","VASP"
4.0673700818816e-101,1.56010532667578,0.389,0.23,7.80528318713079e-97,"4","OSM"
6.11990305211642e-100,1.52461657493253,0.381,0.222,1.17440939570114e-95,"4","PIM2"
2.26152625288382e-99,0.30525088920696,1,1,4.33986887928406e-95,"4","FTL"
2.82144603095273e-98,1.66482103215529,0.273,0.131,5.41435493339828e-94,"4","CAMK1D"
5.92358660363084e-97,1.31208723891285,0.332,0.175,1.13673626923676e-92,"4","SLC27A2"
6.99089017481754e-96,0.318619691858188,0.99,0.991,1.34155182454749e-91,"4","GADD45GIP1"
1.10308301613891e-94,0.654962860635575,0.79,0.704,2.11681630797056e-90,"4","C4orf48"
3.00807335549232e-91,0.82237477162215,0.632,0.481,5.77249276918977e-87,"4","GPAT3"
7.78544696010913e-90,1.10228869137462,0.398,0.239,1.49402727164494e-85,"4","SLC2A6"
2.60533174347752e-89,0.425607418938564,0.934,0.916,4.99963161573337e-85,"4","COTL1"
2.57805189823387e-85,0.393417959677055,0.958,0.955,4.94728159271079e-81,"4","DCTPP1"
1.42205458315635e-84,1.3576423733838,0.261,0.13,2.72892274507704e-80,"4","IKZF2"
1.97672881012929e-83,0.860666632901164,0.716,0.605,3.79334258663811e-79,"4","FO538757.2"
2.21432138798082e-83,0.49677928358465,0.879,0.859,4.24928274353519e-79,"4","UBE2M"
3.84980777316711e-83,0.609608798044809,0.856,0.794,7.38778111670767e-79,"4","TNNT1"
9.13828909054202e-83,0.85541722197239,0.581,0.433,1.75363767647501e-78,"4","GCSAML"
2.1240331693019e-82,0.436812467968949,0.925,0.911,4.07601965189034e-78,"4","PFDN2"
9.99784345735074e-80,0.711138874447289,0.951,0.921,1.91858615946561e-75,"4","LAPTM5"
1.35576038802849e-78,1.21706308044741,0.39,0.251,2.60170418462667e-74,"4","C10orf128"
6.61044236419196e-78,0.657763980792261,0.805,0.765,1.26854388968844e-73,"4","SELK"
6.48423682961799e-77,1.00759390891287,0.624,0.508,1.24432504760369e-72,"4","TIMP1"
1.29429975971343e-76,0.513847291514734,0.783,0.723,2.48376123889007e-72,"4","RPAIN"
1.69141263855363e-75,0.75069390569629,0.787,0.72,3.24582085338442e-71,"4","SQSTM1"
3.82994455986231e-75,0.356466008251204,0.975,0.972,7.34966361037578e-71,"4","DRAP1"
7.37338792154491e-75,0.678253984457488,0.802,0.728,1.41495314214447e-70,"4","CITED2"
1.98351891431908e-74,0.410661798382629,0.958,0.935,3.80637279657832e-70,"4","PLP2"
8.77407723886742e-74,0.394996061924498,0.938,0.929,1.68374542213866e-69,"4","C9orf78"
1.24689301916136e-73,0.312080356528319,0.972,0.98,2.39278770377065e-69,"4","SLIRP"
9.70246846270928e-73,0.38676440976508,0.954,0.93,1.86190369799391e-68,"4","SPINT2"
1.50444473308076e-71,0.66786924145241,0.658,0.549,2.88702944278197e-67,"4","ARHGAP15"
1.69111046469035e-71,0.377319705428008,0.967,0.954,3.24524098174079e-67,"4","VAPA"
6.28910019105441e-71,1.15908687268142,0.376,0.244,1.20687832666334e-66,"4","ATP6V0A1"
2.92476031730418e-70,1.53654840815408,0.254,0.136,5.61261504890673e-66,"4","DOK2"
5.20006585991954e-70,0.425664721673368,0.934,0.92,9.9789263851856e-66,"4","LYPLA1"
2.46606064733257e-69,0.44470610588481,0.885,0.856,4.7323703822312e-65,"4","TEX30"
5.1703918825638e-69,0.419277215726513,0.924,0.899,9.92198202263993e-65,"4","MAX"
2.2912309863114e-65,0.424835364556407,0.845,0.811,4.39687226273158e-61,"4","SLBP"
4.01957347064354e-64,0.2756870760254,0.988,0.985,7.71356149016494e-60,"4","ZFAS1"
4.89749487948801e-64,0.378525198615681,0.908,0.899,9.39829267373749e-60,"4","NAA10"
2.61234926200224e-63,0.963559104093699,0.465,0.338,5.01309823378231e-59,"4","TRGC1"
8.2695589215888e-63,0.68845433253858,0.609,0.511,1.58692835705289e-58,"4","PTBP3"
3.12737705210191e-62,0.781555937292048,0.536,0.419,6.00143656298357e-58,"4","ALS2"
1.68466827891855e-61,0.467176676487126,0.789,0.73,3.2328784272447e-57,"4","ADIPOR1"
3.16179242772443e-61,1.41562538212689,0.312,0.191,6.06747966880319e-57,"4","IGFBP4"
5.53174245195246e-60,0.751654979134562,0.602,0.521,1.06154137652968e-55,"4","TP53RK"
5.64142747717269e-60,0.51758248681888,0.755,0.706,1.08258993286944e-55,"4","SLC39A4"
2.16638903942165e-59,0.334627881536006,0.99,0.99,4.15730056665015e-55,"4","MYL6"
7.97700899539966e-59,1.24844890486633,0.302,0.186,1.53078802621719e-54,"4","LTC4S"
3.42364563279124e-58,0.308557777033752,0.932,0.928,6.5699759693264e-54,"4","BAG1"
3.92261085391004e-57,0.317893198567971,0.977,0.963,7.52749022865336e-53,"4","RHOG"
6.44343967757805e-57,0.645953295136697,0.678,0.589,1.23649607412723e-52,"4","RHOH"
1.06043657437317e-56,0.33627101803718,0.956,0.938,2.03497778622212e-52,"4","GPSM3"
2.02578174809585e-56,1.19572728748263,0.614,0.548,3.88747517459594e-52,"4","SLC40A1"
1.26267544686723e-55,1.06462736524685,0.429,0.303,2.42307418253821e-51,"4","RAB27B"
4.97785007151621e-55,0.745448958523416,0.63,0.539,9.5524942872396e-51,"4","JUNB"
7.27983436325956e-55,0.470307556790737,0.936,0.939,1.39700021430951e-50,"4","CD44"
9.14769121071094e-55,0.258760727852425,0.979,0.982,1.75544194333543e-50,"4","USMG5"
1.43141803337246e-54,0.329971674143778,0.931,0.916,2.74689120604175e-50,"4","UBE2N"
6.94517746008527e-54,0.561621216569331,0.663,0.585,1.33277955459036e-49,"4","CCDC106"
2.62262083810733e-53,0.644505327755895,0.722,0.645,5.03280938832796e-49,"4","IDS"
8.209013229222e-53,0.804282390594531,0.523,0.425,1.5753096386877e-48,"4","PSTPIP2"
7.49595700475986e-51,0.772724232125635,0.503,0.398,1.43847414921342e-46,"4","KCNK6"
7.89563785532872e-51,0.916267656987153,0.389,0.277,1.51517290443758e-46,"4","CD84"
9.17001171601946e-51,0.672298824744295,0.578,0.447,1.75972524830413e-46,"4","GFI1B"
1.76921051744363e-50,0.472706181258292,0.768,0.729,3.39511498297433e-46,"4","ADI1"
3.87077198027585e-50,1.00344704349317,0.33,0.22,7.42801143014936e-46,"4","ASMTL"
1.03278522943972e-49,0.323445720211874,0.948,0.935,1.98191485529483e-45,"4","MRPL52"
1.58800326347729e-49,1.46171261007893,0.322,0.214,3.04737826261291e-45,"4","IL1B"
2.96197995775945e-49,0.459041087932347,0.727,0.667,5.68403953894038e-45,"4","TIMM17A"
2.22336204243822e-48,0.302642554710585,0.956,0.945,4.26663175943894e-44,"4","EIF4G2"
4.00709913418991e-48,0.331508893188586,0.947,0.928,7.68962323851044e-44,"4","ATP6V0E1"
4.08365815239683e-48,0.306799615839786,0.963,0.958,7.83653999444951e-44,"4","MAZ"
1.03691618601815e-47,0.926796433909595,0.388,0.282,1.98984216096883e-43,"4","AHNAK"
2.6413181005558e-47,0.304114977961782,0.941,0.935,5.06868943496658e-43,"4","MLF2"
1.02768312364816e-46,0.39021266438839,0.844,0.823,1.97212391428083e-42,"4","MOB1A"
5.82751895585275e-46,0.908704730370082,0.373,0.268,1.11830088762814e-41,"4","MEX3B"
4.87698767056544e-45,0.279119114499777,0.943,0.946,9.35893933981509e-41,"4","RPS19BP1"
8.40695664169272e-45,0.496113215776268,0.714,0.668,1.61329497954083e-40,"4","ARRB2"
2.94309043701681e-44,0.327483127904947,0.925,0.909,5.64779054863526e-40,"4","CYBA"
8.72853482181295e-44,0.784365997279335,0.402,0.299,1.6750058323059e-39,"4","NME3"
1.14298236953696e-42,0.786606265342035,0.588,0.519,2.19338316714142e-38,"4","OXT"
1.28502014314076e-42,0.330466058644561,0.889,0.87,2.46595365468712e-38,"4","ARPC4"
1.79173649110445e-42,0.700222926129481,0.424,0.311,3.43834232642945e-38,"4","E2F1"
2.21833117831902e-42,0.428002711877017,0.831,0.778,4.2569775311942e-38,"4","CCND3"
5.46353886398078e-42,0.331799565458158,0.871,0.855,1.04845310799791e-37,"4","LSM10"
8.81361828306602e-42,0.546183046823165,0.519,0.414,1.69133334852037e-37,"4","GINS2"
3.33053312415199e-41,0.89425659501398,0.358,0.259,6.39129306524766e-37,"4","MIR155HG"
1.4326732548946e-40,0.457116497226057,0.732,0.69,2.74929997614273e-36,"4","SLC25A33"
1.51933455859866e-40,0.308808311231152,0.912,0.896,2.91560301795083e-36,"4","CD82"
1.59174985188504e-40,0.286708106630299,0.939,0.937,3.05456796576739e-36,"4","VDAC2"
3.09357814909397e-40,0.387340655158596,0.766,0.701,5.93657646811132e-36,"4","IQGAP2"
4.77288749249966e-40,0.358417616651758,0.89,0.875,9.15917109810685e-36,"4","ARPC1B"
5.41055589080111e-40,0.278037069305565,0.971,0.971,1.03828567544473e-35,"4","TAGLN2"
4.7297578905649e-39,1.03592505598914,0.298,0.204,9.07640539199404e-35,"4","PTP4A3"
5.45998469226044e-39,0.720019314936364,0.462,0.373,1.04777106244478e-34,"4","G6PD"
1.34196308932359e-38,0.292665212849051,0.952,0.936,2.57522716841198e-34,"4","RAC2"
1.4252526145122e-38,0.675110730364237,0.491,0.407,2.73505976724891e-34,"4","TNIP1"
3.56356247030602e-38,0.870197615482506,0.432,0.345,6.83847638051726e-34,"4","CLDND1"
4.30918213903623e-38,0.358383920146143,0.807,0.787,8.26932052481053e-34,"4","DGUOK"
5.85382125358398e-38,0.342053558999515,0.886,0.882,1.12334829856277e-33,"4","NDUFV2"
1.56724924736279e-37,0.409521080365698,0.704,0.664,3.00755130568919e-33,"4","BID"
6.75328018761683e-37,0.352125541376071,0.821,0.802,1.29595446800367e-32,"4","CHPT1"
1.128013439903e-36,0.981638548120835,0.388,0.302,2.16465779117386e-32,"4","GFOD1"
1.84497362327038e-36,0.904486730221134,0.316,0.224,3.54050438305586e-32,"4","ITPR2"
2.31138780260898e-36,0.330576280941598,0.873,0.869,4.43555319320662e-32,"4","SFT2D1"
3.79409538363459e-36,0.958905717473689,0.447,0.37,7.28086904119478e-32,"4","ACSM3"
4.12926849588076e-36,0.390170958016237,0.763,0.734,7.92406624359517e-32,"4","SYNGR2"
5.13974142871938e-36,0.714779372247455,0.352,0.25,9.8631638017125e-32,"4","PSMC3IP"
2.69186870055984e-35,0.292023338385274,0.904,0.907,5.16569603637434e-31,"4","CYCS"
3.02362381311043e-35,0.369695942960505,0.78,0.746,5.80233409735892e-31,"4","SNHG15"
4.13047672099049e-35,0.449790761146322,0.679,0.631,7.92638482758075e-31,"4","USP48"
5.87073612567233e-35,0.505464839207958,0.609,0.55,1.12659426251652e-30,"4","DDA1"
7.05674504618248e-35,0.322170470277516,0.859,0.849,1.35418937436242e-30,"4","MAPKAPK3"
7.96167756217302e-35,0.516825999044558,0.675,0.624,1.527845924181e-30,"4","IER2"
9.78145190062012e-34,0.63898684068315,0.505,0.439,1.877060619729e-29,"4","YRDC"
3.54030948771986e-33,0.458632853340779,0.485,0.376,6.79385390693442e-29,"4","UNG"
3.90415156470237e-33,0.300697557076707,0.863,0.853,7.49206685266385e-29,"4","DDX5"
5.42205045200615e-33,0.558130372149621,0.465,0.381,1.04049148173998e-28,"4","ZMYND19"
7.92006577427367e-33,0.333005483683903,0.837,0.825,1.51986062208312e-28,"4","DYNLRB1"
9.91179024954817e-33,0.338944843782314,0.787,0.768,1.90207254888829e-28,"4","SRSF8"
2.55591058553223e-32,0.298012645310673,0.863,0.862,4.90479241363635e-28,"4","MRPL4"
7.56091129622123e-32,0.976485798435643,0.463,0.395,1.45093887774485e-27,"4","FHL2"
8.57994168840135e-32,0.669365791593242,0.386,0.3,1.64649081000422e-27,"4","CXorf38"
8.68954037395552e-32,0.404402944620079,0.692,0.645,1.66752279776206e-27,"4","RRBP1"
1.27916388498643e-31,1.0015668072111,0.467,0.4,2.45471549528896e-27,"4","MLLT11"
8.41655905408081e-31,0.25251301846415,0.921,0.915,1.61513768247811e-26,"4","WDR83OS"
1.23320141034994e-30,0.251995267244954,0.934,0.93,2.36651350646153e-26,"4","SEC61G"
2.15968294655714e-30,0.663650239727792,0.688,0.659,4.14443157444315e-26,"4","CD52"
2.30526490968245e-30,0.700208989638445,0.381,0.298,4.42380336168062e-26,"4","RPS6KA5"
3.81991815277573e-30,0.263203439843751,0.886,0.884,7.33042293517662e-26,"4","ACP1"
6.73564199668404e-30,0.880997578561893,0.262,0.18,1.29256969916367e-25,"4","RHBDD2"
9.5502467634254e-30,0.370350763365806,0.763,0.743,1.83269235390133e-25,"4","SLC25A11"
1.33457038902485e-29,0.258430724674395,0.873,0.871,2.56104057653869e-25,"4","LSM1"
1.47605352554389e-29,0.446671927345194,0.664,0.624,2.83254671551873e-25,"4","ARHGEF6"
2.40480322610474e-29,0.514474182865919,0.702,0.659,4.61481739089499e-25,"4","MARCKSL1"
2.7602315825126e-29,0.293363625483465,0.889,0.882,5.29688440684167e-25,"4","RGS19"
2.95538552423757e-29,0.405886646538866,0.78,0.749,5.67138482101189e-25,"4","EIF1B"
5.07755385377514e-29,0.594072539346771,0.504,0.437,9.74382584539449e-25,"4","MPP1"
7.61159895215606e-29,0.912880598347741,0.385,0.307,1.46066583891875e-24,"4","BTG2"
9.09393863547156e-29,0.686584327484267,0.546,0.494,1.74512682414699e-24,"4","DUSP6"
1.66716811036427e-28,0.288441482095542,0.889,0.882,3.19929560378904e-24,"4","DAD1"
2.19161266261021e-28,0.57403732747237,0.452,0.378,4.205704699549e-24,"4","MAP2K1"
9.00111612812953e-28,0.51823642447094,0.577,0.528,1.72731418498806e-23,"4","CD68"
1.32277695531559e-27,0.260551368028905,0.889,0.887,2.53840897725062e-23,"4","TOMM40"
1.34152478972196e-27,0.412950016578478,0.64,0.59,2.57438607147644e-23,"4","FAM60A"
1.90381257332628e-27,0.451333513392129,0.748,0.726,3.65341632821313e-23,"4","ARL6IP5"
2.7327541544405e-27,0.442953091007696,0.687,0.66,5.24415522237131e-23,"4","TBPL1"
4.77065182646037e-27,0.675920343855189,0.433,0.363,9.15488085497744e-23,"4","ZBTB16"
6.34754045790877e-27,0.440768570573248,0.636,0.59,1.21809301387269e-22,"4","ARL8B"
1.22246972684637e-26,0.392728920322362,0.633,0.59,2.34591940581818e-22,"4","SCNM1"
2.91994227373956e-26,0.998982866413546,0.255,0.182,5.60336922330621e-22,"4","ALDH1A1"
3.01666789776965e-26,0.605680515446936,0.642,0.609,5.78898569581996e-22,"4","SPNS1"
1.18868867298201e-25,0.529717634517228,0.539,0.485,2.28109356345248e-21,"4","UBE2F"
1.75459216280417e-25,0.731729915656262,0.266,0.19,3.3670623604212e-21,"4","MT1X"
3.30994907626036e-25,0.517768706106932,0.507,0.445,6.35179227734362e-21,"4","HIST3H2A"
5.58493869207987e-25,0.373851978600353,0.674,0.634,1.07174973501013e-20,"4","SLC50A1"
5.84730394767051e-25,0.346102330071462,0.72,0.701,1.12209762755797e-20,"4","TADA3"
1.01622266825756e-24,0.471459323680652,0.48,0.411,1.95013130038626e-20,"4","MCMBP"
1.19705012227024e-24,0.394945132442864,0.626,0.584,2.2971391846366e-20,"4","CERS2"
1.4910990258954e-24,0.627394683681111,0.406,0.336,2.86141903069328e-20,"4","TRAF4"
1.72471799495977e-24,0.253168940319019,0.867,0.868,3.3097338323278e-20,"4","HEBP2"
2.35050698391678e-24,0.43187776130233,0.821,0.805,4.51062290213631e-20,"4","GSTO1"
2.8673393762394e-24,0.408718114493855,0.604,0.55,5.50242426300341e-20,"4","CHMP5"
3.1261294428821e-24,0.479075623666419,0.559,0.5,5.99904240089076e-20,"4","NUDT14"
5.35238080316841e-24,0.307897320444923,0.761,0.739,1.02712187612802e-19,"4","SLC39A1"
5.50547743895917e-24,0.78770864250143,0.3,0.231,1.05650112053627e-19,"4","RASSF5"
5.85495383429257e-24,0.326256365323337,0.707,0.682,1.12356564080074e-19,"4","PHF20"
7.79789800060127e-24,0.4644774825852,0.565,0.509,1.49641662631538e-19,"4","PTPN6"
8.35834524733011e-24,0.547374926595738,0.437,0.371,1.60396645296265e-19,"4","ATP6V0A2"
8.7666032115194e-24,0.255355999891278,0.895,0.888,1.68231115629057e-19,"4","GRB2"
1.21676008132313e-23,0.564904901539216,0.558,0.51,2.33496259605908e-19,"4","MCL1"
1.85692785802096e-23,0.441156876974152,0.534,0.479,3.56344455954221e-19,"4","TMEM134"
4.08744506834811e-23,0.360529146347619,0.666,0.63,7.84380708616003e-19,"4","TMEM9B"
1.01816447148865e-22,0.64190318586857,0.413,0.351,1.95385762078673e-18,"4","LCP2"
1.07014765486825e-22,0.825470605664018,0.333,0.265,2.05361334969217e-18,"4","GMPR"
1.59306815403352e-22,0.479977068683615,0.524,0.473,3.05709778759032e-18,"4","JUND"
1.81159694071259e-22,0.425890782094783,0.439,0.362,3.47645452922747e-18,"4","MSH6"
2.57834830250443e-22,0.295977204115416,0.746,0.728,4.947850392506e-18,"4","AHSA1"
2.83937913103834e-22,0.303383385277706,0.813,0.78,5.44876855246258e-18,"4","PPP1R18"
5.463519524651e-22,0.365883885822094,0.648,0.623,1.04844939678053e-17,"4","POLR3K"
5.96738306209601e-22,0.924612854816865,0.261,0.196,1.14514080961622e-17,"4","MTURN"
6.03676587834119e-22,0.498044224007658,0.711,0.691,1.15845537205367e-17,"4","MYL12A"
6.96263264039738e-22,0.431256955059037,0.601,0.574,1.33612920369226e-17,"4","STK4"
7.66623765963583e-22,1.01735265066738,0.313,0.251,1.47115100688412e-17,"4","SLC44A1"
8.16969048173964e-22,0.636783962410319,0.412,0.349,1.56776360344584e-17,"4","SNAP23"
1.30740250031861e-21,0.275203788279435,0.79,0.783,2.50890539811141e-17,"4","MRPS23"
1.51412871673094e-21,0.522766417245316,0.514,0.47,2.90561300740667e-17,"4","OSTF1"
1.55153174174385e-21,0.292432963988087,0.807,0.794,2.97738941240645e-17,"4","EIF4A1"
1.63970036831904e-21,0.296238373507966,0.74,0.735,3.14658500680424e-17,"4","FAM96B"
2.06536944320559e-21,0.588664355731588,0.449,0.39,3.96344396151152e-17,"4","NABP1"
2.12946151329593e-21,0.437570593041251,0.645,0.622,4.0864366440149e-17,"4","FHL3"
2.65505189143602e-21,0.470544293165644,0.522,0.472,5.09504457966572e-17,"4","GAB3"
3.05279401318516e-21,0.73706595067447,0.31,0.246,5.85831171130233e-17,"4","PCTP"
5.90201969118011e-21,0.777835975779878,0.344,0.279,1.13259757873746e-16,"4","PPP1R15A"
8.26800096660689e-21,0.491948252406198,0.454,0.392,1.58662938549186e-16,"4","NR2C2AP"
8.80290653178695e-21,0.474307144325216,0.505,0.459,1.68927776344992e-16,"4","CYB5R4"
1.36237407916154e-20,0.267510174381335,0.785,0.768,2.614395857911e-16,"4","NDUFA8"
1.46105079781819e-20,0.721390482647648,0.309,0.244,2.80375648101311e-16,"4","CPPED1"
1.59121317187765e-20,0.433830772786893,0.577,0.544,3.05353807683322e-16,"4","CCDC57"
3.66009989300773e-20,0.337094906086221,0.645,0.618,7.02373169468183e-16,"4","RPA2"
3.80220500614946e-20,0.302446932574494,0.761,0.75,7.29643140680082e-16,"4","CDC123"
4.85088164864336e-20,0.281632409756465,0.749,0.742,9.30884188374661e-16,"4","BLOC1S2"
6.61693247831121e-20,0.715217949944858,0.435,0.384,1.26978934258792e-15,"4","TWSG1"
7.16183834486067e-20,0.509143813839246,0.575,0.543,1.37435677837876e-15,"4","CDC42SE1"
7.79789452623358e-20,0.281556791204871,0.853,0.861,1.49641595958422e-15,"4","RGS10"
9.5947864705597e-20,0.311869993651998,0.663,0.784,1.84123952370041e-15,"4","NEAT1"
9.78578960823767e-20,0.54483119460733,0.377,0.315,1.87789302582081e-15,"4","C12orf73"
1.16059102702758e-19,0.27372683909108,0.747,0.746,2.22717418086594e-15,"4","RWDD4"
1.27561847710979e-19,0.261516666472569,0.772,0.748,2.4479118575737e-15,"4","NOP16"
2.47772862155795e-19,0.352822716723469,0.657,0.636,4.7547612247697e-15,"4","MBOAT7"
2.50162180480034e-19,0.538290502048457,0.412,0.352,4.80061224341184e-15,"4","STXBP5"
3.1477120544136e-19,0.56407935047911,0.39,0.331,6.0404594324197e-15,"4","GDF11"
3.24861409454668e-19,0.861849715928277,0.268,0.209,6.23409044743508e-15,"4","TGFBR2"
3.89214809195022e-19,0.41134283563895,0.606,0.572,7.46903218845247e-15,"4","SELT"
4.12543544468963e-19,0.391353311420422,0.596,0.567,7.91671061835939e-15,"4","RITA1"
6.45111529756619e-19,0.477948291187819,0.59,0.56,1.23796902560295e-14,"4","RASGRP3"
1.06944210625564e-18,0.377122353527453,0.594,0.568,2.05225940190457e-14,"4","IAH1"
1.23432938898424e-18,0.440089236714132,0.476,0.425,2.36867809746076e-14,"4","TCEB3"
1.30741909308382e-18,0.321843162991067,0.664,0.641,2.50893723962786e-14,"4","EIF4E2"
1.62536564535779e-18,0.379390377894138,0.557,0.513,3.1190766734416e-14,"4","B3GAT3"
1.63413254263224e-18,0.318740830298495,0.715,0.706,3.13590034931126e-14,"4","AES"
1.72077043374463e-18,0.374771454029931,0.597,0.563,3.30215846235595e-14,"4","HPCAL1"
1.98908651412075e-18,0.380121965801283,0.57,0.537,3.81705702059771e-14,"4","ZPR1"
3.9769253757118e-18,0.339478430822959,0.674,0.652,7.63171979599094e-14,"4","TSPAN4"
4.35257033863947e-18,0.328032285669022,0.704,0.684,8.35258247984914e-14,"4","CHST11"
4.70610837364251e-18,0.501628225257339,0.61,0.585,9.03102196901998e-14,"4","PDLIM1"
4.84160755206156e-18,0.695210919320981,0.305,0.244,9.29104489240614e-14,"4","CD55"
6.69422961812461e-18,0.699919741371528,0.276,0.217,1.28462266371811e-13,"4","ARRDC4"
7.72549971650503e-18,0.529042103587607,0.432,0.384,1.48252339559732e-13,"4","RARA"
8.58859894300167e-18,0.886442125240223,0.286,0.23,1.64815213716202e-13,"4","ALAS1"
1.0052420863436e-17,0.521838748318292,0.463,0.414,1.92905956369337e-13,"4","GADD45A"
1.17134106892184e-17,0.275757387893552,0.796,0.795,2.24780351126101e-13,"4","TBCB"
1.90208780784612e-17,0.631458158985483,0.314,0.254,3.6501065032567e-13,"4","NUDT19"
2.04572262447744e-17,0.329997108694351,0.714,0.691,3.92574171637221e-13,"4","ZFAND6"
2.09959682184581e-17,0.26094724044347,0.831,0.819,4.02912630112211e-13,"4","LINC00998"
3.10891769070377e-17,0.398008840845168,0.511,0.465,5.96601304846053e-13,"4","CLINT1"
4.55209546119572e-17,0.573258616742572,0.383,0.334,8.73547119003458e-13,"4","EEF2K"
4.88604028748712e-17,0.380173970542978,0.443,0.379,9.37631131168778e-13,"4","MCM5"
6.39992794368981e-17,0.458344845931827,0.443,0.389,1.22814617239407e-12,"4","DAPK1"
1.77913612655782e-16,0.392277887225833,0.511,0.468,3.41416222686446e-12,"4","RP11-352M15.2"
1.82836820108808e-16,0.321649918610008,0.891,0.886,3.50863857788802e-12,"4","ITM2B"
2.46000229153625e-16,0.313150127406072,0.681,0.653,4.72074439745806e-12,"4","ELMSAN1"
2.55380023779699e-16,0.489722700374235,0.477,0.436,4.90074265633243e-12,"4","HNRNPLL"
2.8110521232518e-16,0.370026479829365,0.603,0.578,5.39440902452021e-12,"4","RAB6A"
2.90460855432179e-16,0.494918430462117,0.431,0.384,5.57394381574352e-12,"4","BCL2L1"
3.14470324403382e-16,0.359599279113889,0.602,0.585,6.03468552530089e-12,"4","NUDT22"
4.50323760157489e-16,0.389009520425161,0.508,0.468,8.64171295742221e-12,"4","GLRX2"
6.09721000646507e-16,0.278368382788052,0.664,0.63,1.17005460024065e-11,"4","ITPA"
6.67080230296469e-16,0.360187383196625,0.641,0.597,1.28012696193892e-11,"4","CKB"
7.01999344285848e-16,0.277341695171798,0.948,0.953,1.34713674168454e-11,"4","CDC42"
7.42933946231706e-16,0.3129378511007,0.645,0.616,1.42569024281864e-11,"4","DYNLT1"
8.326295860753e-16,0.28131848529202,0.714,0.709,1.5978161756785e-11,"4","TDG"
1.28238812057713e-15,0.411915772480786,0.441,0.391,2.46090280338751e-11,"4","ALKBH2"
1.75498429378747e-15,0.492195740616644,0.437,0.392,3.36781485977816e-11,"4","ESYT1"
1.89144726665487e-15,0.574501330584804,0.389,0.345,3.6296873047107e-11,"4","CAPN1"
2.12627596518121e-15,0.287099763518707,0.649,0.632,4.08032357718273e-11,"4","GPN3"
2.74782469290939e-15,0.295833703272015,0.63,0.607,5.27307558569312e-11,"4","ENOPH1"
2.92460509718753e-15,0.322916169181666,0.548,0.513,5.61231718150287e-11,"4","PIGX"
3.16291806364396e-15,0.297302635556763,0.654,0.638,6.06963976413276e-11,"4","GOLGA7"
3.85215120409155e-15,0.324530493192611,0.565,0.531,7.39227816065168e-11,"4","HRAS"
4.11932002426225e-15,0.3821426103036,0.485,0.442,7.90497512655925e-11,"4","GRPEL1"
4.31028340776286e-15,0.362359370110785,0.555,0.525,8.27143385949693e-11,"4","CCDC28B"
4.61803240700601e-15,0.359447899840576,0.548,0.517,8.86200418904453e-11,"4","NUTM2A-AS1"
4.98804478287233e-15,0.514588717923611,0.419,0.376,9.57205793833201e-11,"4","TAX1BP3"
5.96071946518385e-15,0.573811700314738,0.397,0.352,1.14386206536878e-10,"4","YPEL5"
6.11443068957548e-15,0.337279581527096,0.622,0.595,1.17335924932954e-10,"4","PDLIM2"
6.44205536609867e-15,0.527865595071831,0.628,0.61,1.23623042475433e-10,"4","MT2A"
7.56485142546168e-15,0.290154678071045,0.688,0.681,1.4516949885461e-10,"4","ECHS1"
7.98147907028491e-15,0.54028585276525,0.461,0.418,1.53164583358767e-10,"4","HACD1"
8.41141740148456e-15,0.542328294521515,0.378,0.331,1.61415099934489e-10,"4","FAM110A"
9.59541649760267e-15,0.301181661104254,0.666,0.653,1.84136042588995e-10,"4","TEX264"
1.02201803680673e-14,0.257990977786222,0.716,0.716,1.96125261263212e-10,"4","PHF5A"
1.59073968634649e-14,0.252561800666139,0.655,0.633,3.05262945809892e-10,"4","NOLC1"
1.60749748145008e-14,0.279530583642174,0.615,0.599,3.08478766690271e-10,"4","NCBP2-AS2"
1.7492622733671e-14,0.422006782613835,0.441,0.401,3.35683430259147e-10,"4","ZNF768"
1.89017109616562e-14,0.346532416301157,0.59,0.558,3.62723833354183e-10,"4","HOXB4"
2.44382409458583e-14,0.512381586137912,0.402,0.357,4.68969843751021e-10,"4","MAP1LC3B"
2.62066486010113e-14,0.351437900705652,0.656,0.637,5.02905586653406e-10,"4","MANF"
3.15037777670338e-14,0.488572633380433,0.346,0.297,6.04557495349379e-10,"4","GALE"
3.25767771732379e-14,0.394805016864885,0.47,0.43,6.25148353954435e-10,"4","SBDS"
3.32539198321948e-14,0.485015777544308,0.411,0.37,6.38142721579817e-10,"4","TNFAIP8"
4.62090372413096e-14,0.297025859593146,0.657,0.642,8.86751424660731e-10,"4","RSRP1"
4.63504487654038e-14,0.655855055770536,0.26,0.208,8.89465111808098e-10,"4","TRIM16"
4.97815399489108e-14,0.445529975158778,0.352,0.298,9.55307751619598e-10,"4","DTL"
8.12816130717272e-14,0.510583929610326,0.356,0.31,1.55979415484645e-09,"4","RNF11"
8.79424419980614e-14,0.311689325123807,0.594,0.569,1.6876154619428e-09,"4","PAFAH1B1"
1.16383856043852e-13,0.308520123998853,0.702,0.685,2.23340619748152e-09,"4","C10orf54"
1.69036328729359e-13,0.642802212930743,0.309,0.264,3.24380714831641e-09,"4","TM7SF2"
1.96502248398516e-13,0.337007405919402,0.52,0.481,3.77087814676752e-09,"4","ARL6IP6"
2.2425215884877e-13,0.451235599650916,0.4,0.359,4.3033989283079e-09,"4","C8orf82"
3.03084990412875e-13,0.260926685301297,0.696,0.7,5.81620096602308e-09,"4","RNF126"
3.18155383303278e-13,0.445685349660787,0.598,0.582,6.10540180558991e-09,"4","LPXN"
3.34272805530368e-13,0.275648315631061,0.643,0.621,6.41469513812777e-09,"4","PTGES2"
3.41112873966059e-13,0.494234045724336,0.405,0.367,6.54595605140866e-09,"4","ITGAL"
3.78538568482221e-13,0.500184328189571,0.328,0.279,7.26415512917383e-09,"4","SELPLG"
4.01018853376712e-13,0.584175402453783,0.256,0.207,7.6955517962991e-09,"4","HYAL3"
4.28657860586785e-13,0.563812083688056,0.41,0.373,8.22594434466040e-09,"4","TMBIM1"
4.35557471452457e-13,0.356973853089193,0.701,0.697,8.35834787717266e-09,"4","CD47"
4.95264260115126e-13,0.325331378948477,0.588,0.571,9.50412115160926e-09,"4","TSC22D4"
5.81882473786125e-13,0.291151155725039,0.621,0.608,1.11663246719557e-08,"4","UBE2Q1"
6.42446280443982e-13,0.281604906896767,0.696,0.686,1.232854412172e-08,"4","ARF4"
7.14430972411978e-13,0.324271912656946,0.685,0.682,1.37099303605859e-08,"4","RAP1A"
8.10340976063433e-13,0.524816998375628,0.341,0.296,1.55504433306573e-08,"4","C11orf24"
9.03491577244657e-13,0.474170136000495,0.431,0.397,1.7338003367325e-08,"4","AP1B1"
9.26857685692409e-13,0.309181845331054,0.696,0.698,1.77863989884373e-08,"4","TMEM179B"
9.67310142967636e-13,0.313706272445727,0.593,0.578,1.85626816435489e-08,"4","NDUFS4"
1.01764440987413e-12,0.309450177126286,0.598,0.582,1.95285962254846e-08,"4","AGPAT5"
1.04614592172215e-12,0.39188109325932,0.451,0.418,2.0075540237848e-08,"4","MAP2K3"
1.07884205950938e-12,0.301983830749768,0.619,0.595,2.0702979121985e-08,"4","FERMT3"
1.11193905311502e-12,0.26223639426306,0.679,0.671,2.13381104292771e-08,"4","ZNF580"
1.2351366739695e-12,0.550401661832909,0.332,0.286,2.37022727734747e-08,"4","BSDC1"
1.25744963818037e-12,0.371493658399403,0.493,0.464,2.41304585566812e-08,"4","SYAP1"
1.44256747575208e-12,0.361431946165592,0.544,0.52,2.76828698596825e-08,"4","CAPZA2"
1.54918753231948e-12,0.289624626674074,0.6,0.581,2.97289087452107e-08,"4","NDUFAF6"
1.63886407136229e-12,0.303631107993227,0.691,0.687,3.14498015294424e-08,"4","CCNG1"
1.75820019759568e-12,0.32662822014154,0.52,0.493,3.37398617918611e-08,"4","CCDC137"
1.93259210037022e-12,0.273619219490542,0.664,0.666,3.70864424061046e-08,"4","GNB2"
1.99358790707016e-12,0.408116071803435,0.465,0.433,3.82569519366763e-08,"4","EXOSC4"
1.99969687193276e-12,0.403056484195938,0.414,0.375,3.83741829723897e-08,"4","SNAPC2"
2.23078921364031e-12,0.250494692243104,0.726,0.716,4.28088450097575e-08,"4","HIGD1A"
3.30415359689286e-12,0.437820960582873,0.374,0.33,6.3406707524374e-08,"4","FTSJ2"
3.43119646208318e-12,0.309563672193642,0.662,0.664,6.58446601073762e-08,"4","EFHD2"
3.71654536170235e-12,0.376576570912672,0.483,0.446,7.13205054910682e-08,"4","AP1S2"
4.22811155540006e-12,0.486296755541656,0.335,0.29,8.11374607481271e-08,"4","CFAP20"
4.25911294046134e-12,0.519496048832905,0.338,0.294,8.17323773274532e-08,"4","IL4R"
5.47527059174708e-12,0.463327758541693,0.431,0.396,1.05070442655626e-07,"4","RNF145"
1.03865532042376e-11,0.251002643004984,0.715,0.714,1.99317955989319e-07,"4","UFM1"
1.08286620740295e-11,0.399438537708672,0.437,0.403,2.07802025200627e-07,"4","SH3BP1"
1.08706275977203e-11,0.509651426894735,0.398,0.363,2.08607343600253e-07,"4","SERTAD2"
1.27011203136586e-11,0.301126717737575,0.636,0.634,2.43734498819109e-07,"4","NARF"
1.33394613649505e-11,0.80581853966715,0.421,0.386,2.559842635934e-07,"4","S100A10"
1.43699835741568e-11,0.399545985642039,0.454,0.427,2.75759984788069e-07,"4","MAP4K4"
1.51590651283489e-11,0.336817432926491,0.705,0.696,2.90902459813016e-07,"4","CST3"
1.68546643766135e-11,0.475177348796875,0.32,0.276,3.23441009387213e-07,"4","NAT6"
1.88007546925198e-11,0.578009633545137,0.308,0.266,3.60786482549455e-07,"4","CMIP"
2.24420733037326e-11,0.295125256262737,0.567,0.548,4.3066338669863e-07,"4","APOPT1"
3.72385673277134e-11,0.460366894472616,0.386,0.349,7.14608107018821e-07,"4","NT5C3A"
4.3481872994275e-11,0.332891968021501,0.608,0.583,8.34417142760136e-07,"4","HOXB2"
5.18993665729926e-11,0.468753400492269,0.344,0.304,9.95948844535728e-07,"4","HK2"
5.2792472252685e-11,0.450447424510245,0.448,0.417,1.01308754252902e-06,"4","RALA"
6.19667749363083e-11,0.254167010866246,0.622,0.615,1.18914241102776e-06,"4","BAD"
6.42265687573104e-11,0.427780699992676,0.374,0.337,1.23250785445279e-06,"4","OTULIN"
6.489538225501e-11,0.514912063537901,0.329,0.292,1.24534238547364e-06,"4","NOL4L"
6.61288771707561e-11,0.275038204428258,0.608,0.595,1.26901315290681e-06,"4","ZNF75A"
6.95020196279472e-11,0.25687537671272,0.661,0.659,1.33374375666031e-06,"4","DDRGK1"
7.5828170091633e-11,0.302045966944638,0.51,0.483,1.45514258405844e-06,"4","GTPBP4"
7.71427663428439e-11,0.470751365835829,0.425,0.391,1.48036968611917e-06,"4","FCER1G"
9.44589505932622e-11,0.50060674549254,0.295,0.25,1.8126672618847e-06,"4","PPP1R14A"
1.45647482838518e-10,0.387546974930625,0.366,0.329,2.79497519567115e-06,"4","PLIN2"
1.53074099288083e-10,0.552995012526205,0.333,0.296,2.93749196533832e-06,"4","C6orf1"
1.58599352814913e-10,0.398158587243236,0.38,0.342,3.04352158051818e-06,"4","NFKBIB"
1.68350329675842e-10,0.497551895491777,0.255,0.21,3.23064282647941e-06,"4","ACD"
1.83619322311282e-10,0.356151256954457,0.447,0.417,3.5236547951535e-06,"4","AKAP9"
2.02536967920827e-10,0.331818283874975,0.483,0.461,3.88668441440066e-06,"4","PLEKHA3"
2.06801042410501e-10,0.428277458104223,0.368,0.33,3.96851200385752e-06,"4","EIF1AD"
2.67640367828101e-10,0.376758675104932,0.423,0.392,5.13601865862126e-06,"4","U2AF1L4"
5.6016881209831e-10,0.641915405301759,0.281,0.243,1.07496395041666e-05,"4","LRRC8B"
5.62623711483863e-10,0.269985945357756,0.61,0.603,1.07967490233753e-05,"4","NABP2"
5.73276328790871e-10,0.30513469679781,0.482,0.457,1.10011727494968e-05,"4","CHAF1A"
6.1679628771799e-10,0.251692881314579,0.658,0.657,1.18363207613082e-05,"4","STUB1"
6.37162241520885e-10,0.423423250489094,0.407,0.377,1.22271434147858e-05,"4","ATP8B4"
6.55214608447857e-10,0.432819233787879,0.566,0.546,1.25735683361144e-05,"4","SOD2"
6.6554938683484e-10,0.348176347482847,0.457,0.434,1.27718927333606e-05,"4","AKT1S1"
8.64626379219814e-10,0.257699891629525,0.627,0.621,1.65921802172282e-05,"4","ABT1"
1.05458208912477e-09,0.505127735737812,0.295,0.256,2.02374302903043e-05,"4","STX11"
1.07114756204619e-09,0.256160767213548,0.565,0.548,2.05553217156663e-05,"4","TTC19"
1.07653508373906e-09,0.260351104297342,0.592,0.584,2.06587082569525e-05,"4","PANK2"
1.10152040281606e-09,0.339297076508585,0.696,0.694,2.11381765300402e-05,"4","MRPL16"
1.11316613620296e-09,0.261163005680249,0.566,0.552,2.13616581537349e-05,"4","ISG20L2"
1.45032594016785e-09,0.540580692277129,0.324,0.284,2.78317547918211e-05,"4","ATP1B1"
1.9295680147996e-09,0.41332498787251,0.459,0.435,3.70284102040043e-05,"4","TWISTNB"
2.06390096559921e-09,0.266366758826043,0.7,0.693,3.96062595298489e-05,"4","LAPTM4A"
2.52628328464061e-09,0.306827100812434,0.509,0.489,4.84793762322533e-05,"4","FAM195A"
2.53591547867051e-09,0.505779270633491,0.368,0.329,4.86642180356871e-05,"4","C1orf56"
2.63318961202691e-09,0.509263631427005,0.261,0.223,5.05309086547965e-05,"4","FAM174A"
2.82841018947182e-09,0.554600035001242,0.254,0.216,5.42771915359641e-05,"4","GDI1"
2.882061087068e-09,0.258545546988656,0.577,0.568,5.53067522608348e-05,"4","SNHG10"
3.25318282743232e-09,0.260648383821055,0.635,0.635,6.24285784584262e-05,"4","LYN"
3.25866626204148e-09,0.539338613629957,0.294,0.259,6.25338055685761e-05,"4","TLE3"
3.27655431980185e-09,0.35584025804587,0.479,0.459,6.28770773969975e-05,"4","PLEKHF2"
3.43416175952239e-09,0.339996205661377,0.465,0.444,6.59015641652347e-05,"4","CYB5B"
4.36386100003581e-09,0.251107476061047,0.397,0.353,8.37424925906872e-05,"4","MCM4"
4.47749948675765e-09,0.345922659147816,0.484,0.468,8.59232151508792e-05,"4","CARD19"
4.58673640564042e-09,0.477109997725335,0.352,0.322,8.80194716242396e-05,"4","PTPN1"
5.46342873509412e-09,0.280505456835288,0.566,0.555,0.000104843197426456,"4","RHOF"
5.88469644595715e-09,0.259217781638944,0.535,0.526,0.000112927324797918,"4","ARIH2"
5.98646690691454e-09,0.300535034869771,0.467,0.44,0.00011488029994369,"4","TAF7"
6.05966190584876e-09,0.437041721066584,0.372,0.341,0.000116284911973238,"4","ATP2A1-AS1"
7.11068505007387e-09,0.441475452437004,0.335,0.3,0.000136454046110918,"4","SWAP70"
7.1551943916241e-09,0.369576349268023,0.398,0.369,0.000137308180375266,"4","LINC01481"
7.38184589155676e-09,0.348323764168724,0.412,0.382,0.000141657622658974,"4","VPS4A"
7.3836453998223e-09,0.294006296869641,0.499,0.475,0.00014169215522259,"4","AKAP17A"
8.56479905624601e-09,0.333728521731399,0.438,0.42,0.000164358493889361,"4","FTSJ1"
9.27919465065794e-09,0.423143516003815,0.406,0.382,0.000178067745346126,"4","SPATS2"
9.89899064494082e-09,0.361452781895786,0.382,0.349,0.000189961630476414,"4","PCSK7"
1.05350674960685e-08,0.332788299293841,0.431,0.408,0.000202167945249554,"4","TMEM189"
1.08790796821783e-08,0.310173910937881,0.334,0.29,0.000208769539101001,"4","MCM6"
1.14561734220449e-08,0.451243299082882,0.27,0.232,0.000219843967969041,"4","RP11-115C21.2"
1.25940531771889e-08,0.251111488021186,0.613,0.605,0.000241679880470255,"4","GMCL1"
1.28025886350598e-08,0.355160254075986,0.437,0.417,0.000245681675906797,"4","FLAD1"
1.5068263389668e-08,0.278689459714115,0.551,0.543,0.000289159974447728,"4","ARID4B"
1.7773641931709e-08,0.275825873695422,0.55,0.542,0.000341076188669496,"4","SLC52A2"
1.784379575787e-08,0.31976844277791,0.562,0.549,0.000342422440593524,"4","PMAIP1"
1.88218994387446e-08,0.270324493680257,0.476,0.452,0.000361192250229509,"4","MSI2"
2.33451514817742e-08,0.332858058335535,0.415,0.386,0.000447993456935247,"4","RNF168"
2.34639834474604e-08,0.3668839882615,0.415,0.39,0.000450273842356765,"4","DCPS"
2.3844410140144e-08,0.29511901411021,0.535,0.525,0.000457574230589364,"4","EMC7"
2.64876395474964e-08,0.33472911076602,0.373,0.338,0.000508297802916457,"4","ERVK3-1"
2.89842314292627e-08,0.314731159059927,0.529,0.521,0.000556207401127552,"4","YIF1B"
2.90180278103403e-08,0.284952042524397,0.495,0.485,0.000556855953680431,"4","CDKN2AIPNL"
3.52931736244253e-08,0.389496927753465,0.296,0.26,0.000677276001852722,"4","INAFM1"
3.76124040231508e-08,0.262932814693384,0.53,0.518,0.000721782033204263,"4","ACIN1"
3.81948754947538e-08,0.385480810143691,0.567,0.566,0.000732959660744325,"4","PDLIM7"
5.11948999579005e-08,0.34290080757453,0.419,0.393,0.00098243013019211,"4","MIR222HG"
5.44333245655897e-08,0.484435280594093,0.324,0.296,0.00104457549841367,"4","C18orf32"
5.52938203422472e-08,0.540040714385392,0.264,0.229,0.00106108841236772,"4","RP11-182L21.6"
5.92735983315104e-08,0.468505712304065,0.286,0.254,0.00113746035198168,"4","ORAI3"
7.00490644565664e-08,0.357091649650514,0.398,0.373,0.00134424154692151,"4","PLGRKT"
7.08357264215278e-08,0.397459082081185,0.388,0.364,0.00135933759002912,"4","SHC1"
7.59320166062806e-08,0.400251590839958,0.304,0.27,0.00145713539867452,"4","CASP3"
8.84203366404164e-08,0.525727515652543,0.258,0.225,0.00169678626012959,"4","CNST"
9.63547749570042e-08,0.2819617441778,0.53,0.524,0.00184904813142491,"4","WAS"
9.9678488421334e-08,0.357900129428801,0.37,0.342,0.0019128301928054,"4","VPS37B"
1.15466414885901e-07,0.418282515043364,0.348,0.32,0.00221580050166045,"4","CCDC189"
1.27919577674876e-07,0.500723930203833,0.313,0.283,0.00245477669558088,"4","VCL"
1.40953389949699e-07,0.406946388301573,0.266,0.231,0.00270489555313473,"4","RP11-872J21.3"
1.41491552886279e-07,0.281452755809518,0.539,0.534,0.00271522289988768,"4","FAM177A1"
1.46794114090958e-07,0.289185127061416,0.48,0.467,0.00281697904940549,"4","ESRRA"
2.00869100790265e-07,0.472185283978121,0.272,0.242,0.00385467804416519,"4","LRP10"
2.04423861720913e-07,0.332060471667788,0.424,0.403,0.00392289390642432,"4","STAMBP"
2.16131390721571e-07,0.256527748313804,0.543,0.537,0.00414756138794695,"4","TMX2"
2.20338619200684e-07,0.264863544364601,0.489,0.476,0.00422829810246113,"4","RNF34"
2.30913993720947e-07,0.391998921982696,0.324,0.293,0.00443123953950497,"4","HEXIM1"
2.40492204284401e-07,0.381431160235757,0.357,0.33,0.00461504540021765,"4","GUCY1B3"
2.50602912197671e-07,0.465908488903803,0.272,0.241,0.0048090698850733,"4","DENND1B"
2.53324718442994e-07,0.312209796172888,0.464,0.448,0.00486130134692106,"4","MLX"
2.61746385261638e-07,0.39183335719769,0.26,0.224,0.00502291313317084,"4","TMEM120B"
3.05757609262241e-07,0.27840122404218,0.425,0.401,0.00586748852174241,"4","WDR46"
3.41058590544252e-07,0.456564967321095,0.312,0.282,0.00654491435254419,"4","SFXN1"
3.80301163148392e-07,0.45102555649841,0.263,0.234,0.00729797932081765,"4","OCEL1"
4.50865796251749e-07,0.321838764777896,0.511,0.513,0.00865211463007106,"4","MAPK6"
4.61008235418047e-07,0.382131791024713,0.327,0.299,0.00884674803767231,"4","GLA"
5.11283705562e-07,0.332207699361365,0.416,0.397,0.00981153430973477,"4","AGPAT1"
5.16090222700399e-07,0.368454898495674,0.361,0.339,0.00990377137362066,"4","DCP1A"
5.3929562603319e-07,0.311806190178073,0.289,0.253,0.0103490830635769,"4","AC011043.1"
5.75098209939061e-07,0.338022112150987,0.537,0.536,0.0110361346487306,"4","BMP2K"
6.20394064250038e-07,0.375223413086116,0.47,0.464,0.0119053620929582,"4","PHACTR2"
6.37717612741612e-07,0.479404239893578,0.311,0.285,0.0122378009885115,"4","ARL8A"
6.61570710819669e-07,0.301460277413806,0.481,0.474,0.0126955419406295,"4","MECP2"
8.28565781258125e-07,0.372979300260984,0.376,0.354,0.0159001773423434,"4","GALNT2"
8.90196241554886e-07,0.277389664356044,0.508,0.501,0.0170828658754383,"4","TERF2IP"
9.51035801326133e-07,0.255285254866373,0.559,0.553,0.0182503770274485,"4","ETFB"
9.62978488050944e-07,0.324899660053651,0.499,0.494,0.0184795571856976,"4","FAM89B"
9.94116325429873e-07,0.62166222327099,0.259,0.23,0.0190770922849993,"4","C2orf88"
1.00884544057937e-06,0.32359648020949,0.406,0.39,0.019359744004718,"4","PIP4K2A"
1.01519413615382e-06,0.297429887958824,0.575,0.575,0.0194815754727918,"4","SAT1"
1.03564229185947e-06,0.404126582120449,0.55,0.555,0.0198739755807831,"4","H1F0"
1.07727538061355e-06,0.393838744098198,0.32,0.293,0.020672914553974,"4","RRP9"
1.11529943080871e-06,0.476109486117709,0.295,0.268,0.0214025960772192,"4","METRN"
1.14280117109299e-06,0.319362926922969,0.344,0.316,0.0219303544732744,"4","PMPCA"
1.36482795714862e-06,0.296105267900692,0.448,0.436,0.026191048497682,"4","BOLA2B"
1.41316313200252e-06,0.333208629609558,0.273,0.241,0.0271186005031284,"4","RFC4"
1.4856739525222e-06,0.358465253137216,0.323,0.295,0.0285100831489009,"4","PELO"
1.5957342411315e-06,0.345637865024323,0.275,0.241,0.0306221400873136,"4","CTB-31O20.2"
1.83099967959821e-06,0.399335713227654,0.366,0.349,0.0351368838514897,"4","WBP2"
1.83192616153859e-06,0.340011781485306,0.358,0.334,0.0351546630399255,"4","SIRT7"
1.87907932264366e-06,0.447749902797244,0.252,0.222,0.0360595322015319,"4","LPIN1"
2.02703008455583e-06,0.375297776086759,0.299,0.271,0.0388987073226263,"4","TMEM206"
2.04718559909506e-06,0.386500749044191,0.292,0.263,0.0392854916466342,"4","BYSL"
2.23686955649893e-06,0.393676835856757,0.333,0.31,0.0429255267892146,"4","SPRYD7"
2.24595651207518e-06,0.259908809480763,0.511,0.508,0.0430999054667227,"4","KCMF1"
2.30966867578487e-06,0.691445521818574,0.284,0.26,0.0443225418883117,"4","TXNIP"
2.33652154432976e-06,0.253267016694464,0.533,0.532,0.0448378484356881,"4","BORCS7"
2.60388242046887e-06,0.324596574558428,0.403,0.384,0.0499685036487976,"4","RBM18"
2.69619276148738e-06,0.325386211943381,0.377,0.354,0.0517399390929428,"4","MRS2"
2.72436699836928e-06,0.498557020325007,0.255,0.228,0.0522806026987064,"4","PRDM8"
3.13905229368343e-06,0.353945955556465,0.38,0.368,0.060238413515785,"4","ZNF576"
3.14774844104972e-06,0.533988739603649,0.251,0.225,0.0604052925837442,"4","COQ10B"
3.29687028513813e-06,0.285557965301201,0.433,0.42,0.0632669407718007,"4","HSPA14"
3.33173458223111e-06,0.281297624345053,0.426,0.411,0.0639359866330151,"4","BAK1"
3.5531976261275e-06,0.404211490578755,0.437,0.429,0.0681858624453867,"4","DEXI"
3.56450877936769e-06,0.41220840083883,0.569,0.582,0.0684029234760659,"4","TPST2"
3.68031606671285e-06,0.401502173607523,0.321,0.298,0.0706252653202196,"4","SYNJ2"
3.83468797861905e-06,0.390193132384674,0.274,0.245,0.0735876623096996,"4","PNMA1"
4.18098781474007e-06,0.315251261472676,0.315,0.285,0.080233156164862,"4","CDC6"
4.66062320756041e-06,0.379525395407502,0.265,0.237,0.0894373593530842,"4","FRMD8"
4.79037058314585e-06,0.288977931689714,0.415,0.4,0.0919272114905689,"4","ST20"
4.96161538000522e-06,0.32592731062041,0.461,0.455,0.0952133991423002,"4","TACC1"
4.99347207056541e-06,0.398478090144981,0.367,0.35,0.0958247290341502,"4","BIN2"
5.06308398698229e-06,0.271817757404683,0.462,0.453,0.0971605817101902,"4","PPP1R12A"
5.83574733061944e-06,0.648448019131099,0.352,0.34,0.111987991274587,"4","PPFIBP1"
6.89375853536124e-06,0.317517000369785,0.303,0.275,0.132291226293582,"4","DIS3"
7.32788803152186e-06,0.263022536277835,0.483,0.48,0.140622171324905,"4","B3GALT6"
8.38700187429301e-06,0.283769762818619,0.442,0.432,0.160946565967683,"4","MOB4"
8.8979459914362e-06,0.255169962329408,0.493,0.492,0.170751583575661,"4","TAF12"
9.81999029184756e-06,0.348673271761095,0.354,0.334,0.188445613700555,"4","MAML1"
9.82729774657166e-06,0.347984848749076,0.375,0.36,0.18858584375671,"4","TRAPPC4"
9.91228120169123e-06,0.274364130610887,0.471,0.464,0.190216676260455,"4","VAMP7"
1.05123820703061e-05,0.40606360369788,0.329,0.307,0.201732611929173,"4","ICAM2"
1.14683681882065e-05,0.399526236594914,0.297,0.275,0.220077985531682,"4","VAMP4"
1.19994181882207e-05,0.328204915573221,0.375,0.357,0.230268835031954,"4","PPP3R1"
1.20644996588579e-05,0.299229707432618,0.425,0.413,0.231517748453483,"4","PNO1"
1.30278646171662e-05,0.320814837661325,0.465,0.461,0.25000472200342,"4","ADAM10"
1.39719714706262e-05,0.467836804258331,0.25,0.227,0.268122132521316,"4","SEMA4D"
1.91312974137452e-05,0.362738044246357,0.29,0.266,0.367129597369771,"4","RP11-706O15.1"
2.13829410594668e-05,0.265550696464256,0.427,0.421,0.410338638931169,"4","C5orf24"
2.13853712349225e-05,0.293039874169815,0.438,0.437,0.410385273998163,"4","MRPL46"
2.3751270080072e-05,0.259256668216137,0.473,0.469,0.455786872836581,"4","TROVE2"
2.44643270626111e-05,0.339242798668947,0.415,0.408,0.469470436331507,"4","TFPT"
2.44728298231494e-05,0.28103513160238,0.425,0.413,0.469633604306236,"4","UXS1"
2.68369919014203e-05,0.398035212233921,0.268,0.245,0.515001874588255,"4","C6orf106"
3.01281007983175e-05,0.393583885332724,0.29,0.266,0.578158254319713,"4","CD3EAP"
3.30147315737018e-05,0.287001126174072,0.414,0.405,0.633552698899338,"4","BAZ2A"
3.45067159539303e-05,0.277966330105044,0.438,0.432,0.662183879155922,"4","MTFR1L"
3.45649348536117e-05,0.467695017836819,0.337,0.323,0.663301099840808,"4","AKAP13"
3.46932731839381e-05,0.265512844422625,0.429,0.417,0.665763912399772,"4","VPS37A"
4.01761681751937e-05,0.255983017038952,0.512,0.512,0.770980667281967,"4","C4orf32"
4.61031795541289e-05,0.251774629623053,0.592,0.603,0.884720015643734,"4","PTTG1IP"
4.82158397953971e-05,0.318240006933558,0.388,0.38,0.925261965673671,"4","TMEM242"
4.93677994166565e-05,0.300560621880031,0.358,0.343,0.947368070805638,"4","EIF2B4"
4.97878056084653e-05,0.390664801615721,0.288,0.268,0.955427989626448,"4","XPC"
7.67055206013134e-05,0.308870358221677,0.28,0.257,1,"4","CTB-58E17.1"
7.76350577386644e-05,0.329434872890284,0.313,0.295,1,"4","DEF8"
9.32153085447625e-05,0.309820206061322,0.368,0.356,1,"4","ARHGAP30"
9.41351292465139e-05,0.317584298152022,0.386,0.377,1,"4","PPP2CB"
9.88787384670792e-05,0.33127511546153,0.338,0.326,1,"4","HAGH"
0.000102442214480919,0.375090787088603,0.34,0.326,1,"4","RP3-477O4.14"
0.000104215386037254,0.303613091087289,0.371,0.356,1,"4","DBNL"
0.000108354535013222,0.383488815595182,0.418,0.413,1,"4","POLD4"
0.000109152332583931,0.328646390790151,0.303,0.281,1,"4","RAD51"
0.000123648599911307,0.393317098808677,0.26,0.24,1,"4","ANTXR2"
0.000124144191159279,0.254417111405885,0.479,0.479,1,"4","GTF3C5"
0.00013600995886112,0.382011799056696,0.254,0.233,1,"4","CHFR"
0.000150028663008659,0.263671771760915,0.33,0.312,1,"4","NADK"
0.000166213202782243,0.365788464025666,0.34,0.329,1,"4","ABHD2"
0.000169886824696689,0.257965158695674,0.408,0.395,1,"4","BRWD1"
0.000171587999526641,0.315565047735346,0.31,0.294,1,"4","RAB35"
0.00017370000798625,0.374423371821709,0.358,0.348,1,"4","TSG101"
0.000188621388856933,0.44544601310558,0.298,0.281,1,"4","TRPM4"
0.000194006519293692,0.281266454272852,0.357,0.341,1,"4","MGME1"
0.000194698139561599,0.2714325777194,0.391,0.382,1,"4","MRPL49"
0.000205182312043443,0.256007303267989,0.422,0.423,1,"4","JKAMP"
0.000208699722472576,0.323685371845142,0.387,0.381,1,"4","TRAPPC6A"
0.000210542981804334,0.264741098335574,0.445,0.438,1,"4","CD151"
0.000236400254459966,0.300172363234741,0.459,0.466,1,"4","HOXB6"
0.000241873371938326,0.296120693619232,0.32,0.304,1,"4","PGAM5"
0.000273349898043485,0.321358932595419,0.314,0.296,1,"4","TBC1D7"
0.000312414127652,0.268244618577233,0.291,0.271,1,"4","RFC2"
0.000348777681554306,0.278311237064276,0.38,0.374,1,"4","LLNLR-245B6.1"
0.000348800097723598,0.347255394047122,0.317,0.307,1,"4","TMC6"
0.000385754466415062,0.261999946895429,0.362,0.348,1,"4","PCGF6"
0.000398592455309276,0.288986808974335,0.368,0.358,1,"4","AKT1"
0.000411829187698107,0.347941995329497,0.258,0.242,1,"4","ST6GALNAC6"
0.000413737894812265,0.291245655668954,0.393,0.387,1,"4","MIB2"
0.000427283777609695,0.281868714338249,0.3,0.279,1,"4","C11orf71"
0.000469807863265096,0.291773153364409,0.326,0.309,1,"4","CCDC86"
0.000489157085195992,0.337669129258952,0.301,0.288,1,"4","COQ10A"
0.000553505003079855,0.34095855033713,0.295,0.278,1,"4","FASN"
0.000561162226655148,0.275867307244509,0.368,0.364,1,"4","POLR3D"
0.00057244745594985,0.272857227096271,0.388,0.38,1,"4","SARS"
0.000581410823042902,0.310780140218977,0.333,0.319,1,"4","SASH3"
0.000607266200211286,0.406219537759645,0.254,0.238,1,"4","CXorf40A"
0.000609449497078057,0.25721672594783,0.347,0.334,1,"4","LTV1"
0.000627379934832227,0.341458620759552,0.304,0.293,1,"4","TMEM199"
0.000634017955367448,0.26874511247924,0.383,0.382,1,"4","NRBP1"
0.000664248643875766,0.310645582093405,0.363,0.354,1,"4","CHMP1B"
0.000686303475666974,0.324368901126918,0.435,0.438,1,"4","GAPT"
0.000687587872762167,0.269726880510234,0.388,0.382,1,"4","NECAP2"
0.000735938534296023,0.402265079923318,0.299,0.286,1,"4","PRKACB"
0.000775196496392034,0.575320372005837,0.519,0.517,1,"4","CRIP1"
0.000807293928596987,0.253601533793509,0.355,0.347,1,"4","MGAT4B"
0.000811953925118442,0.366554842343062,0.283,0.267,1,"4","DDIT3"
0.000829382313979985,0.252100776992583,0.356,0.346,1,"4","DDX55"
0.000925896973014015,0.308620277066239,0.279,0.262,1,"4","SENP5"
0.000996584531117365,0.308303471763781,0.344,0.336,1,"4","SEC14L1"
0.00100061642344071,0.3496962245493,0.261,0.245,1,"4","PACSIN2"
0.00106718396789713,0.373572439973806,0.273,0.259,1,"4","TOR4A"
0.00107383095788332,0.260399231212371,0.398,0.392,1,"4","TMED4"
0.00113262741588622,0.331141132859349,0.28,0.266,1,"4","RMDN3"
0.00120822386162465,0.348308669318361,0.276,0.263,1,"4","UNC13D"
0.00152405233664468,0.291235020533811,0.321,0.31,1,"4","FCHO1"
0.00176309474978351,0.296936193118667,0.25,0.233,1,"4","AFMID"
0.0018001913242239,0.277667478182492,0.304,0.289,1,"4","PPAT"
0.00180672534987111,0.321563584568969,0.388,0.387,1,"4","MIR4435-2HG"
0.00181284117721689,0.312512296165711,0.338,0.331,1,"4","RALB"
0.00190205254186582,0.329025549407182,0.302,0.291,1,"4","ATP6V1D"
0.00190969689057606,0.36649883220031,0.345,0.342,1,"4","CDC42EP3"
0.00191276415068148,0.508229018491418,0.462,0.54,1,"4","INSIG1"
0.00210195953221877,0.277660800613884,0.342,0.337,1,"4","ZNF609"
0.00248885299025412,0.299749494518973,0.376,0.378,1,"4","RRN3"
0.00281813397322188,0.261552638721912,0.327,0.318,1,"4","TMEM57"
0.00297642649968442,0.333933229437441,0.25,0.238,1,"4","KTI12"
0.00310370160844101,0.277538766459285,0.372,0.368,1,"4","ATP2A3"
0.00313249860968368,0.309464344275775,0.271,0.259,1,"4","CH17-340M24.3"
0.0032416096547455,0.254307361960267,0.4,0.402,1,"4","FAM91A1"
0.00325291524528026,0.272820162135094,0.358,0.354,1,"4","HCCS"
0.0033942655377129,0.378145744303251,0.34,0.338,1,"4","PICALM"
0.00364295463434905,0.266724549251335,0.376,0.373,1,"4","RRAGA"
0.00413344410012256,0.30429394812599,0.322,0.317,1,"4","ZFAND3"
0.00425421940235224,0.271310870078467,0.304,0.295,1,"4","SLC35E1"
0.00434317102595953,0.333502386481835,0.282,0.272,1,"4","IVNS1ABP"
0.00476210213555102,0.268623568413505,0.429,0.439,1,"4","R3HDM4"
0.00507061521202358,0.250345613208359,0.341,0.335,1,"4","ULK3"
0.0053925098143048,0.286589574349799,0.271,0.261,1,"4","GNB5"
0.00594516883993775,0.28131559140316,0.26,0.246,1,"4","SLC10A3"
0.00709777485215919,0.394257004739986,0.371,0.377,1,"4","PRKX"
0.00726481406696364,0.30099902065506,0.262,0.251,1,"4","DUSP2"
0.00739623872553329,0.276407652884528,0.375,0.378,1,"4","DENND6B"
0.00755367676451753,0.254652720047889,0.383,0.386,1,"4","RING1"
0.00837295019867777,0.264309682185262,0.379,0.383,1,"4","SAFB2"
0.00849938406194202,0.260090551293874,0.268,0.256,1,"4","MAK16"
0.00864063277935283,0.337913507250056,0.319,0.318,1,"4","RENBP"
0.00892746533778839,0.342291954077465,0.326,0.324,1,"4","CEP170"
0.00945494801119516,0.678267872859355,0.27,0.268,1,"4","KLF6"
0.00984561594638683,0.259843752765234,0.534,0.553,1,"4","SDCBP"
4.37155718489995e-223,0.894210377689271,0.995,0.875,8.389018237823e-219,"5","HIST1H4C"
4.2342132950959e-203,0.499975490585338,1,1,8.12545531328903e-199,"5","MALAT1"
1.64026609616742e-187,0.27162193408393,1,1,3.14767063854527e-183,"5","RPS4X"
4.2760365582818e-181,0.375094840801498,1,0.999,8.20571415534277e-177,"5","HMGN2"
5.1510322304586e-167,0.50867951600551,0.999,0.987,9.88483085025004e-163,"5","PPDPF"
2.21358859942524e-163,0.303664892868185,1,1,4.24787652229703e-159,"5","EEF1A1"
2.78095769938094e-138,0.45529225017704,1,0.983,5.33665782511202e-134,"5","KIAA0101"
4.59131720660284e-131,0.262121018949381,1,1,8.81073771947085e-127,"5","EEF1B2"
9.95259276733735e-121,0.4097522895532,1,0.993,1.90990255205204e-116,"5","HMGA1"
7.32485156587418e-117,0.347380125126867,1,0.997,1.40563901549126e-112,"5","SLC25A6"
7.82977046271317e-110,0.257296156084204,1,1,1.50253295179466e-105,"5","RPS15A"
3.17046648498446e-107,0.354927263940851,1,0.999,6.08412518468518e-103,"5","TUBA1B"
5.98988379161595e-100,0.527375407544235,0.953,0.799,1.1494586996111e-95,"5","TUBA1C"
5.38455663075196e-98,0.496262009958591,0.979,0.941,1.0332964174413e-93,"5","ZFP36L2"
1.29048620913919e-96,0.648300553123511,0.823,0.597,2.47644303533811e-92,"5","LINC00152"
9.58240773969619e-95,0.362823938029827,0.998,0.995,1.8388640452477e-90,"5","EEF2"
2.20129042422873e-85,0.374778029682876,0.995,0.967,4.22427632409494e-81,"5","EIF3L"
9.16311592244499e-82,0.713625880682061,0.697,0.462,1.75840194551719e-77,"5","MYBL2"
1.59628886534392e-79,0.306946882894157,0.998,0.981,3.06327833259498e-75,"5","TUBB"
1.55195228350296e-67,0.31651481132444,0.995,0.971,2.97819643204218e-63,"5","GLTSCR2"
3.00951301954727e-66,0.43504175935244,0.969,0.893,5.77525548451121e-62,"5","LYRM1"
5.78858324959872e-66,0.274077801168625,0.999,0.99,1.11082912559799e-61,"5","NAP1L1"
1.20409881724041e-57,0.663912512115622,0.698,0.52,2.31066563028435e-53,"5","SHMT2"
1.19894345436712e-55,0.480288057900755,0.827,0.643,2.3007724889305e-51,"5","TMEM106C"
4.42526438593415e-55,0.537201099973153,0.869,0.765,8.49208235660763e-51,"5","RP6-159A1.4"
4.1247378019362e-53,0.387107612085821,0.944,0.837,7.91537184191556e-49,"5","C12orf75"
4.66568473983667e-53,0.758679220707158,0.399,0.226,8.95344901574656e-49,"5","PSAT1"
5.43611095285539e-53,0.352836819539535,0.991,0.985,1.04318969185295e-48,"5","EIF4EBP1"
1.04543906067714e-50,0.895466682872489,0.364,0.206,2.00619755743942e-46,"5","ARRDC3"
1.6691178634337e-50,0.426409493142008,0.911,0.838,3.20303717992927e-46,"5","IRF2BP2"
1.7566600485319e-49,0.360642068074617,0.959,0.902,3.37103063313271e-45,"5","C19orf60"
6.14015547540084e-46,0.325089071754293,0.873,0.768,1.17829583572942e-41,"5","NEAT1"
5.559688225817e-43,0.327844992075319,0.968,0.915,1.06690417053428e-38,"5","DGCR6L"
1.35300873786802e-42,0.437714255689031,0.844,0.719,2.59642376796874e-38,"5","CEBPA"
1.3446342266447e-40,0.559057216295259,0.603,0.444,2.58035308093117e-36,"5","NTAN1"
5.92683553592491e-40,0.571436022310394,0.598,0.442,1.13735973934399e-35,"5","UNK"
2.32616199881771e-39,0.342145745786912,0.923,0.857,4.46390487573118e-35,"5","THUMPD3-AS1"
4.89786843455897e-39,0.431657572109474,0.845,0.743,9.39900952591867e-35,"5","MAFG"
5.24424421344592e-39,0.460190085491153,0.731,0.577,1.00637046456027e-34,"5","CDCA5"
2.79681844562492e-38,0.566581463794242,0.534,0.379,5.36709459715423e-34,"5","MIR4435-2HG"
9.22104278635161e-38,0.254711414865894,0.987,0.966,1.76951811070087e-33,"5","ANAPC11"
5.30922717779245e-37,0.321995557473362,0.91,0.767,1.01884069541837e-32,"5","NGFRAP1"
1.11202302486885e-35,0.584073901812782,0.505,0.357,2.13397218472333e-31,"5","COQ7"
3.35195378709206e-35,0.359177329345209,0.733,0.575,6.43239931742967e-31,"5","MDK"
2.89952950816713e-34,0.321398440841923,0.917,0.837,5.56419712617273e-30,"5","SEPW1"
6.29069281232193e-34,0.424586986252812,0.743,0.601,1.20718395068458e-29,"5","NRGN"
1.80223790948605e-33,0.423759476557276,0.664,0.509,3.45849454830373e-29,"5","RAD51AP1"
4.63856406692753e-33,0.387188456637034,0.753,0.602,8.90140444443393e-29,"5","KIAA0125"
3.99643452286408e-32,0.441502199908881,0.734,0.599,7.66915784937617e-28,"5","CSF3R"
4.17242319545527e-31,0.336980642372244,0.874,0.778,8.00688011207867e-27,"5","THAP7"
8.15026283112472e-31,0.276104060464975,0.955,0.906,1.56403543729283e-26,"5","THUMPD1"
1.02264035541036e-30,0.487604013367861,0.552,0.408,1.96244684203248e-26,"5","WBP5"
1.55563511293542e-30,0.63454468172117,0.532,0.399,2.98526378172307e-26,"5","MLLT11"
2.69309805499184e-30,0.26567945361281,0.694,0.522,5.16805516752934e-26,"5","RRM2"
5.80837947751109e-30,0.284397244181234,0.936,0.872,1.11462802173438e-25,"5","XIST"
7.6496198989101e-30,0.263928946137062,0.965,0.929,1.46796205860085e-25,"5","ATF4"
3.2739147970965e-29,0.83168228446418,0.255,0.149,6.28264249562818e-25,"5","TMEM143"
1.67998084197705e-28,0.433888277022422,0.685,0.554,3.22388323575396e-24,"5","DLEU2"
8.01827460934551e-28,0.342985992911249,0.819,0.716,1.5387068975334e-23,"5","ITFG2"
9.37735827028134e-28,0.451590149530063,0.534,0.393,1.79951505206699e-23,"5","FAM111A"
5.23349510938368e-27,0.486508023853888,0.559,0.43,1.00430771149073e-22,"5","SMIM24"
6.87299844494201e-27,0.452181529774172,0.583,0.447,1.31892840158437e-22,"5","SMCO4"
2.00347186827915e-26,0.299663219649441,0.68,0.532,3.84466251522769e-22,"5","RMI2"
3.21469671680626e-25,0.352790379278592,0.601,0.447,6.16900299955122e-21,"5","AURKB"
3.81515599500963e-25,0.467128033712796,0.532,0.407,7.32128435442348e-21,"5","DPYSL2"
9.58783167239504e-24,0.678092505172122,0.28,0.18,1.83990489793261e-19,"5","KIT"
1.15189728437186e-23,0.299942828687514,0.812,0.705,2.2104908887096e-19,"5","FAM195B"
1.61145170666715e-23,0.304521870168817,0.729,0.607,3.09237582509426e-19,"5","DHFR"
2.6547711586416e-23,0.258011699567861,0.754,0.612,5.09450585343323e-19,"5","HOPX"
3.41938374808438e-23,0.424668909780977,0.52,0.403,6.56179741257393e-19,"5","RRM1"
3.9510230911801e-23,0.529376805813508,0.49,0.378,7.5820133119746e-19,"5","MARS"
6.94368596245682e-23,0.46531981761767,0.516,0.399,1.33249333619546e-18,"5","BBIP1"
2.16121183503036e-22,0.501628980293224,0.419,0.301,4.14736551142325e-18,"5","MCTP2"
6.92320857256056e-22,0.289696137482365,0.741,0.619,1.32856372507437e-17,"5","MEF2C"
7.43655185301359e-22,0.419770674223544,0.579,0.462,1.42707430059331e-17,"5","CREM"
8.96315320690763e-22,0.260183914180547,0.878,0.802,1.72002910040557e-17,"5","RP11-620J15.3"
2.17947158445506e-21,0.460437143867318,0.507,0.392,4.18240597056927e-17,"5","NREP"
2.7181529346468e-21,0.578808688324289,0.364,0.26,5.21613548158721e-17,"5","ARMCX6"
5.14520860404155e-21,0.328419006351916,0.757,0.655,9.87365531115573e-17,"5","SMAD2"
9.58178658337568e-21,0.543984940061149,0.313,0.211,1.83874484534979e-16,"5","FAM210B"
1.83009090242933e-20,0.366121879942933,0.672,0.577,3.51194444176188e-16,"5","SVBP"
2.08824312454485e-20,0.542458353394068,0.328,0.228,4.00733855600157e-16,"5","RP11-452F19.3"
2.30359725890708e-20,0.434884862552904,0.474,0.361,4.42060313984269e-16,"5","TCF19"
7.96010105639936e-20,0.382836902393291,0.613,0.508,1.52754339272304e-15,"5","CDT1"
1.76269519436619e-19,0.551502031570869,0.34,0.242,3.38261207798872e-15,"5","STIM2"
3.41770570105577e-19,0.296852565185299,0.469,0.358,6.55857724032602e-15,"5","DDIT4"
4.10402214355772e-19,0.603822804551519,0.415,0.318,7.87561849348726e-15,"5","FANCD2"
4.77538401602755e-19,0.69461191319889,0.266,0.179,9.16396192675687e-15,"5","MAP1A"
7.29411931850687e-19,0.265085657411287,0.849,0.772,1.39974149722147e-14,"5","MRPL27"
1.01638027384557e-18,0.397483968675871,0.62,0.518,1.95043374550965e-14,"5","CCP110"
1.53767290340911e-18,0.477712439031348,0.389,0.286,2.95079430164208e-14,"5","BAALC"
3.47939789437755e-18,0.275700882284323,0.767,0.691,6.67696455931052e-14,"5","BRI3"
6.27492691964191e-18,0.327342120569805,0.696,0.596,1.20415847587928e-13,"5","OXA1L"
1.29211803834578e-17,0.382803804821155,0.529,0.425,2.47957451558556e-13,"5","CCDC34"
1.32900336875035e-17,0.437678865541716,0.508,0.413,2.55035746463193e-13,"5","C2orf68"
1.39597899467956e-17,0.453617546146283,0.441,0.34,2.67888369079008e-13,"5","FANCI"
2.83566813430516e-17,0.468904884284469,0.359,0.262,5.44164714973161e-13,"5","RP11-359B12.2"
5.98157292664585e-17,0.28127223655133,0.758,0.684,1.14786384462334e-12,"5","PPP1R11"
9.81226824850671e-17,0.304039626693142,0.712,0.613,1.88297427688844e-12,"5","POLR2J3"
1.5213604199353e-16,0.522693381862954,0.328,0.239,2.91949064585583e-12,"5","BCL3"
2.16216232937176e-16,0.408714686940793,0.559,0.462,4.1491895100644e-12,"5","PITPNA-AS1"
2.16986170066125e-16,0.511208501205793,0.362,0.272,4.16396460356894e-12,"5","ODF2L"
2.92560763738099e-16,0.425767467988797,0.291,0.203,5.61424105613412e-12,"5","ZFP36"
3.63981140808629e-16,0.508010805477742,0.342,0.254,6.9847980921176e-12,"5","FOXM1"
4.1168138350982e-16,0.528018621240782,0.35,0.265,7.90016574955344e-12,"5","CENPL"
4.4060278386136e-16,0.301248499440516,0.681,0.593,8.45516742229951e-12,"5","ATXN2L"
1.10215022427825e-15,0.417016230567493,0.332,0.24,2.11502628038997e-11,"5","C1orf21"
2.43729965167043e-15,0.252133921256928,0.782,0.692,4.67717803155555e-11,"5","EVA1B"
3.20438496568596e-15,0.27671509667069,0.733,0.639,6.14921474915136e-11,"5","SLC2A4RG"
3.51186728560426e-15,0.38536605805893,0.501,0.402,6.73927332107458e-11,"5","RP11-111M22.3"
4.30178206172278e-15,0.264492387802319,0.637,0.527,8.25511977644601e-11,"5","HELLS"
6.05692428130403e-15,0.304276131358083,0.587,0.485,1.16232376958224e-10,"5","PPP2R3C"
8.83158807354156e-15,0.488054452196325,0.362,0.28,1.69478175131263e-10,"5","SKA3"
1.18375576098261e-14,0.300398564237891,0.687,0.591,2.27162730532563e-10,"5","LYRM2"
1.4346610780423e-14,0.302215650403306,0.453,0.355,2.75311460876318e-10,"5","FAM213A"
1.63748546980588e-14,0.375379296451171,0.366,0.273,3.14233461655748e-10,"5","PPP1R3E"
2.17004239465717e-14,0.362885058427727,0.496,0.407,4.1643113553471e-10,"5","ERI2"
2.72542645980758e-14,0.460033816398957,0.389,0.303,5.23009337637074e-10,"5","RFX2"
3.25387152767073e-14,0.412220424189228,0.355,0.267,6.24417946160013e-10,"5","TRIM56"
3.71299260597374e-14,0.378782039874255,0.651,0.565,7.12523281086361e-10,"5","MDM4"
3.90192295373797e-14,0.358281568508716,0.508,0.416,7.48779014822317e-10,"5","PRKCSH"
6.49891639084043e-14,0.459185672908103,0.316,0.235,1.24714205540228e-09,"5","BICD1"
6.55741441981272e-14,0.346330021668745,0.407,0.314,1.25836782716206e-09,"5","IFI16"
7.78933401921359e-14,0.524936305959915,0.29,0.213,1.49477319828709e-09,"5","C21orf58"
7.94105819709855e-14,0.295203705813507,0.562,0.463,1.52388906802321e-09,"5","BRCA1"
8.56841178857813e-14,0.343516474643268,0.534,0.441,1.64427822222814e-09,"5","STAT1"
1.31132751465053e-13,0.257013288651783,0.703,0.613,2.51643750061437e-09,"5","DGKZ"
1.34493392849291e-13,0.530807488772688,0.287,0.211,2.58092820877789e-09,"5","XAF1"
1.36308830734253e-13,0.411386868566345,0.341,0.256,2.61576646179032e-09,"5","ABI2"
1.73537552699174e-13,0.466341490942857,0.34,0.26,3.33018563629715e-09,"5","FAM229B"
4.58482157564739e-13,0.392284787363314,0.484,0.404,8.79827260366734e-09,"5","INIP"
5.4210597340955e-13,0.261300055713456,0.643,0.547,1.04030136297293e-08,"5","LTA4H"
5.92104140994213e-13,0.352614863353961,0.543,0.458,1.13624784656789e-08,"5","SMARCD1"
7.57411605389985e-13,0.30615950139556,0.647,0.566,1.45347287074338e-08,"5","FAM120AOS"
7.85568866734905e-13,0.316024523065897,0.328,0.249,1.50750665526428e-08,"5","TRIB3"
8.20613814422292e-13,0.292513625301912,0.56,0.47,1.57475790987638e-08,"5","BROX"
9.30423034737011e-13,0.349839689889716,0.433,0.346,1.78548180366032e-08,"5","ARHGAP11B"
1.17293954336027e-12,0.292733466619218,0.681,0.595,2.25087098370837e-08,"5","RUNX3"
1.27043689449602e-12,0.275515514254815,0.715,0.639,2.43796840053786e-08,"5","WSB1"
1.52066117658266e-12,0.422885923137946,0.356,0.276,2.91814879786212e-08,"5","RP11-12G12.7"
1.7133197796497e-12,0.311952378544127,0.489,0.406,3.28786065714777e-08,"5","CREBBP"
2.05758267225238e-12,0.52403930201715,0.285,0.214,3.94850114805231e-08,"5","CENPO"
2.20258711990239e-12,0.509312203843564,0.257,0.187,4.22676468309268e-08,"5","VOPP1"
3.093702056798e-12,0.345296682356472,0.423,0.339,5.93681424699536e-08,"5","BRCA2"
3.2888547695948e-12,0.520154353084502,0.257,0.188,6.31131230285241e-08,"5","C19orf54"
4.21212349729004e-12,0.370780051378254,0.38,0.302,8.08306499129958e-08,"5","NNT-AS1"
4.73781344357002e-12,0.272850967888968,0.867,0.813,9.09186399821088e-08,"5","EIF2S3"
4.89342010439492e-12,0.333429948789496,0.491,0.406,9.39047318033385e-08,"5","PHTF1"
6.71328671801122e-12,0.391691715137835,0.406,0.325,1.28827972118635e-07,"5","LINC00662"
7.4992158782182e-12,0.282129072653495,0.59,0.508,1.43909952703007e-07,"5","MED21"
8.30331952111238e-12,0.253304772969764,0.67,0.592,1.59340701610147e-07,"5","HCFC1"
1.05278837494022e-11,0.330066446870308,0.551,0.478,2.02030089151028e-07,"5","FAM217B"
1.18653517877656e-11,0.408189351438001,0.396,0.32,2.27696100807221e-07,"5","SMUG1"
1.22606018567323e-11,0.289387981125121,0.482,0.399,2.35280949630692e-07,"5","AC004381.6"
1.27402926504035e-11,0.266754412244114,0.651,0.571,2.44486215961244e-07,"5","FGD5-AS1"
1.41056344629353e-11,0.300776758547382,0.578,0.495,2.70687125343728e-07,"5","CARD8"
1.47613955597348e-11,0.281996912007559,0.66,0.58,2.83271180791311e-07,"5","HMGXB4"
1.50821792836015e-11,0.33798720376351,0.411,0.33,2.89427020452313e-07,"5","SPNS2"
1.72324014208448e-11,0.380659605155894,0.386,0.306,3.30689783266012e-07,"5","KIAA0430"
3.0407390927767e-11,0.312958371003066,0.354,0.272,5.83517831903849e-07,"5","MMD"
3.06923413322801e-11,0.327552110676516,0.492,0.417,5.88986030166454e-07,"5","C7orf49"
4.42024966280241e-11,0.276026377474595,0.646,0.574,8.48245910291783e-07,"5","MAPK12"
4.73379054979275e-11,0.319920043722141,0.521,0.443,9.08414406505229e-07,"5","ZNF518A"
5.25958210348025e-11,0.296337757849937,0.538,0.464,1.00931380565786e-06,"5","PXN-AS1"
5.55668924343599e-11,0.324692096256284,0.34,0.262,1.06632866581537e-06,"5","MIR181A1HG"
5.71539274195805e-11,0.36777844962301,0.449,0.376,1.09678386718175e-06,"5","TNRC6A"
6.40728205677204e-11,0.272616596076902,0.577,0.494,1.22955742669455e-06,"5","ZNF292"
6.5476894722413e-11,0.469178688695643,0.256,0.191,1.25650160972311e-06,"5","TMEM80"
6.58102364804868e-11,0.339537933890061,0.403,0.324,1.26289843806054e-06,"5","C8orf88"
7.58935324801705e-11,0.255282947610143,0.612,0.535,1.45639688829447e-06,"5","APITD1"
8.12663294388596e-11,0.313075805703506,0.468,0.39,1.55950086193172e-06,"5","FAM129A"
1.02431996287475e-10,0.339935473763742,0.427,0.35,1.96567000875664e-06,"5","ITGA5"
1.19912695987334e-10,0.35420268217385,0.33,0.256,2.30112463599695e-06,"5","PRAM1"
1.28250062277282e-10,0.438370489605703,0.261,0.195,2.46111869510104e-06,"5","HAUS5"
1.29166179541824e-10,0.336223348946376,0.419,0.341,2.4786989854076e-06,"5","XYLT1"
2.77357186884748e-10,0.287204024197846,0.453,0.378,5.32248441631832e-06,"5","JMJD1C"
3.12760353187371e-10,0.420795183990581,0.311,0.243,6.00187117766565e-06,"5","CEP152"
3.17579266095806e-10,0.407655228574172,0.276,0.211,6.09434611637852e-06,"5","LL22NC03-2H8.5"
3.32495634234023e-10,0.441841588856259,0.27,0.205,6.3805912209509e-06,"5","SCMH1"
7.50058703377198e-10,0.465971813599451,0.275,0.213,1.43936265178084e-05,"5","SLA2"
8.14162005874212e-10,0.273568085592682,0.52,0.451,1.56237688927261e-05,"5","PCGF5"
9.33934888463687e-10,0.377479478707864,0.324,0.258,1.79222105096182e-05,"5","ZBED5"
1.11923724141085e-09,0.308046774564176,0.409,0.335,2.14781626626742e-05,"5","PRIM1"
1.29988420713846e-09,0.255640857308886,0.641,0.585,2.4944777934987e-05,"5","ARID1A"
1.3535670028936e-09,0.405032779421465,0.309,0.244,2.59749507855282e-05,"5","CCDC14"
1.7204045926781e-09,0.347169357124807,0.371,0.303,3.30145641334928e-05,"5","MAP7"
1.82126160190252e-09,0.288733167785211,0.435,0.365,3.49500101405093e-05,"5","VEZT"
2.44647029819082e-09,0.377159049004249,0.307,0.241,4.69477650222819e-05,"5","CYB5D2"
2.64663997355598e-09,0.289680439610095,0.45,0.378,5.07890210925392e-05,"5","CENPN"
2.6756069573728e-09,0.269451198441122,0.482,0.408,5.13448975119841e-05,"5","IDH1"
4.6910203888268e-09,0.342254869683766,0.332,0.264,9.00206812615864e-05,"5","LINC00869"
4.97977195783381e-09,0.276411997949168,0.523,0.46,9.55618238708307e-05,"5","GGA1"
6.33311565634027e-09,0.277468252756429,0.488,0.425,0.00012153248944517,"5","SPIN1"
6.85535974200617e-09,0.295539424553347,0.403,0.335,0.000131554353449098,"5","TSPAN5"
8.97080954450244e-09,0.376717811928452,0.299,0.237,0.000172149835159002,"5","PLCB1"
9.69396940254681e-09,0.302329804164656,0.324,0.259,0.000186027272834873,"5","POLK"
9.99302398798819e-09,0.296670345337352,0.368,0.303,0.000191766130329493,"5","MAPRE2"
1.25961294224286e-08,0.311354223239545,0.361,0.294,0.000241719723616404,"5","C9orf69"
1.39983294063506e-08,0.252314498038394,0.531,0.464,0.000268627941307868,"5","KRR1"
1.44958757061323e-08,0.322132727863267,0.408,0.342,0.000278175854800678,"5","NXT2"
1.46043424912837e-08,0.41175684637239,0.335,0.276,0.000280257332407735,"5","CARD8-AS1"
1.56192414997664e-08,0.332549986127881,0.322,0.258,0.000299733244380518,"5","ZNF280B"
1.57070715222628e-08,0.350051830078882,0.319,0.257,0.000301418702512223,"5","RP13-942N8.1"
1.82871455366678e-08,0.362566589061601,0.343,0.284,0.000350930322848655,"5","NRXN2"
1.84503116467313e-08,0.326898167375425,0.358,0.294,0.000354061480500773,"5","UBR4"
1.91655791377103e-08,0.334328357302157,0.297,0.235,0.000367787463652661,"5","OGFRL1"
2.01725306224318e-08,0.382931187929602,0.344,0.28,0.000387110862644466,"5","R3HDM2"
2.35003610039455e-08,0.400035127531603,0.297,0.24,0.000450971927665714,"5","SP1"
2.45417824194156e-08,0.28184873048826,0.437,0.375,0.000470956804628585,"5","XPO6"
2.70602730184486e-08,0.258010532226663,0.518,0.447,0.00051928663922403,"5","AAED1"
2.96236280715566e-08,0.298363039447501,0.295,0.235,0.00056847742269317,"5","ZNF322"
3.4311589345032e-08,0.293502853665217,0.39,0.327,0.000658439399531165,"5","TRIM25"
3.60176520998395e-08,0.390213180809426,0.25,0.194,0.00069117874379592,"5","NLRC3"
4.44501009035527e-08,0.305819704164546,0.364,0.3,0.000852997436339176,"5","C22orf29"
4.8329611048952e-08,0.372264660486242,0.275,0.217,0.000927445236029389,"5","ARHGAP5"
5.40218958786734e-08,0.409754386844143,0.276,0.22,0.00103668018191174,"5","FAM43A"
6.76051221198633e-08,0.284180320561871,0.465,0.397,0.00129734229348018,"5","PDS5B"
6.91999874807848e-08,0.336443915108286,0.435,0.375,0.00132794775975626,"5","C16orf54"
7.04383676881508e-08,0.350156338162769,0.293,0.235,0.00135171227593561,"5","RP11-83A24.2"
8.08632605692769e-08,0.253360820507369,0.5,0.437,0.00155176597032442,"5","IFI27L1"
9.57774282319184e-08,0.383177757132164,0.412,0.357,0.00183796884777051,"5","DOCK5"
1.02229052688062e-07,0.323962092859464,0.362,0.3,0.00196177552108392,"5","ARRDC1-AS1"
1.04556875713118e-07,0.381094447434441,0.267,0.213,0.00200644644493473,"5","INTS3"
1.11947867452854e-07,0.28657038328869,0.388,0.325,0.00214827957642027,"5","EIF3J-AS1"
1.28305153823313e-07,0.259482940851537,0.533,0.471,0.00246217590186938,"5","GPATCH2L"
1.47398529012837e-07,0.286013209548359,0.394,0.328,0.00282857777175634,"5","ANGPT1"
1.49133644218205e-07,0.318213045389254,0.336,0.28,0.00286187463254735,"5","SPC24"
1.6444989217668e-07,0.256317460848233,0.523,0.456,0.00315579343087049,"5","ITPRIPL2"
2.373875977219e-07,0.323288652881589,0.327,0.269,0.00455546800028325,"5","RP11-395G23.3"
2.71271036871057e-07,0.277623341402195,0.486,0.427,0.00520569119755558,"5","NUP107"
2.73900072256277e-07,0.342227401966152,0.284,0.23,0.00525614238659795,"5","DHX40"
2.89215203352907e-07,0.370396317358357,0.277,0.221,0.00555003975234228,"5","ATM"
2.98410118150163e-07,0.359674854741257,0.253,0.2,0.00572649016730163,"5","CTA-292E10.6"
3.33471068294824e-07,0.341946514882007,0.291,0.239,0.00639930980057767,"5","CDKN2C"
3.33875331476625e-07,0.318779605159067,0.264,0.209,0.00640706761103644,"5","SLC12A5"
3.47351186951736e-07,0.318845595718276,0.253,0.201,0.00666566927760382,"5","DAAM1"
4.38484111399625e-07,0.296491658501891,0.341,0.281,0.0084145100977588,"5","RP11-332H14.2"
4.8399195467046e-07,0.265341939151709,0.424,0.365,0.00928780561012613,"5","SKP2"
6.11039754998934e-07,0.26373556982812,0.342,0.283,0.0117258528984296,"5","EVI2B"
6.45292386546262e-07,0.252915144884711,0.449,0.391,0.0123831608978228,"5","FAM122B"
6.68240957761103e-07,0.278320706547784,0.372,0.319,0.0128235439794356,"5","PKN2"
7.04832500972278e-07,0.314578356317363,0.291,0.239,0.013525735693658,"5","MAN2A2"
7.69177075440259e-07,0.323636829999708,0.287,0.236,0.0147605080776986,"5","NCK2"
7.84840457290011e-07,0.291474883043063,0.429,0.373,0.0150610883753953,"5","MAP3K13"
8.19637327049898e-07,0.353961473510455,0.275,0.224,0.0157288403060875,"5","TMPO-AS1"
8.38773318938393e-07,0.290108314808315,0.323,0.269,0.0160960599904278,"5","WIZ"
1.31349654661322e-06,0.320835280755106,0.287,0.235,0.0252059987295076,"5","ERLIN2"
1.31611220997804e-06,0.312017835201954,0.29,0.241,0.0252561933094786,"5","LGALS8"
1.41399795938251e-06,0.259229624605814,0.338,0.28,0.0271346208405503,"5","SYMPK"
1.46732516573636e-06,0.267512165298641,0.315,0.259,0.0281579699304808,"5","KIAA1715"
1.54225119740695e-06,0.362285848598447,0.3,0.25,0.0295958004782394,"5","WDR11"
1.78122758761232e-06,0.334924446021672,0.283,0.236,0.0341817574062804,"5","HJURP"
2.15869662579344e-06,0.298627387997759,0.338,0.29,0.0414253882489762,"5","PDZD11"
2.56484138998782e-06,0.255704083989101,0.273,0.22,0.0492193062738663,"5","DDX11"
2.8167119252553e-06,0.260543870297177,0.271,0.219,0.0540527018456492,"5","ASAP1"
2.84234567580136e-06,0.288021502681344,0.337,0.286,0.0545446135186281,"5","SLF2"
2.92215002945905e-06,0.312007218936346,0.3,0.251,0.0560760590653192,"5","RASSF3"
3.21521935530761e-06,0.261413814248708,0.362,0.308,0.061700059428353,"5","ZNF689"
3.2875037433982e-06,0.261140276348215,0.392,0.338,0.0630871968358115,"5","LTB4R"
3.36406649290962e-06,0.306420023531974,0.269,0.22,0.0645564359989357,"5","RBM15"
3.73726323205676e-06,0.273561104190848,0.303,0.251,0.0717180814231693,"5","CAD"
5.49923015166835e-06,0.314912733494245,0.279,0.232,0.105530226610516,"5","LRRCC1"
6.15815624649067e-06,0.259499596374031,0.336,0.281,0.118175018370156,"5","DIDO1"
6.68237162722729e-06,0.328281398019287,0.28,0.235,0.128234711526492,"5","DHRS4-AS1"
7.09563455984331e-06,0.310529959269956,0.279,0.231,0.136165227203393,"5","CEP135"
7.23028163847519e-06,0.265686839539981,0.257,0.21,0.138749104642339,"5","RP11-488L18.10"
8.4573388743665e-06,0.262213777081955,0.301,0.254,0.162296332999093,"5","KLF3"
8.94122202600687e-06,0.280359383241631,0.356,0.305,0.171582050679072,"5","LKAAEAR1"
9.25665304006212e-06,0.283353664089665,0.28,0.232,0.177635171838792,"5","TTC37"
9.28557503708226e-06,0.286255253727629,0.336,0.287,0.178190184961609,"5","HNRNPA1L2"
1.01177586748197e-05,0.270820563151182,0.376,0.326,0.19415978896979,"5","CASP2"
1.17834716329248e-05,0.325199479424012,0.324,0.277,0.226124820635828,"5","NUP155"
1.38420927082232e-05,0.299260504723676,0.369,0.321,0.265629759070804,"5","ADNP2"
1.83948665909137e-05,0.27735581318625,0.265,0.219,0.352997489879635,"5","CH17-189H20.1"
2.21062412553659e-05,0.279240132970627,0.315,0.27,0.424218769690471,"5","FAAP24"
2.47935115580931e-05,0.295728097922567,0.298,0.253,0.475787486799807,"5","RABEP2"
2.74585746428813e-05,0.287125877084198,0.315,0.272,0.526930047396893,"5","SLCO3A1"
3.21291496620363e-05,0.260619914770157,0.338,0.293,0.616558382014477,"5","PTAR1"
3.35944479560388e-05,0.266850327847548,0.324,0.279,0.644677456276385,"5","C16orf52"
4.13442210605281e-05,0.285633364258635,0.293,0.251,0.793395602151534,"5","CNOT6"
6.68789670894404e-05,0.256918395063203,0.346,0.303,1,"5","TAF9B"
8.50301855368433e-05,0.255445168009281,0.31,0.267,1,"5","DYRK1A"
9.28407212634207e-05,0.260982295062484,0.273,0.231,1,"5","PAWR"
9.99226282245232e-05,0.266244201247595,0.29,0.249,1,"5","NFX1"
0.000118744747897504,0.262221731937521,0.291,0.251,1,"5","SAV1"
0.00012075362602375,0.259288601576046,0.277,0.237,1,"5","NHLRC2"
0.000125817310214859,0.272857495808116,0.278,0.24,1,"5","NIT1"
0.000187445239474928,0.253630159939716,0.302,0.263,1,"5","RGP1"
0.000197144628055005,0.285382751088104,0.291,0.252,1,"5","SLC25A51"
0.000227102638323964,0.291812948149126,0.266,0.23,1,"5","UBL7-AS1"
0.000245678270008046,0.257822906201596,0.267,0.227,1,"5","RAD52"
0.000341294657647084,0.259715803465021,0.284,0.249,1,"5","EPC2"
0.000346464636068542,0.272787985413665,0.295,0.26,1,"5","CTNND1"
0.000347209653696087,0.26610348249109,0.255,0.219,1,"5","PKP4"
0.000459722507348437,0.270830395053842,0.275,0.241,1,"5","HGSNAT"
0.000797268238061448,0.255352123624334,0.279,0.246,1,"5","RP4-728D4.2"
0,3.78710999939649,0.906,0.251,0,"6","CST7"
0,3.7836478330254,0.796,0.146,0,"6","RGCC"
0,2.7802061437995,0.848,0.263,0,"6","CEBPE"
0,5.23833210486943,0.708,0.179,0,"6","MPO"
0,3.2304336439286,0.547,0.11,0,"6","RNASE3"
0,2.13491283393599,0.79,0.354,0,"6","RNASE2"
0,2.83160890924172,0.685,0.252,0,"6","NKG7"
0,5.26119247141734,0.475,0.048,0,"6","S100A8"
0,2.292777524352,0.69,0.275,0,"6","CLEC12A"
0,3.22456596178146,0.704,0.294,0,"6","LYZ"
0,3.45020309339797,0.773,0.364,0,"6","BEX1"
0,3.37799157379201,0.592,0.188,0,"6","S100A9"
0,2.70160530353908,0.602,0.198,0,"6","RP11-84C10.2"
0,2.53020496687533,0.555,0.167,0,"6","HGF"
0,2.02785224161073,0.883,0.537,0,"6","FAM107B"
0,4.45808158841095,0.367,0.029,0,"6","MNDA"
0,4.39221917029944,0.368,0.041,0,"6","AZU1"
0,4.89159504793455,0.355,0.035,0,"6","ELANE"
0,4.33371062599465,0.283,0.03,0,"6","PRTN3"
0,1.53807795713935,0.994,0.874,0,"6","PLAC8"
0,1.95045529714579,0.995,0.895,0,"6","RNASEH2C"
0,2.8756122655096,0.999,0.926,0,"6","SRGN"
0,1.31047473949942,0.999,0.945,0,"6","P4HB"
0,1.13544383051061,0.993,0.953,0,"6","TSPO"
0,1.0762715788615,0.999,0.989,0,"6","CALR"
0,0.426339681326183,1,1,0,"6","RPS14"
0,1.1020464946981,1,1,0,"6","TMSB4X"
0,0.425988161023131,1,1,0,"6","RPLP2"
0,0.633242311625923,1,1,0,"6","SERF2"
0,0.382634773458292,1,1,0,"6","RPLP1"
3.93063423302336e-282,3.4471075727986,0.289,0.053,7.54288709317182e-278,"6","S100P"
6.11166427510105e-280,0.326935336974475,1,1,1.17282837439189e-275,"6","RPS12"
8.05227593020237e-277,2.85157646186883,0.343,0.076,1.54523175100584e-272,"6","CEACAM4"
6.63218641303952e-275,1.46013710007991,0.884,0.603,1.27271657266228e-270,"6","FAM46A"
1.2738108660411e-266,1.68532595775023,0.888,0.624,2.44444305193288e-262,"6","TFRC"
2.70110595343083e-251,2.07990587145668,0.685,0.336,5.18342232463376e-247,"6","MARCKS"
1.40434762389131e-243,3.12400142080517,0.27,0.054,2.69494309024742e-239,"6","P2RY2"
3.619017331237e-231,3.21631342343368,0.266,0.054,6.9448942586438e-227,"6","VSTM1"
2.55003474520697e-229,1.08554084661808,0.967,0.904,4.89351667605217e-225,"6","SERPINB1"
3.12816886984675e-225,0.313139212370249,1,1,6.00295606123591e-221,"6","RPL36"
3.34783059028007e-222,0.257889943218013,1,1,6.42448690274745e-218,"6","RPS19"
9.44077669262609e-222,1.69729948764727,0.662,0.323,1.81168504731495e-217,"6","FUT4"
3.66040739304603e-220,1.12801260734215,0.914,0.692,7.02432178725533e-216,"6","RAB27A"
3.75518898035803e-214,0.269077795126001,1,1,7.20620765330706e-210,"6","RPL28"
7.03792948486945e-214,0.672039970110976,0.994,0.992,1.35057866814645e-209,"6","TMEM258"
4.72700190618715e-213,1.55780646292547,0.798,0.499,9.07111665797313e-209,"6","RAB31"
4.08218004323636e-212,0.926065864217245,0.996,0.979,7.83370350297057e-208,"6","SNHG25"
8.93777234034625e-212,0.996562905337107,0.956,0.822,1.71515851211245e-207,"6","APLP2"
2.03321772603523e-210,0.488586216363869,1,1,3.90174481626162e-206,"6","FTL"
5.50673551481327e-208,2.993776854456,0.275,0.063,1.05674254529267e-203,"6","DMXL2"
2.01380203183173e-200,3.40329116143873,0.409,0.138,3.86448609908509e-196,"6","RETN"
3.1126737030882e-199,1.62717917086046,0.623,0.294,5.97322083622625e-195,"6","HOMER3"
3.50851576475625e-196,2.15056149324365,0.422,0.145,6.73284175256724e-192,"6","CITED4"
1.27883307773948e-192,0.936033022145796,0.957,0.853,2.45408067618205e-188,"6","IGFBP2"
2.31697853866782e-190,1.76900912897139,0.616,0.314,4.44628181570354e-186,"6","MLC1"
1.00738926648787e-189,1.24621584135703,0.826,0.599,1.93318000239022e-185,"6","TESC"
7.05810174109414e-189,2.05169975872427,0.491,0.199,1.35444972411597e-184,"6","AP5B1"
7.11061481955019e-188,0.436696151022235,1,0.999,1.36452698387168e-183,"6","MT-CO3"
3.07490893600682e-187,1.5939781858938,0.693,0.396,5.90075024819709e-183,"6","MAN1A1"
3.10092734202279e-178,1.01520575798282,0.888,0.701,5.95067956934173e-174,"6","VAT1"
1.90153287741934e-177,0.363527415937285,1,1,3.64904159176771e-173,"6","RPS28"
9.34988356872623e-176,2.28744677569781,0.577,0.289,1.79424265683856e-171,"6","ANXA2R"
8.25393493174853e-169,1.6777266555597,0.641,0.356,1.58393011340254e-164,"6","RGL4"
1.54979512562324e-166,0.788629460455998,0.97,0.919,2.97405684607099e-162,"6","RAB32"
1.68871272682237e-166,0.92114714064585,0.936,0.833,3.24063972277212e-162,"6","LCP1"
6.2320689741497e-165,1.0440317157754,0.901,0.739,1.19593403613933e-160,"6","SNHG19"
5.39054660136921e-164,1.05217911536238,0.885,0.696,1.03444589280275e-159,"6","FAM45A"
1.27561165348117e-160,1.60305292466768,0.672,0.393,2.44789876303037e-156,"6","ACTN1"
5.45746261015405e-160,0.877055317509113,0.955,0.836,1.04728707488856e-155,"6","SDF2L1"
9.79454512239739e-155,1.16685226840469,0.876,0.703,1.87957320898806e-150,"6","C4orf48"
3.46762296837456e-153,0.900608730856418,0.897,0.77,6.65436847631077e-149,"6","GLRX"
4.24591384918013e-153,1.51600230976401,0.673,0.413,8.14790867657668e-149,"6","SYK"
4.99453716473295e-149,0.304370634021388,1,1,9.58451681912254e-145,"6","RPS29"
1.13860709596372e-148,2.03442132335195,0.419,0.168,2.18498701715437e-144,"6","IRS2"
1.35833007936854e-148,1.25832042204979,0.752,0.494,2.60663542230823e-144,"6","ERLIN1"
1.36041229955363e-148,1.47133489806371,0.618,0.347,2.61063120284342e-144,"6","DNAJC5"
4.23378331535072e-148,1.59552569792507,0.696,0.45,8.12463018215803e-144,"6","PNP"
9.22216305730055e-148,0.622838053345466,0.994,0.988,1.76973309069597e-143,"6","CCDC85B"
8.23895322440432e-147,0.567414795655382,0.994,0.977,1.58105512376319e-142,"6","NDUFB9"
1.52791455019788e-146,1.23103493073396,0.897,0.759,2.93206802182972e-142,"6","PGD"
2.42404986321996e-144,0.996091930520823,0.893,0.71,4.65175168751911e-140,"6","CAT"
3.00289464330563e-144,1.54249273538204,0.771,0.534,5.7625548205035e-140,"6","CTSG"
1.44527161683438e-142,0.934921576921228,0.921,0.819,2.77347623270517e-138,"6","DPM3"
9.40498241535232e-142,1.42953877877639,0.61,0.342,1.80481612550611e-137,"6","CEBPD"
5.47103609145461e-137,0.770884080473803,0.929,0.846,1.04989182595014e-132,"6","DNPH1"
5.35205724260104e-136,0.420769106296928,0.997,0.997,1.02705978485514e-131,"6","UQCR11"
3.2588276731192e-135,1.34983519496994,0.661,0.407,6.25369030471575e-131,"6","LYST"
6.25990705811897e-135,2.40349645275856,0.295,0.098,1.20127616445303e-130,"6","AIG1"
1.71954167172112e-133,2.05155723487801,0.335,0.123,3.29980046803283e-129,"6","MCU"
1.82422583663128e-127,0.433470166905217,0.994,0.99,3.50068938049543e-123,"6","JTB"
6.88360330670454e-127,1.38374161944647,0.555,0.294,1.3209634745566e-122,"6","FNDC3B"
1.1426197098458e-124,0.451976770232546,0.999,0.997,2.19268722319409e-120,"6","MT-ATP6"
2.92941128226025e-124,0.978410295704571,0.838,0.702,5.62154025065742e-120,"6","BAZ1A"
4.58152407209243e-120,0.670173620338216,0.945,0.892,8.79194469434536e-116,"6","CCND2"
6.25069429386914e-120,1.1308765358998,0.771,0.589,1.19950823499349e-115,"6","GCA"
8.84251809552042e-118,1.0371603460309,0.8,0.606,1.69687922253037e-113,"6","FLNA"
5.682303011083e-116,0.268407220705928,1,1,1.09043394782683e-111,"6","RPS21"
1.50138004850795e-115,0.777050117057723,0.893,0.784,2.88114831308675e-111,"6","ATOX1"
5.27502654233628e-115,1.63091257283406,0.427,0.198,1.01227759347433e-110,"6","ASRGL1"
5.91098043356826e-115,0.436568482795454,0.993,0.993,1.13431714520175e-110,"6","ATP5D"
1.28993006348297e-114,0.255586147044697,1,1,2.47537579182381e-110,"6","UBA52"
5.39917910990327e-114,0.734296408266405,0.924,0.809,1.03610247119044e-109,"6","RASGRP2"
9.24781457635527e-108,1.31209126106388,0.528,0.287,1.77465561720258e-103,"6","BZRAP1"
1.72028949514122e-107,1.94066961910425,0.274,0.097,3.301235541176e-103,"6","MEGF9"
3.87618752062759e-107,0.27868011070313,1,0.999,7.43840385208434e-103,"6","UQCRH"
4.40603399041817e-105,2.28217265406509,0.337,0.143,8.45517922761247e-101,"6","MCEMP1"
2.63938630077067e-104,0.352004300973504,0.997,0.999,5.06498231117892e-100,"6","UBL5"
2.65532915750223e-103,1.38664853977457,0.537,0.313,5.09557665324679e-99,"6","B4GALT5"
7.43357284763244e-103,0.255556388118509,1,1,1.42650262946067e-98,"6","RPL37"
1.3956648395162e-102,0.398145953352046,0.999,0.998,2.67828082703159e-98,"6","MTDH"
1.63706407058899e-102,0.363838175777737,0.997,0.996,3.14152595146028e-98,"6","MZT2B"
2.52240661684947e-102,1.41516090124427,0.472,0.252,4.84049829773413e-98,"6","KIAA0930"
3.29482467867469e-102,0.332944461848335,1,1,6.32276855837673e-98,"6","COX6B1"
1.33559181457247e-100,0.450670400021226,0.992,0.984,2.56300069216457e-96,"6","AURKAIP1"
6.17883267532707e-100,0.562105656358367,0.951,0.908,1.18571799039527e-95,"6","CANX"
3.82971057762813e-99,0.404825064000308,0.988,0.982,7.34921459846838e-95,"6","SIVA1"
4.42323046544023e-98,1.12392627006723,0.665,0.461,8.48817926317979e-94,"6","GPI"
1.43878158679643e-96,1.0727418667755,0.668,0.456,2.76102186506234e-92,"6","BASP1"
1.72974728638836e-96,0.283276552441258,1,1,3.31938504257925e-92,"6","MT-CO2"
1.42289857353022e-93,0.695942181515974,0.929,0.858,2.73054236260449e-89,"6","BLOC1S1"
1.90232348448957e-93,1.28026467933551,0.556,0.337,3.65055876673548e-89,"6","PXK"
4.35065148722334e-92,1.44588279858614,0.482,0.273,8.34890020398159e-88,"6","SELPLG"
1.78905186375922e-89,0.872185362904127,0.805,0.667,3.43319052655394e-85,"6","ADRBK1"
1.69413381908961e-88,0.580856771660531,0.963,0.927,3.25104279883297e-84,"6","ROMO1"
1.03138514763519e-87,0.53184830856806,0.982,0.974,1.97922809831193e-83,"6","GYPC"
2.08842500078435e-87,1.60863392252136,0.352,0.163,4.00768757650517e-83,"6","HIP1"
5.87879074319434e-87,0.891495401087002,0.753,0.599,1.12813994361899e-82,"6","ACTN4"
6.3278541726794e-87,1.13353669961268,0.619,0.436,1.21431521573718e-82,"6","MSRB1"
9.28825966765439e-86,1.24779540651933,0.538,0.338,1.78241703022288e-81,"6","ANPEP"
9.92012483630157e-86,0.61009911230449,0.916,0.821,1.90367195608627e-81,"6","HSP90B1"
8.43758711744226e-85,0.389151278162937,0.999,0.998,1.61917296783717e-80,"6","MT-ND1"
1.24520109933083e-84,1.25258750908796,0.43,0.224,2.38954090961586e-80,"6","CTNNAL1"
2.73332418700132e-84,0.781079700573656,0.823,0.696,5.24524911485554e-80,"6","EMB"
2.80938831438385e-84,0.444850550309731,0.986,0.968,5.39121617530261e-80,"6","MYDGF"
3.77222770997113e-83,0.885011587630786,0.851,0.725,7.23890497543459e-79,"6","GLUL"
5.66719140371761e-83,0.727291839024373,0.955,0.918,1.08753403037341e-78,"6","S100A11"
4.75994194320944e-81,0.504154809925034,0.959,0.927,9.13432858901891e-77,"6","TMEM160"
3.92214294799793e-80,1.69652535188891,0.292,0.127,7.52659231720803e-76,"6","GPR160"
7.0666012338023e-79,1.28007478531815,0.625,0.447,1.35608077676666e-74,"6","STXBP2"
1.11384139372315e-77,0.433698920068963,0.965,0.958,2.13746163455473e-73,"6","CNPY2"
1.27701160756274e-77,0.347456663785737,0.999,0.995,2.45058527491291e-73,"6","MT-ND4"
1.98065581034028e-77,0.724667322628518,0.824,0.733,3.800878500043e-73,"6","SYNGR1"
2.125437200561e-77,2.05740754622307,0.253,0.104,4.07871398787657e-73,"6","ANXA6"
2.27506324859679e-77,1.03184354166998,0.67,0.489,4.36584637405723e-73,"6","ZSCAN16-AS1"
6.18114361869035e-77,0.444286209834127,0.997,0.989,1.18616146042668e-72,"6","MT-ND3"
9.14268749779926e-77,1.81531487476275,0.272,0.116,1.75448173082768e-72,"6","ANXA3"
1.31253993564348e-76,0.500971511296905,0.945,0.896,2.51876413649984e-72,"6","MLEC"
3.53969743803367e-76,1.31791883685969,0.457,0.263,6.79267938358661e-72,"6","CFD"
1.53873187410944e-75,1.10188642960341,0.553,0.361,2.95282646641602e-71,"6","MINCR"
1.39446131036266e-73,0.424731740536173,0.979,0.973,2.67597125458594e-69,"6","TMEM147"
2.68597856962622e-73,0.920736781536588,0.706,0.545,5.15439287511272e-69,"6","CLTC"
3.47925685932485e-73,0.646288099351825,0.878,0.799,6.67669391304439e-69,"6","TYMP"
1.10368325138012e-71,0.459272916411948,0.974,0.937,2.11796815939845e-67,"6","COX14"
1.14122867037546e-71,0.635927524920966,0.913,0.856,2.19001781845052e-67,"6","SVIP"
4.07592496666647e-71,1.40212345159028,0.332,0.162,7.82170001103295e-67,"6","HRH2"
1.32108125181075e-70,0.357894627344247,0.99,0.985,2.53515492222483e-66,"6","MRPL57"
1.79952343517855e-70,1.20997845409373,0.553,0.367,3.45328547210764e-66,"6","ACSM3"
3.36322319656839e-69,0.400009946793603,0.976,0.968,6.45402531421475e-65,"6","TCEB2"
4.11764835513908e-69,1.38009412581848,0.407,0.227,7.90176719351189e-65,"6","PYGL"
1.01686132487813e-68,0.294490500711447,0.996,0.996,1.95135688244114e-64,"6","SEC61B"
5.62090544044922e-68,1.62625629416024,0.269,0.119,1.0786517540222e-63,"6","SNX18"
1.91848830017491e-67,1.39638796653857,0.337,0.171,3.68157904803565e-63,"6","MXD1"
2.83575859959942e-67,0.860064740339278,0.73,0.576,5.44182075263128e-63,"6","HSPA5"
2.50024638883158e-66,1.50700016548215,0.357,0.191,4.79797282016781e-62,"6","QSOX1"
4.3104365598968e-66,0.674569242551899,0.788,0.663,8.27172775844197e-62,"6","BRI3BP"
8.21283314168712e-64,1.17948417412371,0.555,0.386,1.57604267988976e-59,"6","FCER1G"
8.53783153905628e-64,1.38906808588052,0.345,0.182,1.6384098723449e-59,"6","TMEM170B"
1.72857246445981e-63,1.50387496288024,0.347,0.185,3.31713055929838e-59,"6","SEPSECS-AS1"
2.48997803595738e-63,0.319225779244058,0.986,0.991,4.77826785100221e-59,"6","SSR4"
5.10079988651739e-63,0.496192763857299,0.934,0.89,9.78843498222687e-59,"6","MRPL41"
2.17307750612226e-62,1.46405484525903,0.337,0.176,4.17013573424862e-58,"6","SERPINB8"
7.73037096944023e-62,0.549422979567496,0.868,0.794,1.48345818903558e-57,"6","SPCS3"
7.9809887954198e-62,0.615598583752657,0.848,0.772,1.53155174984106e-57,"6","SNHG9"
1.25547140305741e-61,0.543073399984288,0.886,0.829,2.40924962246718e-57,"6","VMA21"
3.37378658766917e-61,0.604631075590335,0.847,0.755,6.47429646173713e-57,"6","MFSD10"
1.16966901318193e-60,0.986046034376398,0.545,0.374,2.24459483629612e-56,"6","PDIA4"
2.553176061552e-60,0.259462766850971,1,1,4.89954486211828e-56,"6","ATP5E"
1.75059615988421e-59,0.356694888225115,0.975,0.967,3.3593940308178e-55,"6","NDUFB2"
3.22915586495071e-59,0.682533011404648,0.74,0.613,6.19675010484042e-55,"6","GANAB"
4.23825253182238e-59,0.356639154934027,0.981,0.966,8.13320660856715e-55,"6","SERP1"
6.23817828829578e-59,0.829125086484218,0.857,0.773,1.19710641352396e-54,"6","CTSD"
6.96789806931874e-59,0.76388589566663,0.728,0.615,1.33713963950227e-54,"6","SRPK1"
1.00411451903548e-58,0.386133490217275,0.97,0.96,1.92689576202908e-54,"6","TOMM7"
1.09509899719353e-57,1.50438730031383,0.319,0.171,2.10149497561438e-53,"6","PLEKHA2"
1.50804050654085e-57,0.859453816548813,0.621,0.465,2.8939297320519e-53,"6","MFSD12"
3.80616044853242e-57,0.36731207291541,0.981,0.971,7.30402190073371e-53,"6","SF3B5"
7.18775371223202e-57,0.761248623536296,0.714,0.586,1.37932993737732e-52,"6","C1orf162"
8.44214530853616e-57,1.30373277710722,0.38,0.222,1.62004768470809e-52,"6","LRG1"
1.74891916034215e-56,1.07808349114496,0.497,0.329,3.35617586869658e-52,"6","RPN1"
2.15526599348194e-55,1.61847041211259,0.257,0.122,4.13595544149183e-51,"6","NCF2"
2.25538363269921e-55,1.42439300286886,0.412,0.253,4.32808119114979e-51,"6","HCK"
2.54305164126451e-55,0.986086205852257,0.546,0.386,4.8801160995866e-51,"6","CHSY1"
3.43384142931921e-55,0.426619116829039,0.946,0.925,6.58954170286357e-51,"6","PRSS57"
5.49539872504647e-55,0.715900255163883,0.726,0.612,1.05456701533642e-50,"6","SLC25A37"
6.02974083787027e-55,0.411449865934072,0.966,0.93,1.1571072667873e-50,"6","HNRNPU"
1.54701122355896e-54,1.05143080519284,0.513,0.358,2.96871453800964e-50,"6","APMAP"
1.98508277320735e-54,1.19751202160648,0.368,0.214,3.8093738417849e-50,"6","ASAP1"
1.27828338884525e-53,0.275135333125253,0.996,0.996,2.45302582319403e-49,"6","ATP5I"
1.45208779191538e-53,0.256422782522045,0.995,0.997,2.78655647268561e-49,"6","OST4"
1.79088306219466e-53,1.09749448562451,0.391,0.229,3.43670459635155e-49,"6","COLGALT1"
6.83141543577123e-53,1.29902757220753,0.36,0.207,1.3109486221245e-48,"6","LIPE-AS1"
4.99628568537758e-52,1.1945079826689,0.342,0.192,9.58787223023957e-48,"6","NEU3"
1.28752057393274e-51,0.464770441022071,0.901,0.843,2.47075198137693e-47,"6","TMED10"
1.62029917069685e-51,1.21213715827822,0.342,0.189,3.10935410856726e-47,"6","MT1X"
1.62800785278218e-51,1.47278120055309,0.26,0.129,3.12414706948899e-47,"6","JDP2"
2.40828314099925e-51,1.08500050415396,0.505,0.35,4.62149534757756e-47,"6","STXBP5"
2.69485747546694e-51,0.314353412659713,0.991,0.99,5.17143149542105e-47,"6","DDT"
3.60779968722177e-51,0.876662072762329,0.565,0.418,6.92336759977858e-47,"6","CFLAR"
4.42483871031286e-51,1.12692755336751,0.402,0.246,8.49126548509037e-47,"6","WDFY1"
5.90377545163698e-51,1.32678963847405,0.332,0.188,1.13293450916914e-46,"6","IGF1R"
1.72922395848848e-50,0.74903995677945,0.66,0.517,3.31838077633939e-46,"6","ZDHHC2"
4.10167162877421e-50,0.991052711997058,0.444,0.287,7.8711078556177e-46,"6","ABCB10"
1.31138499963949e-49,0.722933607019316,0.683,0.535,2.51654781430818e-45,"6","AGTRAP"
3.36859956568037e-49,0.6362738406753,0.741,0.62,6.46434256654062e-45,"6","HDLBP"
5.79688753908018e-49,0.332916071691353,0.968,0.964,1.11242271874949e-44,"6","NENF"
7.52203538643185e-49,1.07849196406896,0.39,0.238,1.44347859065627e-44,"6","ERN1"
1.27463377739592e-48,1.16112975563424,0.379,0.232,2.44602221882276e-44,"6","PSTPIP1"
2.20666499876636e-48,0.613755060462489,0.724,0.6,4.23459013263264e-44,"6","CSF3R"
2.96380916029217e-48,0.577352438511657,0.788,0.71,5.68754977860067e-44,"6","ALKBH7"
3.30804585671592e-48,0.399396194625851,0.954,0.929,6.34813999903785e-44,"6","SEC61G"
1.16546174126374e-47,1.00580756986565,0.428,0.267,2.23652108148512e-43,"6","CXCR4"
3.91519281585716e-47,0.832432092490066,0.662,0.558,7.51325501362988e-43,"6","GSDMD"
5.32636599170615e-46,0.308197616305864,0.986,0.984,1.02212963380841e-41,"6","NDUFB11"
6.49591152165438e-46,0.815613214585505,0.828,0.754,1.24656542100548e-41,"6","BTG1"
1.47229122389594e-45,0.608850620969768,0.786,0.695,2.82532685865632e-41,"6","LAIR1"
2.59026614328308e-45,0.439808638172574,0.934,0.91,4.97072072896023e-41,"6","CHCHD10"
3.21620880740911e-45,1.29147964385634,0.255,0.13,6.17190470141807e-41,"6","PVRL1"
4.84340330585263e-45,1.24636545971683,0.339,0.202,9.29449094393119e-41,"6","PAPSS1"
7.58632601192425e-45,0.847447372539663,0.49,0.339,1.45581596168826e-40,"6","MFSD1"
1.59034055049749e-44,0.497450320711594,0.844,0.77,3.05186351640469e-40,"6","NEAT1"
1.83597486612661e-44,0.789058998035514,0.592,0.454,3.52323576809697e-40,"6","PDXK"
2.6133925039813e-44,0.553930107368696,0.816,0.757,5.01510021514012e-40,"6","APPL1"
4.50138640655158e-44,0.324689715593901,0.979,0.967,8.63816051417249e-40,"6","UQCRQ"
5.02214994380922e-44,0.555868725964169,0.777,0.691,9.6375057421699e-40,"6","BRI3"
1.06112855178072e-43,0.470881717991484,0.864,0.779,2.03630569086721e-39,"6","RP5-1171I10.5"
1.56059983090817e-43,0.727521426495606,0.542,0.376,2.99479107551277e-39,"6","MCM5"
1.5726360506483e-43,0.436138362290964,0.884,0.848,3.01788858119408e-39,"6","SEC11C"
6.27232512193404e-43,0.500232657617968,0.913,0.876,1.20365919089914e-38,"6","SCAND1"
7.77493770271396e-43,0.758065256179955,0.608,0.483,1.49201054515081e-38,"6","SEC61A1"
8.75393295068472e-43,0.64826986858789,0.747,0.644,1.6798797332364e-38,"6","RRBP1"
8.92010727957021e-43,0.304376911583232,0.969,0.962,1.71176858694952e-38,"6","MZT2A"
1.19687944045006e-42,0.771610620972106,0.604,0.475,2.29681164622367e-38,"6","PDZD8"
1.28855678939634e-42,1.09916988214211,0.385,0.243,2.47274047885157e-38,"6","EDEM1"
1.29818350792162e-42,0.675540894450959,0.675,0.555,2.49121415170159e-38,"6","LAMP2"
1.93881113079666e-42,0.368521676509951,0.946,0.925,3.72057855999879e-38,"6","MSN"
2.09161719906928e-42,1.13045894977434,0.314,0.181,4.01381340501396e-38,"6","TBC1D2B"
2.42880493308943e-42,0.996622752436931,0.395,0.253,4.66087666659861e-38,"6","PRAM1"
2.80464688330416e-42,0.850096752328755,0.549,0.41,5.38211736906068e-38,"6","EIF3B"
3.07017381917913e-42,0.818502053736206,0.443,0.286,5.89166355900474e-38,"6","MCM6"
4.81534618058459e-42,0.774047179539443,0.615,0.499,9.24064932054183e-38,"6","FAM200B"
6.10764677499272e-42,0.806987421884433,0.498,0.35,1.1720574161211e-37,"6","MCM4"
7.34486178651938e-42,1.21699785216451,0.262,0.139,1.40947897683307e-37,"6","SLC25A28"
1.11776053836909e-41,1.22655346735772,0.369,0.235,2.14498247313029e-37,"6","SUCO"
2.77288658589518e-41,1.03271577163668,0.363,0.225,5.32116935833285e-37,"6","HYOU1"
3.5887808306775e-41,0.389839349902267,0.914,0.853,6.88687041407012e-37,"6","PGK1"
4.58965584804879e-41,0.504428348695461,0.786,0.712,8.80754957240563e-37,"6","SNRNP25"
7.93998182963199e-41,0.583585842446013,0.717,0.597,1.52368251310638e-36,"6","FKBP11"
1.83914401859582e-40,0.980167385113489,0.374,0.237,3.52931737168537e-36,"6","UGGT1"
3.9288324083099e-40,0.867460539922505,0.539,0.411,7.5394293915467e-36,"6","DDB1"
5.24001557567274e-40,0.901673584674406,0.426,0.286,1.0055589889716e-35,"6","CPD"
6.97426548534583e-40,0.314617617062924,0.977,0.976,1.33836154663786e-35,"6","PRDX5"
8.31270272828002e-40,0.427327826331323,0.956,0.923,1.59520765355693e-35,"6","FKBP2"
1.3070703935016e-39,1.35517907552545,0.256,0.139,2.50826808512956e-35,"6","GNS"
2.19662915614954e-39,0.958510320929144,0.406,0.271,4.21533135065097e-35,"6","TSPAN14"
7.099157263142e-39,0.826294910662216,0.553,0.427,1.36232827879695e-34,"6","PSTPIP2"
2.00835386260891e-38,0.543218556450138,0.796,0.726,3.85403106234651e-34,"6","LINC00657"
2.78445925153127e-38,0.862683388426336,0.467,0.336,5.34337730368851e-34,"6","LARP4B"
3.84444242987529e-38,1.03481939301192,0.38,0.249,7.37748502293067e-34,"6","SEC24D"
4.77387190503132e-38,0.874353678025928,0.497,0.368,9.1610601857551e-34,"6","TNFAIP8"
1.00126636884043e-37,0.374321821846436,0.936,0.906,1.92143016180478e-33,"6","FAAP20"
4.09595416630233e-37,1.00312504511616,0.464,0.346,7.86013604513418e-33,"6","RAB5B"
5.94211755278119e-37,0.804231667847611,0.467,0.332,1.14029235837871e-32,"6","CAMKK2"
8.31860188564608e-37,0.252440804921628,0.993,0.988,1.59633970185548e-32,"6","NDUFA11"
1.20366579185775e-36,1.25918671251665,0.3,0.179,2.30983465457502e-32,"6","PTGER4"
1.36123620468464e-36,0.565208574590284,0.721,0.608,2.61221227678983e-32,"6","PCNA"
1.46724380411673e-36,0.323485952588295,0.96,0.959,2.81564086010001e-32,"6","AP2S1"
3.72982698584407e-36,0.696830712577883,0.659,0.576,7.15753798583477e-32,"6","AAK1"
9.47476583951619e-36,0.607803151890492,0.701,0.609,1.81820756460316e-31,"6","CD81"
1.15037093314127e-35,0.391916920110285,0.912,0.888,2.2075618206981e-31,"6","CRELD2"
2.11676171396188e-35,0.540480033850511,0.742,0.66,4.06206572909284e-31,"6","EFHD2"
2.51556716143711e-35,0.470429678626976,0.78,0.704,4.82737338279781e-31,"6","TAF10"
5.34658084351236e-35,0.978414321412457,0.369,0.243,1.02600886387002e-30,"6","SNTB1"
2.8603669099167e-34,0.737115010255345,0.545,0.422,5.48904410013015e-30,"6","NUP210"
3.27932454487496e-34,0.446999167180475,0.813,0.74,6.29302380161504e-30,"6","LRPAP1"
3.65421619999937e-34,0.453924786545375,0.852,0.806,7.01244088779879e-30,"6","POLE4"
4.42688320723636e-34,0.938691719295903,0.335,0.207,8.49518887468657e-30,"6","MCM2"
4.89980445474016e-34,0.348160527584025,0.951,0.942,9.40272474864636e-30,"6","MYEOV2"
6.12439852893275e-34,0.434058070096787,0.817,0.75,1.17527207770219e-29,"6","CLEC11A"
7.1892451395996e-34,0.698695244636865,0.603,0.494,1.37961614228916e-29,"6","TOPORS-AS1"
1.37031034466361e-33,0.600442147520221,0.701,0.604,2.62962555140947e-29,"6","TOP2B"
1.77812462756906e-33,0.344396031852402,0.924,0.895,3.41222116030503e-29,"6","SSR1"
2.73334570973566e-33,0.873291537818205,0.441,0.317,5.24529041698273e-29,"6","LENG8"
3.07557591606803e-33,0.834988027868721,0.405,0.279,5.90203018293454e-29,"6","TRIM14"
6.88750963526692e-33,0.544076029189225,0.763,0.693,1.32171309900772e-28,"6","PTBP1"
8.92308154985471e-33,0.906217966911706,0.387,0.267,1.71233934941712e-28,"6","NMB"
1.00684726397041e-32,1.08682176637212,0.305,0.189,1.93213989955921e-28,"6","RP11-295G20.2"
1.04252965725447e-32,0.932365840311217,0.373,0.253,2.00061441227133e-28,"6","TBC1D1"
1.26743976207471e-32,0.88149839428084,0.421,0.3,2.43221690342137e-28,"6","IL17RA"
1.44180521236782e-32,0.911060636181718,0.375,0.252,2.76682420253385e-28,"6","THEMIS2"
2.59479638162934e-32,1.26246551248314,0.254,0.148,4.97941425634671e-28,"6","ANXA1"
2.8512658349942e-32,0.487743158329269,0.749,0.654,5.47157913735388e-28,"6","SH3KBP1"
7.54901226747243e-32,0.870264628858581,0.448,0.332,1.44865545412796e-27,"6","SLC38A10"
7.76805751143167e-32,0.816641582993056,0.451,0.33,1.49069023644374e-27,"6","AC009005.2"
8.77214403969657e-32,0.938291154264457,0.368,0.252,1.68337444121777e-27,"6","SEC16A"
1.04965582698477e-31,0.355957581036512,0.891,0.869,2.01428953198378e-27,"6","BCL7C"
1.73530622174681e-31,0.490943169293151,0.766,0.677,3.33005263953212e-27,"6","MMP24-AS1"
1.88815317260893e-31,0.879530209015192,0.411,0.291,3.62336593823653e-27,"6","PRCP"
3.07668541198814e-31,0.672194833439058,0.577,0.462,5.90415930560524e-27,"6","TPP1"
3.1484547694513e-31,0.408473840443107,0.841,0.796,6.04188470257704e-27,"6","CAPNS1"
6.73763240269698e-31,0.926114182704128,0.399,0.284,1.29295165807755e-26,"6","MICU1"
8.40390753950017e-31,0.368709814034455,0.932,0.912,1.61270985683008e-26,"6","COMT"
8.96222234682122e-31,1.06189985063048,0.31,0.198,1.71985046835499e-26,"6","PDE4D"
1.09053910696082e-30,0.301145734376082,0.999,0.998,2.09274454625781e-26,"6","TMSB10"
1.10527113667064e-30,0.809895175773623,0.459,0.343,2.12101531127096e-26,"6","LNPEP"
1.81115537830727e-30,1.33799507605716,0.276,0.171,3.47560717097165e-26,"6","TSPAN2"
2.89868483923171e-30,0.886102947902207,0.376,0.258,5.56257620648565e-26,"6","ATG13"
3.19751070028352e-30,0.275475424031611,0.969,0.968,6.13602303384407e-26,"6","NDUFC2"
3.77682205973563e-30,0.667628398873376,0.599,0.479,7.24772153263268e-26,"6","GFI1"
3.94782497336526e-30,0.55784990516722,0.735,0.669,7.57587612388793e-26,"6","MIER1"
4.94960242051969e-30,0.667299309833744,0.553,0.45,9.49828704497729e-26,"6","PRPF8"
6.10258600502215e-30,0.416339665678407,0.792,0.746,1.17108625436375e-25,"6","RBPJ"
1.77897348750311e-29,0.563966488137439,0.619,0.514,3.41385012251846e-25,"6","ERO1A"
2.44105418024978e-29,0.314699999595325,0.904,0.884,4.68438297189933e-25,"6","CHCHD1"
3.3376763812367e-29,0.661713741511152,0.5,0.376,6.40500097559323e-25,"6","UHRF1"
4.06450170509948e-29,0.526373516443725,0.663,0.561,7.7997787720859e-25,"6","MCM3"
6.24318201619342e-29,0.268989474211621,0.977,0.978,1.19806662890752e-24,"6","NDUFB8"
9.43778713717912e-29,0.328488812975384,0.898,0.866,1.81111135162467e-24,"6","CTDNEP1"
1.228015429889e-28,0.916088559421998,0.299,0.188,2.35656160995699e-24,"6","CPNE2"
1.2480162539245e-28,0.428273802468543,0.808,0.75,2.39494319128112e-24,"6","RTN3"
2.2451816007239e-28,0.412830746073426,0.806,0.749,4.30850349178916e-24,"6","SUPT16H"
4.75732867959186e-28,0.584081768291619,0.573,0.469,9.12931373613678e-24,"6","B3GNTL1"
5.72174721244681e-28,0.462836312435986,0.819,0.771,1.09800329006854e-23,"6","CAP1"
6.85664066807235e-28,0.270344425196341,0.941,0.945,1.31578934420308e-23,"6","FBL"
1.04431057786342e-27,0.602352684061766,0.658,0.584,2.00403199891991e-23,"6","ARID1A"
1.76536320880667e-27,0.88945041064078,0.335,0.224,3.38773199769999e-23,"6","CENPB"
2.54434265504805e-27,0.501028349824997,0.663,0.577,4.88259355503721e-23,"6","PRADC1"
6.51257108587064e-27,0.837830147579959,0.38,0.271,1.24976239137858e-22,"6","RALGAPA2"
7.7511999287815e-27,0.434163956155714,0.92,0.869,1.48745526633317e-22,"6","MYB"
8.20848958793874e-27,0.861271144270772,0.443,0.338,1.57520915192544e-22,"6","RSBN1"
3.2364198627287e-26,0.366650867912916,0.846,0.801,6.21068971657637e-22,"6","UQCC3"
3.31666388310835e-26,0.283939599592279,0.946,0.928,6.36467799168492e-22,"6","SMDT1"
3.89324624220231e-26,0.954340953575529,0.305,0.201,7.47113953878624e-22,"6","EMILIN2"
3.97733481217918e-26,0.79675057911864,0.411,0.302,7.63250550457185e-22,"6","HK2"
4.34648898846706e-26,0.595883959673741,0.674,0.603,8.34091236886828e-22,"6","RFXANK"
4.64217923748504e-26,0.357244924636492,0.831,0.794,8.90834195673378e-22,"6","PRKDC"
5.70609602548133e-26,0.554418671162991,0.617,0.528,1.09499982728987e-21,"6","MAPK14"
8.10557971323015e-26,0.935152261912791,0.306,0.201,1.55546074696887e-21,"6","MOGS"
8.52354535671127e-26,0.268936335108252,0.954,0.938,1.63566835395289e-21,"6","LAMTOR2"
1.96822162410108e-25,0.86883105363911,0.401,0.294,3.77701729664997e-21,"6","SYNJ2"
1.97175086947059e-25,0.745741676265314,0.457,0.355,3.78378991851406e-21,"6","IARS2"
2.7567527368579e-25,0.996509565227982,0.28,0.181,5.29020850203031e-21,"6","DOT1L"
4.24296004092322e-25,0.742954553432582,0.4,0.29,8.14224031853165e-21,"6","DDX23"
6.59495568858002e-25,0.301997614841235,0.885,0.86,1.26557199663851e-20,"6","TMED3"
8.2732095013214e-25,0.54636962793192,0.61,0.514,1.58762890330358e-20,"6","PTBP3"
1.01160225200558e-24,0.265115056857498,0.93,0.916,1.94126472159871e-20,"6","C4orf3"
1.07773082086292e-24,0.879296090978433,0.362,0.259,2.06816544523594e-20,"6","NSUN5"
1.13317035529385e-24,0.825612720359016,0.379,0.279,2.1745539118089e-20,"6","AGO1"
1.64256189485324e-24,1.03693858290612,0.326,0.226,3.15207627622337e-20,"6","SQRDL"
1.71956260158667e-24,0.707628820618411,0.478,0.374,3.29984063244483e-20,"6","UBA1"
2.7716737566969e-24,0.89290672722553,0.317,0.217,5.31884193910136e-20,"6","UBASH3B"
3.03183707116453e-24,0.804062051462947,0.394,0.294,5.81809533956473e-20,"6","STT3A"
3.8972809522743e-24,0.626816074813672,0.52,0.427,7.47888214741438e-20,"6","ABHD14A"
3.96545926481681e-24,0.313566675576636,0.886,0.874,7.60971632918346e-20,"6","MPC2"
4.49092455922018e-24,0.33847336980905,0.896,0.855,8.61808422914352e-20,"6","MRPL55"
8.76108114032336e-24,0.680556174050467,0.495,0.396,1.68125147082805e-19,"6","RREB1"
9.16831213069555e-24,0.36271963587324,0.86,0.816,1.75939909788048e-19,"6","DDX17"
9.24146350377815e-24,0.70343859685287,0.422,0.315,1.77343684637503e-19,"6","CHCHD7"
1.07228960501091e-23,0.592990318346418,0.627,0.548,2.05772375201594e-19,"6","NAPRT"
1.53557608432677e-23,0.926671182301983,0.343,0.245,2.94677050582307e-19,"6","CD55"
1.54124383043913e-23,0.431887266903186,0.716,0.644,2.9576469106127e-19,"6","PLEKHJ1"
1.56139720379035e-23,0.4318863091851,0.758,0.698,2.99632123407368e-19,"6","GNAQ"
2.55200342424003e-23,0.824539338241802,0.375,0.28,4.89729457111662e-19,"6","ANKRD33B"
2.71786252974377e-23,0.316637039045437,0.911,0.895,5.2155781945783e-19,"6","ACTR2"
2.87089421476499e-23,0.739976640962475,0.395,0.292,5.50924599813402e-19,"6","UBR4"
3.16211380481545e-23,0.39404668396991,0.773,0.731,6.06809639144085e-19,"6","SREK1IP1"
3.43260932157366e-23,0.800297365731846,0.331,0.23,6.58717728809985e-19,"6","ALAS1"
5.04723643888977e-23,0.460701718005613,0.759,0.704,9.68564672622947e-19,"6","TRIM28"
5.26075775069879e-23,0.920128390830405,0.315,0.218,1.0095394123591e-18,"6","NPTN"
6.84483319690609e-23,0.345050074579367,0.846,0.766,1.31352349048628e-18,"6","RP6-159A1.4"
8.79911133474935e-23,0.639772448573544,0.5,0.405,1.6885494651384e-18,"6","SMCHD1"
1.00820371992853e-22,0.616347004940403,0.473,0.371,1.93474293854285e-18,"6","RRAGD"
1.41876033411492e-22,0.883275817823982,0.568,0.488,2.72260108116652e-18,"6","STOM"
1.74541461376759e-22,0.315171765635918,0.878,0.848,3.34945064382001e-18,"6","RALBP1"
3.12521032157545e-22,0.645389739862503,0.68,0.608,5.99727860710329e-18,"6","MT2A"
4.16403765517032e-22,0.263344987032881,0.951,0.941,7.99078826027184e-18,"6","COPE"
4.77354105469705e-22,0.627211461074072,0.452,0.35,9.16042528396364e-18,"6","CD302"
8.63356625577631e-22,0.497928233335035,0.678,0.615,1.65678136448347e-17,"6","MRPS5"
9.04820815932066e-22,0.526551615993045,0.685,0.635,1.73635114577363e-17,"6","CNIH4"
9.20658687206758e-22,0.646672171764482,0.502,0.414,1.76674402074977e-17,"6","FRAT2"
1.36131854483142e-21,0.719970149371676,0.442,0.346,2.6123702875315e-17,"6","ATP6V1B2"
1.57340809996969e-21,0.286320071805225,0.89,0.88,3.01937014384183e-17,"6","TOMM5"
2.22369022615582e-21,0.279808371725005,0.933,0.911,4.26726154399302e-17,"6","NUCB2"
2.51804420866032e-21,0.745511418765009,0.38,0.281,4.83212683641915e-17,"6","PTK2B"
2.87200708507492e-21,0.72999723844657,0.32,0.221,5.51138159625877e-17,"6","CNBD2"
3.57421696501444e-21,0.400780775308217,0.712,0.654,6.85892235586271e-17,"6","STUB1"
6.21492201357067e-21,0.30492082387933,0.825,0.772,1.19264353440421e-16,"6","SURF4"
9.6744588184395e-21,0.30052226557519,0.915,0.904,1.85652864725854e-16,"6","NDUFA3"
1.44693071595331e-20,0.769052145538605,0.355,0.258,2.77666004391441e-16,"6","LONP1"
1.47927833932854e-20,0.426936794679036,0.709,0.659,2.83873513317146e-16,"6","C1orf122"
1.70066942276775e-20,0.801216487984097,0.362,0.272,3.26358462229132e-16,"6","FOXK2"
2.05018107030779e-20,0.391400127116894,0.855,0.817,3.93429747392065e-16,"6","DAZAP2"
2.10863665554903e-20,0.50917690378803,0.689,0.618,4.04647374199859e-16,"6","TNFSF13B"
2.16301436402844e-20,0.471129940999747,0.639,0.58,4.15082456457057e-16,"6","IMPA2"
2.4884016927151e-20,0.691346719438606,0.414,0.321,4.77524284832028e-16,"6","DYNLL2"
3.24856900397667e-20,0.903685483119399,0.259,0.174,6.23400391863123e-16,"6","APAF1"
4.58052996339888e-20,0.760618578099307,0.35,0.255,8.79003699976245e-16,"6","PML"
6.43057506315256e-20,0.348159093555437,0.881,0.84,1.23402735461898e-15,"6","IRF2BP2"
8.82283944616907e-20,0.933607610998493,0.283,0.197,1.69310288971985e-15,"6","C1orf233"
9.37314395897525e-20,0.648357051799809,0.453,0.356,1.79870632572735e-15,"6","GGA2"
1.11051395959876e-19,0.786467844272632,0.284,0.192,2.13107628847002e-15,"6","DMC1"
1.25704127565107e-19,0.351036892609684,0.848,0.82,2.4122622079744e-15,"6","CIB1"
1.53110107762277e-19,0.792809492556538,0.35,0.258,2.93818296795809e-15,"6","KIAA1715"
1.63779290802518e-19,0.651785181883714,0.399,0.303,3.14292459050032e-15,"6","ODF3B"
1.99355871680369e-19,0.76021040403019,0.391,0.303,3.82563917754628e-15,"6","HIPK1"
3.06461869823274e-19,0.655885238237005,0.452,0.364,5.88100328190862e-15,"6","RASSF2"
4.30065202007282e-19,0.597424351508794,0.42,0.329,8.25295122651974e-15,"6","TGFBRAP1"
4.78063530047407e-19,0.470045765973216,0.674,0.61,9.17403914160974e-15,"6","MYH9"
4.93797862186376e-19,0.517590403241437,0.64,0.576,9.47598097535655e-15,"6","CS"
7.38681477766667e-19,0.334124699907061,0.82,0.781,1.41752975583423e-14,"6","ZDHHC12"
7.80970611544657e-19,0.52628968410537,0.533,0.45,1.4986826035542e-14,"6","SLC35C2"
9.35632865820908e-19,0.6503267834148,0.45,0.37,1.79547946951032e-14,"6","NCKAP1L"
1.00067968554242e-18,1.07434592529614,0.277,0.195,1.9203043165559e-14,"6","ADGRE5"
1.44537695313929e-18,0.612177154898984,0.465,0.383,2.7736783730743e-14,"6","CDCA7L"
1.51124266220872e-18,0.424743150740956,0.763,0.717,2.90007466877853e-14,"6","ELF1"
1.73265427898151e-18,0.440602853245986,0.558,0.469,3.32496356136553e-14,"6","MYBL2"
1.74224069884005e-18,0.512021642640828,0.443,0.344,3.34335990107405e-14,"6","TRGC1"
2.26735400180359e-18,0.474290380458238,0.627,0.565,4.35105232946109e-14,"6","ARID3A"
2.75016333223085e-18,0.603524527213056,0.525,0.443,5.277563434551e-14,"6","SMARCD2"
3.18777757973416e-18,0.708386786181169,0.388,0.301,6.11734517550985e-14,"6","PGM1"
4.01198526717353e-18,0.31904563821392,0.8,0.757,7.69899972770601e-14,"6","CKLF"
4.77608372297741e-18,0.689580891342939,0.396,0.31,9.16530466439365e-14,"6","SLC25A10"
5.73647594769687e-18,0.680216788023837,0.369,0.28,1.10082973436303e-13,"6","NCSTN"
7.97938024888327e-18,0.261430257887253,0.903,0.912,1.5312430697607e-13,"6","NOP56"
8.08606164448103e-18,0.784887978596644,0.303,0.219,1.55171522957591e-13,"6","PCNX"
1.00856663487898e-17,0.900142354658365,0.262,0.181,1.93543937233276e-13,"6","TBC1D22B"
1.05055730596755e-17,0.288963723973678,0.92,0.927,2.01601947015173e-13,"6","KRTCAP2"
1.22434361324796e-17,0.390037549295525,0.748,0.704,2.34951539382284e-13,"6","ZDHHC24"
1.30753087563477e-17,0.252069349620968,0.969,0.975,2.50915175034312e-13,"6","MRPL33"
1.38133293061034e-17,0.607154165906586,0.407,0.319,2.65077789384125e-13,"6","FAM126B"
2.3835910407836e-17,0.3119308376042,0.938,0.932,4.57411120726373e-13,"6","DSTN"
2.75944709784221e-17,0.421164832835798,0.603,0.527,5.29537898075921e-13,"6","RRM2"
2.8773629980385e-17,0.789851578706195,0.365,0.288,5.52165959323588e-13,"6","ARFGEF1"
3.09633804974145e-17,0.609760026495621,0.47,0.395,5.94187271745384e-13,"6","ZCCHC3"
3.57847794411379e-17,0.255920299401036,0.848,0.864,6.86709917475436e-13,"6","GNAS"
4.08346784816446e-17,0.376648398522535,0.628,0.548,7.8361748006276e-13,"6","ATAD2"
4.1876377739427e-17,0.51940220005316,0.508,0.427,8.03607688819604e-13,"6","PQLC1"
5.53621488095634e-17,0.478712548332269,0.613,0.546,1.06239963565552e-12,"6","IRAK1"
7.64147019266206e-17,0.601451041923745,0.41,0.325,1.46639812997185e-12,"6","FAR1"
1.13105248963651e-16,0.563069136358238,0.55,0.497,2.17048972761246e-12,"6","TOLLIP"
1.19442544183907e-16,0.688524643590587,0.387,0.309,2.29210242288917e-12,"6","ARHGAP1"
1.22341572803736e-16,0.538513035174486,0.455,0.367,2.34773478210369e-12,"6","NUDT8"
1.43517482965189e-16,0.641932707232465,0.469,0.394,2.75410049810198e-12,"6","HNRNPUL2"
1.5621355194061e-16,0.766339551384665,0.322,0.241,2.99773806174031e-12,"6","SORL1"
1.57096057603211e-16,0.576623079339891,0.489,0.414,3.01467334540562e-12,"6","NCBP3"
1.97241143427532e-16,0.61389444627938,0.445,0.369,3.78505754237435e-12,"6","MSL1"
2.76519148686823e-16,0.486534380694382,0.517,0.438,5.30640246330012e-12,"6","FAM173A"
4.0253174733567e-16,0.568625296777165,0.472,0.394,7.72458423137151e-12,"6","NFKB1"
4.15646166346643e-16,0.735128284352938,0.321,0.24,7.97624993219208e-12,"6","FBXO6"
4.46269515367057e-16,0.505856081391871,0.538,0.466,8.56391199989382e-12,"6","TRAPPC5"
4.9455740746375e-16,0.274469946864955,0.896,0.879,9.49055664922936e-12,"6","EIF3A"
5.39720926760616e-16,0.293034401886697,0.904,0.901,1.03572445845362e-11,"6","YWHAH"
5.49024043059065e-16,0.810650149562817,0.257,0.179,1.05357713863035e-11,"6","CTDP1"
5.75560452054513e-16,0.438649904299821,0.628,0.561,1.10450050749261e-11,"6","MAPKAPK2"
7.9986424172132e-16,0.497854457389725,0.523,0.448,1.53493947986321e-11,"6","TUSC1"
8.69403689100307e-16,0.70908072436685,0.316,0.237,1.66838567938349e-11,"6","NACC2"
1.29671286724605e-15,0.418923900194587,0.682,0.635,2.48839199224517e-11,"6","PSAP"
1.44335169842075e-15,0.66696360463122,0.342,0.262,2.76979190926943e-11,"6","TIMELESS"
1.50661578608578e-15,0.397151420562052,0.65,0.595,2.89119569349861e-11,"6","ERLEC1"
1.56854580168892e-15,0.382008319826836,0.721,0.7,3.01003939344104e-11,"6","C14orf142"
1.75888684513331e-15,0.35356986433263,0.744,0.707,3.37530385581082e-11,"6","NUP50"
2.13071106892629e-15,0.341871309736902,0.728,0.695,4.08883454126955e-11,"6","CHMP4B"
2.50169142189565e-15,0.602605760733958,0.358,0.277,4.80074583861776e-11,"6","C11orf71"
3.13617506787536e-15,0.613657422681737,0.419,0.341,6.01831995525281e-11,"6","EFTUD2"
4.03063159603801e-15,0.533879199114458,0.513,0.445,7.73478203279694e-11,"6","TM9SF2"
4.28174955764856e-15,0.404579423141511,0.835,0.802,8.21667740112758e-11,"6","PNRC1"
4.97910769263498e-15,0.664496264226644,0.36,0.281,9.55490766216653e-11,"6","TMEM214"
5.88955685789558e-15,0.612565292185564,0.4,0.322,1.13020596103016e-10,"6","SLC7A5"
6.34652386397704e-15,0.848588491340343,0.278,0.205,1.21789792949719e-10,"6","SEC24C"
6.56173910252064e-15,0.661620642396117,0.345,0.263,1.25919773377371e-10,"6","LINC00869"
7.46842161929748e-15,0.384220178329728,0.649,0.596,1.43319010874319e-10,"6","LAMP1"
8.34561086991085e-15,0.311297057115521,0.956,0.938,1.60152272593589e-10,"6","HCST"
9.21449612627867e-15,0.453014452064157,0.68,0.638,1.76826180663288e-10,"6","TLE4"
1.08105521282788e-14,0.445632884288628,0.572,0.515,2.07454495341671e-10,"6","IPO5"
1.09403838881503e-14,0.661518123415921,0.326,0.251,2.09945966813604e-10,"6","MYO9B"
1.19449076965373e-14,0.787578352881997,0.262,0.189,2.29222778696551e-10,"6","GCN1"
1.26039238146964e-14,0.281045411109716,0.895,0.864,2.41869298004023e-10,"6","TMBIM6"
1.47589484810652e-14,0.658892917521154,0.315,0.237,2.83224221351641e-10,"6","SEPN1"
1.5839760414822e-14,0.587558213561351,0.503,0.436,3.03965002360434e-10,"6","SMARCA2"
1.81471533698835e-14,0.426682995650707,0.618,0.567,3.48243873168064e-10,"6","MT-ND4L"
2.03671075694309e-14,0.607862056745151,0.414,0.351,3.90844794257379e-10,"6","JOSD1"
2.27140445844878e-14,0.260914581786045,0.896,0.881,4.35882515576321e-10,"6","HDGF"
2.52893698596256e-14,0.77292698775712,0.287,0.215,4.85303007606215e-10,"6","PHC2"
3.56296014491936e-14,0.259795096681149,0.921,0.91,6.83732051810024e-10,"6","CYBA"
3.69055344082234e-14,0.679180910422321,0.306,0.231,7.08217205293807e-10,"6","POLD1"
3.92317906451166e-14,0.57292014422244,0.367,0.289,7.52858062479787e-10,"6","TBC1D14"
5.11615399596973e-14,0.731034835250537,0.33,0.256,9.81789951826592e-10,"6","CH17-340M24.3"
5.88753281410919e-14,0.341414266154372,0.476,0.381,1.12981754702755e-09,"6","UNG"
6.43260245098095e-14,0.464255155340354,0.582,0.528,1.23441641034325e-09,"6","VCP"
6.6748511543592e-14,0.759677967891886,0.313,0.241,1.28090393652153e-09,"6","SEC23B"
6.7056108204407e-14,0.308776126150885,0.743,0.709,1.28680671644257e-09,"6","LMAN1"
6.77163895796272e-14,0.670443985904585,0.297,0.221,1.29947751603304e-09,"6","PLAGL2"
7.33459114210453e-14,0.286315510109538,0.778,0.747,1.40750804016986e-09,"6","KDELR2"
7.94300258697746e-14,0.456924470332329,0.555,0.497,1.52426219644097e-09,"6","AFG3L2"
1.08143801064389e-13,0.514689314963467,0.365,0.28,2.07527954242563e-09,"6","WDR76"
1.18747979492305e-13,0.611031683923004,0.396,0.327,2.27877372645734e-09,"6","APBB1IP"
1.33314090260612e-13,0.695505662703632,0.31,0.239,2.55829739210114e-09,"6","CLUH"
1.5849949605565e-13,0.52254356684233,0.518,0.453,3.04160532930792e-09,"6","MED31"
2.00539367013659e-13,0.609880656195865,0.366,0.295,3.84835045299211e-09,"6","DIAPH1"
2.70092726524201e-13,0.544640085909748,0.496,0.429,5.18307942199943e-09,"6","ORAI2"
2.91299650839685e-13,0.420513513945462,0.641,0.595,5.59004029961356e-09,"6","MBNL1"
3.71565918606353e-13,0.524923751441681,0.395,0.322,7.13034997805591e-09,"6","ZC3HAV1"
3.73477548503961e-13,0.713978931631942,0.33,0.263,7.167034155791e-09,"6","SLC43A1"
4.6508798328185e-13,0.567020232381021,0.447,0.382,8.9250383991787e-09,"6","COPA"
5.15298166351769e-13,0.462876387702642,0.553,0.497,9.88857181229044e-09,"6","DHX9"
5.47300319763888e-13,0.344735850594843,0.743,0.71,1.0502693136269e-08,"6","CDV3"
6.24863933231146e-13,0.482756971006794,0.497,0.436,1.19911388787057e-08,"6","SNRNP200"
7.66939973590483e-13,0.404501050605483,0.548,0.488,1.47175780932014e-08,"6","FBXO9"
9.310263970245e-13,0.50331012674534,0.498,0.432,1.78663965589002e-08,"6","MYO1F"
1.07019033596716e-12,0.690534807770701,0.289,0.22,2.05369525472099e-08,"6","ZNF395"
1.2057637428255e-12,0.686167027281969,0.26,0.192,2.31386062248213e-08,"6","TMEM217"
1.39093816015177e-12,0.435398309432703,0.513,0.454,2.66921032933125e-08,"6","PIK3R1"
1.52786549894726e-12,0.61263104331499,0.36,0.294,2.93197389247978e-08,"6","TMEM131"
1.97151713069392e-12,0.456772720591951,0.481,0.415,3.78334137380163e-08,"6","GADD45A"
3.3129244893421e-12,0.381839549311056,0.759,0.732,6.35750209504749e-08,"6","RNF24"
3.46524282272419e-12,0.5960799359896,0.382,0.319,6.64980097680772e-08,"6","CARM1"
4.81283246138413e-12,0.606756096353709,0.427,0.367,9.23582549339614e-08,"6","CPNE3"
4.8587840575479e-12,0.650004191369575,0.287,0.224,9.32400660643441e-08,"6","IDE"
5.67834230931235e-12,0.380292396357775,0.582,0.527,1.08967388915704e-07,"6","IFT20"
5.99397227762055e-12,0.438206597060601,0.483,0.418,1.15024328007538e-07,"6","ANKRD13D"
6.25672771703571e-12,0.32900961873913,0.665,0.615,1.20066604889915e-07,"6","DNAJC3"
6.28024803036481e-12,0.66560463794786,0.326,0.261,1.20517959702701e-07,"6","ADD3"
6.49280961690557e-12,0.555544086173739,0.462,0.403,1.24597016548418e-07,"6","RPA1"
7.49524632834083e-12,0.400567480769785,0.551,0.496,1.43833777040861e-07,"6","SLC27A5"
7.80987638008105e-12,0.405939318894617,0.504,0.437,1.49871527733755e-07,"6","SNHG21"
8.53441656740831e-12,0.43985877779728,0.563,0.523,1.63775453928565e-07,"6","WDR82"
8.60482817701356e-12,0.601431022983429,0.344,0.276,1.6512665271689e-07,"6","FASN"
8.80928509732290e-12,0.472907619264403,0.345,0.275,1.69050181017627e-07,"6","CTSZ"
1.11696619311041e-11,0.264059458477006,0.881,0.854,2.14345812457887e-07,"6","HNRNPM"
1.12925137860381e-11,0.521257178333433,0.495,0.444,2.16703339554071e-07,"6","BIRC2"
1.13788257349304e-11,0.600373534093915,0.305,0.239,2.18359665853315e-07,"6","KIAA0100"
1.24022894552728e-11,0.431804372976925,0.376,0.299,2.37999934646685e-07,"6","DTL"
1.32141500344402e-11,0.550349272649495,0.355,0.286,2.53579539160908e-07,"6","SMG7"
1.3880309438712e-11,0.395962367522221,0.513,0.453,2.66363138128883e-07,"6","SLC36A4"
1.39147924226621e-11,0.346913316268097,0.733,0.69,2.67024866590886e-07,"6","LBR"
1.62980542162956e-11,0.501216232247935,0.417,0.35,3.12759660410712e-07,"6","OS9"
1.88952308225815e-11,0.374296533307347,0.58,0.523,3.62599479485339e-07,"6","ZBED4"
2.17004959341341e-11,0.427633689923296,0.406,0.335,4.16432516976034e-07,"6","CTD-3184A7.4"
2.69735577545757e-11,0.602804594457714,0.411,0.352,5.17622573310308e-07,"6","MBD3"
3.07128245394776e-11,0.644918489873371,0.364,0.305,5.89379102912575e-07,"6","WDR6"
3.24890621487609e-11,0.550495521337064,0.348,0.284,6.23465102634721e-07,"6","ZNF84"
3.87952347650511e-11,0.326408990538438,0.399,0.317,7.4448055514133e-07,"6","E2F1"
4.64188705850642e-11,0.603937212823795,0.31,0.247,8.90778126527382e-07,"6","OCLN"
6.75662904158001e-11,0.546745050196554,0.412,0.353,1.2965971130792e-06,"6","EZR"
7.41471353529836e-11,0.495909617482465,0.374,0.311,1.42288352742376e-06,"6","NADK"
8.49454741801851e-11,0.507152380241917,0.458,0.404,1.63010364951775e-06,"6","BORCS8"
8.88942021338947e-11,0.363231325384021,0.658,0.627,1.70587973894944e-06,"6","CRTAP"
9.43002955307490e-11,0.574146542100719,0.351,0.287,1.80962267123507e-06,"6","SND1"
9.7449408572428e-11,0.664896206312567,0.304,0.246,1.87005415050489e-06,"6","CCDC88C"
1.1691566083944e-10,0.551022665122242,0.406,0.348,2.24361153150885e-06,"6","RCOR1"
1.17854820537087e-10,0.606015896395703,0.42,0.366,2.26163400610671e-06,"6","TRIP12"
1.20710956832347e-10,0.707739016398433,0.26,0.201,2.31644326161273e-06,"6","TNRC18"
1.46128846873355e-10,0.322443447292358,0.528,0.456,2.80421257149969e-06,"6","TOP1MT"
1.51316080648012e-10,0.427495061259138,0.503,0.447,2.90375558763535e-06,"6","TAF15"
1.55006297640285e-10,0.387907225992544,0.588,0.543,2.97457085171706e-06,"6","EIF4EBP2"
1.56092052846349e-10,0.539494857480422,0.346,0.282,2.99540649412143e-06,"6","SPIN4"
1.5799217748464e-10,0.490537439635912,0.455,0.403,3.03186988593024e-06,"6","MTL5"
1.88769386877703e-10,0.498210453854467,0.501,0.452,3.62248453418313e-06,"6","RNPEP"
2.55768730673087e-10,0.582688573303375,0.412,0.36,4.90820194161653e-06,"6","TBC1D10B"
2.97614824508857e-10,0.497455801471219,0.437,0.377,5.71122848232497e-06,"6","ATP8B4"
3.99536411810544e-10,0.470470940797574,0.454,0.397,7.66710374264434e-06,"6","PUM2"
4.14855527776155e-10,0.673065886634155,0.266,0.206,7.96107757802442e-06,"6","FBXL19"
4.60739043107645e-10,0.31135459256786,0.649,0.608,8.84158223723571e-06,"6","ABHD14B"
6.23822012173347e-10,0.638171505430254,0.268,0.21,1.19711444136065e-05,"6","USP7"
6.29744417759991e-10,0.546065894033347,0.279,0.216,1.20847953768142e-05,"6","UNC93B1"
6.48225903201308e-10,0.310592677140454,0.638,0.592,1.24394550824331e-05,"6","ARL8B"
7.20798563347325e-10,0.4193821308928,0.492,0.438,1.38321244306352e-05,"6","IFI27L1"
8.42976815238878e-10,0.466020011529011,0.36,0.298,1.61767250844341e-05,"6","MAGT1"
8.52950951403172e-10,0.538262645722243,0.438,0.395,1.63681287574269e-05,"6","HMHA1"
9.62930300721445e-10,0.343864470052423,0.606,0.569,1.84786324708445e-05,"6","NUDT1"
9.69965834577603e-10,0.642565297205298,0.253,0.196,1.86136443655442e-05,"6","NUP85"
1.01672944634256e-09,0.605502294099899,0.279,0.223,1.95110380753138e-05,"6","MYL5"
1.05041630553596e-09,0.335302837365597,0.659,0.617,2.0157488903235e-05,"6","P2RY8"
1.0759909344525e-09,0.339034412356934,0.56,0.518,2.06482660321436e-05,"6","SLC38A2"
1.13160090621769e-09,0.62705557443675,0.29,0.232,2.17154213903175e-05,"6","RP11-872J21.3"
1.16423269230048e-09,0.531892402414345,0.51,0.473,2.23416253652462e-05,"6","SHOC2"
1.24558674833419e-09,0.396427239656269,0.479,0.422,2.39028097005332e-05,"6","TAX1BP1"
1.3174848762516e-09,0.268675126852278,0.771,0.756,2.52825347752681e-05,"6","SMIM4"
1.45635918336738e-09,0.60396908999385,0.297,0.237,2.794753272882e-05,"6","AFF1"
1.47426802390685e-09,0.419892282414456,0.474,0.427,2.82912033787724e-05,"6","MAP4K4"
1.48550539046273e-09,0.573355565894982,0.364,0.307,2.85068484429797e-05,"6","NADSYN1"
1.52858726359061e-09,0.459744177872897,0.537,0.49,2.93335895883038e-05,"6","ATP6AP1"
1.6267646293178e-09,0.269217234938658,0.699,0.678,3.12176132366087e-05,"6","DDX3X"
1.66498565980437e-09,0.594674979013566,0.308,0.249,3.19510748116458e-05,"6","MSL2"
2.73824445978756e-09,0.562171504985141,0.308,0.25,5.25469111833233e-05,"6","SMPD4"
2.8910308724808e-09,0.320838468293476,0.615,0.579,5.54788824429065e-05,"6","CTSC"
3.05478604665907e-09,0.260053874250615,0.618,0.569,5.86213442353876e-05,"6","SMARCC1"
3.22622581401747e-09,0.55277568147923,0.356,0.301,6.19112733709953e-05,"6","UBR5"
3.47620228720317e-09,0.530630726162351,0.338,0.283,6.67083218914288e-05,"6","VCL"
3.7101014873169e-09,0.486250583171626,0.389,0.33,7.11968475416114e-05,"6","ADD1"
3.71410580716208e-09,0.299194707453128,0.693,0.67,7.12736904394403e-05,"6","PRPF4B"
3.99050596446365e-09,0.369673802239947,0.611,0.571,7.65778094580575e-05,"6","STK26"
4.3215362594956e-09,0.613340073880229,0.25,0.195,8.29302808197207e-05,"6","ACYP2"
4.55636941457313e-09,0.582685938440512,0.355,0.302,8.74367290656583e-05,"6","WDR70"
5.42231302094341e-09,0.339950534843935,0.675,0.656,0.000104054186871904,"6","LRRFIP2"
5.55013904848644e-09,0.434604739519882,0.437,0.381,0.000106507168340455,"6","ACLY"
5.61065383260173e-09,0.518916320869339,0.29,0.233,0.000107668447047627,"6","USP25"
5.68634636792473e-09,0.553764694311326,0.286,0.229,0.000109120986800476,"6","CDC25A"
6.00265521178294e-09,0.616248975996024,0.288,0.235,0.000115190953514115,"6","OSBP"
6.07503244372259e-09,0.560885157324776,0.302,0.247,0.000116579872595037,"6","GRAMD4"
6.43973960695614e-09,0.455343461641853,0.321,0.26,0.000123578603057488,"6","INAFM1"
7.30456360874803e-09,0.489077777746903,0.392,0.341,0.000140174575651875,"6","NELFB"
7.45440259829357e-09,0.291347239208349,0.67,0.624,0.000143049985861254,"6","IKZF1"
7.91980461077477e-09,0.474530742705981,0.381,0.32,0.000151981050480768,"6","CCDC189"
9.39747044604015e-09,0.305373897475606,0.583,0.544,0.000180337457859511,"6","CLPTM1L"
1.37784996452558e-08,0.438200496247558,0.467,0.423,0.000264409408192458,"6","DDX42"
1.47894325365659e-08,0.298152191195059,0.57,0.526,0.0002838092103767,"6","NCLN"
1.58180807590655e-08,0.601854211216184,0.275,0.222,0.000303548969766466,"6","DGCR2"
1.62965045795292e-08,0.382113845571424,0.447,0.396,0.000312729922881165,"6","BAG4"
1.65360540318403e-08,0.466895315667435,0.427,0.379,0.000317326876871015,"6","RIN3"
1.66780819276626e-08,0.560414402356133,0.324,0.269,0.000320052392191846,"6","FTSJ3"
1.89652875202675e-08,0.32877600289863,0.636,0.605,0.000363943867513933,"6","PPP6R1"
1.95761680510338e-08,0.643226476313407,0.284,0.23,0.000375666664899338,"6","COG3"
1.99544626097508e-08,0.313927773437142,0.782,0.752,0.000382926137481118,"6","NMT1"
2.01375301167932e-08,0.538707951044138,0.288,0.233,0.000386439202941261,"6","SGK3"
2.05298476312367e-08,0.461413946355152,0.391,0.338,0.000393967776043432,"6","EIF4G1"
2.40638980627428e-08,0.500430818236601,0.31,0.257,0.000461786203824035,"6","PPP4R1"
2.42413809888058e-08,0.623692147624985,0.27,0.22,0.000465192101175184,"6","RAB44"
2.44410445486025e-08,0.3134852578611,0.545,0.497,0.000469023644887681,"6","LINC00116"
2.6569525828924e-08,0.442210545702016,0.385,0.333,0.000509869200657051,"6","EAF2"
3.14079281732454e-08,0.305475874146331,0.638,0.613,0.000602718141644579,"6","PGP"
3.3641610252218e-08,0.347236493608009,0.5,0.451,0.000645582500740064,"6","SMCO4"
4.02151090147359e-08,0.550183225128966,0.358,0.312,0.000771727941992781,"6","TIMP2"
4.06042864180333e-08,0.267845677560054,0.641,0.607,0.000779196256362059,"6","RCC2"
4.13985300568555e-08,0.641823601500925,0.25,0.2,0.000794437791791057,"6","RP11-61K9.3"
4.22275844863448e-08,0.57348913904574,0.296,0.245,0.000810347346292957,"6","FLII"
4.48586855801962e-08,0.414919510281659,0.465,0.423,0.000860838176283965,"6","KIAA2013"
4.64737797029089e-08,0.330469463509826,0.624,0.595,0.000891831832498821,"6","HCFC1"
4.70505409397775e-08,0.361711079489918,0.965,0.988,0.000902899880634331,"6","METTL9"
4.73580996972351e-08,0.269875331564937,0.698,0.68,0.000908801933189941,"6","ANAPC15"
4.80357358368961e-08,0.286920341504477,0.653,0.624,0.000921805770710036,"6","STT3B"
5.01478531558262e-08,0.519009794991868,0.258,0.203,0.000962337302060304,"6","LIG1"
6.12182760084387e-08,0.260234853091591,0.717,0.696,0.00117477871660194,"6","CAPRIN1"
6.16342716452622e-08,0.379606797353557,0.586,0.555,0.00118276167287258,"6","SLC43A3"
6.62823816600067e-08,0.540153219012167,0.343,0.293,0.00127195890405553,"6","NT5C2"
9.09521818061781e-08,0.594467899122968,0.253,0.203,0.00174537236886056,"6","PJA2"
9.27765194915915e-08,0.49674524961668,0.378,0.331,0.00178038140904364,"6","AGPS"
9.75552368369029e-08,0.387870271040746,0.46,0.42,0.00187208499490017,"6","HUWE1"
1.27224549221694e-07,0.586255053109875,0.254,0.205,0.00244143909956431,"6","FYB"
1.41696860634803e-07,0.462524029658381,0.31,0.257,0.00271916275558186,"6","TOPBP1"
1.43072104338743e-07,0.473802102558485,0.362,0.318,0.00274555368226047,"6","SBF1"
1.43576083218606e-07,0.564742960686135,0.31,0.259,0.00275522503696505,"6","POLE"
1.44853391132464e-07,0.445998584053591,0.357,0.303,0.00277973657583198,"6","C9orf40"
1.4516273104863e-07,0.342770004123423,0.523,0.488,0.0027856728088232,"6","RABL6"
1.53604671192576e-07,0.593390127923785,0.32,0.274,0.00294767364018553,"6","PDCD4"
1.64942153937826e-07,0.319978371601042,0.645,0.631,0.00316523993406687,"6","ZCCHC17"
1.81811146481076e-07,0.570945025640356,0.304,0.257,0.00348895590097184,"6","WDR26"
1.8384201720494e-07,0.286058777788585,0.667,0.645,0.00352792831016279,"6","SLC25A1"
2.17893431124743e-07,0.457799163575718,0.37,0.32,0.00418137494328382,"6","PTGER2"
2.4887348322632e-07,0.279868920206916,0.511,0.466,0.00477588214311309,"6","BRCA1"
2.51576851607871e-07,0.50610979370523,0.305,0.256,0.00482775978235504,"6","SRF"
2.62538608402319e-07,0.436050150770111,0.394,0.352,0.00503811589524049,"6","XRCC6BP1"
2.76845695289495e-07,0.41843590677868,0.468,0.433,0.0053126688926054,"6","CERS6"
3.10765431263128e-07,0.539972552770536,0.358,0.313,0.00596358862593943,"6","NPLOC4"
3.16561666395641e-07,0.340104108401563,0.647,0.627,0.00607481837813236,"6","TARS"
3.26937986106566e-07,0.439835676112277,0.422,0.378,0.006273939953385,"6","STK32C"
3.61656162921667e-07,0.516324659306206,0.335,0.29,0.00694018176646678,"6","SF3B3"
3.98205792813491e-07,0.266962102392533,0.625,0.589,0.0076415691640909,"6","RPA3"
4.30579473546777e-07,0.52818139473409,0.338,0.294,0.00826282009736266,"6","MLLT1"
4.64570398243151e-07,0.594559152029071,0.277,0.232,0.00891510594228607,"6","SNRK"
4.68097451688502e-07,0.250919384520354,0.69,0.664,0.00898279009790234,"6","PTDSS1"
6.28288656176635e-07,0.294122210368,0.588,0.558,0.0120568593120296,"6","PPIF"
6.45715370842017e-07,0.307757523717997,0.545,0.511,0.0123912779664583,"6","DHX15"
7.32652270369451e-07,0.327305797973126,0.462,0.426,0.0140595970683898,"6","QKI"
7.85433899784847e-07,0.292431897727901,0.613,0.585,0.0150724765368712,"6","NUDT22"
7.87188670461927e-07,0.337290078206331,0.513,0.479,0.0151061505861644,"6","ENDOG"
1.02628122298392e-06,0.469738572638811,0.264,0.219,0.0196943366690614,"6","HIRA"
1.13603011274094e-06,0.368986363281751,0.472,0.435,0.0218004178634987,"6","BOLA2B"
1.14293597713454e-06,0.510173136445707,0.287,0.242,0.0219329414012118,"6","NOMO1"
1.17046143674701e-06,0.295091928062114,0.539,0.506,0.0224611549711751,"6","CARHSP1"
1.20496270655776e-06,0.292014675984856,0.548,0.52,0.0231232343388433,"6","FAM120A"
1.32545224032022e-06,0.278232190755644,0.438,0.392,0.0254354284917451,"6","MCM7"
1.6376584818549e-06,0.352658993267705,0.573,0.546,0.0314266662667956,"6","CCDC57"
1.74330111526666e-06,0.600504849943021,0.3,0.26,0.0334539484019672,"6","MTMR6"
2.22243732742797e-06,0.295298849829609,0.572,0.542,0.0426485723133428,"6","SYTL1"
2.32529528101538e-06,0.329334231085712,0.551,0.525,0.0446224164426851,"6","TBRG1"
2.34180881044204e-06,0.284722691641858,0.553,0.518,0.0449393110723827,"6","ACIN1"
2.59951827368565e-06,0.271466674304233,0.584,0.556,0.0498847556720276,"6","CTSA"
2.7689550685292e-06,0.474001946024096,0.453,0.426,0.0531362477650754,"6","AGFG1"
2.84885839065121e-06,0.313791718696231,0.433,0.386,0.0546695925165966,"6","ZMYND19"
2.87961636216939e-06,0.448844747169024,0.432,0.399,0.0552598379900307,"6","ST20"
3.14194155045337e-06,0.405543001217759,0.447,0.407,0.0602938583532001,"6","RRM1"
3.18746900098922e-06,0.602405033789127,0.276,0.236,0.0611675301289831,"6","MANBA"
3.22880349183727e-06,0.450584657971927,0.351,0.311,0.0619607390083571,"6","FAM98B"
4.10997690797846e-06,0.270516272782777,0.677,0.654,0.0788704568641067,"6","MIS18BP1"
4.56386408261411e-06,0.505919761830447,0.257,0.214,0.0875805517453648,"6","CNOT1"
4.79948851245109e-06,0.325443645740674,0.523,0.499,0.0921021845539365,"6","GTF2I"
5.56425456717136e-06,0.513008786874626,0.27,0.229,0.106778045144018,"6","UPF1"
5.75554161537961e-06,0.487398005824569,0.279,0.239,0.110448843599135,"6","MLLT6"
5.75951269942951e-06,0.325554784222798,0.674,0.674,0.110525048702052,"6","TMEM251"
6.20999018452216e-06,0.466355305370215,0.332,0.291,0.11916971164098,"6","CREB3L2"
6.68031786372126e-06,0.588480660631967,0.305,0.268,0.128195299804811,"6","MAP3K8"
6.72556833066313e-06,0.428784785215099,0.302,0.258,0.129063656265425,"6","RP13-942N8.1"
7.53408525566343e-06,0.342571105794859,0.525,0.508,0.144579096056181,"6","NUP62"
7.81129854025409e-06,0.401049440284146,0.392,0.357,0.149898818987476,"6","SUPT5H"
7.90735205484251e-06,0.477264113792071,0.282,0.242,0.151742085932428,"6","ADIPOR2"
8.25630442149509e-06,0.315426403082276,0.554,0.526,0.158438481848491,"6","TBL1XR1"
8.54492911449559e-06,0.451073641670844,0.372,0.337,0.16397718970717,"6","ARHGAP17"
8.96969993930219e-06,0.31412597417829,0.55,0.533,0.172128541835209,"6","TCF25"
9.12368490752969e-06,0.352692869864795,0.335,0.287,0.175083513375495,"6","RBBP8"
9.50321430794643e-06,0.34085946091192,0.477,0.442,0.182366682569492,"6","LRPPRC"
9.74582918937205e-06,0.377147144291955,0.495,0.473,0.18702246214405,"6","WRNIP1"
1.020907278852e-05,0.293177835483736,0.508,0.477,0.195912106811699,"6","CECR5"
1.05820838164045e-05,0.410340089571374,0.292,0.249,0.203070188436802,"6","PLCXD1"
1.07061313141042e-05,0.350368783507444,0.508,0.485,0.205450659917659,"6","HSPA9"
1.29802723789638e-05,0.512520326447124,0.41,0.388,0.249091426952316,"6","H2AFJ"
1.35573785891196e-05,0.401444463006497,0.402,0.366,0.260166095125205,"6","ATP2A3"
1.3946362944958e-05,0.481012997954429,0.387,0.356,0.267630704913743,"6","JOSD2"
1.44557010021175e-05,0.357872265674591,0.439,0.406,0.277404902230635,"6","SAMD1"
1.56318152678485e-05,0.31996587316251,0.457,0.419,0.299974534990012,"6","EMILIN1"
1.58282392185761e-05,0.403671989696204,0.42,0.374,0.303743910604476,"6","PROK2"
1.60375058488646e-05,0.377461490585294,0.365,0.328,0.307759737239713,"6","SUGP2"
1.6213235645571e-05,0.376641964548952,0.413,0.379,0.311131992038507,"6","SARS"
2.03944200811354e-05,0.414845098483063,0.339,0.302,0.391368921356988,"6","SRPRA"
2.41011444264731e-05,0.254669515119744,0.596,0.578,0.462500961544019,"6","AP2B1"
2.42431982001628e-05,0.324987947468406,0.52,0.489,0.465226973461124,"6","DERL1"
2.49321921674933e-05,0.435188163686972,0.397,0.365,0.478448767694197,"6","SERTAD2"
2.71153541459652e-05,0.265587803171206,0.503,0.47,0.520343646061072,"6","RP11-660L16.2"
2.72094325068493e-05,0.374881836629411,0.355,0.317,0.522149009806438,"6","PHF10"
2.74803290223576e-05,0.320332771324424,0.415,0.379,0.527347513939042,"6","G6PD"
2.85750172142989e-05,0.448361952667814,0.277,0.233,0.548354580342395,"6","PSAT1"
2.9560212721763e-05,0.347897531882325,0.67,0.67,0.567260482130632,"6","UGP2"
3.19909190596493e-05,0.353099902975852,0.383,0.35,0.613905736754671,"6","CPT1A"
3.23545222295398e-05,0.305629611316367,0.482,0.454,0.620883281584869,"6","ROGDI"
3.3084052189694e-05,0.430369989781555,0.303,0.265,0.634882961520228,"6","GNB4"
3.68637244091092e-05,0.351035362784976,0.375,0.341,0.707414871410806,"6","ARCN1"
3.71740939444684e-05,0.320057518788381,0.526,0.51,0.713370862794349,"6","RCSD1"
3.89185033936798e-05,0.324528244833046,0.408,0.375,0.746846080124715,"6","ATP2A2"
4.33055932216039e-05,0.334455016692885,0.49,0.458,0.831034333922578,"6","VPS35"
4.37819667666631e-05,0.431442198673375,0.34,0.306,0.840175942252264,"6","RP11-108M9.4"
4.7756383431285e-05,0.250887921375813,0.605,0.589,0.916444998046358,"6","G3BP2"
5.27454545973671e-05,0.375394065720685,0.339,0.305,1,"6","MCTP2"
5.29001884460178e-05,0.494183025057361,0.332,0.305,1,"6","STK11"
5.83079257009998e-05,0.4992119013873,0.282,0.246,1,"6","BCOR"
6.04331399167086e-05,0.52187542746247,0.269,0.236,1,"6","HSPA13"
6.1203923993713e-05,0.388881889348065,0.335,0.299,1,"6","SRP68"
6.63053991681214e-05,0.613191854255588,0.264,0.233,1,"6","TRPC4AP"
6.69126870078725e-05,0.307292316979263,0.391,0.356,1,"6","PSMD5-AS1"
6.9110450646434e-05,0.374176545600267,0.357,0.323,1,"6","FBXW11"
6.91208392545539e-05,0.317375496916051,0.475,0.445,1,"6","STIP1"
6.98256209612499e-05,0.33501560496779,0.333,0.294,1,"6","CCNT1"
7.49722224647002e-05,0.291538049342301,0.703,0.706,1,"6","VIMP"
8.28316021135959e-05,0.288934086610781,0.575,0.563,1,"6","TP53"
8.38508573347636e-05,0.500300044890211,0.268,0.235,1,"6","PECAM1"
9.05932789484722e-05,0.422567764431965,0.278,0.241,1,"6","SP1"
9.77111061128472e-05,0.52573722174408,0.272,0.239,1,"6","DHCR7"
9.97145118866417e-05,0.385863795948682,0.314,0.279,1,"6","USP24"
0.000110448530452233,0.377671624778835,0.264,0.227,1,"6","TAOK2"
0.000112918138128133,0.273831159995802,0.501,0.472,1,"6","OSTF1"
0.000113142556815545,0.27043279569152,0.467,0.436,1,"6","PDCD11"
0.000124005211527962,0.373475430574633,0.305,0.27,1,"6","B9D2"
0.00012473639518333,0.334197784973651,0.33,0.295,1,"6","TSLP"
0.000128010460181075,0.423391854737489,0.307,0.274,1,"6","MAEA"
0.000132000567921741,0.300820301970846,0.445,0.408,1,"6","DCUN1D3"
0.000132058348509077,0.322787838667364,0.382,0.349,1,"6","TOR1AIP1"
0.000139826884655661,0.278876296490323,0.52,0.497,1,"6","YME1L1"
0.000142784357098533,0.375605614108329,0.274,0.236,1,"6","GAPVD1"
0.000146800221233498,0.517378638455106,0.332,0.306,1,"6","ARL4A"
0.000154561273621149,0.361593574073888,0.474,0.459,1,"6","TMEM87A"
0.000166005191998661,0.280983505804251,0.447,0.416,1,"6","NMRAL1"
0.000171596895266215,0.282630299152729,0.387,0.352,1,"6","MCM10"
0.000179037838486688,0.529201523701069,0.252,0.221,1,"6","FLOT2"
0.000183663686347681,0.39689883596857,0.375,0.347,1,"6","STK17B"
0.000185960417737988,0.438923630410555,0.284,0.253,1,"6","ZRANB1"
0.00018970527886366,0.370926509210048,0.417,0.394,1,"6","APP"
0.000197486579271112,0.349701263390387,0.379,0.348,1,"6","ACBD3"
0.000216921366495112,0.323465063452051,0.355,0.322,1,"6","ADNP2"
0.000238339179085744,0.389416910687256,0.269,0.235,1,"6","GOLGA3"
0.000248973659479771,0.469898478552686,0.301,0.271,1,"6","STK38"
0.00025166608481419,0.339525281919133,0.477,0.456,1,"6","VRK1"
0.000258403761868594,0.360047950081995,0.281,0.245,1,"6","STIM2"
0.000273367576529568,0.364481315720234,0.32,0.29,1,"6","LATS2"
0.00028290615093362,0.403952265612736,0.339,0.313,1,"6","DNM2"
0.000334455188359794,0.485014470242187,0.251,0.219,1,"6","PIK3AP1"
0.000352166280918833,0.336854844536032,0.38,0.354,1,"6","GMPPB"
0.000354962605513194,0.368904626745465,0.367,0.341,1,"6","SIN3A"
0.000370886349947212,0.311561329879706,0.25,0.215,1,"6","FAM210B"
0.000421642078523631,0.370718650467645,0.34,0.314,1,"6","HGS"
0.000441250992274214,0.278247602006961,0.467,0.444,1,"6","ADPGK"
0.000453129358360668,0.321755019165898,0.46,0.445,1,"6","PRRC2B"
0.000479889175116447,0.446729470352737,0.267,0.239,1,"6","DSTYK"
0.000520329725112063,0.406378247850529,0.315,0.287,1,"6","SUPT6H"
0.000533451252272268,0.443660321412884,0.457,0.442,1,"6","TACC3"
0.000575868557734453,0.374635660319186,0.252,0.221,1,"6","XPO5"
0.000615692941453478,0.391443583632562,0.393,0.371,1,"6","IQGAP1"
0.000634841868926012,0.387162333911416,0.302,0.272,1,"6","PIGS"
0.000635401479947586,0.385301982258815,0.308,0.278,1,"6","KLF16"
0.000642667468874405,0.333709803543047,0.29,0.257,1,"6","WSB2"
0.000673122539738495,0.346012221338908,0.321,0.293,1,"6","WDR36"
0.000685987151359633,0.283094056321654,0.451,0.427,1,"6","PDXDC1"
0.000695562229408601,0.269285025625823,0.543,0.539,1,"6","RP3-460G2.2"
0.000696826035016066,0.452082276831635,0.287,0.262,1,"6","USP5"
0.00070818715571909,0.297054447690544,0.44,0.42,1,"6","PRKCSH"
0.00070887743520024,0.265979678869025,0.479,0.463,1,"6","C21orf2"
0.000800817162737461,0.298973761472584,0.357,0.328,1,"6","ECI1"
0.000803946615472342,0.360438740377881,0.254,0.222,1,"6","LACTB"
0.000821374336902204,0.371982004749507,0.435,0.418,1,"6","RAB1B"
0.00101133091711756,0.336725271052652,0.311,0.282,1,"6","RIOK3"
0.00114553281614433,0.334398191754645,0.333,0.304,1,"6","PGAM5"
0.00124736715658732,0.348937045328122,0.335,0.311,1,"6","RBM10"
0.00126321904209921,0.360049660536785,0.523,0.514,1,"6","PTPN6"
0.0013833522859746,0.349549781370304,0.257,0.227,1,"6","RMI1"
0.00148268705151994,0.292823496737334,0.364,0.339,1,"6","LTB4R"
0.00149685217426383,0.303232846332119,0.528,0.523,1,"6","PRPF6"
0.00152842343956017,0.299441242545432,0.36,0.335,1,"6","MAML1"
0.00157062142684245,0.252918100934775,0.513,0.497,1,"6","ADAM15"
0.00160703654526751,0.330832328284742,0.299,0.272,1,"6","SEL1L"
0.00171152949787209,0.425330193924192,0.274,0.252,1,"6","CNOT6"
0.00173737348706915,0.496705932308532,0.312,0.295,1,"6","HNRNPH2"
0.00176894476355624,0.357043027041808,0.338,0.314,1,"6","UBL3"
0.00178312369371568,0.325530908191177,0.271,0.241,1,"6","CBL"
0.00181021204279708,0.455095849035021,0.328,0.305,1,"6","PUM1"
0.00182638101450064,0.288235042754852,0.371,0.348,1,"6","GGCX"
0.00182977313379896,0.312575213924303,0.398,0.376,1,"6","ACAP2"
0.00187005006786424,0.273393337742921,0.431,0.412,1,"6","EDEM2"
0.00189059453789125,0.278977678766481,0.422,0.401,1,"6","MLXIP"
0.00193649071104391,0.383933520176988,0.262,0.238,1,"6","UHRF2"
0.00206941255267784,0.392658478242383,0.264,0.237,1,"6","RBMS1"
0.00209224717824495,0.328831378152603,0.304,0.281,1,"6","DGAT1"
0.00221797308408241,0.511790014370639,0.263,0.24,1,"6","ATP6V0D1"
0.00226482502051846,0.321006425539182,0.41,0.394,1,"6","CAB39"
0.00232715196465975,0.343068054581576,0.267,0.24,1,"6","MBD2"
0.00236087872626324,0.334002710089619,0.28,0.253,1,"6","TRIM41"
0.00244330059799125,0.302682548689869,0.425,0.407,1,"6","DOK3"
0.0025581605003308,0.333146258942665,0.413,0.399,1,"6","PPP2R4"
0.0027094696178835,0.254702210118343,0.399,0.375,1,"6","EDEM3"
0.00286732676859469,0.31766348226332,0.262,0.234,1,"6","RP11-115C21.2"
0.00295116906134658,0.271192612633712,0.393,0.373,1,"6","LLNLR-245B6.1"
0.00323983498186649,0.258392820923028,0.53,0.524,1,"6","COA5"
0.00326482179003002,0.28543314955791,0.333,0.309,1,"6","KIAA0430"
0.00337815972001428,0.278832752675762,0.394,0.373,1,"6","MED1"
0.00347398438850078,0.412208404342919,0.254,0.23,1,"6","KMT2D"
0.00357374767844681,0.438103839780519,0.25,0.229,1,"6","TTLL12"
0.00358317444345132,0.322381247594509,0.332,0.312,1,"6","ZFP91"
0.00363814552532579,0.366830278194482,0.254,0.229,1,"6","GNPDA1"
0.00379519473362851,0.441799878131685,0.25,0.23,1,"6","KDM5C"
0.00381966921790644,0.35551907063612,0.292,0.269,1,"6","CMIP"
0.0040886525642228,0.271123575783708,0.336,0.315,1,"6","ARHGAP4"
0.00428491189833988,0.285955533609392,0.605,0.609,1,"6","DYNC1I2"
0.00471939881942486,0.305780441051416,0.356,0.337,1,"6","RAP2B"
0.00499613864690358,0.376860059981849,0.307,0.284,1,"6","IST1"
0.00504840790622314,0.312253425730381,0.34,0.32,1,"6","SRP54"
0.00508608111134263,0.344615564692383,0.282,0.258,1,"6","NFE2L1"
0.005198941308432,0.29878112482487,0.399,0.382,1,"6","MIDN"
0.00533305100780918,0.296077036567672,0.306,0.283,1,"6","PTRH1"
0.00548194892074385,0.297157428545974,0.329,0.307,1,"6","PPP6R2"
0.00653139415192969,0.283765041478328,0.436,0.427,1,"6","PGRMC2"
0.00668854433715194,0.250669232502642,0.447,0.437,1,"6","TMEM50B"
0.0067148993371541,0.356197444067595,0.264,0.243,1,"6","NACC1"
0.00705230924514769,0.257608096948441,0.443,0.434,1,"6","CDC34"
0.00738717405775481,0.323677875521666,0.307,0.286,1,"6","PIKFYVE"
0.00755479292639342,0.334238318594329,0.411,0.399,1,"6","IMMT"
0.00790690032239758,0.418162314809834,0.261,0.242,1,"6","EML4"
0.00817617965689211,0.280611591606162,0.325,0.305,1,"6","CREBZF"
0.00839292868061601,0.294356434093654,0.307,0.287,1,"6","ZC3H4"
0.00981960572185145,0.373716139789923,0.266,0.244,1,"6","TNKS2"
0,1.13458101132837,0.991,0.963,0,"7","H2AFY"
0,1.14535992277783,0.999,0.987,0,"7","DUT"
0,1.20412834129173,1,0.99,0,"7","PRDX1"
0,0.706001712017323,0.999,0.999,0,"7","SUMO2"
1.19875946718731e-291,0.58682299847735,1,1,2.30041941753244e-287,"7","H3F3A"
9.65003673302809e-291,0.778421318259322,1,0.997,1.85184204906809e-286,"7","RANBP1"
3.27593313165275e-287,1.84649154280599,0.915,0.705,6.28651567964163e-283,"7","SPINK2"
1.62177925559136e-265,0.87338244387433,0.989,0.984,3.11219439147981e-261,"7","KIAA0101"
3.3070709545857e-265,0.595301009674832,0.999,0.999,6.34626916184996e-261,"7","H2AFZ"
5.46318650073822e-256,0.799114615049458,0.997,0.987,1.04838548949166e-251,"7","DEK"
2.07545636935398e-251,0.825936385996283,0.996,0.988,3.98280077279028e-247,"7","STMN1"
4.13456049870077e-250,0.807322534671305,0.995,0.982,7.93422159700678e-246,"7","SIVA1"
1.11881455105843e-249,0.705193539740369,1,1,2.14700512348112e-245,"7","B2M"
2.9127982117215e-235,0.783099001180557,1,0.993,5.58965976829355e-231,"7","HSP90AA1"
4.90549548100086e-226,1.1608924767775,0.936,0.819,9.41364582804065e-222,"7","HSPB11"
2.27777869130723e-214,0.991680862646355,0.989,0.947,4.37105730861858e-210,"7","CD164"
5.97554448838432e-212,1.37655755173136,0.868,0.644,1.14670698732095e-207,"7","TMEM106C"
3.02723480484271e-205,0.973462079167902,0.979,0.939,5.80926359049316e-201,"7","FUS"
6.53521716500591e-205,1.87616922890459,0.684,0.347,1.25410817396463e-200,"7","FAM213A"
8.33835891205631e-200,0.591740786016149,0.999,0.995,1.60013107522361e-195,"7","ERH"
5.75479858809897e-191,1.11556121466329,0.928,0.81,1.10434584905619e-186,"7","SLBP"
1.07624221430293e-190,1.36557109536065,0.848,0.604,2.06530880924733e-186,"7","DHFR"
2.10865362913579e-185,1.44058322830161,0.838,0.593,4.04650631431158e-181,"7","TK1"
1.05460781353729e-183,1.0186593125384,0.93,0.826,2.02379239417805e-179,"7","TYMS"
3.24544400455931e-180,1.43035477090188,0.808,0.522,6.22800704474932e-176,"7","HELLS"
1.02755650852846e-178,0.75205153125481,0.998,0.985,1.97188093986611e-174,"7","CD74"
4.41273326041635e-174,0.943344623697805,0.953,0.896,8.46803512673898e-170,"7","PRDX2"
1.58320631993148e-173,0.337840416325201,1,1,3.03817292794851e-169,"7","PTMA"
4.81249019182741e-173,1.11054303866268,0.894,0.753,9.23516867811679e-169,"7","CKLF"
2.15181725687746e-171,0.501433054297971,0.999,1,4.12933731594785e-167,"7","H3F3B"
1.83057137399394e-169,0.435842380047573,1,0.999,3.51286646669438e-165,"7","HMGB1"
2.30712842378772e-169,0.888344908279338,0.972,0.923,4.42737944524864e-165,"7","FABP5"
8.73755381708344e-168,1.05790013639621,0.922,0.768,1.67673657749831e-163,"7","NGFRAP1"
6.50326259742941e-165,1.36466489012614,0.816,0.606,1.2479760924467e-160,"7","PCNA"
2.11304730441026e-164,0.475935275732767,1,0.998,4.05493777716328e-160,"7","C11orf31"
4.04724698703423e-164,1.07328858701101,0.91,0.82,7.76666696811868e-160,"7","LSP1"
9.34696496188112e-163,0.843800280975438,0.964,0.913,1.79368257618499e-158,"7","IDH2"
5.74167653513872e-162,0.505725600992093,0.998,0.998,1.10182772709312e-157,"7","SNRPG"
7.51434909707881e-161,0.614592094754317,0.997,0.981,1.44200359172942e-156,"7","CALM2"
6.10049469120004e-159,2.09400909543463,0.757,0.498,1.17068493124129e-154,"7","LTB"
1.0349823458461e-157,0.396108209848671,1,1,1.98613112167866e-153,"7","YBX1"
3.3267768007082e-157,0.648852906565061,1,0.98,6.38408468055904e-153,"7","MGST1"
8.79462598237371e-151,1.18613220455841,0.816,0.636,1.68768872601751e-146,"7","WDR34"
1.27803636702168e-149,0.96926754078223,0.917,0.797,2.45255178831461e-145,"7","PXMP2"
9.43011714729558e-149,0.670954106928296,0.984,0.964,1.80963948056602e-144,"7","YWHAQ"
1.17366375138059e-146,0.489858439297151,0.998,0.998,2.25226073889936e-142,"7","PSMA7"
2.39073306748788e-145,0.770635096642349,0.984,0.955,4.58781675650924e-141,"7","DCTPP1"
1.33843011010362e-144,0.651397469030104,0.983,0.965,2.56844738128884e-140,"7","LAGE3"
1.4915963740268e-144,1.4008263604596,0.752,0.522,2.86237344175743e-140,"7","RRM2"
7.48551516862778e-144,0.607639629274559,0.99,0.982,1.43647036085967e-139,"7","CIRBP"
1.43595868311843e-143,0.898512543651148,0.948,0.872,2.75560471290427e-139,"7","XIST"
7.68426281357373e-143,0.796914262921182,0.939,0.889,1.4746100339248e-138,"7","PIN1"
9.59397731502492e-142,1.25333022530897,0.781,0.577,1.84108424675328e-137,"7","FADS1"
1.14670284292549e-141,0.471123835186331,0.999,0.999,2.20052275557401e-137,"7","TXN"
1.51251000387927e-141,1.08380332096386,0.853,0.702,2.90250669744431e-137,"7","ZWINT"
1.67383441107708e-141,0.889505590556858,0.924,0.827,3.21208823485693e-137,"7","NUDC"
1.74130110395521e-141,1.23845279463243,0.767,0.552,3.34155681849004e-137,"7","CYB5A"
1.17077345618204e-140,0.502144178920284,0.996,0.992,2.24671426241333e-136,"7","SRP9"
1.63900484227193e-138,0.787508163670642,0.931,0.881,3.14525029231983e-134,"7","PNKD"
2.90364468881641e-138,0.697839077325009,0.999,0.993,5.57209415783869e-134,"7","HLA-A"
3.6633438467147e-138,0.897898850408385,0.918,0.833,7.02995684184551e-134,"7","PSIP1"
3.86530052544578e-137,0.603854299608759,0.987,0.981,7.41751170833045e-133,"7","SOD1"
6.53754384178268e-137,0.882128744741992,0.932,0.826,1.2545546632381e-132,"7","CD34"
1.9515073779306e-136,0.613163796557509,0.983,0.97,3.74494265824882e-132,"7","LSM3"
2.28541719555312e-135,1.22324659314405,0.79,0.579,4.38571559826644e-131,"7","CLSPN"
5.34480537145932e-135,0.644100152270718,0.99,0.975,1.02566815078304e-130,"7","TPM4"
2.10943083470515e-134,0.900044626935275,0.902,0.823,4.04799777179919e-130,"7","DNAJC9"
2.02630877782502e-132,0.918212844451029,0.878,0.792,3.88848654464621e-128,"7","TFDP1"
2.4908738078096e-131,0.584778101799295,0.988,0.975,4.77998683718662e-127,"7","POMP"
3.80655548895712e-131,0.873492409104351,0.935,0.839,7.30477998330872e-127,"7","C12orf75"
4.64674352383755e-131,1.31748045763049,0.765,0.53,8.91710082224425e-127,"7","RMI2"
5.22781818009055e-131,1.06480983331341,0.827,0.704,1.00321830875938e-126,"7","FDPS"
7.35813053835788e-131,0.618619627192123,0.994,0.982,1.41202525031088e-126,"7","FKBP4"
2.4214083848046e-130,0.459763374547174,1,0.996,4.64668269044002e-126,"7","SNRPE"
3.81927256940484e-130,0.578391642857354,0.985,0.977,7.32918406068788e-126,"7","C11orf58"
1.22788415030493e-129,0.405908822528582,1,1,2.35630968443516e-125,"7","MT-ND2"
7.44487896493725e-129,0.541501486538233,0.992,0.994,1.42867227337146e-124,"7","TPI1"
3.21837026478541e-128,0.47727581003127,1,0.999,6.1760525381232e-124,"7","GSTP1"
4.1240389711263e-127,0.608289981089009,0.994,0.994,7.91403078559137e-123,"7","ENO1"
1.76476902118666e-126,0.714134916763706,0.97,0.927,3.3865917516572e-122,"7","SLC39A3"
5.54846040964094e-125,1.28813652950757,0.703,0.464,1.0647495526101e-120,"7","MYBL2"
2.32039725383164e-124,0.441332359519818,1,1,4.45284233010292e-120,"7","MALAT1"
1.85537159049955e-123,1.01673128864244,0.859,0.686,3.56045808216863e-119,"7","VAMP5"
4.07203615239911e-123,1.28146462706053,0.721,0.495,7.8142373764539e-119,"7","CENPU"
1.26020867512383e-122,1.41399905381715,0.688,0.443,2.41834044756263e-118,"7","BIN1"
1.50776153089544e-121,1.40815620866167,0.692,0.478,2.89339437778836e-117,"7","ACAT2"
1.91688607370699e-119,0.6213006878053,0.996,0.991,3.67850437544372e-115,"7","HLA-B"
2.07369157653062e-119,0.67038266693635,0.968,0.928,3.97941413536226e-115,"7","RAD23A"
1.78219662764155e-118,0.544374190090644,0.988,0.985,3.42003532844413e-114,"7","EIF1AX"
4.99260246000679e-118,1.2128156957754,0.719,0.509,9.58080412075303e-114,"7","RAD51AP1"
1.03800909857457e-117,0.800940410095201,0.979,0.914,1.99193946016459e-113,"7","HLA-DPA1"
4.1957826751327e-117,0.846536530194602,0.899,0.833,8.05170695357966e-113,"7","RCN2"
5.06007621616574e-117,1.33549519178378,0.676,0.443,9.71028625882206e-113,"7","NTAN1"
1.10589042804355e-116,1.05805896060333,0.787,0.625,2.12220373141557e-112,"7","IFI27L2"
2.30933376455097e-116,0.667320878504767,0.975,0.942,4.4316114941733e-112,"7","SRSF7"
3.17348045593254e-116,0.752909497980866,0.923,0.875,6.08990899493454e-112,"7","UQCC2"
7.89988921298577e-116,0.475501964488258,0.996,0.997,1.51598873997197e-111,"7","PPIA"
9.28383032788745e-116,1.16876141084887,0.742,0.562,1.7815670399216e-111,"7","UBE2T"
2.85598258927789e-115,0.667463729949452,0.95,0.929,5.48063058882427e-111,"7","SRRM1"
6.57349035229663e-115,0.511415628024817,0.994,0.991,1.26145279860572e-110,"7","NAA38"
1.46663589718724e-113,0.581941831656802,0.978,0.963,2.81447428670231e-109,"7","TMEM14B"
5.67164560062426e-113,0.700060965553999,0.948,0.922,1.0883887907598e-108,"7","HNRNPAB"
9.95931640746288e-113,0.822621506156258,0.88,0.798,1.91119281859213e-108,"7","RBBP4"
3.59619984985706e-112,0.712905242205634,0.93,0.865,6.9011075118757e-108,"7","PPIG"
5.07367979646571e-112,0.738018762754596,0.945,0.895,9.73639152941769e-108,"7","CD82"
7.11764627657861e-112,0.500985706389046,0.992,0.988,1.36587632047544e-107,"7","RBX1"
7.8295247040596e-112,0.763734793570239,0.925,0.871,1.50248579070904e-107,"7","RNASEH2B"
1.1669852934955e-111,0.993457995564985,0.902,0.787,2.23944477821786e-107,"7","HLA-DRB1"
1.81801754630122e-111,0.503074091812469,0.993,0.994,3.48877567135203e-107,"7","ATP5G3"
3.37684750824813e-111,0.993673304725249,0.81,0.691,6.48017036832815e-107,"7","GMNN"
7.33082844229211e-111,0.780707375736996,0.908,0.836,1.40678597807586e-106,"7","USP1"
8.34219632716931e-111,0.405633420848486,0.999,0.998,1.60086747518379e-106,"7","SUB1"
2.40114605222928e-110,0.539270257868844,0.985,0.988,4.60779927422799e-106,"7","SF3B6"
8.33015182861469e-110,1.13082586420783,0.763,0.599,1.59855613591116e-105,"7","FEN1"
1.07382224151532e-109,0.610206502073167,0.962,0.944,2.06066488146789e-105,"7","HNRNPA3"
5.06834835600835e-109,0.98883319731052,0.818,0.657,9.72616049518001e-105,"7","LIMS1"
8.25582283899509e-108,1.10057308050007,0.783,0.603,1.58429240280316e-103,"7","KIAA0125"
1.81374744808334e-107,0.791250018610901,0.915,0.867,3.48058135287194e-103,"7","CENPV"
2.24578895105062e-107,1.36645790352727,0.66,0.446,4.30966899706613e-103,"7","MSI2"
2.33867285300485e-107,0.680212111000282,0.939,0.909,4.4879132049163e-103,"7","SRSF10"
2.87372200948854e-107,0.528319979166683,0.994,0.988,5.51467253620851e-103,"7","SRSF2"
6.57583495585098e-107,0.994555748161439,0.806,0.682,1.2619027280278e-102,"7","SCCPDH"
9.53165831763941e-107,1.2859172621303,0.693,0.449,1.829125231155e-102,"7","GFI1B"
1.93477592526761e-106,1.84406737187017,0.37,0.146,3.71283500058854e-102,"7","CCNE1"
2.27459265634289e-106,0.579935421819264,0.972,0.949,4.36494330752201e-102,"7","VKORC1"
4.25338247835822e-106,0.837984900841669,0.871,0.815,8.16224097596942e-102,"7","PSMG1"
1.06726431262976e-105,0.600427160366697,0.945,0.939,2.04808021593652e-101,"7","SNRPD3"
5.30716488196118e-105,0.594293189766462,0.958,0.944,1.01844494084835e-100,"7","SAP18"
1.50603456931965e-104,0.613441355488298,0.965,0.952,2.8900803385244e-100,"7","EIF5"
1.55625044426066e-104,0.961012118577021,0.825,0.705,2.9864446025362e-100,"7","SMC3"
1.61773662951927e-104,0.512480307418149,0.988,0.983,3.10443659204747e-100,"7","PEBP1"
5.22049959945626e-104,0.519622432829657,0.984,0.971,1.00181387313566e-99,"7","YWHAB"
1.69198553064392e-103,0.504154047674242,0.992,0.99,3.24692023330568e-99,"7","HSPE1"
2.71531110570204e-103,0.744554960591482,0.902,0.843,5.21068201184222e-99,"7","TMEM14C"
3.48976176833583e-103,0.689200485213044,0.91,0.873,6.69685283343645e-99,"7","MPC2"
1.33710729293414e-102,0.468926886786782,0.994,0.993,2.56590889514062e-98,"7","SRSF3"
1.85509631266494e-102,0.668719094228294,0.94,0.856,3.55992982400402e-98,"7","SVIP"
2.76097606960565e-102,0.567578608489476,0.966,0.965,5.29831307757324e-98,"7","NDUFAB1"
3.40534077507338e-102,0.802682212473096,0.881,0.801,6.53484894736582e-98,"7","MEA1"
5.90833293564045e-102,0.477857652722433,0.988,0.988,1.1338090903494e-97,"7","NDUFA11"
6.36778834028336e-102,0.61721995086687,0.952,0.921,1.22197858250038e-97,"7","CYC1"
2.06228587147016e-101,0.859293314649317,0.859,0.745,3.95752658735125e-97,"7","CMAS"
2.95888147487821e-100,0.48712115782936,0.989,0.98,5.67809355029128e-96,"7","SUMO1"
5.50663388201536e-100,0.916516641616033,0.821,0.708,1.05672304195875e-95,"7","DPY30"
8.08294856803134e-100,0.419274532817114,1,0.998,1.55111783020521e-95,"7","UQCR10"
3.24090373141671e-99,0.677250018393898,0.95,0.926,6.21929426058867e-95,"7","AKR1A1"
1.29998091695155e-98,0.400769611735442,0.996,0.996,2.49466337963003e-94,"7","ATP5J"
2.88588421815055e-98,0.513721341892564,0.972,0.974,5.5380118146309e-94,"7","SNRPB"
8.24685567336202e-98,0.575542627890863,0.975,0.954,1.58257160371817e-93,"7","MORF4L1"
9.0025069660255e-98,0.464608909750937,0.987,0.983,1.72758108678029e-93,"7","NDUFA13"
1.11275917338273e-97,0.880463983802948,0.857,0.725,2.13538485372146e-93,"7","SQLE"
1.41159950152998e-97,0.921100804443641,0.803,0.667,2.70885944343603e-93,"7","RAD51C"
2.29830629946462e-97,0.72268313198025,0.902,0.856,4.41044978867261e-93,"7","CACYBP"
5.35082544009918e-97,0.630603533073672,0.938,0.932,1.02682340195503e-92,"7","POLR2I"
5.55823167176537e-97,1.35625659428255,0.612,0.377,1.06662465781178e-92,"7","UNG"
1.69211763171874e-96,1.25880973887327,0.67,0.477,3.24717373526826e-92,"7","ARL6IP6"
2.36678628291029e-96,0.450584248994275,0.992,0.985,4.54186287690484e-92,"7","BRK1"
3.29591135328317e-96,0.847348910719487,0.83,0.736,6.3248538869504e-92,"7","SAC3D1"
6.0751464415059e-96,0.790723683012889,0.876,0.802,1.16582060212498e-91,"7","EEF1E1"
8.441476835166e-96,0.389936721384365,0.998,0.996,1.61991940466836e-91,"7","COX5B"
8.44773918808334e-96,1.21207987659008,0.646,0.442,1.62112115019319e-91,"7","IGHM"
1.55596746913647e-95,0.472064139539373,0.996,0.997,2.98590157327288e-91,"7","SET"
4.71031829908643e-95,1.25017824291375,0.681,0.478,9.03910081594687e-91,"7","TRBC2"
6.53061683062566e-95,0.715984058772195,0.94,0.875,1.25322536979706e-90,"7","CDCA7"
6.75257082448773e-95,0.796193854560339,0.837,0.75,1.2958183412192e-90,"7","ZNF511"
8.90336656618173e-95,0.644451250778386,0.936,0.891,1.70855604405027e-90,"7","CISD2"
1.2285053257596e-94,0.625341256120237,0.925,0.896,2.35750172013268e-90,"7","CAMTA1"
1.66828739996226e-94,0.439147147555742,0.995,0.993,3.20144352052757e-90,"7","COX5A"
4.68088021662201e-94,1.1118880101171,0.701,0.523,8.98260913569764e-90,"7","RNASEH2A"
8.60528009600584e-94,0.623119494650476,0.932,0.923,1.65135325042352e-89,"7","PRDX3"
3.04327191419017e-93,0.423310070398276,0.99,0.994,5.84003880333093e-89,"7","COX6A1"
4.77580581851317e-93,1.00373536167123,0.783,0.648,9.16477136572678e-89,"7","A1BG"
1.34076373168031e-92,1.5647838907804,0.482,0.257,2.57292560109451e-88,"7","CDC45"
1.31120426317719e-91,0.620614241949781,0.979,0.961,2.51620098103703e-87,"7","HLA-C"
1.51585833806717e-91,0.762215297500139,0.866,0.78,2.9089321507509e-87,"7","THAP7"
1.80024308056771e-91,0.321163365920564,1,1,3.45466647160944e-87,"7","MT-CO2"
5.34716370574025e-91,0.66346829976564,0.92,0.886,1.02612071513155e-86,"7","C9orf142"
6.96312475969374e-91,0.595598690417325,0.948,0.93,1.33622364138523e-86,"7","HNRNPD"
9.70313412968303e-91,0.445896440607065,0.986,0.985,1.86203143948617e-86,"7","MRPL57"
1.01939104117245e-90,0.403619537231216,0.996,0.992,1.95621140800992e-86,"7","SRSF9"
1.9758075167107e-90,0.498318188959973,0.976,0.974,3.79157462456784e-86,"7","YWHAE"
3.66325596482698e-90,1.16385697481607,0.659,0.476,7.02978819650297e-86,"7","NCAPH2"
4.31984583480338e-90,0.906325985367574,0.808,0.693,8.28978415698768e-86,"7","RFC1"
2.05691475157167e-89,0.63062915422196,0.917,0.875,3.94721940826603e-85,"7","UBE2I"
6.31622826908899e-89,0.322614381656944,0.999,0.999,1.21208420483818e-84,"7","SRP14"
6.85054324273385e-89,1.23730231041792,0.641,0.455,1.31461924828062e-84,"7","ASF1B"
1.2611978802848e-88,0.44488101548625,0.987,0.987,2.42023873226653e-84,"7","RHOA"
2.75768737942428e-88,1.08006893218951,0.715,0.546,5.2920020811152e-84,"7","ATAD2"
4.96985512187331e-88,0.275217733459717,1,1,9.53715197887488e-84,"7","MT-CO1"
5.67687294269992e-88,0.346102847473641,0.999,0.999,1.08939191770411e-83,"7","CHCHD2"
9.65181899125654e-88,0.758331611008616,0.889,0.837,1.85218406442213e-83,"7","PNN"
1.1995606325414e-87,0.819739872543585,0.849,0.767,2.30195685384694e-83,"7","GLO1"
2.61754548635031e-87,1.19396691053193,0.637,0.445,5.02306978830625e-83,"7","TP53I13"
4.11567715086547e-87,0.272905545816838,1,1,7.89798445251085e-83,"7","TMA7"
4.76143020205287e-87,1.69000190155649,0.423,0.216,9.13718455773945e-83,"7","MFGE8"
5.10044645128048e-87,0.663969627402731,0.902,0.873,9.78775674000724e-83,"7","DDX46"
5.7435748150175e-87,0.906920523083513,0.794,0.669,1.10219200700186e-82,"7","PSMC3"
7.09019291933206e-87,1.3598104438277,0.569,0.363,1.36060802121982e-82,"7","NUDT8"
7.34459601336253e-87,0.617850393031965,0.956,0.935,1.40942797496427e-82,"7","PSMA4"
2.1671521165823e-86,0.541518306570377,0.963,0.958,4.15876491172144e-82,"7","HNRNPA2B1"
2.62827589723553e-86,0.796435839900913,0.831,0.735,5.04366144679498e-82,"7","VAMP2"
3.66210075594925e-86,0.600474144835591,0.961,0.92,7.02757135066661e-82,"7","LYPLA1"
6.14858759283212e-86,0.697365472571667,0.899,0.852,1.17991395906448e-81,"7","DNMT1"
1.59646182955799e-85,0.489683283640021,0.968,0.97,3.06361025092178e-81,"7","CUTA"
1.83739922921624e-85,0.523528756958331,0.969,0.971,3.52596912086596e-81,"7","TAGLN2"
6.68437642582363e-85,0.450037827024741,0.991,0.985,1.28273183611555e-80,"7","DYNLL1"
7.84323036095596e-85,0.514144053040498,0.957,0.958,1.50511590626745e-80,"7","NDUFS8"
8.44114259812604e-85,1.0323893306172,0.765,0.594,1.61985526458039e-80,"7","CKB"
9.04252761790647e-85,0.695414963837684,0.886,0.866,1.73526104987625e-80,"7","CSNK2B"
9.9682057180793e-85,0.514277992581158,0.992,0.981,1.91289867729942e-80,"7","TUBB"
1.12763497004383e-84,0.818323551680116,0.816,0.743,2.16393150751411e-80,"7","TM7SF3"
2.07738841727602e-84,0.545590884985643,0.944,0.938,3.98650837275268e-80,"7","RBM17"
2.81498887370675e-84,0.548689529536861,0.936,0.926,5.40196364864326e-80,"7","PARP1"
4.15218722911449e-84,0.852678646321536,0.805,0.709,7.9680472926707e-80,"7","PRKRA"
1.75155570778024e-83,0.917232187570183,0.784,0.658,3.36123540323029e-79,"7","MARCKSL1"
2.11445911289177e-83,0.408177451322866,0.995,0.993,4.05764703763931e-79,"7","NHP2"
4.9741226245846e-83,0.524752988011401,0.952,0.934,9.54534131657784e-79,"7","TCEB1"
3.63406420433274e-82,0.443255430890075,0.989,0.985,6.97376920811453e-78,"7","ATP5G1"
6.41236860783715e-82,0.39367972185022,0.996,0.993,1.23053353584395e-77,"7","UBE2D3"
7.10177391136551e-82,0.585329833761236,0.942,0.917,1.36283041359104e-77,"7","UBE2N"
9.78814304612868e-82,0.814090895186225,0.836,0.764,1.87834465055209e-77,"7","C14orf1"
1.65432342603451e-81,1.27041893542275,0.588,0.397,3.17464665456022e-77,"7","KLHL23"
2.20934971407864e-81,0.749848422363334,0.873,0.824,4.23974210131692e-77,"7","ADRM1"
3.0252378807993e-81,0.902920988114472,0.761,0.663,5.80543149325385e-77,"7","SEPT11"
3.83611850482162e-81,0.502279734414897,0.953,0.964,7.36151141075268e-77,"7","NENF"
4.16013414893233e-81,1.34015812437664,0.565,0.37,7.98329743180114e-77,"7","BTG3"
5.53644201260486e-81,0.43437948232609,0.987,0.984,1.06244322221887e-76,"7","NDUFB11"
5.9306958157343e-81,0.693733510266111,0.893,0.854,1.13810052703941e-76,"7","TCP1"
9.11863647013007e-81,0.6784807224925,0.9,0.861,1.74986633861796e-76,"7","STRA13"
1.54167730243827e-80,0.453728630285816,0.981,0.98,2.95847874337904e-76,"7","EIF2S2"
2.23723761662927e-80,0.473368703544169,0.977,0.972,4.29325898631158e-76,"7","PDCD5"
1.01885931697224e-79,1.03793351114689,0.765,0.614,1.95519102926973e-75,"7","HOPX"
1.06498098171579e-79,0.559087795943795,0.936,0.913,2.04369850391261e-75,"7","MRPL18"
1.17745389999133e-79,0.422488776802651,0.991,0.99,2.25953403408336e-75,"7","DDT"
1.27521733526648e-79,1.33641884345079,0.526,0.313,2.44714206637638e-75,"7","E2F1"
3.66290683002275e-79,0.596262966527917,0.905,0.87,7.02911820681366e-75,"7","ELAVL1"
3.77538574316782e-79,0.839233195460691,0.782,0.669,7.24496524113905e-75,"7","DRG1"
4.17205463304946e-79,0.533058991905817,0.924,0.927,8.00617284082192e-75,"7","RALY"
4.73792325939029e-79,0.638123790097692,0.902,0.864,9.09207473476998e-75,"7","MRPL37"
7.12131611729166e-79,1.17200753443776,0.611,0.416,1.36658056290827e-74,"7","GINS2"
2.5189107137012e-78,0.676183357775136,0.861,0.824,4.83378965959261e-74,"7","NDUFS3"
2.89477459120825e-78,0.369540404342238,0.994,0.996,5.55507244052863e-74,"7","RAN"
3.26664573503551e-78,0.578047082238687,0.932,0.91,6.26869316553314e-74,"7","NOP56"
4.49914952533163e-78,0.65898347982902,0.882,0.835,8.6338679391114e-74,"7","MEAF6"
5.07459366668235e-78,0.735106994512331,0.841,0.756,9.73814524636343e-74,"7","SMC2"
6.20363061995385e-78,0.803270112828471,0.807,0.712,1.19047671596914e-73,"7","TMX1"
1.63177807368218e-77,0.845690102469418,0.818,0.74,3.13138212339611e-73,"7","FDFT1"
2.39735726996519e-77,0.312924543713065,0.998,1,4.60052860106321e-73,"7","MT-CO3"
2.55806617082005e-77,0.489148191707838,0.969,0.964,4.90892898180368e-73,"7","RBM39"
4.06530545971406e-77,0.72542159927027,0.857,0.785,7.80132117719129e-73,"7","C22orf39"
4.19163945023279e-77,0.470055833685227,0.981,0.974,8.04375610499672e-73,"7","ATP6V1G1"
4.86465188994207e-77,0.823334791404484,0.792,0.711,9.33526697679882e-73,"7","UFD1L"
7.02611801722918e-77,0.334325651043466,0.999,1,1.34831204750628e-72,"7","HMGN2"
1.00573493544165e-76,0.810452347261174,0.782,0.68,1.93000534111252e-72,"7","CDCA4"
1.09731942009078e-76,2.01973071138304,0.333,0.153,2.1057559671542e-72,"7","AC002454.1"
2.50664673299438e-76,0.483330173205345,0.969,0.957,4.81025508061621e-72,"7","KPNB1"
3.42608109327548e-76,0.439635101428479,0.997,0.993,6.57464961799564e-72,"7","HMGA1"
9.5484153208972e-76,0.995017032661791,0.713,0.577,1.83234090008017e-71,"7","CENPH"
1.12276587197948e-75,0.872140947504597,0.769,0.689,2.15458770832863e-71,"7","RBBP7"
1.71157059194659e-75,0.712253052522314,0.893,0.839,3.2845039659455e-71,"7","SEPT6"
1.9027567279312e-75,0.921813224312687,0.731,0.596,3.65139016089997e-71,"7","NFATC2IP"
2.63218079434265e-75,0.794870354583175,0.791,0.69,5.05115494434354e-71,"7","VBP1"
2.90352595859114e-75,0.466106989079149,1,0.998,5.5718663145364e-71,"7","ALDOA"
3.24516356904041e-75,0.488992925140693,0.972,0.964,6.22746888898854e-71,"7","HNRNPDL"
4.73701694206654e-75,1.43000805833307,0.46,0.257,9.09033551182568e-71,"7","BEX2"
9.00290974110756e-74,0.295552976431666,1,1,1.72765837931854e-69,"7","COX7A2"
1.53500468819705e-73,0.460158091120285,0.976,0.965,2.94567399665015e-69,"7","PCBP1"
1.72724450212403e-73,0.742916288794968,0.833,0.761,3.31458219957601e-69,"7","CLN6"
2.12436200677635e-73,0.427451553814358,0.975,0.98,4.07665069100381e-69,"7","SUMO3"
3.57885460493796e-73,0.584411460080551,0.934,0.9,6.86782198687595e-69,"7","YWHAH"
6.55753729256671e-73,0.708682940262677,0.884,0.839,1.25839140644355e-68,"7","SEPW1"
7.41924380185547e-73,0.691290279483192,0.859,0.81,1.42375288557606e-68,"7","LAPTM4B"
9.20533099421475e-73,0.450032619436672,0.984,0.942,1.76650301778981e-68,"7","CKS1B"
1.34686852887346e-72,1.39186043164098,0.534,0.349,2.58464070690818e-68,"7","SPNS3"
1.73839374960746e-72,0.716879001643643,0.825,0.768,3.33597760549671e-68,"7","NDUFA8"
2.43820087268906e-72,0.732903297547273,0.854,0.793,4.67890747469031e-68,"7","PRKDC"
5.45600376017733e-72,0.591050611726359,0.91,0.872,1.04700712157803e-67,"7","CNOT7"
8.69193635594346e-72,0.943175125489156,0.724,0.608,1.66798258670555e-67,"7","TSEN34"
1.58591913189285e-71,0.60901451617186,0.91,0.873,3.04337881410237e-67,"7","FAM49B"
3.76486170241968e-71,0.713116023840465,0.837,0.784,7.22476960694337e-67,"7","PAICS"
4.61896826926588e-71,0.455259667244222,0.987,0.978,8.86380010872122e-67,"7","C17orf89"
5.92993917498061e-71,0.685294868751536,0.842,0.775,1.13795532767878e-66,"7","XRCC5"
7.02015393775098e-71,1.20473150422378,0.55,0.36,1.34716754065441e-66,"7","TCF19"
8.92455431539864e-71,1.18212059522201,0.577,0.394,1.712621973125e-66,"7","FHL2"
9.19189467378805e-71,1.16896627312221,0.578,0.411,1.76392458789993e-66,"7","ACYP1"
1.13740693091602e-70,0.556866874783168,0.946,0.917,2.18268390042784e-66,"7","PDIA6"
1.15532683483255e-70,1.08173150740478,0.73,0.577,2.21707219604366e-66,"7","MDK"
2.29511696552778e-70,0.356867263015488,1,1,4.40432945684781e-66,"7","FTH1"
3.58168673035775e-70,0.430672667832385,0.992,0.983,6.87325683555652e-66,"7","ARHGDIB"
4.25019136408282e-70,0.625207312698353,0.902,0.87,8.15611722767494e-66,"7","NDUFA6"
6.12311872191753e-70,0.55323380288853,0.951,0.925,1.17502648273597e-65,"7","PSMB1"
6.86704821015193e-70,0.548544854248193,0.927,0.913,1.31778655152816e-65,"7","IER3IP1"
9.59394929050065e-70,1.17246420102452,0.567,0.375,1.84107886884707e-65,"7","UHRF1"
1.02157024599733e-69,0.506312778690541,0.955,0.936,1.96039330206888e-65,"7","PHB"
1.20145738835304e-69,0.552157417202648,0.915,0.878,2.30559672824949e-65,"7","RHEB"
1.31042909233748e-69,0.909019167786147,0.718,0.605,2.51471342819562e-65,"7","THYN1"
2.14653237787675e-69,0.575116122746735,0.911,0.89,4.11919563314548e-65,"7","LUC7L3"
2.22158349413985e-69,0.921738356956496,0.708,0.573,4.26321872525437e-65,"7","PSMB9"
2.29292674364223e-69,0.659242851354757,0.896,0.863,4.40012642104943e-65,"7","HDAC2"
2.39808972106861e-69,0.277831624550657,1,0.999,4.60193417473066e-65,"7","HINT1"
2.81046575375559e-69,0.436194656529099,0.986,0.982,5.39328378145698e-65,"7","STOML2"
4.01430295596228e-69,0.570735117145586,0.944,0.947,7.70344737249162e-65,"7","LDHA"
8.07749811888705e-69,0.608619242621589,0.892,0.856,1.55007188901443e-64,"7","UBXN4"
1.28994373434396e-68,0.752210196557768,0.808,0.729,2.47540202620606e-64,"7","HPRT1"
1.62542876148031e-68,1.26332911913578,0.662,0.519,3.11919779328071e-64,"7","DLK1"
1.70150689123884e-68,0.568977848804649,0.922,0.891,3.26519172428734e-64,"7","SRSF11"
1.95576790962892e-68,0.767871382593119,0.816,0.743,3.75311861857789e-64,"7","GGH"
2.0412528235364e-68,0.397531705855149,0.998,1,3.91716416836634e-64,"7","ACTB"
2.55078436468191e-68,0.738685768325783,0.807,0.744,4.89495519582459e-64,"7","SRSF4"
2.68486221766536e-68,0.552574868647331,0.906,0.894,5.15225059569983e-64,"7","SRRM2"
2.79214812497624e-68,1.53024223187108,0.376,0.189,5.3581322518294e-64,"7","DMC1"
4.12283265306162e-68,0.671606805699191,0.851,0.808,7.91171586122525e-64,"7","SNRPA1"
4.34593778707843e-68,0.403146118461506,0.979,0.979,8.3398546134035e-64,"7","NDUFB7"
4.60856127450825e-68,1.39546405840967,0.423,0.233,8.84382908578133e-64,"7","DONSON"
6.61349235141308e-68,0.763220823380558,0.822,0.767,1.26912918223617e-63,"7","IDI1"
9.82180193926038e-68,0.645146363352803,0.904,0.871,1.88480379214407e-63,"7","TAOK3"
1.00157064656361e-67,0.694985152224789,0.865,0.791,1.92201407075557e-63,"7","KNOP1"
1.74953608309053e-67,1.03436940694721,0.77,0.656,3.35735974345073e-63,"7","NFKBIA"
2.92388653969563e-67,0.456299725596671,0.98,0.974,5.61093826967591e-63,"7","NME1"
3.11405510605101e-67,0.825528051990932,0.76,0.679,5.97587174851189e-63,"7","MAPK1"
3.32297787757711e-67,1.264342526478,0.499,0.316,6.37679454707047e-63,"7","SPC25"
3.54133967481311e-67,0.63641923689212,0.878,0.844,6.79583083596636e-63,"7","CLTB"
3.58955923496885e-67,0.470037811719466,0.986,0.981,6.88836417190522e-63,"7","EGFL7"
4.49284772907894e-67,0.915870643444444,0.736,0.614,8.62177479210248e-63,"7","GAMT"
5.44304871807041e-67,0.844686741751685,0.75,0.637,1.04452104899771e-62,"7","TSTD1"
6.30364051178281e-67,1.45379495918086,0.459,0.281,1.20966861421112e-62,"7","ARHGAP22"
8.53423982117631e-67,0.876224245190588,0.714,0.586,1.63772062168373e-62,"7","RPA3"
1.38755706756713e-66,0.852816810567388,0.751,0.62,2.66272201266132e-62,"7","MEF2C"
1.57209890860731e-66,0.763312565505549,0.792,0.719,3.01685780561744e-62,"7","MED4"
2.03524467637518e-66,0.642388584084988,0.866,0.829,3.90563453396396e-62,"7","PSMB2"
2.47672643703038e-66,1.07888886787282,0.585,0.408,4.75283803266129e-62,"7","WBP5"
2.84804793001765e-66,0.675150518667882,0.836,0.785,5.46540397770387e-62,"7","ITGB1BP1"
5.07002329159272e-66,1.07680052613909,0.613,0.466,9.72937469656643e-62,"7","RP11-660L16.2"
5.26639082187146e-66,0.623217939201275,0.89,0.857,1.01062039871713e-61,"7","TEX30"
1.45356246852192e-65,0.552060773730797,0.936,0.917,2.78938637709357e-61,"7","DGCR6L"
1.64450273788534e-65,0.667358885683729,0.835,0.766,3.15580075400196e-61,"7","FDX1"
1.92793733265461e-65,1.03000023130031,0.631,0.483,3.69971174136419e-61,"7","TUBG1"
2.69704162162394e-65,0.67709565234337,0.871,0.838,5.17562287189633e-61,"7","CCT4"
4.5452110428815e-65,0.853992283406246,0.742,0.652,8.72225999128959e-61,"7","PPM1F"
5.13331850663738e-65,0.776743893149676,0.777,0.706,9.85083821423713e-61,"7","TECR"
6.361151984718e-65,0.664504783495819,0.842,0.816,1.22070506586738e-60,"7","SSB"
1.03169875410926e-64,1.6042805512421,0.358,0.181,1.97982990913566e-60,"7","KCNMB1"
2.0197429449953e-64,1.00046365719813,0.62,0.453,3.87588671144598e-60,"7","CHAF1A"
2.27185477456434e-64,1.57729174913866,0.346,0.171,4.35968931238896e-60,"7","CCNE2"
5.53565483297716e-64,0.411805290041905,0.976,0.978,1.06229216244832e-59,"7","ATPIF1"
5.89315090002561e-64,0.545201668160448,0.904,0.885,1.13089565771491e-59,"7","ATRAID"
6.98724238847411e-64,0.736053779610278,0.811,0.743,1.34085181434818e-59,"7","RNF138"
1.46126984389058e-63,0.52151283589349,0.93,0.937,2.80417683042602e-59,"7","VDAC2"
1.5499121147327e-63,0.665429740462772,0.859,0.803,2.97428134817205e-59,"7","DUSP23"
1.97833199027912e-63,0.565181322676767,0.912,0.887,3.79641908934563e-59,"7","PSMD8"
2.4262676725175e-63,0.681220846722241,0.829,0.785,4.65600766356109e-59,"7","DENR"
3.75959303350504e-63,0.499806567815624,0.952,0.946,7.21465903129618e-59,"7","HNRNPF"
3.98347158713803e-63,0.516483444419106,0.943,0.936,7.64428197571787e-59,"7","POLR2F"
4.16716166457112e-63,0.783526978696577,0.758,0.681,7.99678323431197e-59,"7","PAFAH1B3"
5.30906942862007e-63,0.508195456774188,0.953,0.931,1.01881042335219e-58,"7","SPINT2"
7.36025577565466e-63,0.699424227908876,0.809,0.755,1.41243308334813e-58,"7","EBP"
1.00402265213192e-62,0.802382494581091,0.739,0.676,1.92671946944116e-58,"7","ALYREF"
1.35405424793469e-62,0.591208450227223,0.96,0.942,2.59843010178667e-58,"7","ZFP36L2"
1.46504200018417e-62,0.591673697364409,0.885,0.856,2.81141559835342e-58,"7","BOLA3"
1.93222688965418e-62,0.596217107138816,0.9,0.864,3.70794340124637e-58,"7","MTHFD2L"
3.19211325253778e-62,1.15536427203669,0.554,0.394,6.12566533161999e-58,"7","LMF2"
3.43154934225688e-62,0.597024298329846,0.875,0.85,6.58514318779094e-58,"7","SMS"
3.59821734789419e-62,0.990813107088423,0.695,0.592,6.90497909060895e-58,"7","CDK6"
3.68616437032505e-62,0.644679138726633,0.864,0.815,7.07374942665378e-58,"7","ZNF428"
4.4766095663085e-62,0.930328121208706,0.68,0.561,8.59061375774601e-58,"7","MCM3"
4.88073113046533e-62,0.838024350565234,0.742,0.644,9.36612303936297e-58,"7","GGCT"
5.05897476240621e-62,0.568477959079022,0.904,0.861,9.70817256905752e-58,"7","MAGOH"
8.95282856550265e-62,0.551062215075696,0.923,0.905,1.71804780171996e-57,"7","ATP5C1"
1.09006417828931e-61,0.683628095471981,0.814,0.758,2.09183315813718e-57,"7","ARPP19"
1.15514075812898e-61,0.7233063604241,0.811,0.756,2.21671511484951e-57,"7","UBA2"
1.31076094548917e-61,1.35485610828998,0.455,0.28,2.51535025439372e-57,"7","CDC6"
1.86848886522291e-61,0.63911091067386,0.875,0.838,3.58563013236277e-57,"7","EID1"
2.78886486361935e-61,0.707789621215123,0.791,0.73,5.35183167328553e-57,"7","ZSWIM7"
3.03614064943974e-61,0.540510022313473,0.908,0.897,5.82635390627487e-57,"7","MTCH2"
3.6618601172447e-61,0.338395951531597,0.981,0.988,7.02710956499257e-57,"7","C19orf43"
4.08087247610225e-61,0.759028906094362,0.776,0.699,7.83119428164022e-57,"7","METTL5"
5.21874952173266e-61,0.617057107420306,0.851,0.793,1.0014780332205e-56,"7","CENPW"
5.3131082555766e-61,0.536403620752091,0.902,0.87,1.01958547424515e-56,"7","UBE2D2"
5.74991316608708e-61,0.396384616711103,0.991,0.991,1.10340833657211e-56,"7","SERBP1"
5.78584277886434e-61,0.501386121310003,0.919,0.912,1.11030322926407e-56,"7","POLR2K"
6.41680690254451e-61,0.556377112304188,0.912,0.886,1.23138524459829e-56,"7","ITM2B"
6.94891531745379e-61,0.628503538482193,0.858,0.82,1.33349684941938e-56,"7","TPRKB"
9.9134760570325e-61,0.81178859383874,0.729,0.632,1.90239605534454e-56,"7","ILF3-AS1"
1.95737737656609e-60,0.414815187732353,0.976,0.973,3.75620718563032e-56,"7","TRMT112"
1.9626652809988e-60,0.563177807616572,0.895,0.861,3.7663546742367e-56,"7","NXT1"
2.20979902716583e-60,0.821516584538657,0.722,0.614,4.24060433313123e-56,"7","DYNLT1"
2.24870182294736e-60,0.414307034442033,0.975,0.976,4.31525879823598e-56,"7","EIF5B"
2.88080227030085e-60,0.971817164774988,0.67,0.542,5.52825955670732e-56,"7","ACADM"
2.98847432203184e-60,1.02993517164409,0.7,0.561,5.7348822239791e-56,"7","HLA-DQB1"
5.96394690277223e-60,0.646998433362772,0.817,0.765,1.14448141064199e-55,"7","CUEDC2"
5.96510312155757e-60,0.831336668234373,0.736,0.625,1.1447032890269e-55,"7","LYSMD2"
7.56736530347255e-60,1.25893114445234,0.5,0.33,1.45217740173638e-55,"7","ISYNA1"
8.3635146301363e-60,0.594693053311902,0.874,0.843,1.60495845752316e-55,"7","SMARCB1"
9.72662239307626e-60,0.596135287974058,0.854,0.826,1.86653883723133e-55,"7","KLHDC3"
1.39027181034136e-59,1.02267525481307,0.603,0.449,2.66793160404506e-55,"7","TCEAL3"
1.70244632407766e-59,0.614664474043637,0.903,0.855,3.26699449590502e-55,"7","PNISR"
2.07374814075326e-59,0.4652391044188,0.937,0.918,3.97952268210551e-55,"7","RAB5C"
2.15722884968114e-59,0.558517044208593,0.898,0.883,4.13972216253811e-55,"7","SRSF5"
9.51283541758874e-59,1.06607004167725,0.551,0.391,1.82551311663528e-54,"7","BNIP3"
1.10431313637137e-58,0.475993907306719,0.927,0.926,2.11917690869666e-54,"7","EMC6"
1.41283226924415e-58,1.25810393713744,0.453,0.278,2.71122512467953e-54,"7","WDR76"
1.63070852042227e-58,0.754136484534703,0.758,0.675,3.12932965069033e-54,"7","MRPS6"
1.71064274791545e-58,0.462358686916517,0.94,0.936,3.28272343324976e-54,"7","ELP5"
1.81346655573407e-58,0.785483071821717,0.762,0.666,3.48004232045368e-54,"7","ETS2"
2.28688407365203e-58,0.805526316324063,0.73,0.645,4.38853053733824e-54,"7","CEP57"
2.75921581127789e-58,0.40270623028544,0.972,0.968,5.29493514184227e-54,"7","NUCKS1"
2.92080784999913e-58,0.482297009534447,0.981,0.977,5.60503026414833e-54,"7","XBP1"
3.20060905941222e-58,0.385863061941632,0.978,0.982,6.14196878501205e-54,"7","TBCA"
3.24109188276095e-58,0.433702321395419,0.97,0.97,6.21965532301826e-54,"7","LSM2"
3.95383591735897e-58,0.718789039599754,0.773,0.687,7.58741112541186e-54,"7","CCDC167"
4.21890622299523e-58,0.468007798423465,0.955,0.94,8.09608104192785e-54,"7","PHPT1"
5.19701875939408e-58,0.684175902321173,0.804,0.771,9.97307899927723e-54,"7","PIH1D1"
5.92738390550152e-58,0.685933729165627,0.829,0.768,1.13746497146574e-53,"7","NASP"
1.21975109966151e-57,0.359899238211028,0.97,0.978,2.34070236025044e-53,"7","MRPL51"
1.54485303496666e-57,1.01426764334575,0.589,0.443,2.96457297410102e-53,"7","CENPK"
1.69921728083595e-57,0.783071211566193,0.713,0.616,3.26079796192418e-53,"7","RPA2"
2.55423238967887e-57,0.357654103359137,0.987,0.991,4.90157195579375e-53,"7","GADD45GIP1"
3.31098630642551e-57,1.68978461032895,0.295,0.142,6.35378272203055e-53,"7","GSTM5"
4.05389753452402e-57,0.761787899639512,0.767,0.7,7.7794293687516e-53,"7","NDUFB6"
4.20298420160853e-57,1.13429709268113,0.548,0.387,8.06552668288678e-53,"7","OCIAD2"
5.3258777896593e-57,0.511830136713175,0.898,0.879,1.02203594783562e-52,"7","TMEM50A"
6.20144889369789e-57,0.419708558036624,1,1,1.19005804270062e-52,"7","MIF"
2.66491678471944e-56,0.43698605923807,0.992,0.989,5.11397530987661e-52,"7","NCL"
2.68808465727304e-56,0.876663088035028,0.674,0.578,5.15843445730697e-52,"7","HAUS1"
3.11501639071695e-56,0.712422956280185,0.784,0.71,5.97771645378582e-52,"7","DNAJB6"
3.74573816401716e-56,0.808999142349208,0.727,0.635,7.18807153674892e-52,"7","CXXC5"
5.65775471370118e-56,0.698525478231945,0.759,0.691,1.08572312955926e-51,"7","UBE2A"
6.89433068808434e-56,1.31971004289113,0.435,0.27,1.32302205904338e-51,"7","RFC5"
1.23713863891519e-55,0.497843793724402,0.917,0.892,2.37406904807824e-51,"7","SRSF1"
1.63026176747147e-55,0.614788594376605,0.819,0.796,3.12847233177776e-51,"7","THRAP3"
2.57755506907614e-55,0.301717333857997,0.997,0.999,4.94632817755711e-51,"7","UBL5"
2.79188092620627e-55,0.609420631603866,0.836,0.791,5.35761949738984e-51,"7","CMTM6"
4.16035573922322e-55,0.871419307559371,0.637,0.508,7.98372266356935e-51,"7","SECISBP2"
4.76338869738372e-55,0.822535742086638,0.7,0.603,9.14094291027937e-51,"7","WRB"
7.09110425677131e-55,0.483382982643986,0.957,0.962,1.36078290687441e-50,"7","TUFM"
1.64460712626693e-54,0.464376596312111,0.992,0.974,3.15600107530624e-50,"7","GYPC"
1.70569046040373e-54,1.3670968429973,0.399,0.238,3.27321999351475e-50,"7","RFC4"
1.81417689338491e-54,0.552190567862945,0.878,0.86,3.48140545840563e-50,"7","RGS10"
1.99330699936308e-54,1.06045361528579,0.547,0.403,3.82515613177776e-50,"7","RRM1"
2.89997775854159e-54,1.05484003702397,0.556,0.405,5.56505731864131e-50,"7","RFC3"
3.11368648659126e-54,0.445444425613556,0.949,0.936,5.97516436776862e-50,"7","UBE2L3"
4.58420973297588e-54,0.883288191517245,0.662,0.566,8.79709847758072e-50,"7","CSTF3"
5.00073558154116e-54,0.681024809413541,0.819,0.75,9.59641158097748e-50,"7","DCK"
5.78897735231664e-54,0.778664649606991,0.735,0.644,1.11090475390956e-49,"7","OSGEP"
5.92590193760467e-54,0.573300079801542,0.868,0.845,1.13718058182634e-49,"7","UQCRC2"
6.91168133112881e-54,0.555527712043195,0.908,0.886,1.32635164744362e-49,"7","TOMM40"
9.23857440531416e-54,0.614786515397818,0.833,0.794,1.77288242837979e-49,"7","TBCB"
1.85637269775385e-53,0.466759186284207,0.936,0.928,3.56237920698965e-49,"7","RBMX"
1.90777292383174e-53,1.15861759311268,0.512,0.362,3.6610162408331e-49,"7","CNP"
1.94809669213666e-53,0.538161343057203,0.881,0.864,3.73839755221025e-49,"7","NOL7"
2.05800502404475e-53,0.803726524629861,0.689,0.596,3.94931164114187e-49,"7","C1orf35"
2.22616394218786e-53,0.639427446927667,0.828,0.78,4.27200860505851e-49,"7","VDAC3"
2.31592478847969e-53,0.553044113846174,0.876,0.849,4.44425966909252e-49,"7","PSMB6"
2.34507242407983e-53,0.351980987655332,0.98,0.984,4.50019398180919e-49,"7","TPM3"
2.38383203579177e-53,0.860298896783952,0.688,0.581,4.57457367668441e-49,"7","CDCA5"
2.69370639311543e-53,0.666273148959182,0.792,0.731,5.1692225683885e-49,"7","MED30"
3.53159290639358e-53,1.00205028239471,0.599,0.461,6.77712678736929e-49,"7","MESP1"
4.09094475940644e-53,0.482749760668722,0.927,0.911,7.85052299330097e-49,"7","PFDN2"
7.55071292458692e-53,0.56595284054445,0.859,0.804,1.44898181022823e-48,"7","MAD2L1"
8.11941231528108e-53,0.899619782386649,0.635,0.502,1.55811522330244e-48,"7","CARHSP1"
1.1882141140308e-52,0.746132427168291,0.732,0.664,2.28018288482511e-48,"7","ECH1"
1.26253502313062e-52,0.536008791632271,0.889,0.868,2.42280470938766e-48,"7","SSRP1"
1.52395227917068e-52,0.788544476203384,0.76,0.678,2.92446442372853e-48,"7","ATF7IP2"
1.58135976088012e-52,0.573770414979927,0.842,0.799,3.03462938112896e-48,"7","DTYMK"
2.07253661348616e-52,0.33350780666954,0.988,0.99,3.97719776127994e-48,"7","TMED2"
2.41481212568455e-52,0.274354826269537,0.998,0.997,4.63402446918865e-48,"7","ANP32B"
2.7375417554779e-52,0.391110249704999,0.985,0.976,5.25334262876209e-48,"7","HMGN3"
2.77668160555195e-52,1.28785445286315,0.459,0.301,5.32845200105419e-48,"7","MSMO1"
3.09231088846072e-52,0.422699492679606,0.945,0.948,5.93414459495612e-48,"7","RTF1"
3.17837011573642e-52,0.31820834719422,0.979,0.985,6.0992922520982e-48,"7","AURKAIP1"
3.2121245662412e-52,0.551341983118543,0.901,0.872,6.16406704261687e-48,"7","TMEM59"
3.57602205482849e-52,0.371089306576222,0.993,0.987,6.86238632321586e-48,"7","PPDPF"
4.94524725099353e-52,0.486819564019738,0.932,0.925,9.48992947465658e-48,"7","SON"
5.3531708246968e-52,0.497694247011221,0.912,0.901,1.02727348125932e-47,"7","BAX"
5.44030300053263e-52,1.30907092855599,0.437,0.28,1.04399414580221e-47,"7","TMEM98"
7.47978285651993e-52,0.678156348605899,0.787,0.733,1.43537033016618e-47,"7","CBR1"
8.02528951970948e-52,1.64218190063799,0.254,0.116,1.54005305883225e-47,"7","E2F2"
8.22807886747447e-52,0.495811573239401,0.905,0.882,1.57896833466835e-47,"7","LSM6"
1.06492430957835e-51,0.419567721797995,0.944,0.948,2.04358975008086e-47,"7","MRPL34"
1.12935533578591e-51,0.399310615455341,0.966,0.963,2.16723288937316e-47,"7","BANF1"
1.21372908591558e-51,0.454118383614331,0.934,0.928,2.329146115872e-47,"7","ROMO1"
1.40026486099034e-51,1.13353366985809,0.509,0.351,2.68710826824046e-47,"7","MCM4"
1.60040832608126e-51,0.830624365002148,0.677,0.581,3.07118357774994e-47,"7","WDR18"
1.85788944082236e-51,0.524712824084145,0.857,0.831,3.56528983693812e-47,"7","MESDC2"
1.90497104769374e-51,0.416838144377274,0.942,0.944,3.65563944052428e-47,"7","MRPL11"
2.18383807169029e-51,0.425944128194305,0.934,0.93,4.19078525957366e-47,"7","ATP6V0E1"
2.32771601074372e-51,0.545297929880702,0.861,0.812,4.46688702461719e-47,"7","RNPS1"
2.94656375628367e-51,0.805137322340955,0.705,0.621,5.65445584830837e-47,"7","EIF2S1"
3.05099949088014e-51,0.623844557298868,0.791,0.749,5.854868022999e-47,"7","RP11-1094M14.11"
8.25572838067296e-51,0.537394898511528,0.867,0.859,1.58427427625114e-46,"7","AUP1"
1.08643281970289e-50,0.442523519543663,0.916,0.91,2.08486458100984e-46,"7","IMP3"
1.09961854840781e-50,0.769488409775124,0.683,0.594,2.11016799439459e-46,"7","ATXN2L"
2.31199176789573e-50,0.606195273583165,0.866,0.84,4.43671220259191e-46,"7","ARGLU1"
3.1987624455236e-50,0.517129744085017,0.882,0.856,6.13842513295979e-46,"7","MRPL55"
3.50811620289303e-50,0.63458713397286,0.799,0.753,6.73207499335173e-46,"7","RAB8A"
6.8521994567872e-50,0.570608469197586,0.843,0.829,1.31493707575746e-45,"7","TPR"
7.11962942046516e-50,1.01141056055002,0.555,0.416,1.36625688578726e-45,"7","HACD1"
9.15829079968952e-50,0.539707225882192,0.886,0.871,1.75747600446042e-45,"7","GDE1"
1.56999656129948e-49,0.45326082559913,0.92,0.912,3.01282340113371e-45,"7","NUCB2"
1.60634197155343e-49,0.5810706368791,0.817,0.775,3.08257024341104e-45,"7","MRPL27"
1.79443932078985e-49,1.02713273590731,0.579,0.443,3.44352905659572e-45,"7","PHGDH"
1.83109325599682e-49,0.372210041151956,0.969,0.973,3.5138679582579e-45,"7","NDUFS6"
2.75615532395064e-49,0.757520341566992,0.728,0.644,5.28906206666129e-45,"7","TSPAN3"
2.84766619767451e-49,0.43060105278926,0.952,0.944,5.46467143333738e-45,"7","PPP1CA"
3.20133656217052e-49,0.723950258106753,0.759,0.692,6.14336486280523e-45,"7","MRPL16"
4.87831421178774e-49,0.488310539433893,0.859,0.853,9.36148497242067e-45,"7","ATP6V1F"
7.50112252903382e-49,0.637082401482875,0.79,0.75,1.43946541332159e-44,"7","SPTSSA"
8.62367505844896e-49,0.266158369863294,0.993,0.997,1.65488324371636e-44,"7","SNRPD2"
9.13467924115822e-49,1.23872332850714,0.431,0.277,1.75294494637826e-44,"7","RAD51"
9.56027742489028e-49,1.39293334667273,0.343,0.191,1.83461723783644e-44,"7","SCD"
1.51866718790008e-48,1.03675925474854,0.499,0.348,2.91432233358026e-44,"7","MCM10"
1.58356113949695e-48,0.724942218662026,0.727,0.643,3.03885382669465e-44,"7","SLC25A1"
1.8225067549964e-48,0.363066423823102,0.979,0.981,3.49739046283809e-44,"7","ARPC3"
2.09560452392994e-48,0.684203192953409,0.765,0.705,4.02146508142156e-44,"7","AES"
2.56587688010846e-48,0.395658273084564,0.944,0.943,4.92391773292813e-44,"7","MYEOV2"
4.84658912912638e-48,0.720649576637416,0.748,0.696,9.30060453879353e-44,"7","SCAMP2"
5.11003889105521e-48,0.299309815925258,0.998,0.996,9.80616463193495e-44,"7","ATP5I"
5.72416405237694e-48,1.17023965598385,0.465,0.318,1.09846708165113e-43,"7","EIF2AK2"
6.52780454084233e-48,0.384216972039463,0.962,0.954,1.25268569138764e-43,"7","C1orf43"
6.74138613534767e-48,0.376867068752217,0.956,0.953,1.29367199937322e-43,"7","RAC1"
8.58051317354404e-48,0.601599120007009,0.813,0.777,1.6466004780031e-43,"7","OLA1"
1.05945114864085e-47,0.772544985200953,0.69,0.606,2.0330867542418e-43,"7","ENOPH1"
1.27593174214732e-47,0.811063813759348,0.658,0.559,2.44851301318072e-43,"7","ETFA"
1.39087897450637e-47,0.35967842698715,0.969,0.973,2.66909675207771e-43,"7","DRAP1"
1.46720412866505e-47,0.534054975451281,0.872,0.86,2.81556472290824e-43,"7","THUMPD3-AS1"
2.35485943684442e-47,0.437659696820313,0.953,0.878,4.51897525930445e-43,"7","HIST1H4C"
2.71323738352886e-47,0.947901017709239,0.615,0.492,5.20670253899188e-43,"7","PHACTR1"
3.46016973015357e-47,1.26051351429842,0.446,0.297,6.64006571216471e-43,"7","HMGCS1"
3.83987991634428e-47,0.424053574534933,0.92,0.922,7.36872955946468e-43,"7","RBM8A"
4.78127596833861e-47,0.911359132699042,0.593,0.463,9.1752685832418e-43,"7","BRCA1"
4.83291239922156e-47,0.384582362740866,0.98,0.979,9.27435889410617e-43,"7","SLIRP"
5.8041931703634e-47,0.593997941241958,0.833,0.792,1.11382466939274e-42,"7","FOPNL"
8.10709410125028e-47,0.358526856307188,0.95,0.957,1.55575135802993e-42,"7","UQCRFS1"
8.61127654027922e-47,0.578949478537887,0.845,0.809,1.65250396807958e-42,"7","PSME2"
1.01780401208468e-46,0.302120570944586,0.981,0.988,1.9531658991905e-42,"7","NDUFS5"
1.14314239714538e-46,0.652144267750361,0.765,0.721,2.19369026012198e-42,"7","MTCH1"
1.31755847125188e-46,0.688905406213805,0.722,0.651,2.52839470633236e-42,"7","TEX264"
1.42752876352377e-46,0.421629965226817,0.919,0.904,2.73942769720212e-42,"7","C19orf60"
1.53602640770178e-46,0.548198853929072,0.865,0.834,2.94763467637972e-42,"7","MRPS26"
2.85003400730462e-46,0.690889568569039,0.716,0.632,5.46921526001756e-42,"7","SNRNP40"
3.10289138360403e-46,0.924969371879814,0.584,0.472,5.95444856513613e-42,"7","HADH"
4.6412063469473e-46,0.729076252324624,0.71,0.637,8.90647497979186e-42,"7","ATP1B3"
5.1947094449537e-46,0.561160546559266,0.85,0.821,9.96864742486615e-42,"7","SF1"
6.11801410426384e-46,0.973563503707234,0.539,0.394,1.17404690660823e-41,"7","FAM111A"
6.81136067513948e-46,0.838169869393719,0.662,0.574,1.30710011355927e-41,"7","ITGB3BP"
8.76318275068744e-46,0.776499338936816,0.744,0.658,1.68165476985692e-41,"7","CD52"
9.52508809343223e-46,0.8171082737883,0.667,0.577,1.82786440512965e-41,"7","TSEN15"
9.9058814637957e-46,0.626970707448121,0.801,0.742,1.9009386529024e-41,"7","GCSH"
1.27868792950099e-45,0.39078210367844,0.943,0.941,2.4538021367124e-41,"7","GLRX5"
1.34999315236459e-45,0.31554496535107,0.957,0.969,2.59063685938765e-41,"7","TCEB2"
1.63563724334806e-45,0.453637239697057,0.953,0.945,3.13878786998493e-41,"7","SPN"
1.68191929173784e-45,0.465568533118783,0.91,0.905,3.22760312084492e-41,"7","NDUFA3"
1.69672149397676e-45,0.349811199379097,0.984,0.986,3.25600854694141e-41,"7","ODC1"
1.80737908506388e-45,0.757435984576698,0.69,0.604,3.46836046423758e-41,"7","MAGOHB"
1.88821729644379e-45,1.33942038759067,0.374,0.23,3.62348899187564e-41,"7","RAD54L"
2.46607481026174e-45,0.459336373768745,0.889,0.877,4.73239756089229e-41,"7","SCAND1"
3.82117001338007e-45,0.919850448764594,0.574,0.467,7.33282525567636e-41,"7","ACOT7"
4.00932429082475e-45,0.935347319150125,0.566,0.44,7.69389331409269e-41,"7","FAM69B"
4.51092406895978e-45,0.944460676622603,0.548,0.42,8.65646328833383e-41,"7","NAE1"
5.34394364758495e-45,0.552014404525588,0.844,0.826,1.02550278597155e-40,"7","PAIP2"
7.91573109959539e-45,0.532729429536294,0.825,0.811,1.51902879801235e-40,"7","ZCRB1"
9.02075954204089e-45,1.45871438873932,0.338,0.195,1.73108375611765e-40,"7","FHL1"
1.25416940210953e-44,0.607591086628152,0.791,0.75,2.4067510826482e-40,"7","SUPT16H"
1.27139850589074e-44,0.571573465036389,0.819,0.771,2.43981373280434e-40,"7","REXO2"
1.80917322302763e-44,0.311019377332778,0.989,0.985,3.47180341499002e-40,"7","SNX3"
1.82473246904694e-44,0.579079427918615,0.821,0.779,3.50166160810107e-40,"7","PSMD14"
1.83600241173961e-44,0.635466565392857,0.763,0.701,3.52328862812832e-40,"7","SUZ12"
2.46501992833829e-44,0.574459203190825,0.816,0.779,4.73037324248119e-40,"7","LSM14A"
2.48140128051957e-44,0.540213938639665,0.853,0.834,4.76180905731705e-40,"7","DDX18"
3.08479231342227e-44,0.845681050519758,0.617,0.524,5.91971644945734e-40,"7","KEAP1"
4.14281729416773e-44,0.541172513226641,0.868,0.838,7.95006638750787e-40,"7","DKC1"
4.21184335187574e-44,0.606460473136387,0.782,0.739,8.08252739224955e-40,"7","SLC39A1"
4.45220289628268e-44,0.359591230032917,0.947,0.957,8.54377735796647e-40,"7","PPP4C"
5.56374324055089e-44,0.403597793373693,0.916,0.905,1.06768232786172e-39,"7","SPCS2"
6.10068794906615e-44,1.33682430067384,0.362,0.217,1.17072201742579e-39,"7","CRHBP"
7.88874962229082e-44,0.663700496806462,0.764,0.705,1.51385105251761e-39,"7","IQGAP2"
8.94066590937791e-44,0.810499046832438,0.651,0.556,1.71571378800962e-39,"7","PPIF"
9.99238089513389e-44,0.380521402052417,0.955,0.955,1.91753789377619e-39,"7","TCEA1"
1.00954370764627e-43,1.11055179153823,0.455,0.316,1.93731437497318e-39,"7","C4orf27"
1.15017821841528e-43,0.353534665477213,0.97,0.972,2.20719200113892e-39,"7","COX7B"
1.28861149605949e-43,0.438678287592661,0.919,0.912,2.47284546093816e-39,"7","CBX3"
1.29940636608919e-43,0.501351116736341,0.885,0.883,2.49356081652515e-39,"7","FAM136A"
1.4811295651437e-43,0.450759796605012,0.914,0.916,2.84228763551077e-39,"7","CAPZB"
1.7199155072726e-43,0.480073117776743,0.915,0.921,3.30051785845612e-39,"7","PSMB3"
1.94371777185129e-43,1.04139795890723,0.509,0.379,3.72999440418263e-39,"7","HAT1"
2.04966123841587e-43,0.520132827060531,0.83,0.823,3.93329991652005e-39,"7","PCMT1"
2.73068420470468e-43,1.10200102550921,0.468,0.327,5.24018298882828e-39,"7","DSCC1"
3.03285104979484e-43,1.02295546291916,0.521,0.379,5.82004116455631e-39,"7","MCM5"
3.4866128917711e-43,0.910288612524522,0.553,0.436,6.69081013930875e-39,"7","BNIP3L"
3.62604781847443e-43,0.653926466476549,0.736,0.667,6.95838576365243e-39,"7","TPGS2"
3.66929258047365e-43,0.295073102062959,0.981,0.989,7.04137246192893e-39,"7","GUK1"
3.94532376768468e-43,1.17677567913844,0.388,0.239,7.5710763101869e-39,"7","C1orf21"
5.10102928512777e-43,0.56011927636526,0.827,0.787,9.7888751981602e-39,"7","DGUOK"
5.5496041162064e-43,0.788362128448378,0.672,0.589,1.06496902990001e-38,"7","JAK1"
6.15492926095702e-43,0.430990159663083,0.932,0.931,1.18113092517765e-38,"7","TMEM219"
8.10743806982562e-43,1.08255187515719,0.479,0.339,1.55581736559954e-38,"7","ATP2A1-AS1"
9.1808981404713e-43,1.11053490849391,0.483,0.352,1.76181435315644e-38,"7","RBFA"
1.07883454429705e-42,0.427883540376793,0.913,0.91,2.07028349050604e-38,"7","ST13"
1.08060634645688e-42,0.708120451395202,0.708,0.641,2.07368357885075e-38,"7","TCEA2"
1.10581303132438e-42,0.626678900606255,0.738,0.68,2.12205520711148e-38,"7","RAP1A"
1.34344104878769e-42,0.954277020275218,0.534,0.408,2.57806337262358e-38,"7","DPYSL2"
1.72765494178929e-42,1.18879391897273,0.399,0.257,3.31536983329364e-38,"7","GNB5"
1.90251456336179e-42,0.588602288177489,0.785,0.731,3.65092544709127e-38,"7","WHSC1L1"
4.78205740771111e-42,0.678377949794989,0.693,0.623,9.17676816539762e-38,"7","AK3"
5.6264694431632e-42,0.982560068065961,0.543,0.426,1.07971948614302e-37,"7","CCDC34"
6.33279498179857e-42,0.6512112188899,0.725,0.672,1.21526335700715e-37,"7","MTF2"
7.22242089143754e-42,0.627672844507954,0.761,0.701,1.38598256906686e-37,"7","DDAH2"
9.3772925571331e-42,0.491254095577356,0.878,0.889,1.79950244171384e-37,"7","PTPN7"
1.21257992586062e-41,0.95035149022304,0.483,0.343,2.32694087772652e-37,"7","POLD3"
1.32743729392736e-41,0.901661226419452,0.561,0.438,2.54735216704661e-37,"7","TMEM38B"
1.37137096812302e-41,0.707414571926635,0.709,0.653,2.63166088782807e-37,"7","PSMD11"
1.44740993613182e-41,0.953501044646488,0.524,0.401,2.77757966743696e-37,"7","RPA1"
1.47452421520367e-41,0.332195203460043,0.972,0.972,2.82961196897585e-37,"7","SF3B5"
1.48380516193664e-41,0.725215980547838,0.673,0.604,2.84742210575641e-37,"7","CHCHD3"
1.59517918307709e-41,0.772711901436573,0.644,0.553,3.06114885232494e-37,"7","SLC43A3"
1.80655118973029e-41,0.410526611151782,0.93,0.941,3.46677173309242e-37,"7","HNRNPK"
1.8158487980407e-41,0.707209591109051,0.649,0.56,3.4846138434401e-37,"7","IMMP1L"
2.09233360345438e-41,0.95488310856944,0.564,0.457,4.01518818502896e-37,"7","ACAA2"
2.32854953030092e-41,0.618306124038409,0.748,0.701,4.46848654864746e-37,"7","NIFK"
2.43069644361895e-41,0.277172328694384,0.983,0.99,4.66450647530476e-37,"7","PARK7"
2.47440339048734e-41,0.315799942761037,0.967,0.98,4.74838010634521e-37,"7","NDUFA4"
2.52771745958958e-41,0.850055518371691,0.626,0.523,4.85068980495241e-37,"7","CCDC28B"
3.24340500990701e-41,0.985266246807152,0.513,0.384,6.22409421401155e-37,"7","SLC20A1"
3.38256309494528e-41,0.501781098059136,0.846,0.818,6.4911385792e-37,"7","VPS29"
4.58398822144316e-41,0.524859072403151,0.825,0.733,8.79667339694942e-37,"7","BEX4"
5.57320743007159e-41,0.964656958508445,0.546,0.432,1.06949850583074e-36,"7","PLA2G12A"
6.34607910775595e-41,0.600695637198758,0.744,0.703,1.21781258077837e-36,"7","POP7"
7.03594118735129e-41,0.53898778050672,0.807,0.757,1.35019711385271e-36,"7","FAM212A"
7.64562816748142e-41,0.263954339690915,0.998,0.995,1.46719604533968e-36,"7","CCNI"
7.75340476004707e-41,0.734330403218996,0.675,0.59,1.48787837345303e-36,"7","KLHDC2"
8.18698274817931e-41,0.553726421894876,0.829,0.8,1.57108198937561e-36,"7","DPP7"
9.06082371462501e-41,0.935988803942464,0.463,0.308,1.73877207083654e-36,"7","RAB27B"
1.03247664788876e-40,0.4813515672777,0.857,0.84,1.98132268729854e-36,"7","HSBP1"
1.08713676857233e-40,0.455534930274763,0.898,0.879,2.0862154588903e-36,"7","EI24"
1.19926012263668e-40,0.625045606995978,0.74,0.709,2.30138017533979e-36,"7","COPS3"
1.41631035955783e-40,0.635714979133156,0.751,0.699,2.71789957999148e-36,"7","SCOC"
1.49307017870223e-40,0.573928182286057,0.771,0.742,2.86520167292957e-36,"7","MRPL9"
1.53491813174295e-40,0.927722478456596,0.534,0.409,2.94550789481472e-36,"7","BOLA1"
1.97784096382904e-40,0.863020730870496,0.602,0.5,3.79547680958793e-36,"7","ZNF672"
2.35455591503466e-40,0.473729504417029,0.85,0.836,4.51839280095152e-36,"7","DNAJC8"
2.83517492885137e-40,0.437746908879391,0.902,0.876,5.44070068846578e-36,"7","SFPQ"
2.84910592173861e-40,0.292286004902754,0.989,0.996,5.4674342638164e-36,"7","UBB"
2.90541319333897e-40,0.981933628045372,0.519,0.401,5.57548791801748e-36,"7","GINM1"
3.04046260141009e-40,0.636498849851794,0.748,0.695,5.83464773210597e-36,"7","TCEAL4"
3.15382051588975e-40,0.518327219585071,0.825,0.817,6.05218156999242e-36,"7","ILF3"
3.16348135356366e-40,0.868761797777726,0.538,0.401,6.07072071748865e-36,"7","MLLT11"
3.70842195598575e-40,0.496684122028946,0.815,0.816,7.11646173353665e-36,"7","RER1"
4.30256484554805e-40,0.581157943287314,0.774,0.743,8.2566219386067e-36,"7","UBE2V2"
4.32280836883358e-40,1.23549038678535,0.357,0.219,8.29546925979163e-36,"7","THEM6"
4.72271202432788e-40,0.270766211777938,0.991,0.995,9.06288437468521e-36,"7","PYURF"
4.80847915952853e-40,0.588037803496167,0.776,0.754,9.22747150713526e-36,"7","MGST3"
5.09510924781774e-40,0.472066254771061,0.869,0.857,9.77751464656224e-36,"7","SNRPC"
5.29551109529772e-40,0.530732255992396,0.833,0.806,1.01620857918763e-35,"7","MAD2L2"
6.05992608471005e-40,1.0567397170279,0.488,0.356,1.16289981565586e-35,"7","CACNA1C-AS2"
7.29288601456967e-40,0.409316171429141,0.944,0.906,1.39950482619592e-35,"7","HHEX"
7.41843395444961e-40,0.463425234616932,0.884,0.879,1.42359747585888e-35,"7","PPM1G"
7.81885932526271e-40,0.597959366116541,0.774,0.735,1.50043910451791e-35,"7","MMADHC"
8.35400612947303e-40,0.616031062308359,0.761,0.725,1.60313377624587e-35,"7","PSMG4"
8.69820001739062e-40,0.381107783520851,0.995,0.977,1.66918458333726e-35,"7","HLA-DRA"
1.04100995317101e-39,0.571027279039085,0.769,0.724,1.99769810013517e-35,"7","SQSTM1"
1.47546680098526e-39,1.12602173625797,0.479,0.358,2.83142079109071e-35,"7","NPR3"
1.54288419944147e-39,0.656488882786732,0.741,0.682,2.96079477872818e-35,"7","PHF20"
1.56677284369705e-39,0.52067615617739,0.816,0.768,3.00663708705464e-35,"7","TMPO"
1.72635991203788e-39,0.796748496262256,0.635,0.546,3.31288467120069e-35,"7","DNAJA1"
1.9109688333267e-39,0.527814679061481,0.828,0.808,3.66714919115393e-35,"7","RBM25"
2.45413305856299e-39,0.540827648614397,0.78,0.745,4.70948133938238e-35,"7","RWDD4"
2.83592746441503e-39,0.625088057963494,0.749,0.704,5.44214480421244e-35,"7","MRPL42"
3.14339594981352e-39,0.407698523554547,0.955,0.943,6.03217682769215e-35,"7","NCF4"
3.21930824047417e-39,1.09551453679239,0.453,0.322,6.17785251346993e-35,"7","CASP8AP2"
3.380534296889e-39,0.255684364400584,0.997,0.998,6.48724531572999e-35,"7","MT-ND1"
3.49108317557336e-39,0.641539477702447,0.712,0.641,6.69938861392528e-35,"7","NMI"
4.90564353717517e-39,0.89172812383664,0.562,0.465,9.41392994783915e-35,"7","EIF4A3"
5.66448920194677e-39,0.570051347278246,0.784,0.733,1.08701547785359e-34,"7","ADIPOR1"
6.49556152057959e-39,0.469272499633807,0.844,0.83,1.24649825579922e-34,"7","KRAS"
7.23466646461824e-39,0.749298677231763,0.642,0.566,1.38833249456024e-34,"7","ZDHHC6"
7.71362834169277e-39,0.704771441977102,0.681,0.612,1.48024527877084e-34,"7","PGP"
8.32510778391182e-39,1.08823538977386,0.438,0.303,1.59758818373268e-34,"7","LKAAEAR1"
8.88163487631511e-39,0.372251977853451,0.944,0.952,1.70438573276487e-34,"7","EIF3J"
9.19378106114506e-39,0.464598829477452,0.838,0.823,1.76428658563374e-34,"7","DPM3"
1.05783162251171e-38,0.420120815281207,0.887,0.882,2.02997888359998e-34,"7","ARF6"
1.12700797847303e-38,0.589381526220546,0.764,0.728,2.16272831068975e-34,"7","SF3B2"
1.35090358848013e-38,0.744278080518117,0.624,0.54,2.59238398629337e-34,"7","ACBD6"
1.64774952144672e-38,0.750359497533432,0.658,0.574,3.16203133165625e-34,"7","EXOSC8"
1.74449534230027e-38,0.599913678200795,0.744,0.688,3.34768656187423e-34,"7","GRHPR"
1.7960345148141e-38,0.396408674182555,0.919,0.906,3.44659023392825e-34,"7","CYCS"
1.90565620951958e-38,0.407679157887019,0.91,0.915,3.65695426606808e-34,"7","ATP5J2"
2.20861189596688e-38,0.298244137635463,0.993,0.994,4.23832622836045e-34,"7","HSP90AB1"
2.27514706882814e-38,0.640109932545395,0.709,0.658,4.3660072250812e-34,"7","SMAD2"
2.73192998616045e-38,0.305766867248237,0.979,0.986,5.24257364344191e-34,"7","GMFG"
2.81278210158813e-38,0.323613337356926,0.964,0.974,5.39772885294762e-34,"7","LSM4"
3.12999029026287e-38,0.52796310300358,0.803,0.788,6.00645136701446e-34,"7","CWC15"
3.27334467752042e-38,0.847502644837839,0.578,0.463,6.28154843616169e-34,"7","ITM2C"
3.9238933388673e-38,0.644017691325458,0.715,0.668,7.52995131728635e-34,"7","RTFDC1"
4.12657687314406e-38,0.544881230448138,0.825,0.797,7.91890101956345e-34,"7","AK6"
5.44261109543753e-38,0.459421202033811,0.885,0.887,1.04443706921446e-33,"7","HNRNPR"
5.47977857290581e-38,1.29268123980048,0.329,0.199,1.05156950814063e-33,"7","FANCL"
5.796787436284e-38,0.737241209340005,0.608,0.49,1.1124035090229e-33,"7","GPAT3"
5.94848708829719e-38,0.47834367614509,0.864,0.855,1.14151467224423e-33,"7","GHITM"
6.24797994773049e-38,0.80282426805946,0.61,0.51,1.19898735196948e-33,"7","RP11-126K1.6"
8.33658306922273e-38,1.0167753869831,0.461,0.334,1.59979029098384e-33,"7","TSPAN5"
8.90091172667957e-38,0.730725567517494,0.637,0.529,1.70808496034981e-33,"7","INSIG1"
9.83617128475848e-38,0.721688517271604,0.654,0.568,1.88756126954515e-33,"7","ILKAP"
1.00361654592731e-37,0.600905961113518,0.769,0.735,1.9259401516345e-33,"7","PSMB8"
1.09205211506642e-37,1.27474811155802,0.367,0.24,2.09564800881246e-33,"7","LRRC42"
1.15789248322405e-37,1.45803320459536,0.278,0.155,2.22199567530696e-33,"7","SHMT1"
1.47343800937205e-37,1.013344497921,0.503,0.376,2.82752753998497e-33,"7","HLA-DMB"
1.60926245547396e-37,0.287851492567575,0.987,0.988,3.08817465205453e-33,"7","NOP10"
1.88331911704306e-37,0.546950630374714,0.812,0.786,3.61408938560562e-33,"7","ZNF22"
2.41794810227059e-37,1.25000209640874,0.359,0.229,4.64004240825727e-33,"7","TPD52"
2.56146504815257e-37,0.61674037889092,0.769,0.741,4.91545142740478e-33,"7","VDAC1"
3.63220149933659e-37,0.322542143281195,0.961,0.949,6.97019467722692e-33,"7","CSTB"
4.22517061877618e-37,0.747110845129636,0.606,0.521,8.10810241743148e-33,"7","WDR33"
4.40310027625658e-37,0.443670431810724,0.915,0.908,8.44954943013638e-33,"7","THUMPD1"
4.73963986909009e-37,0.427887229974931,0.892,0.887,9.09536890878387e-33,"7","NDUFB3"
4.87060120181832e-37,0.323863156381269,0.964,0.966,9.34668370628935e-33,"7","LAMTOR5"
4.91558003690677e-37,0.540330659159041,0.773,0.733,9.43299809082409e-33,"7","PRMT1"
5.68530284281161e-37,0.420613802401052,0.902,0.903,1.09100961553555e-32,"7","METAP2"
5.7600231830147e-37,0.446740911652836,0.871,0.842,1.10534844882052e-32,"7","SNRPB2"
6.56038371878832e-37,0.467562177139592,0.825,0.81,1.25893763563548e-32,"7","MRPL21"
6.85379715904471e-37,0.516014875916066,0.828,0.802,1.31524367482068e-32,"7","SH3BGRL"
7.44732757079008e-37,0.937999147248101,0.483,0.363,1.42914216083462e-32,"7","SKP2"
7.93564822812317e-37,0.896372024049267,0.551,0.452,1.52285089497684e-32,"7","ICMT"
8.53252074437432e-37,1.08594592816743,0.44,0.314,1.63739073084543e-32,"7","IFI16"
8.69019516275377e-37,0.710516883064675,0.645,0.582,1.66764845173245e-32,"7","SAE1"
1.03364688869509e-36,0.304247731933093,0.969,0.978,1.98356837940588e-32,"7","NDUFB8"
1.0409683691882e-36,1.11933253240611,0.383,0.249,1.99761830047216e-32,"7","PPP1R14A"
1.10612771156232e-36,1.26375108070338,0.339,0.213,2.1226590784881e-32,"7","FN3KRP"
1.10824294107611e-36,0.609049726701967,0.747,0.701,2.12671820392505e-32,"7","TCEAL8"
1.17444345971757e-36,0.641829287372534,0.695,0.634,2.25375699919802e-32,"7","PFDN6"
1.39590884450257e-36,0.732325438585594,0.62,0.518,2.67874907260044e-32,"7","CAPZA2"
1.63147622355325e-36,0.645160877390307,0.696,0.644,3.1308028729987e-32,"7","CEBPZ"
1.86329483203211e-36,0.697505306467187,0.64,0.553,3.57566278266961e-32,"7","FAM50A"
1.88364544764719e-36,0.490777620883151,0.83,0.798,3.61471561403496e-32,"7","NDUFV1"
2.01631973502745e-36,1.34415936591762,0.26,0.138,3.86931757151769e-32,"7","CHAF1B"
2.3769433379608e-36,1.35348098238969,0.278,0.154,4.56135426554677e-32,"7","DERL3"
2.44268742570059e-36,0.640118775082622,0.673,0.611,4.68751716991944e-32,"7","ALG5"
2.54457422300239e-36,0.777722723325436,0.617,0.547,4.88303793394159e-32,"7","ERGIC2"
2.6057887632956e-36,0.529943024191948,0.803,0.801,5.00050863676425e-32,"7","PRPF40A"
3.57760681292006e-36,1.19493904316043,0.358,0.228,6.86542747399359e-32,"7","ZNF367"
3.7386176333418e-36,0.783833488154759,0.579,0.473,7.17440723838291e-32,"7","JUND"
4.75008562429997e-36,0.633751731938259,0.7,0.631,9.11541431303164e-32,"7","NARF"
4.8400232194887e-36,0.358602060752228,0.947,0.945,9.28800455819882e-32,"7","RPS19BP1"
5.08848403871474e-36,0.327700545491967,0.972,0.961,9.76480087029358e-32,"7","TMEM230"
5.35484146242798e-36,0.734893453303731,0.647,0.58,1.02759407663993e-31,"7","NDUFAF6"
5.48305011222891e-36,0.642021413786516,0.718,0.659,1.05219731653673e-31,"7","PAIP1"
5.57346780787382e-36,0.827863600675504,0.552,0.455,1.06954847233099e-31,"7","ARL3"
7.23994603092711e-36,0.540765099601384,0.8,0.779,1.38934564333491e-31,"7","TAF11"
7.43182268137276e-36,0.860582246527933,0.586,0.499,1.42616677255543e-31,"7","NBL1"
7.72821059672189e-36,1.20408495921416,0.418,0.298,1.48304361351093e-31,"7","ERGIC1"
9.34554772551976e-36,0.33876679779282,0.963,0.963,1.79341060852724e-31,"7","ARPC5"
9.48585663847102e-36,0.498814049716092,0.822,0.801,1.82033588892259e-31,"7","CDK2AP1"
9.55867272060399e-36,0.796869449913544,0.603,0.521,1.83430929508391e-31,"7","NUBP1"
1.07039768078974e-35,0.610174234183913,0.736,0.692,2.05409314943552e-31,"7","LAPTM4A"
1.10795988168071e-35,0.552521620432728,0.774,0.748,2.12617501294529e-31,"7","SMIM10L1"
1.13141394521468e-35,0.767451853537912,0.624,0.55,2.17118336086696e-31,"7","SLC29A1"
1.29129976715962e-35,0.355725569218949,0.944,0.954,2.47800425317932e-31,"7","CNBP"
1.57353560042129e-35,0.777170010750977,0.569,0.468,3.01961481720846e-31,"7","GLRX2"
1.58148663618356e-35,0.687673363343054,0.691,0.615,3.03487285483625e-31,"7","POLR2J3"
2.03022937102227e-35,0.476088327762683,0.857,0.853,3.89601016299173e-31,"7","DDX5"
2.20655189370444e-35,0.319716732780622,0.958,0.966,4.23437308401882e-31,"7","TOMM22"
2.49356130597667e-35,0.525985254170776,0.796,0.762,4.78514414616923e-31,"7","OXLD1"
2.56254968155151e-35,0.371305299673921,0.938,0.954,4.91753283889735e-31,"7","PGAM1"
2.70174938440317e-35,0.59129082663645,0.756,0.723,5.18465706866968e-31,"7","DNAJC21"
3.09247524352858e-35,0.52599364626763,0.796,0.783,5.93445999233134e-31,"7","CLPP"
3.31212967879117e-35,0.502197917762034,0.815,0.787,6.35597685360026e-31,"7","APOA1BP"
4.60229591490019e-35,0.752275294173155,0.598,0.508,8.83180586069346e-31,"7","MED21"
5.04984104231632e-35,0.435990486521654,0.856,0.844,9.69064496020502e-31,"7","MAT2A"
5.51360695760732e-35,1.21379926607163,0.357,0.229,1.05806117516485e-30,"7","LRRCC1"
5.87065016682664e-35,0.344422281625456,0.949,0.956,1.12657776701403e-30,"7","GTF3C6"
5.95858886629146e-35,1.09684928204286,0.425,0.304,1.14345320344133e-30,"7","DSN1"
6.77104306156657e-35,0.408236529313658,0.895,0.894,1.29936316351463e-30,"7","PABPN1"
6.91143935775118e-35,1.15979904654093,0.379,0.251,1.32630521275245e-30,"7","AC011043.1"
8.80933707116262e-35,0.543517787318396,0.782,0.756,1.69051178395611e-30,"7","SMIM4"
9.36236367716327e-35,0.774767918125903,0.608,0.536,1.79663758964763e-30,"7","APITD1"
9.79887095076622e-35,1.17845035021925,0.335,0.21,1.88040333545204e-30,"7","ESCO2"
9.80287055484186e-35,0.845768159286348,0.562,0.46,1.88117085947415e-30,"7","PTPRE"
1.18113203746655e-34,0.462708844736232,0.839,0.817,2.2665923798983e-30,"7","RAB10"
1.21607595577484e-34,0.34007324325798,0.958,0.96,2.33364975913191e-30,"7","SNU13"
1.43619459472376e-34,0.754355677638288,0.607,0.533,2.75605742727489e-30,"7","PYCR2"
1.53661426300616e-34,0.37880061398965,0.92,0.932,2.94876277070882e-30,"7","C14orf166"
1.63158008047642e-34,0.577823108350442,0.742,0.706,3.13100217443425e-30,"7","WDR1"
1.97948171322931e-34,0.513943605662032,0.805,0.785,3.79862540768705e-30,"7","POLDIP2"
2.83791174902546e-34,0.752715030684244,0.637,0.577,5.44595264637985e-30,"7","STAG2"
3.54264025188238e-34,0.736468771903813,0.611,0.522,6.79832664336228e-30,"7","F8A1"
5.84333134039849e-34,0.448671086111974,0.873,0.867,1.12133528422247e-29,"7","RTN4"
6.05421803702271e-34,1.07599309445549,0.385,0.258,1.16180444130466e-29,"7","INAFM1"
6.15247583542062e-34,0.98632253387975,0.463,0.355,1.18066011281722e-29,"7","PRPS2"
6.76842802589349e-34,0.708268918968767,0.629,0.558,1.29886133816896e-29,"7","PSMD12"
7.78222817026715e-34,0.866406578569255,0.507,0.396,1.49340958587427e-29,"7","WHSC1"
9.91036743584775e-34,0.769356994875426,0.577,0.49,1.90179951093918e-29,"7","NUDT21"
1.03893774952567e-33,0.740205582184171,0.619,0.545,1.99372154133975e-29,"7","SOD2"
1.08447897677678e-33,0.348925182515269,0.979,0.969,2.08111515643465e-29,"7","AIF1"
1.48778776737772e-33,0.829868036291248,0.551,0.45,2.85506472559784e-29,"7","SMCO4"
1.6088836795561e-33,0.270854663947626,0.992,0.995,3.08744778106816e-29,"7","MT-ND4"
1.67379541977033e-33,0.489469437740859,0.833,0.8,3.21201341053927e-29,"7","NPDC1"
2.75898507447945e-33,0.679483754218895,0.663,0.596,5.29449235792607e-29,"7","SLC3A2"
3.80149460919881e-33,0.466993355943106,0.864,0.839,7.29506815505251e-29,"7","MTHFD2"
4.23847750462693e-33,0.712808262420467,0.611,0.535,8.13363833137908e-29,"7","RABIF"
5.31930660565495e-33,0.454621491718243,0.845,0.861,1.02077493762518e-28,"7","UBE2M"
6.86602336648586e-33,0.40103007255118,0.935,0.931,1.31758988402864e-28,"7","NME4"
7.14588450528946e-33,1.18833767849254,0.386,0.271,1.37129523656505e-28,"7","RBPMS"
7.51312413451215e-33,1.13104863664823,0.406,0.288,1.44176852141288e-28,"7","CD320"
8.52212865688638e-33,0.89808007732255,0.523,0.422,1.6353964892565e-28,"7","HENMT1"
9.17173733137778e-33,0.691369368250472,0.645,0.583,1.7600563938914e-28,"7","FKBP3"
9.72839074971376e-33,0.531361502487959,0.794,0.782,1.86687818487007e-28,"7","CCND3"
1.2344226042205e-32,0.357308863987855,0.922,0.933,2.36885697749914e-28,"7","DSTN"
1.91848945319637e-32,0.717110456859581,0.587,0.504,3.68158126068383e-28,"7","MTHFS"
2.0842964099754e-32,0.364780616517404,0.943,0.942,3.9997648107428e-28,"7","YBX3"
2.37464577948049e-32,0.449223644724313,0.848,0.836,4.55694525082306e-28,"7","RPIA"
2.56476144509417e-32,0.926298555441954,0.45,0.331,4.92177721313571e-28,"7","ULK3"
2.61550734515081e-32,0.432959131507828,0.846,0.824,5.01915859534441e-28,"7","MOB1A"
2.87102305036863e-32,0.578951429989557,0.765,0.731,5.5094932336574e-28,"7","XRCC6"
3.11738208899659e-32,1.07438295497258,0.41,0.295,5.98225622878445e-28,"7","MAPK3"
3.34318490368712e-32,0.660918204056047,0.635,0.575,6.41557183017558e-28,"7","SMAP1"
3.51271827776735e-32,0.473964588836891,0.799,0.776,6.74090637503555e-28,"7","ST3GAL4"
3.56119717400528e-32,0.465682704790994,0.787,0.769,6.83393737691613e-28,"7","TSN"
4.06257399445152e-32,0.558821289923412,0.739,0.691,7.79607949535246e-28,"7","ZFAND6"
4.51648088765119e-32,0.468903204415034,0.828,0.807,8.66712682340263e-28,"7","POLE4"
5.12583125002798e-32,0.65313886593328,0.637,0.572,9.8364701688037e-28,"7","FGD5-AS1"
5.88803048696851e-32,0.344930260551385,0.909,0.938,1.12991305044926e-27,"7","CLTA"
6.33244864545673e-32,0.674303223249623,0.662,0.591,1.21519689506315e-27,"7","MRPS35"
6.35717794346046e-32,0.398783013894582,0.919,0.944,1.21994244735006e-27,"7","HSPD1"
7.29807219518904e-32,0.708269423916485,0.641,0.581,1.40050005425678e-27,"7","AGPAT5"
7.91793529048705e-32,0.39847212502513,0.888,0.9,1.51945178224446e-27,"7","ACTR3"
8.04587487854738e-32,0.928980596611904,0.509,0.416,1.54400338919324e-27,"7","RALA"
8.34800763062062e-32,0.520762413007629,0.812,0.797,1.6019826643161e-27,"7","ESD"
8.43923544047264e-32,0.896755260119844,0.497,0.389,1.6194892810267e-27,"7","DAPK1"
8.62851965838881e-32,1.08895612715559,0.352,0.229,1.65581292244481e-27,"7","CTNNAL1"
9.33821961442794e-32,0.713483128620553,0.596,0.525,1.79200434400872e-27,"7","GLOD4"
9.98390463835001e-32,0.49067447051819,0.798,0.772,1.91591130009937e-27,"7","SEPT2"
1.0267634017948e-31,0.57615128035142,0.75,0.737,1.97035896804422e-27,"7","CCT7"
1.02757990711719e-31,0.618435921128135,0.668,0.613,1.97192584175788e-27,"7","PPA2"
1.26267414413326e-31,0.874511654793141,0.516,0.417,2.42307168259173e-27,"7","FAF1"
1.33909968695616e-31,0.729473713395466,0.629,0.557,2.56973229926887e-27,"7","PROSC"
1.9554321140392e-31,0.50837581742059,0.765,0.746,3.75247422684122e-27,"7","HNRNPUL1"
2.19621558282245e-31,0.707217234144842,0.629,0.568,4.21453770343627e-27,"7","UCHL3"
2.41750278850112e-31,0.548096384010203,0.716,0.676,4.63918785113365e-27,"7","MPLKIP"
2.51981010282172e-31,0.655110001949608,0.636,0.58,4.83551558731488e-27,"7","TIMM50"
2.52986364315415e-31,0.797011720253547,0.54,0.448,4.85480833121282e-27,"7","C12orf4"
2.82874814661669e-31,0.700958093702783,0.627,0.57,5.42836769335742e-27,"7","UBE2L6"
3.02093990420693e-31,0.285220654940535,0.957,0.968,5.7971836761731e-27,"7","H2AFV"
3.07823794782459e-31,0.739962164463716,0.62,0.55,5.90713862187538e-27,"7","UROD"
3.14939266363904e-31,1.08053938837923,0.383,0.268,6.04368452152331e-27,"7","RFC2"
3.19220785206236e-31,0.626486083104653,0.655,0.599,6.12584686810766e-27,"7","EXOSC3"
3.96546564360074e-31,0.628300951623139,0.673,0.629,7.60972857006982e-27,"7","INTS10"
4.32851437293711e-31,0.637912358010426,0.63,0.554,8.30641908166632e-27,"7","SMC1A"
4.89032393067715e-31,0.499699577222486,0.778,0.756,9.38453162296945e-27,"7","ATP5H"
5.1301116766288e-31,0.631420200215912,0.688,0.632,9.84468430745067e-27,"7","SMARCE1"
6.32997230321722e-31,0.423995154478629,0.852,0.844,1.21472168498738e-26,"7","ANP32A"
6.87357917369614e-31,0.316438752443793,0.966,0.967,1.31903984343229e-26,"7","ANAPC11"
7.22879383579179e-31,0.444745982390789,0.871,0.867,1.38720553708844e-26,"7","RAC3"
7.30292344433379e-31,0.253941770683613,0.987,0.988,1.40143100896765e-26,"7","SNRPF"
7.96007513077598e-31,0.284952210942464,0.961,0.968,1.52753841759591e-26,"7","NDUFB2"
8.76016169104225e-31,0.449206675863982,0.853,0.844,1.68107502851101e-26,"7","RNF167"
1.17108589572388e-30,1.08847976980197,0.343,0.225,2.24731383389412e-26,"7","PKMYT1"
1.17331171020675e-30,0.350247370616761,0.961,0.959,2.25158517188675e-26,"7","GSPT1"
1.25254777392357e-30,0.510304522051313,0.776,0.753,2.40363917815934e-26,"7","NMT1"
1.32721318718879e-30,0.449571800323676,0.842,0.837,2.54692210621529e-26,"7","THOC7"
1.40344304115641e-30,0.624665199915132,0.676,0.625,2.69320719597914e-26,"7","AKR7A2"
1.436422361258e-30,0.720069655558047,0.609,0.557,2.75649451125411e-26,"7","MPDU1"
1.48466882591419e-30,0.722850672571572,0.609,0.539,2.84907947692933e-26,"7","CMTM7"
1.57982049249155e-30,0.677046159640076,0.686,0.637,3.03167552509128e-26,"7","MANF"
1.7320623587612e-30,0.448824741984846,0.814,0.81,3.32382766646274e-26,"7","MRPS7"
1.9280003536918e-30,0.490905721921463,0.803,0.778,3.69983267873456e-26,"7","PCNP"
1.94976244681723e-30,1.04046555955622,0.413,0.301,3.74159413544227e-26,"7","NNT-AS1"
2.03983110580661e-30,1.31920418552839,0.256,0.147,3.91443589204289e-26,"7","ANKRD9"
2.29262167851712e-30,0.399496230577624,0.886,0.892,4.39954100107436e-26,"7","LINC01420"
2.31429775959972e-30,0.417336744843833,0.866,0.851,4.44113740067186e-26,"7","PSMC5"
2.5304631848223e-30,0.39930066863851,0.885,0.881,4.855958851674e-26,"7","COMMD7"
2.72646062441179e-30,0.441942156682462,0.864,0.861,5.23207793824622e-26,"7","PRRC2C"
2.81688368170797e-30,0.856085589434497,0.496,0.393,5.4055997851976e-26,"7","CHEK1"
3.1644854985436e-30,1.16688128658239,0.317,0.202,6.07264767170517e-26,"7","NEIL2"
3.25897560446281e-30,0.50217656772511,0.768,0.744,6.25397418496414e-26,"7","SLC25A11"
3.53436124331187e-30,0.376912862551738,0.897,0.903,6.78243922591548e-26,"7","MRPS15"
3.98763053452165e-30,0.544825368294529,0.753,0.722,7.65226299574704e-26,"7","FGFR1OP2"
4.15754641942635e-30,0.783868812442493,0.586,0.513,7.97833157887917e-26,"7","PIGX"
5.41074147596392e-30,0.256526877343281,0.85,0.799,1.03832128923748e-25,"7","HSPA8"
5.51209228273299e-30,0.679963931195791,0.617,0.521,1.05777050905646e-25,"7","AP001171.1"
5.5341808497122e-30,0.407577740670847,0.839,0.848,1.06200930505977e-25,"7","MORF4L2"
6.12498950917326e-30,0.855808994515423,0.506,0.409,1.17538548681035e-25,"7","DRAM1"
6.82885814316073e-30,0.742744167026854,0.58,0.503,1.31045787767254e-25,"7","SLC48A1"
7.2173736665186e-30,0.380418260360265,0.883,0.879,1.38501400660492e-25,"7","RAB34"
7.7595641168095e-30,0.282412342361175,0.96,0.968,1.48906035401574e-25,"7","UQCRQ"
8.63496118411608e-30,0.550632558560489,0.738,0.7,1.65704905123188e-25,"7","UROS"
9.30587848510124e-30,0.566371644416084,0.698,0.669,1.78579808129093e-25,"7","GLRX3"
1.00493573337377e-29,1.00904071089566,0.425,0.317,1.92847167234426e-25,"7","GNL1"
1.00789841470312e-29,0.668444902873964,0.628,0.578,1.93415705781529e-25,"7","IDH3B"
1.06041849750659e-29,0.746292684838679,0.572,0.494,2.03494309671515e-25,"7","COPS8"
1.11669413482728e-29,0.389277507681512,0.831,0.813,2.14293604473356e-25,"7","MIEN1"
1.2338647942862e-29,0.373091018269774,0.905,0.911,2.36778654023522e-25,"7","CYBA"
1.26080024032046e-29,0.407847700781529,0.848,0.845,2.41947566117496e-25,"7","C11orf73"
1.39032914682121e-29,0.748940942021524,0.554,0.47,2.66804163274991e-25,"7","ZFAND2B"
1.68762309363377e-29,0.761409746121218,0.539,0.444,3.23854871668321e-25,"7","RAD1"
2.19474754377796e-29,0.275006770026943,0.978,0.982,4.21172053650991e-25,"7","USMG5"
2.31002894221282e-29,0.723006061579864,0.588,0.519,4.4329455401064e-25,"7","HACD3"
2.98821727005993e-29,0.734722830448291,0.594,0.52,5.73438894124501e-25,"7","CCP110"
3.08818286217337e-29,0.304479183285858,0.94,0.949,5.9262229125107e-25,"7","MRPL20"
3.44308827604149e-29,1.16530393474517,0.367,0.257,6.60728640172362e-25,"7","ZNF280B"
3.60784854653841e-29,0.514526094135165,0.747,0.731,6.9234613608072e-25,"7","TIMM17B"
4.0946953683307e-29,0.505788547990655,0.74,0.714,7.85772041182661e-25,"7","SNRNP25"
4.33962319732669e-29,0.867119613371334,0.49,0.39,8.32773691566991e-25,"7","MCM7"
4.39026684815737e-29,0.891285657156108,0.456,0.353,8.424922081614e-25,"7","NCAPD3"
4.68634508444854e-29,0.354672957631716,0.927,0.938,8.99309621705674e-25,"7","HNRNPA0"
4.77422342987976e-29,0.292449097391655,0.949,0.955,9.16173476193925e-25,"7","MRPL14"
5.79864637090489e-29,0.259981117242055,0.959,0.979,1.11276023857665e-24,"7","NDUFB9"
7.09056524823482e-29,0.794628565568508,0.513,0.424,1.36067947113626e-24,"7","ERAL1"
7.54850813353909e-29,0.71329404262629,0.599,0.534,1.44855871082615e-24,"7","BRD7"
7.65980819449251e-29,0.540827644270769,0.739,0.709,1.46991719252311e-24,"7","FAM195B"
7.78043256514106e-29,0.453407516697318,0.808,0.803,1.49306500925057e-24,"7","UQCC3"
8.27458948817123e-29,0.591662336311728,0.666,0.614,1.58789372278006e-24,"7","BAD"
9.322978124061e-29,0.85975077947091,0.475,0.379,1.78907950200731e-24,"7","TMEM237"
1.20377087393954e-28,0.567497811070173,0.697,0.658,2.31003630708999e-24,"7","WAC"
1.42724170708321e-28,0.606056062484843,0.688,0.633,2.73887683589268e-24,"7","NOLC1"
1.54175300086141e-28,0.435617610654469,0.826,0.809,2.95862400865305e-24,"7","EIF4E"
1.59843327732588e-28,0.708495030689304,0.605,0.542,3.06739345918836e-24,"7","LEPROT"
1.69193918615763e-28,0.700850797546037,0.582,0.504,3.2468312982365e-24,"7","GLUD1"
1.71979351832846e-28,0.679638004191833,0.592,0.523,3.30028376167231e-24,"7","EMC7"
1.74457446690081e-28,0.761480882760312,0.548,0.465,3.34783840198265e-24,"7","ELP6"
1.83469573846912e-28,0.520979640805245,0.736,0.716,3.52078112212225e-24,"7","HIGD1A"
1.88427980831013e-28,0.484196348850172,0.8,0.795,3.61593295214713e-24,"7","MCUR1"
1.90128287348062e-28,0.96246376589644,0.446,0.345,3.64856183420931e-24,"7","PCGF6"
2.10070450160484e-28,0.363806789404699,0.869,0.874,4.03125193857969e-24,"7","MRPS18C"
2.23299450486222e-28,0.397213247609813,0.84,0.859,4.28511645483061e-24,"7","BZW1"
2.48099947745532e-28,0.65994893101996,0.612,0.545,4.76103799723677e-24,"7","HIRIP3"
2.4847189694836e-28,0.391994422542014,0.896,0.897,4.76817570243904e-24,"7","TMEM165"
2.76444010181761e-28,0.504046326122157,0.775,0.742,5.304960555388e-24,"7","UBC"
2.81891073371855e-28,0.63811062334246,0.646,0.616,5.4094896980059e-24,"7","TMEM70"
2.82171281577302e-28,0.453377161673405,0.841,0.815,5.41486689346843e-24,"7","N4BP2L2"
3.13574049182676e-28,0.893596140201841,0.45,0.344,6.01748600381555e-24,"7","MYO19"
3.18867909902531e-28,0.480366220148348,0.805,0.806,6.11907519102957e-24,"7","GABARAP"
3.34665092954637e-28,0.931839797792415,0.406,0.289,6.42222313379949e-24,"7","MCM6"
3.53870922192795e-28,0.351405850167289,0.886,0.872,6.79078299687973e-24,"7","PIM1"
3.88061506268479e-28,1.24847835999536,0.309,0.2,7.44690030529211e-24,"7","SELL"
4.40365995059361e-28,0.568540373106516,0.707,0.659,8.45062344518913e-24,"7","ABCE1"
5.1646721744479e-28,0.538063687486293,0.736,0.712,9.91100590276552e-24,"7","MEST"
5.39276456415829e-28,0.689115248990514,0.58,0.505,1.03487151986198e-23,"7","SF3A2"
6.08316746177025e-28,0.406166961894052,0.859,0.854,1.16735983591371e-23,"7","PRDX4"
6.32995153072134e-28,1.05003313340802,0.379,0.272,1.21471769874542e-23,"7","REC8"
6.9820849657815e-28,0.640876698383458,0.642,0.585,1.33986210493347e-23,"7","ZNF326"
8.3884034195397e-28,0.343012006711759,0.908,0.916,1.60973461620967e-23,"7","SEP15"
8.51797863586467e-28,0.929448842326507,0.466,0.365,1.63460010022243e-23,"7","MSH6"
9.02396830073775e-28,0.369669303155168,0.913,0.905,1.73169951691157e-23,"7","CELF2"
9.55940269187942e-28,0.607878852566812,0.637,0.575,1.83444937657166e-23,"7","MAPRE1"
9.89753631741761e-28,0.592527016291233,0.699,0.687,1.89933721931244e-23,"7","CCT5"
1.03840354360227e-27,0.392314224191049,0.833,0.82,1.99269640017276e-23,"7","EMC4"
1.15224475581733e-27,0.39906296494908,0.868,0.871,2.21115768641345e-23,"7","LSM1"
1.15842413767405e-27,1.07017500757111,0.322,0.212,2.2230159201965e-23,"7","DUSP14"
1.15937735571705e-27,0.827556566685735,0.562,0.487,2.22484514562101e-23,"7","NRIP1"
1.3129122683138e-27,0.566248188431888,0.694,0.649,2.51947864289418e-23,"7","EGLN2"
1.31769642341678e-27,0.493562048366256,0.756,0.72,2.5286594365368e-23,"7","ITFG2"
1.40435688849487e-27,0.571582605864697,0.729,0.693,2.69496086902166e-23,"7","MARCH6"
1.49291212767435e-27,0.50159435374195,0.741,0.715,2.86489837300707e-23,"7","IFRD2"
1.50938187261033e-27,0.267230495101583,0.962,0.974,2.89650381353923e-23,"7","PTP4A2"
1.55183135198601e-27,0.657967012468569,0.597,0.541,2.97796436446116e-23,"7","GALK1"
1.56233556070781e-27,0.990951483824373,0.404,0.305,2.99812194099829e-23,"7","RAD51D"
1.70811084097169e-27,0.527440963968772,0.754,0.738,3.27786470382467e-23,"7","DNAJC1"
1.86009944625712e-27,0.601258125633388,0.651,0.607,3.56953083736742e-23,"7","MRPL15"
1.87425585389587e-27,0.741662743767766,0.573,0.504,3.59669698362617e-23,"7","DNPEP"
1.96832209848512e-27,1.29758410910477,0.271,0.167,3.77721010699294e-23,"7","LSS"
1.98983356904283e-27,0.661130223727867,0.635,0.573,3.81849061899319e-23,"7","WDR54"
2.0116810415983e-27,0.620640990859444,0.66,0.603,3.86041591882713e-23,"7","FAM117A"
2.25189782195985e-27,0.433671382097353,0.803,0.8,4.32139192034095e-23,"7","C8orf33"
2.39078211979432e-27,0.41556576491376,0.838,0.838,4.58791088788531e-23,"7","AK2"
3.3704154096378e-27,0.975475234693518,0.425,0.326,6.46782717109493e-23,"7","TMEM68"
3.63990837373546e-27,0.712717959171243,0.569,0.496,6.98498416919834e-23,"7","RDX"
3.92083052095296e-27,0.666975614086029,0.631,0.582,7.52407376970873e-23,"7","NAA50"
4.02014754382273e-27,1.06139888416312,0.355,0.247,7.71466313659582e-23,"7","CBX2"
4.07818966550831e-27,0.624067403297881,0.639,0.594,7.82604596811045e-23,"7","SYPL1"
4.59649029550885e-27,0.636707468671571,0.665,0.614,8.82066487708149e-23,"7","C1orf174"
5.03680597285995e-27,0.936352920257385,0.408,0.302,9.66563066191824e-23,"7","TRMT6"
5.10848540323814e-27,0.354083144832288,0.891,0.89,9.80318348881399e-23,"7","SS18L2"
5.4246340905839e-27,0.381236660727531,0.953,0.938,1.04098728198305e-22,"7","HSPB1"
6.00825456809254e-27,0.440513121659711,0.787,0.782,1.15298405161696e-22,"7","TRA2B"
6.25563302790613e-27,0.663441576098252,0.613,0.561,1.20045597805519e-22,"7","MRPL1"
6.8470746714501e-27,0.705947433826112,0.576,0.514,1.31395362945128e-22,"7","EMC3"
8.23317973398498e-27,0.460979206674192,0.748,0.727,1.57994719095172e-22,"7","ARL6IP5"
1.03530128735585e-26,0.65773201952566,0.616,0.564,1.98674317043588e-22,"7","UCHL5"
1.05148696568629e-26,0.686246703309492,0.595,0.536,2.01780348715199e-22,"7","PGRMC1"
1.14477310588322e-26,0.563536699661826,0.688,0.648,2.1968195901899e-22,"7","RFK"
1.14514669533332e-26,0.594785992511663,0.647,0.611,2.19753650834465e-22,"7","PIN4"
1.31184859364742e-26,1.07993717807546,0.372,0.268,2.5174374512094e-22,"7","ISOC1"
1.31509882183325e-26,0.417202635335861,0.796,0.798,2.52367463909801e-22,"7","TIAL1"
1.38104426192489e-26,0.375145611058402,0.882,0.893,2.65022393863386e-22,"7","WTAP"
1.51655214905621e-26,0.486986715201644,0.752,0.754,2.91026357403886e-22,"7","SLTM"
1.52285467407835e-26,0.5001733703987,0.734,0.714,2.92235811955634e-22,"7","SNRNP70"
1.63127975368249e-26,1.12114948183232,0.351,0.247,3.1304258473167e-22,"7","DHRS4"
1.67224766883098e-26,0.358777114559868,0.881,0.894,3.20904327648665e-22,"7","APH1A"
1.7463387992887e-26,0.321501609359944,0.93,0.937,3.35122415583502e-22,"7","KRT10"
1.87535448676501e-26,0.536900713643758,0.714,0.688,3.59880526010206e-22,"7","TFAM"
2.39947903480129e-26,0.850820210861955,0.474,0.385,4.60460026778367e-22,"7","NSL1"
3.13156801247365e-26,0.508283702237755,0.8,0.777,6.00947901593693e-22,"7","GABPB1-AS1"
4.07217944545578e-26,0.459520103903479,0.762,0.737,7.81451235582964e-22,"7","SDHC"
4.26527201557569e-26,0.381622202946774,0.859,0.874,8.18505699788975e-22,"7","ILF2"
4.26978619316406e-26,0.483230778994708,0.745,0.728,8.19371970468183e-22,"7","RPAIN"
4.49405314668691e-26,0.496291552273141,0.756,0.719,8.62408798849219e-22,"7","PYCARD"
4.86350640465637e-26,1.09247561145965,0.343,0.239,9.33306879053557e-22,"7","BCL3"
5.48072942900993e-26,0.671333980796569,0.616,0.56,1.05175197742701e-21,"7","NT5C3B"
6.45182607058303e-26,1.07056923901128,0.326,0.222,1.23810542294488e-21,"7","AUNIP"
7.67245402665289e-26,0.847295179050359,0.467,0.377,1.47234392771469e-21,"7","ORC6"
8.04458147416997e-26,0.632267026844873,0.64,0.582,1.54375518489322e-21,"7","HMGXB4"
8.68548417672896e-26,0.745833763937884,0.513,0.431,1.66674441351429e-21,"7","CD58"
9.57364401686667e-26,0.782775157766063,0.525,0.454,1.83718228683671e-21,"7","VRK1"
1.02236908182622e-25,1.21311739801101,0.27,0.169,1.96192626802452e-21,"7","EPSTI1"
1.10551003529612e-25,0.578111503519154,0.624,0.557,2.12147375773324e-21,"7","PSMC1"
1.13200181124465e-25,0.407294682618471,0.802,0.796,2.17231147577848e-21,"7","DDX39A"
1.33933891913415e-25,0.314014616823296,0.933,0.941,2.57019138581843e-21,"7","ARL2"
1.55948709192866e-25,0.467580119930512,0.733,0.719,2.99265572941109e-21,"7","MRPS14"
1.72606434309385e-25,0.872935869654187,0.436,0.34,3.3123174743971e-21,"7","RUSC1"
2.17750524912204e-25,0.408399161169745,0.81,0.811,4.1786325730652e-21,"7","NDUFA12"
2.34139084508646e-25,0.808945893972031,0.498,0.419,4.49312903172091e-21,"7","FAM92A1"
2.36011528015503e-25,0.391654809940847,0.897,0.889,4.5290612226175e-21,"7","CRELD2"
2.41807307079377e-25,0.462684557246583,0.756,0.729,4.64028222285325e-21,"7","AHSA1"
2.63508421562312e-25,0.484181694611519,0.76,0.732,5.05672660978077e-21,"7","RSRC2"
2.68412144469284e-25,0.932199492960001,0.409,0.311,5.15082905236556e-21,"7","TGFBR1"
2.68744536160996e-25,0.887017558984192,0.434,0.339,5.15720764892952e-21,"7","BRCA2"
2.98170902949347e-25,0.360327411936944,0.848,0.854,5.72189962759796e-21,"7","MYL12B"
3.01409457263285e-25,1.15343935598534,0.331,0.233,5.78404748488243e-21,"7","MGMT"
3.26616626751592e-25,0.358363748985362,0.896,0.895,6.26777306736305e-21,"7","ORMDL1"
3.41979098296528e-25,0.57126435041115,0.676,0.642,6.56257889631037e-21,"7","PPCS"
3.51042401226498e-25,0.505925881602985,0.765,0.739,6.73650367953649e-21,"7","PTPMT1"
3.75429152599727e-25,1.10630128159055,0.326,0.222,7.20448543838877e-21,"7","TCTEX1D2"
3.86392776242122e-25,0.559766658638736,0.648,0.583,7.41487737608633e-21,"7","HOXB2"
4.3499958892151e-25,1.05186713882129,0.38,0.281,8.34764211140377e-21,"7","SSBP2"
4.36967612309874e-25,0.388224225215714,0.902,0.897,8.38540848022647e-21,"7","LYRM1"
4.64460206204918e-25,0.698691080685626,0.569,0.507,8.91299135707238e-21,"7","BRIX1"
4.96469224516901e-25,0.308238989098794,0.897,0.908,9.52724441847932e-21,"7","FAAP20"
5.50326411444173e-25,0.963633892279118,0.388,0.293,1.05607638356137e-20,"7","RDH11"
5.68811436905801e-25,0.455620242040064,0.79,0.783,1.09154914742223e-20,"7","PPP1R18"
5.82231703244078e-25,0.636872242460797,0.64,0.599,1.11730263852539e-20,"7","RCN1"
6.26405383143311e-25,0.826374193559191,0.441,0.348,1.20207193025201e-20,"7","ADH5"
6.49661314638957e-25,0.569833929266909,0.677,0.634,1.24670006279216e-20,"7","LYN"
6.5542537819868e-25,0.527970101630847,0.729,0.716,1.25776130076327e-20,"7","PHF5A"
7.69240875573563e-25,0.609549840719139,0.626,0.578,1.47617324022567e-20,"7","SNAPIN"
7.85561509001071e-25,0.358223836103161,0.87,0.861,1.50749253577305e-20,"7","SHFM1"
7.93326626401681e-25,0.592746073265126,0.643,0.608,1.52239379606483e-20,"7","KHSRP"
8.24454202661947e-25,0.510156185897609,0.713,0.695,1.58212761490828e-20,"7","RAB11A"
8.28314218227904e-25,0.701775556476686,0.568,0.505,1.58953498477935e-20,"7","APIP"
8.96942952015307e-25,0.562424714051035,0.691,0.659,1.72123352491737e-20,"7","DARS"
9.13497160386235e-25,0.444970989671023,0.741,0.722,1.75300105078118e-20,"7","CTBP1"
9.15506888714653e-25,0.378966037578477,0.821,0.818,1.75685771944342e-20,"7","DDX17"
9.75494242599181e-25,0.696800409490851,0.544,0.478,1.87197345154783e-20,"7","TMUB1"
1.00479689842529e-24,0.470236119099102,0.725,0.703,1.92820524807813e-20,"7","TSSC4"
1.10504797251488e-24,0.632742414260645,0.629,0.583,2.12058705925606e-20,"7","PANK2"
1.16990228241911e-24,0.303606018416884,0.962,0.953,2.24504247996227e-20,"7","TMEM123"
1.18656058068068e-24,0.453942939844593,0.775,0.773,2.27700975432622e-20,"7","UPF3A"
1.19520292701202e-24,0.552080845808348,0.657,0.613,2.29359441693606e-20,"7","MIS18A"
1.28858777591144e-24,0.471792630692983,0.725,0.702,2.47279994197405e-20,"7","SDHB"
1.28954225092525e-24,0.630296107658719,0.601,0.553,2.47463157952555e-20,"7","CCDC107"
1.30828326427175e-24,0.261738088986903,0.939,0.959,2.51059558413748e-20,"7","ENY2"
1.37684274424178e-24,0.570889001961982,0.64,0.585,2.64216122619998e-20,"7","PDLIM1"
1.41687716006366e-24,0.511924474112717,0.72,0.712,2.71898727016216e-20,"7","ADSL"
1.63826247249032e-24,0.592859573281661,0.652,0.6,3.14382568470893e-20,"7","PTTG1IP"
1.73055913140515e-24,0.523544013230499,0.679,0.649,3.32094297316649e-20,"7","MRPL13"
1.73705443499493e-24,0.601602240453004,0.625,0.597,3.33340746075527e-20,"7","SUDS3"
1.83614102133579e-24,0.378965365407207,0.827,0.812,3.52355461994338e-20,"7","HLA-E"
1.86544153834054e-24,0.301915117051585,0.942,0.952,3.57978231207549e-20,"7","ATP5O"
1.95550094221862e-24,0.568391160029486,0.667,0.646,3.75260630811753e-20,"7","PLEKHJ1"
2.00675944233574e-24,0.593786215731201,0.636,0.584,3.85097136984229e-20,"7","TOR3A"
2.18769751779139e-24,0.926074510859211,0.369,0.267,4.19819153664168e-20,"7","MTHFD1"
2.21232272652341e-24,0.692887805726953,0.563,0.485,4.24544731219842e-20,"7","VMP1"
2.43731488934068e-24,0.889653873968058,0.426,0.33,4.67720727264477e-20,"7","SPNS2"
2.57180005316175e-24,0.295627944931125,0.935,0.936,4.93528430201739e-20,"7","MLF2"
2.7644438318884e-24,0.613130271267102,0.655,0.627,5.30496771339384e-20,"7","NKTR"
2.85951002824165e-24,0.403926222013238,0.834,0.839,5.48739974419572e-20,"7","TAF9"
3.07781703180034e-24,0.385417916855703,0.806,0.808,5.90633088402485e-20,"7","SMIM12"
3.12061423675413e-24,0.61958820135629,0.626,0.58,5.98845872033118e-20,"7","SVBP"
3.1426272889301e-24,0.582142664533271,0.617,0.547,6.03070176745686e-20,"7","PMAIP1"
3.22229824515897e-24,0.631081049423923,0.607,0.553,6.18359033246006e-20,"7","ATXN10"
3.4346560139293e-24,0.856501933706911,0.454,0.366,6.59110489073032e-20,"7","ATIC"
3.49063496465554e-24,0.494358352979407,0.748,0.727,6.69852849717398e-20,"7","PSMA3"
3.59971260404332e-24,0.271147293271234,0.954,0.959,6.90784848715913e-20,"7","GTF2A2"
3.79613713161709e-24,0.417913109851019,0.813,0.819,7.28478715557319e-20,"7","KHDRBS1"
3.91769219892914e-24,1.11851090080982,0.302,0.2,7.51805132974502e-20,"7","MYCN"
4.05624056199722e-24,1.20348423530789,0.251,0.154,7.78392563847266e-20,"7","FIGNL1"
4.28383593687485e-24,0.595498037766579,0.625,0.58,8.22068116286283e-20,"7","ADSS"
4.5973565866653e-24,0.615604026942308,0.604,0.545,8.82232728981072e-20,"7","SPG20"
4.93749265164437e-24,0.651809491081731,0.585,0.536,9.47504839850555e-20,"7","GPANK1"
5.16613654638818e-24,0.520109214827586,0.689,0.667,9.91381603251892e-20,"7","NARS"
7.24786401570267e-24,0.496422491231806,0.717,0.692,1.39086510461334e-19,"7","SLC25A33"
7.60753007488e-24,0.611907901581529,0.652,0.611,1.45988502136947e-19,"7","ERI3"
7.94775521355359e-24,0.868137281118624,0.468,0.393,1.52517422548093e-19,"7","BAG2"
8.11754571197343e-24,0.797017736466281,0.466,0.383,1.5577570221277e-19,"7","SMC5"
8.31329800049875e-24,0.488246740551359,0.727,0.701,1.59532188629571e-19,"7","LYAR"
8.50049836509388e-24,0.707295141894027,0.553,0.49,1.63124563626152e-19,"7","SORBS3"
8.97616307645665e-24,0.358386695351783,0.893,0.895,1.72252569437203e-19,"7","C16orf13"
9.46521998682039e-24,0.365084216648744,0.778,0.768,1.81637571547083e-19,"7","SELK"
1.0229590166131e-23,0.945720050871655,0.383,0.288,1.96305835288053e-19,"7","TRIP13"
1.03956974604811e-23,0.529021189403915,0.674,0.638,1.99493434266633e-19,"7","SNRNP27"
1.29645580526933e-23,0.454851753293012,0.743,0.727,2.48789869031185e-19,"7","ABCF1"
1.29911394662453e-23,0.710665837430908,0.551,0.486,2.49299966357248e-19,"7","PITPNB"
1.36050396799006e-23,0.50947599286641,0.716,0.696,2.61080711457293e-19,"7","SCP2"
1.40506462325967e-23,0.538930467148526,0.679,0.653,2.6963190120353e-19,"7","SEPT7"
1.46727885525416e-23,0.73928773215839,0.54,0.484,2.81570812323273e-19,"7","NFU1"
1.54695981948299e-23,0.742568381778035,0.487,0.402,2.96861589358786e-19,"7","TRPT1"
1.57824842385119e-23,0.95146937853132,0.38,0.281,3.02865872537042e-19,"7","SFXN1"
1.89844587075549e-23,0.511596318406327,0.704,0.689,3.64311762597978e-19,"7","TXNL1"
1.9598205093378e-23,0.966417862595108,0.383,0.292,3.76089555741924e-19,"7","RBM4B"
2.12028916434262e-23,0.881255944781817,0.44,0.351,4.0688349063735e-19,"7","NRM"
2.12946680859871e-23,0.674482248945485,0.55,0.481,4.08644680570092e-19,"7","SLC5A6"
2.18797562087546e-23,0.714618783224977,0.551,0.488,4.19872521646e-19,"7","PPP2R3C"
2.20170034063602e-23,0.417570734006974,0.749,0.743,4.22506295368053e-19,"7","BLOC1S2"
2.28288136120834e-23,0.328493786594698,0.895,0.902,4.3808493321588e-19,"7","PDCD2"
2.88290651812324e-23,0.762217937252755,0.491,0.41,5.53229760827849e-19,"7","SURF2"
3.0230436381915e-23,0.90285592760942,0.357,0.255,5.80122074168949e-19,"7","PSMC3IP"
3.04025664396421e-23,0.543525004449303,0.65,0.618,5.83425249976732e-19,"7","UBAC1"
3.09108982001113e-23,0.986042172564412,0.346,0.246,5.93180136460137e-19,"7","MAST4"
3.13829357091748e-23,0.621015424214017,0.577,0.495,6.02238536259064e-19,"7","DUSP6"
3.17027634487275e-23,0.440308165838433,0.761,0.761,6.0837603058108e-19,"7","RPL26L1"
3.53233744997394e-23,0.915317736556469,0.439,0.355,6.7785555665e-19,"7","CDK5RAP3"
3.75782238458682e-23,0.53755436735381,0.652,0.603,7.2112611560221e-19,"7","DIMT1"
3.88091704528449e-23,0.260516838735793,0.977,0.984,7.44747980990093e-19,"7","SLC25A5"
4.0897301249495e-23,0.406982984639261,0.785,0.779,7.84819210977808e-19,"7","PET100"
4.10298622059868e-23,0.564553985049928,0.646,0.607,7.87363055732887e-19,"7","STAU1"
4.12663082487953e-23,0.651614981756174,0.577,0.535,7.91900455294382e-19,"7","DPM1"
4.53148509754403e-23,0.436046172173226,0.779,0.775,8.695919902187e-19,"7","DAZAP1"
5.30933021141672e-23,0.554125330334333,0.688,0.639,1.01886046757087e-18,"7","SLC38A1"
5.33683883265955e-23,0.412406698553046,0.777,0.763,1.02413937198737e-18,"7","UBE2E1"
5.35894092313343e-23,0.323291932784324,0.917,0.925,1.02838076314931e-18,"7","AMD1"
5.39761417313069e-23,0.606477922056879,0.603,0.556,1.03580215982378e-18,"7","PKN1"
5.5563747526266e-23,0.437272659391764,0.781,0.782,1.06626831502904e-18,"7","TMCO1"
5.8354746363883e-23,0.579732851453618,0.625,0.585,1.11982758272291e-18,"7","RABEP1"
6.35844814611812e-23,0.620136769393064,0.592,0.539,1.22018619924007e-18,"7","TXNDC9"
6.67286950748868e-23,0.588350100150271,0.626,0.58,1.28052365848708e-18,"7","PRADC1"
6.69613275323167e-23,0.652907701561622,0.573,0.518,1.28498787534516e-18,"7","PPP2CA"
7.57675526948635e-23,0.641650476193499,0.56,0.502,1.45397933621443e-18,"7","SDF2"
8.0719274331026e-23,0.731776403716188,0.524,0.462,1.54900287441239e-18,"7","KDSR"
8.17808027514059e-23,0.301331610131191,0.924,0.937,1.56937360479948e-18,"7","PRDX6"
8.63933034138067e-23,1.13959389390669,0.299,0.205,1.65788749251095e-18,"7","SCMH1"
9.52338433077217e-23,0.470996336154113,0.759,0.751,1.82753745307518e-18,"7","MRPL40"
9.55897311108902e-23,0.403594210025235,0.781,0.788,1.83436694001798e-18,"7","CEBPB"
9.60507480681956e-23,0.575979794971496,0.621,0.574,1.84321385542867e-18,"7","PMF1"
1.0455500484459e-22,0.525145479402082,0.667,0.633,2.00641054296769e-18,"7","SDHD"
1.10541198388902e-22,0.324527292898999,0.872,0.893,2.12128559708303e-18,"7","MRPL41"
1.1922630342111e-22,0.76802804048663,0.49,0.417,2.2879527626511e-18,"7","ASPSCR1"
1.23211492090702e-22,0.305148258988743,0.9,0.923,2.36442853322058e-18,"7","ARPC5L"
1.31923917348063e-22,0.845003146235624,0.438,0.351,2.53161997390932e-18,"7","STAB1"
1.41285044575095e-22,0.742127546169639,0.519,0.45,2.71126000539607e-18,"7","KPNA3"
1.42060071844118e-22,0.585985385327011,0.627,0.591,2.72613277868863e-18,"7","NAP1L4"
1.4300711748405e-22,1.18283339791601,0.285,0.19,2.74430658451892e-18,"7","MBOAT2"
1.50474936582964e-22,0.381753786305793,0.819,0.812,2.88761403302708e-18,"7","RBBP6"
1.57340300779033e-22,0.410707898729248,0.817,0.82,3.01936037194964e-18,"7","PRPF38B"
1.62313815670412e-22,1.03985962876046,0.309,0.213,3.11480212271521e-18,"7","C21orf58"
1.65706614216029e-22,0.296833276333973,0.904,0.92,3.17990992680559e-18,"7","SARAF"
1.6884737622198e-22,0.837794182400843,0.48,0.404,3.24018114969979e-18,"7","AMZ2"
1.70505232520182e-22,0.647674439117195,0.608,0.569,3.27199541206229e-18,"7","IAH1"
1.9240055275577e-22,0.550276245280991,0.642,0.606,3.69216660738323e-18,"7","LSM12"
1.9810145835873e-22,0.822906025052156,0.429,0.342,3.80156698590404e-18,"7","FANCI"
2.07155768295882e-22,0.574108117034273,0.622,0.585,3.97531919359797e-18,"7","CHIC2"
2.19626082411323e-22,0.699417388384994,0.509,0.438,4.2146245214733e-18,"7","PDHB"
2.43438702926148e-22,0.922459110063043,0.382,0.291,4.67158870915278e-18,"7","CEP78"
2.48668303192335e-22,0.322983574403317,0.889,0.901,4.77194473826091e-18,"7","PSMB5"
2.57917937264403e-22,0.553608984298371,0.644,0.624,4.9494452161039e-18,"7","POLR3K"
2.57940800994993e-22,0.662592195489136,0.541,0.48,4.94988397109391e-18,"7","MRPL22"
2.61357745224277e-22,0.658553745754979,0.586,0.538,5.01545513085387e-18,"7","AC013461.1"
2.64727594997614e-22,0.605020427573675,0.584,0.532,5.08012254800422e-18,"7","ING2"
2.66717730242457e-22,0.920582707805647,0.397,0.298,5.11831324335276e-18,"7","DTL"
2.84195602823885e-22,0.568737318955088,0.651,0.627,5.45371361819035e-18,"7","PRELID3B"
2.99122913758155e-22,0.752253250241153,0.523,0.46,5.740168715019e-18,"7","AGGF1"
3.07193261333594e-22,0.352407121019954,0.816,0.835,5.89503868499167e-18,"7","TRIAP1"
3.18085260006903e-22,0.8128010191331,0.455,0.373,6.10405613953247e-18,"7","RRAGD"
3.2470872049887e-22,0.493422726817014,0.719,0.716,6.23116034637331e-18,"7","UBE2K"
3.447671312906e-22,0.402396030065363,0.762,0.75,6.61608124946661e-18,"7","CDC123"
3.9890556871275e-22,0.702537546044169,0.547,0.492,7.65499786359767e-18,"7","ARMC1"
4.3526184288046e-22,0.906890326783987,0.382,0.293,8.35267476487603e-18,"7","IPO9"
4.47298477004627e-22,1.20340636478925,0.255,0.162,8.5836577737188e-18,"7","RPP40"
4.76292545110103e-22,0.674426176563093,0.585,0.544,9.14005394066287e-18,"7","PSMC6"
4.81384245390893e-22,0.86634912327936,0.44,0.36,9.23776366905123e-18,"7","COQ2"
4.95197509331256e-22,0.767609826439502,0.47,0.394,9.5028402040668e-18,"7","MPHOSPH6"
4.99063854619992e-22,0.431600137013323,0.753,0.757,9.57703537015765e-18,"7","OCIAD1"
5.35073081475459e-22,0.619124766035489,0.591,0.551,1.02680524335141e-17,"7","C7orf55"
6.10313185840047e-22,0.596787928078379,0.584,0.537,1.17119100362705e-17,"7","GNAI3"
7.44872170806579e-22,0.684042229662559,0.521,0.451,1.42940969577783e-17,"7","PDCL3"
7.80078800934065e-22,0.490786995786093,0.718,0.711,1.49697121899247e-17,"7","ZRANB2"
7.923189432715e-22,0.90202006037318,0.393,0.306,1.52046005213801e-17,"7","DTNBP1"
8.33160398941162e-22,0.345796450749533,0.872,0.881,1.59883480556809e-17,"7","MRPL36"
8.40862115764955e-22,0.555626047038896,0.654,0.629,1.61361440015295e-17,"7","PSMD3"
8.46052914901169e-22,0.486090340621122,0.703,0.685,1.62357554369534e-17,"7","POLD2"
9.3159034428254e-22,1.02966439824339,0.297,0.202,1.78772187067819e-17,"7","LIG1"
1.00845978814565e-21,0.566352744489978,0.645,0.604,1.9352343334515e-17,"7","GMCL1"
1.0093458896395e-21,0.692483938233219,0.572,0.509,1.93693476221819e-17,"7","TMEM121"
1.0851083950246e-21,0.499017309814076,0.673,0.649,2.08232301005221e-17,"7","NDUFV3"
1.08944417067948e-21,0.341799997431593,0.867,0.886,2.09064336353392e-17,"7","CHCHD1"
1.0911016775356e-21,0.261750815864523,0.949,0.965,2.09382411919082e-17,"7","MINOS1"
1.12953656732874e-21,0.481827780909514,0.686,0.657,2.16758067270384e-17,"7","NAA20"
1.13651825404711e-21,0.758638002157478,0.523,0.441,2.1809785295164e-17,"7","HLA-DQA2"
1.30362174512854e-21,0.95437278971239,0.345,0.251,2.50165012890166e-17,"7","OSER1"
1.33327070160978e-21,0.728170396155792,0.509,0.44,2.55854647638917e-17,"7","FDX1L"
1.54075324552211e-21,0.423958846198962,0.747,0.731,2.95670547815694e-17,"7","SH3GLB1"
1.71058578017618e-21,0.495435795067381,0.678,0.667,3.28261411215809e-17,"7","PSMD4"
1.72556443873774e-21,0.511130083472411,0.689,0.663,3.31135815793773e-17,"7","RPN2"
1.75135901944303e-21,0.469183985042117,0.722,0.708,3.36085795831118e-17,"7","RNF5"
1.75957786074367e-21,0.388010515669015,0.874,0.885,3.3766299147671e-17,"7","ACP1"
1.91229569270015e-21,0.908782572273031,0.357,0.268,3.66969543429159e-17,"7","VPS13A"
2.02698053505945e-21,0.4333820178151,0.743,0.737,3.88977564677908e-17,"7","NIPA2"
2.04356894722106e-21,0.55976427917191,0.645,0.61,3.92160880971721e-17,"7","RDH14"
2.1771507189299e-21,0.55944495140514,0.702,0.685,4.17795222962647e-17,"7","SMG1"
2.43628993622624e-21,0.668264450272791,0.546,0.482,4.67524038761815e-17,"7","NCOA7"
2.61096027301345e-21,0.741578870754697,0.507,0.422,5.0104327639128e-17,"7","HLA-DQA1"
2.67643257070903e-21,0.670698390284296,0.568,0.524,5.13607410319062e-17,"7","PM20D2"
2.8940190198865e-21,0.563399634678778,0.613,0.58,5.5536224991622e-17,"7","MRPL19"
3.05597215906206e-21,0.453238382995991,0.756,0.75,5.86441057324008e-17,"7","ORAI1"
3.48301999747139e-21,0.507703124348315,0.677,0.65,6.68391537514761e-17,"7","MPHOSPH8"
4.01821800966185e-21,0.649022440916235,0.583,0.534,7.7109603605411e-17,"7","MTX2"
4.11489601594847e-21,1.16845913682385,0.27,0.179,7.89648545460511e-17,"7","SLC16A1-AS1"
4.19930369862094e-21,0.710289720190532,0.542,0.485,8.05846379765358e-17,"7","PUF60"
4.6501743392892e-21,0.549390503488733,0.645,0.609,8.92368455709597e-17,"7","PSMD7"
4.80986782321905e-21,0.555627178041574,0.622,0.582,9.23013635275735e-17,"7","UBE2R2"
5.06197986346016e-21,0.771226092997652,0.365,0.267,9.71393935798005e-17,"7","GMPR"
5.12265726134668e-21,0.271271887862994,0.936,0.949,9.83037928452427e-17,"7","ENSA"
5.52952026458815e-21,0.589410567673743,0.6,0.558,1.06111493877447e-16,"7","NHLRC3"
5.60926471063642e-21,0.845774150943792,0.411,0.327,1.07641789797113e-16,"7","BARD1"
5.74340655822913e-21,0.793157117224781,0.468,0.396,1.10215971852417e-16,"7","STRBP"
6.20206438575573e-21,0.93313000814136,0.415,0.336,1.19017615562653e-16,"7","IL27RA"
6.24245253457524e-21,0.363157505581298,0.843,0.842,1.19792664138499e-16,"7","ANAPC5"
6.27726933964618e-21,0.761099563974038,0.469,0.395,1.2046079862781e-16,"7","CDC5L"
6.34509462406417e-21,0.606022659308912,0.624,0.588,1.21762365835791e-16,"7","AKIRIN1"
6.49751976735672e-21,0.730654659067155,0.476,0.398,1.24687404335576e-16,"7","PSMA6"
6.67662785455784e-21,0.800383356371286,0.452,0.38,1.28124488528965e-16,"7","MRPL49"
7.67961218137409e-21,0.707787164075104,0.555,0.496,1.47371757760569e-16,"7","DFFA"
7.85115895940638e-21,0.682792153962421,0.535,0.468,1.50663740431008e-16,"7","B3GNT2"
7.89987391679404e-21,0.284953616072134,0.91,0.93,1.51598580463278e-16,"7","TMEM160"
8.1731973882746e-21,1.13622191651392,0.275,0.184,1.5684365788099e-16,"7","NPM2"
8.21000139259555e-21,0.572221865844635,0.645,0.605,1.57549926723909e-16,"7","CCDC109B"
8.3603034373381e-21,0.452237238436011,0.721,0.696,1.60434222962518e-16,"7","SSBP1"
8.66417114838621e-21,0.456074156388155,0.749,0.752,1.66265444337531e-16,"7","EIF1B"
8.84004426564544e-21,0.499775847916454,0.688,0.663,1.69640449457736e-16,"7","STK25"
9.05981044980991e-21,0.373993144052519,0.815,0.838,1.73857762531852e-16,"7","SLC9A3R1"
9.33734710559031e-21,0.316750154082639,0.876,0.883,1.79183690956278e-16,"7","COA4"
9.35861844440495e-21,0.704295322543637,0.535,0.477,1.79591887948131e-16,"7","ZNF131"
9.66142060254122e-21,0.664665169590754,0.508,0.436,1.85402661362766e-16,"7","PPP6C"
9.69505622187601e-21,0.534688216043293,0.63,0.605,1.86048128897801e-16,"7","RNF115"
9.83903149930026e-21,1.143277973351,0.264,0.174,1.88811014471572e-16,"7","SPATA33"
9.97113422461989e-21,0.446803138696653,0.741,0.722,1.91346065770456e-16,"7","SNRPN"
1.00286210630667e-20,1.21740942007723,0.275,0.183,1.92449238200251e-16,"7","C1QTNF4"
1.04695135473929e-20,0.877641839674137,0.382,0.292,2.00909964974469e-16,"7","C5orf30"
1.04909156055107e-20,1.16488073081456,0.267,0.179,2.0132067046975e-16,"7","RXRA"
1.09605731913285e-20,0.401914330342941,0.774,0.776,2.10333399541594e-16,"7","SMIM7"
1.14482140935527e-20,0.263050471873166,0.941,0.947,2.19691228455276e-16,"7","RPS27L"
1.2006902597404e-20,0.482378708122302,0.706,0.688,2.30412460844182e-16,"7","RUVBL2"
1.22134610481613e-20,0.402228990295753,0.776,0.759,2.34376317514215e-16,"7","APPL1"
1.27923740790365e-20,0.722891033797795,0.48,0.407,2.4548565857671e-16,"7","PAK1IP1"
1.2970593730243e-20,0.706921448328361,0.542,0.484,2.48905693683363e-16,"7","RIF1"
1.33906934094109e-20,0.293179191181464,0.914,0.925,2.56967406526595e-16,"7","SSNA1"
1.38726856367913e-20,0.932708761717705,0.364,0.273,2.66216837370025e-16,"7","MMD"
1.39520579149897e-20,0.823722445848505,0.449,0.376,2.67739991388653e-16,"7","PUSL1"
1.39788153871612e-20,0.661793439589353,0.541,0.49,2.68253467279624e-16,"7","BOD1"
1.40306013874409e-20,0.783609486010818,0.474,0.401,2.69247240624991e-16,"7","EVL"
1.40762656601759e-20,0.512307937949271,0.658,0.639,2.70123538018776e-16,"7","MRPL17"
1.4374751501188e-20,0.762286017740116,0.458,0.385,2.75851481307798e-16,"7","ECI2"
1.54170815159649e-20,0.441226850371686,0.748,0.755,2.95853794291366e-16,"7","MFF"
1.57043177994754e-20,0.639842154925966,0.598,0.546,3.01365858571932e-16,"7","STRADB"
1.61453337440262e-20,0.984510771732424,0.346,0.256,3.09828954547863e-16,"7","TMEM39B"
1.81066659987483e-20,0.352315117520685,0.808,0.83,3.4746692051598e-16,"7","WASF2"
1.84433924882034e-20,1.13425408965975,0.257,0.169,3.53928701848622e-16,"7","VSIG10"
1.86111361476956e-20,0.459740685495079,0.736,0.717,3.57147702674279e-16,"7","YIF1A"
2.09644507614771e-20,0.413155536511429,0.763,0.736,4.02307810112746e-16,"7","SYNGR1"
2.2692693264739e-20,0.427974908855936,0.752,0.755,4.35472783750342e-16,"7","UQCRC1"
2.73479577895967e-20,0.755785966220431,0.542,0.476,5.24807309982361e-16,"7","CYTL1"
2.7751096221126e-20,1.0693806435701,0.269,0.179,5.32543536483408e-16,"7","FAM213B"
2.81832064839997e-20,0.540935296015577,0.695,0.654,5.40835732427954e-16,"7","ELMSAN1"
3.20357090265589e-20,0.604289252893269,0.562,0.514,6.14765256219666e-16,"7","GTF2F1"
3.54631717908212e-20,0.359936131875585,0.857,0.865,6.80538266665858e-16,"7","STARD7"
3.7842496437394e-20,0.375076333244626,0.815,0.813,7.26197506633592e-16,"7","CDC26"
3.90789463210194e-20,0.546095134550645,0.637,0.612,7.49924979900363e-16,"7","EIF4H"
4.34203980711031e-20,0.399441958134949,0.785,0.778,8.33237438984468e-16,"7","HNRNPH3"
4.95411242767543e-20,0.480215387341257,0.698,0.679,9.50694174870915e-16,"7","REST"
5.15024647470171e-20,0.431062695505732,0.729,0.712,9.88332298495257e-16,"7","TMEM126A"
5.61521630257431e-20,0.517211993480622,0.664,0.642,1.07756000846401e-15,"7","MRPS18B"
5.65434607262019e-20,0.375898283875258,0.827,0.839,1.08506901133581e-15,"7","CMPK1"
5.94054593051763e-20,0.592729995899633,0.609,0.571,1.13999076406633e-15,"7","MAPK1IP1L"
6.23969241218967e-20,0.678486668536819,0.551,0.499,1.1973969738992e-15,"7","GCLM"
7.25882338406282e-20,0.323660712277611,0.861,0.884,1.39296820740165e-15,"7","KTN1"
7.97907634796543e-20,0.69295788777509,0.528,0.479,1.53118475117457e-15,"7","CCDC115"
8.41313176520141e-20,0.520150214656927,0.674,0.659,1.61447998574215e-15,"7","DDRGK1"
8.55414423938087e-20,0.438258250289386,0.744,0.734,1.64154027953719e-15,"7","SRSF6"
9.31746764464857e-20,0.327909280378839,0.892,0.902,1.78802204100806e-15,"7","PSME1"
9.35614356800659e-20,0.605570604827753,0.565,0.512,1.79544395070047e-15,"7","MRPL2"
9.42477879536714e-20,1.06515814652181,0.273,0.186,1.80861505083095e-15,"7","LIMK2"
9.42480562044704e-20,0.537404991970787,0.632,0.595,1.80862019856379e-15,"7","LYRM2"
9.48766781835507e-20,1.07135583781943,0.295,0.207,1.82068345434234e-15,"7","CNTLN"
9.74079428355006e-20,0.55033263915735,0.622,0.593,1.86925842301326e-15,"7","FAM133B"
9.90083072954103e-20,0.479413853204382,0.676,0.663,1.89996941699892e-15,"7","UBE2J2"
1.0043060314909e-19,0.381682409220376,0.782,0.779,1.92726327443104e-15,"7","COA3"
1.09129046824032e-19,0.466570076314896,0.706,0.697,2.09418640855317e-15,"7","BTF3L4"
1.25987869328611e-19,0.607366515631081,0.596,0.551,2.41770721241605e-15,"7","SREK1"
1.33276093068411e-19,0.647153106849992,0.576,0.536,2.55756822598281e-15,"7","FNTA"
1.36043544239893e-19,0.799660808961143,0.438,0.362,2.61067561396354e-15,"7","COQ7"
1.39576596172411e-19,0.801501181438819,0.425,0.343,2.67847488054857e-15,"7","ACTL6A"
1.396287682092e-19,0.466552772225992,0.689,0.681,2.67947606193454e-15,"7","ECHS1"
1.408461038418e-19,0.426628557160507,0.664,0.607,2.70283673272414e-15,"7","LINC00152"
1.49104364699993e-19,0.819936014437868,0.403,0.324,2.86131275859286e-15,"7","C19orf66"
1.56791343223024e-19,0.797759169247606,0.5,0.434,3.00882587644984e-15,"7","GNG11"
1.58128185114804e-19,0.739595715607124,0.475,0.408,3.0344798723531e-15,"7","PHTF1"
1.60547968260223e-19,0.347939663075795,0.82,0.838,3.08091551091369e-15,"7","HAX1"
1.63007729858382e-19,0.940872621319921,0.329,0.241,3.12811833598234e-15,"7","HOOK2"
1.6985146250864e-19,0.523641858210366,0.652,0.635,3.25944956554081e-15,"7","TIMM44"
1.81019811064515e-19,0.696699865105926,0.476,0.406,3.47377017432805e-15,"7","CHMP2B"
1.88656531882084e-19,0.677058985695994,0.491,0.42,3.6203188468172e-15,"7","RSU1"
2.01361677303764e-19,0.714725791145765,0.488,0.431,3.86413058745922e-15,"7","EIF2AK1"
2.03382642930055e-19,0.898984227385045,0.387,0.307,3.90291291782775e-15,"7","MAPK9"
2.21068321730954e-19,0.390826604043299,0.785,0.79,4.242301094017e-15,"7","SSBP4"
2.22419039072578e-19,0.950972763435755,0.333,0.246,4.26822135980278e-15,"7","UBR7"
2.29975359335621e-19,0.717708063906894,0.483,0.421,4.41322714565056e-15,"7","PATZ1"
2.36656093959239e-19,0.496909424888089,0.635,0.599,4.5414304430778e-15,"7","COQ4"
2.43237557566807e-19,0.576402862631767,0.583,0.546,4.66772872970703e-15,"7","ISCA2"
2.46097975262595e-19,0.968889991232569,0.315,0.225,4.7226201452892e-15,"7","GSKIP"
2.61224455945508e-19,0.420609046690834,0.771,0.777,5.01289730959429e-15,"7","HINT2"
2.64236671580218e-19,0.8082384208253,0.42,0.346,5.07070172762438e-15,"7","PSMB8-AS1"
2.70492856603309e-19,0.393841934807369,0.717,0.698,5.1907579182175e-15,"7","TMEM179B"
2.7621111427649e-19,0.532700488971118,0.674,0.642,5.30049128296585e-15,"7","SLC2A4RG"
2.86103324134698e-19,0.257053259483522,0.993,0.99,5.49032279014485e-15,"7","MT-ND3"
2.86731102081074e-19,0.767121927819694,0.439,0.367,5.50236984893581e-15,"7","NUP54"
2.93162472446598e-19,0.667144245906824,0.512,0.449,5.62578784625022e-15,"7","U2AF2"
2.95277146083419e-19,0.604291158973366,0.558,0.509,5.66636843334081e-15,"7","CUTC"
3.1319846644273e-19,0.51425175268204,0.672,0.663,6.01027857103599e-15,"7","ZC3H13"
3.13397395026219e-19,0.735266631719001,0.447,0.369,6.01409601055314e-15,"7","MND1"
3.36382860783124e-19,0.606449492503299,0.551,0.507,6.45518709842814e-15,"7","KCMF1"
3.55996297164178e-19,0.5424754915831,0.606,0.573,6.83156894258057e-15,"7","THOC2"
3.60457557821875e-19,0.413096681666526,0.776,0.78,6.91718053460179e-15,"7","GTF2H5"
4.75649220384493e-19,0.601954670011144,0.589,0.562,9.12770853917842e-15,"7","RNF220"
5.02757098422694e-19,0.298358675989937,0.864,0.889,9.6479087187315e-15,"7","CLNS1A"
5.28382971207623e-19,0.262012788788409,0.96,0.967,1.01396692174743e-14,"7","NDUFB1"
5.39115281700555e-19,0.272420982810218,0.942,0.931,1.03456222558336e-14,"7","ZC3H15"
5.56260822602264e-19,0.529985358078249,0.623,0.595,1.06746451857374e-14,"7","ZNF75A"
6.09369652475942e-19,0.593818789687952,0.615,0.587,1.16938036310133e-14,"7","CERS2"
6.16349137939034e-19,0.567976387726266,0.577,0.533,1.18277399570501e-14,"7","COMMD4"
6.30086338782019e-19,0.648655356330977,0.5,0.436,1.20913568412269e-14,"7","SNRNP200"
7.00209010243727e-19,0.547337516658506,0.594,0.55,1.34370109065771e-14,"7","NAPRT"
7.29606852554849e-19,0.598214499665698,0.598,0.571,1.40011555005276e-14,"7","CHID1"
7.31325968723557e-19,0.470100036366527,0.695,0.663,1.40341453398051e-14,"7","SNCA"
7.63148000986482e-19,0.315580414925497,0.93,0.912,1.46448101389306e-14,"7","COMT"
7.66072924213494e-19,0.47560866897977,0.64,0.57,1.47009394156569e-14,"7","CCNA2"
8.3278124748232e-19,0.962794041709802,0.326,0.241,1.59810721391857e-14,"7","ATG4D"
8.40011491949916e-19,0.578841547014839,0.572,0.521,1.61198205305189e-14,"7","TMEM97"
8.60141780263566e-19,0.585442104842768,0.576,0.536,1.65061207632578e-14,"7","CRIPT"
8.86832635718801e-19,0.525293619311415,0.596,0.554,1.70183182794438e-14,"7","DDA1"
9.11087991669323e-19,0.436689747866278,0.739,0.746,1.74837785601343e-14,"7","FARSA"
9.20436787756066e-19,0.391983768598441,0.757,0.756,1.76631819570389e-14,"7","RAB2A"
1.01194782435723e-18,0.793668216179801,0.415,0.339,1.94192787494153e-14,"7","DUSP11"
1.02760358070325e-18,0.934664030641605,0.383,0.304,1.97197127136953e-14,"7","MAP7"
1.05977242129803e-18,0.849179593022179,0.398,0.32,2.03370327647092e-14,"7","SYNC"
1.07623582896158e-18,0.676316234300703,0.592,0.552,2.06529655577727e-14,"7","SLC40A1"
1.0878642313577e-18,0.536187855197033,0.619,0.6,2.08761145997543e-14,"7","RRP7A"
1.24948032918549e-18,0.990469937616844,0.271,0.187,2.39775275170696e-14,"7","MELK"
1.29295480072914e-18,0.376695778593854,0.789,0.775,2.48118026259922e-14,"7","SNHG9"
1.48736253894938e-18,0.792748257985687,0.391,0.309,2.85424871224385e-14,"7","RCE1"
1.53212081621965e-18,0.357647416806283,0.786,0.803,2.9401398463255e-14,"7","MRPS34"
1.72763592247443e-18,0.963261261870362,0.35,0.268,3.31533333522844e-14,"7","MACROD1"
1.76264304256141e-18,0.397386099754487,0.717,0.659,3.38251199867534e-14,"7","BUB3"
1.82551668192807e-18,0.399073887893857,0.751,0.744,3.50316651261996e-14,"7","RNF187"
1.84465309912578e-18,0.894899967246856,0.387,0.309,3.53988929722237e-14,"7","ATPAF1"
1.9066542412524e-18,0.578724468358385,0.584,0.559,3.65886948896335e-14,"7","UTP11L"
1.99486449096763e-18,0.553765600982149,0.603,0.571,3.82814495816689e-14,"7","ZNRF1"
2.00865029026114e-18,0.617902242402453,0.569,0.537,3.85459990701113e-14,"7","SMARCA5"
2.11464567232428e-18,0.300008219471158,0.924,0.918,4.05800504519029e-14,"7","CORO1A"
2.17820151535414e-18,0.902062644516651,0.346,0.262,4.1799687079646e-14,"7","EZH2"
2.31133295844965e-18,0.508937359597843,0.644,0.626,4.43544794726488e-14,"7","ARHGEF6"
2.36065370055019e-18,0.515400978252561,0.674,0.65,4.53009445135581e-14,"7","NDUFAF2"
2.40822233108491e-18,0.668967665618559,0.476,0.413,4.62137865335195e-14,"7","POLR2C"
2.46042158900757e-18,0.720351047955881,0.515,0.458,4.72154902930553e-14,"7","ATRX"
2.62517057220027e-18,0.546096766345211,0.627,0.607,5.03770232805231e-14,"7","GOLPH3"
2.62535432149399e-18,0.591320175462924,0.584,0.544,5.03805494294697e-14,"7","ARFGAP2"
3.04295591740942e-18,0.294473124249867,0.927,0.934,5.83943240550867e-14,"7","PSMA1"
3.16884591969984e-18,0.300817784680389,0.856,0.863,6.08101531990398e-14,"7","GNAS"
3.24437739165979e-18,0.674960638409198,0.5,0.443,6.22596021459513e-14,"7","HSCB"
3.30403764250324e-18,0.526393245975857,0.627,0.594,6.34044823596372e-14,"7","ETNK1"
3.36734889205545e-18,0.512917061981228,0.621,0.605,6.4619425238544e-14,"7","SDR39U1"
3.90128877588815e-18,0.726926647712183,0.459,0.395,7.48657316092937e-14,"7","RPP30"
4.14150637996657e-18,0.614081782391032,0.555,0.515,7.94755074315585e-14,"7","B3GAT3"
4.22071561007246e-18,0.833794639025796,0.38,0.302,8.09955325572905e-14,"7","KAT2A"
4.30817017742373e-18,0.360897484694792,0.765,0.773,8.26737857047614e-14,"7","AP2M1"
4.39408239496367e-18,0.68759102266845,0.518,0.467,8.43224411593529e-14,"7","CARD19"
4.67713084263772e-18,0.490869975574315,0.702,0.689,8.97541408702178e-14,"7","COMMD3"
4.75873614869109e-18,0.532260443527701,0.637,0.609,9.13201466933821e-14,"7","ACAP1"
4.86290064884958e-18,0.609956631733207,0.576,0.539,9.33190634514234e-14,"7","ME2"
4.93709918895605e-18,0.295077312429075,0.872,0.886,9.47429334360667e-14,"7","SLC25A39"
4.97091801777198e-18,0.740674082692837,0.483,0.429,9.53919167610442e-14,"7","ERICH1"
5.22287180608809e-18,0.938251561343238,0.338,0.257,1.00226909958831e-13,"7","PDHX"
5.25031989330566e-18,0.888473536979695,0.362,0.278,1.00753638752536e-13,"7","MMS22L"
5.33416480136247e-18,0.456715590773351,0.694,0.676,1.02362622538146e-13,"7","CMSS1"
5.57175359103077e-18,0.626300509523645,0.501,0.445,1.06921951411881e-13,"7","TACO1"
5.98708389935549e-18,0.731657012907861,0.472,0.419,1.14892140028632e-13,"7","HSPA14"
6.03534634318997e-18,0.615908515708853,0.535,0.485,1.15818296325816e-13,"7","AKR1B1"
6.55691224663777e-18,0.552531301871158,0.647,0.63,1.25827146012979e-13,"7","UBE3A"
7.25878746117824e-18,0.310733321821944,0.889,0.896,1.3929613138001e-13,"7","PAPOLA"
7.69383495752067e-18,0.277768727537295,0.912,0.924,1.47644692834822e-13,"7","PPP1CC"
8.87349938775518e-18,1.04531828401732,0.276,0.193,1.70282453251022e-13,"7","PAG1"
9.09417808897865e-18,0.274469390588467,0.894,0.928,1.745172775275e-13,"7","FAM96A"
9.31463119566304e-18,0.375186474133888,0.793,0.784,1.78747772644774e-13,"7","RAD23B"
9.55430751754508e-18,0.291174454921144,0.881,0.908,1.8334716126169e-13,"7","AGPAT2"
9.57505550465455e-18,0.973143877123445,0.306,0.225,1.83745315134321e-13,"7","HAUS7"
9.96118152783133e-18,0.952513712123301,0.292,0.208,1.91155073519083e-13,"7","PAXIP1-AS1"
1.0086353858414e-17,0.78837593824734,0.439,0.378,1.93557130542965e-13,"7","SMC6"
1.05650448995743e-17,0.958888294946062,0.337,0.256,2.02743211622831e-13,"7","RP11-251M1.1"
1.12475025252823e-17,0.512470921405855,0.634,0.613,2.15839573460167e-13,"7","PSMA3-AS1"
1.14513126875794e-17,0.909978476328988,0.332,0.251,2.19750690474649e-13,"7","CHST14"
1.24029555364476e-17,0.254308432399289,0.93,0.951,2.38012716744429e-13,"7","TIMM8B"
1.30992507820684e-17,0.460997349374273,0.63,0.55,2.51374622507893e-13,"7","NUSAP1"
1.3893247163582e-17,0.884923708959914,0.321,0.237,2.66611413069139e-13,"7","RAD18"
1.4537795354986e-17,0.646997147154467,0.51,0.454,2.78980292862181e-13,"7","DEGS1"
1.51156223661286e-17,0.273714492123244,0.891,0.91,2.90068793206008e-13,"7","MRPS16"
1.54635760723904e-17,0.847140879063609,0.368,0.292,2.96746024829172e-13,"7","PARN"
1.56160355275578e-17,0.661703766087165,0.506,0.448,2.99671721773834e-13,"7","AAED1"
1.60444152966705e-17,1.05957552324333,0.267,0.185,3.07892329543108e-13,"7","CNFN"
1.71109525374332e-17,0.552490919376587,0.592,0.574,3.28359179193344e-13,"7","LRR1"
1.8060601113488e-17,0.54069686151757,0.584,0.552,3.46582935367834e-13,"7","ISG20L2"
1.84232180425794e-17,0.498762004243405,0.747,0.727,3.535415542371e-13,"7","SOX4"
1.89827859691609e-17,0.305385661197601,0.83,0.856,3.64279662748197e-13,"7","BABAM1"
1.98674662334268e-17,0.683625072009485,0.467,0.408,3.8125667701946e-13,"7","TMEM9"
1.99136968750527e-17,0.540864260014357,0.577,0.536,3.82143843032262e-13,"7","PRPF31"
2.23543597108454e-17,1.01490796663703,0.305,0.225,4.28980162851123e-13,"7","WDYHV1"
2.2708082423306e-17,0.486950444696208,0.659,0.643,4.35768101703242e-13,"7","NOP58"
2.28847584206513e-17,0.576631113863251,0.562,0.524,4.39158514092298e-13,"7","COA1"
2.28934775281586e-17,0.633808016160629,0.513,0.464,4.39325833765364e-13,"7","EXOSC5"
2.32896866490472e-17,0.55882717124348,0.587,0.556,4.46929086795215e-13,"7","INO80E"
2.4252737664282e-17,0.638611394865655,0.484,0.423,4.65410035777572e-13,"7","CNTRL"
2.70122516857645e-17,0.604886191046509,0.56,0.526,5.18365109849821e-13,"7","ANKRD10"
2.78902474467001e-17,0.632250606180175,0.534,0.492,5.35213848502174e-13,"7","CCDC90B"
2.81534724629764e-17,1.0563966827366,0.252,0.171,5.40265136564516e-13,"7","NUDT11"
2.82383267400218e-17,0.541219872340365,0.57,0.538,5.41893490141018e-13,"7","NSMCE4A"
2.86380551756146e-17,0.646301329123961,0.535,0.495,5.49564278820045e-13,"7","RANBP2"
2.9496675904431e-17,0.464998929460409,0.634,0.609,5.66041210606031e-13,"7","MRPL50"
3.0764245543028e-17,0.488236928766608,0.656,0.631,5.90365871970707e-13,"7","PPT1"
3.17597505274668e-17,0.693361695353174,0.485,0.428,6.09469612622088e-13,"7","ATAD5"
3.32363794975701e-17,0.407067719588341,0.745,0.745,6.37806122558371e-13,"7","NUTF2"
3.39369229557785e-17,0.433121745926729,0.71,0.696,6.51249551521389e-13,"7","CAPRIN1"
3.4222422060476e-17,0.86973750941355,0.361,0.284,6.56728279340535e-13,"7","OXCT1"
3.51623994668475e-17,0.682264670529507,0.463,0.402,6.74766445768803e-13,"7","BBIP1"
3.58170053954284e-17,0.66862041353817,0.481,0.423,6.87328333538271e-13,"7","SNAP29"
3.68474884849033e-17,0.760345794522409,0.434,0.372,7.07103304025294e-13,"7","NIT2"
4.19412552867225e-17,0.476824791543788,0.701,0.684,8.04852688952204e-13,"7","TTC3"
4.72664737729128e-17,0.705246765856401,0.443,0.374,9.07043631702197e-13,"7","ATP2B1"
4.88351170287217e-17,0.660414265617051,0.459,0.398,9.37145895781169e-13,"7","PDS5B"
5.13702789630068e-17,0.257480122427887,0.975,0.974,9.85795653300101e-13,"7","CD99"
5.14946570273606e-17,0.700493305446085,0.465,0.405,9.88182468355049e-13,"7","SAMD1"
5.35837572632156e-17,0.306020609181983,0.874,0.882,1.02827230188111e-12,"7","SCAF11"
5.64357561343368e-17,0.506008926623035,0.606,0.575,1.08300216021792e-12,"7","PIGF"
5.90058492812558e-17,0.258185524543897,0.91,0.931,1.1323222477073e-12,"7","C9orf78"
6.18931666698525e-17,0.740476782281424,0.462,0.403,1.18772986839447e-12,"7","TTF2"
6.71066889558609e-17,0.458207634828419,0.681,0.674,1.28777736106297e-12,"7","MRPS36"
6.80120455159832e-17,0.731153783627006,0.448,0.385,1.30515115345172e-12,"7","CDCA7L"
6.83573927084078e-17,0.594825520489806,0.531,0.483,1.31177836607435e-12,"7","SF3A3"
6.91321645684855e-17,0.487097617118699,0.64,0.614,1.32664623806924e-12,"7","C15orf40"
7.11970601988871e-17,0.616363331026009,0.567,0.541,1.36627158521664e-12,"7","ANXA7"
7.80228813937952e-17,0.570238815646518,0.579,0.545,1.49725909394693e-12,"7","THOC3"
7.89266641483092e-17,0.319148250396821,0.819,0.803,1.51460268500605e-12,"7","KIF5B"
8.11878655811894e-17,0.45861394876467,0.661,0.641,1.55799514050302e-12,"7","SLC30A5"
8.66606532318259e-17,0.76628291898778,0.442,0.381,1.66301793551874e-12,"7","PRPSAP1"
9.45417324713083e-17,0.601117727610539,0.54,0.498,1.81425584612441e-12,"7","TOPORS-AS1"
9.79092902458189e-17,0.333047985410279,0.827,0.843,1.87887927981726e-12,"7","CCDC124"
1.09376007203977e-16,0.420351506633953,0.688,0.669,2.09892557824431e-12,"7","BRI3BP"
1.10444533488094e-16,0.252472262652044,0.898,0.922,2.11943059763652e-12,"7","ARHGDIA"
1.12232972833937e-16,0.445494006276834,0.682,0.683,2.15375074868325e-12,"7","S1PR4"
1.24525930455727e-16,0.975171847998581,0.299,0.221,2.38965260544541e-12,"7","CTSW"
1.27922286307747e-16,0.922029641146948,0.356,0.28,2.45482867424566e-12,"7","SYMPK"
1.33172518361913e-16,0.920081935308839,0.337,0.26,2.55558062736511e-12,"7","GMDS"
1.34333076024004e-16,1.0024698679159,0.283,0.207,2.57785172890063e-12,"7","RNF149"
1.36106342110434e-16,0.411188334563793,0.695,0.689,2.61188070509923e-12,"7","COPS5"
1.40045342142416e-16,0.602198983599528,0.524,0.477,2.68747011571297e-12,"7","SNX6"
1.44512325953293e-16,0.820266549395947,0.355,0.28,2.7731915350437e-12,"7","MRPS31"
1.4587821353231e-16,0.495998012427249,0.632,0.617,2.79940291768503e-12,"7","TMEM203"
1.48064038301597e-16,0.885578802041765,0.353,0.278,2.84134889500765e-12,"7","HAUS2"
1.48992358257753e-16,0.330481996167254,0.847,0.856,2.85916335496628e-12,"7","PGK1"
1.49867434342079e-16,0.471560876475753,0.678,0.673,2.8759560650245e-12,"7","DNAJC15"
1.50782004714793e-16,0.425341401163808,0.689,0.671,2.89350667047688e-12,"7","DDX24"
1.58583020678963e-16,0.63267666677001,0.536,0.498,3.04320816682931e-12,"7","KIAA0907"
1.74150547473723e-16,0.455896199885714,0.68,0.68,3.34194900602075e-12,"7","PQBP1"
1.74351120163858e-16,0.375143884565489,0.707,0.703,3.34579799594443e-12,"7","RNH1"
1.78017990253734e-16,0.441107714350779,0.674,0.678,3.41616523296916e-12,"7","CCT6A"
1.88547492122894e-16,0.697377779926243,0.454,0.388,3.61822637383834e-12,"7","KLHL42"
1.88755507400717e-16,0.957836860668263,0.32,0.243,3.62221818701977e-12,"7","LYPLAL1"
1.90501164134022e-16,0.303010015135679,0.854,0.875,3.65571733973188e-12,"7","YY1"
2.01030131558121e-16,0.782573156197455,0.449,0.393,3.85776822460033e-12,"7","ALKBH2"
2.03554147522515e-16,1.01148921073955,0.32,0.246,3.90620409095706e-12,"7","ERCC4"
2.24924099040964e-16,0.439828886006649,0.693,0.688,4.31629346059609e-12,"7","EIF2AK4"
2.25872109920676e-16,0.572144997313252,0.539,0.493,4.33448578937777e-12,"7","HDAC1"
2.45159861777356e-16,0.5172622913557,0.622,0.593,4.70461774750747e-12,"7","CSRP1"
2.50680519550456e-16,0.582202080308508,0.611,0.586,4.81055917017325e-12,"7","SMIM19"
2.54473911961911e-16,0.319176265667631,0.8,0.818,4.88335437054908e-12,"7","BCAP31"
2.58562677474107e-16,0.457875855220993,0.667,0.666,4.96181778072812e-12,"7","TSTA3"
2.63824328139863e-16,0.42812509018938,0.706,0.706,5.06278885700398e-12,"7","SNX17"
2.70682219404805e-16,0.887587475810563,0.346,0.272,5.1943917903782e-12,"7","SRPK2"
3.13632430651794e-16,0.368972146978679,0.742,0.768,6.01860634420793e-12,"7","NDUFB4"
3.45054750361004e-16,0.497744284802908,0.637,0.624,6.62160065942766e-12,"7","EMG1"
3.51900003525884e-16,0.494280862245525,0.593,0.57,6.75296106766171e-12,"7","C1D"
3.62440459995237e-16,1.03475549655235,0.285,0.21,6.95523242730859e-12,"7","PI4K2B"
3.65144809757061e-16,1.00874041143362,0.266,0.188,7.007128899238e-12,"7","CIITA"
3.84438339308258e-16,0.734908790850056,0.427,0.367,7.37737173132548e-12,"7","PDDC1"
3.9151892215088e-16,0.653815091873609,0.486,0.432,7.51324811607539e-12,"7","CERS6"
3.92335689044309e-16,0.296941247750766,0.876,0.899,7.5289218727603e-12,"7","GNAI2"
3.93877625122419e-16,0.577097913622901,0.561,0.527,7.55851162609923e-12,"7","DAXX"
4.06799402492143e-16,0.647599545844446,0.483,0.427,7.80648053382422e-12,"7","RRP15"
4.07585677202713e-16,0.795425644387522,0.406,0.346,7.82156914552005e-12,"7","SF3B4"
4.0957560515686e-16,0.527596320932481,0.571,0.537,7.85975586296014e-12,"7","FAM103A1"
4.25094183354667e-16,0.473109835449047,0.656,0.634,8.15755737857606e-12,"7","KIF22"
4.39786910367606e-16,0.620012974211044,0.593,0.568,8.43951080995436e-12,"7","ZNF667-AS1"
4.43121598556966e-16,0.637984807911222,0.504,0.466,8.50350347630818e-12,"7","PITPNA-AS1"
4.68783102857744e-16,0.424112546430761,0.728,0.721,8.99594774384011e-12,"7","PAGR1"
5.11305496817366e-16,0.251725994236283,0.974,0.955,9.81195248392524e-12,"7","HLA-DPB1"
5.38840430543702e-16,0.519174817519742,0.599,0.563,1.03403478621336e-11,"7","TP53"
5.46727021807404e-16,0.480546108739005,0.602,0.575,1.04916915484841e-11,"7","PSMD13"
5.63165769326024e-16,0.759335963068625,0.303,0.22,1.08071511133664e-11,"7","IL1B"
6.45007514572928e-16,0.435355958587961,0.665,0.656,1.23776942046545e-11,"7","MPC1"
6.4723262863773e-16,0.633297182345236,0.504,0.469,1.2420394143558e-11,"7","NDUFA9"
6.54140776598002e-16,0.620020267792486,0.509,0.463,1.25529615029157e-11,"7","GUCD1"
6.79027459746539e-16,0.979787155285868,0.338,0.268,1.30305369525361e-11,"7","NSMCE3"
6.90742781968708e-16,0.97035098543683,0.321,0.244,1.32553539859795e-11,"7","MTSS1"
7.15839406763265e-16,0.810042805990586,0.375,0.307,1.37369582157871e-11,"7","TCEAL1"
7.16013986011256e-16,0.685015024176273,0.504,0.47,1.3740308391556e-11,"7","SEPT9"
7.33192632555823e-16,0.313435214309622,0.897,0.906,1.40699666187462e-11,"7","CAPZA1"
7.56940368532062e-16,0.437090047527302,0.647,0.631,1.45256856721303e-11,"7","ZCCHC17"
7.90414992368221e-16,0.676043793784965,0.463,0.407,1.51680637035462e-11,"7","CDKN2AIP"
8.27909693763835e-16,0.844100408775148,0.361,0.293,1.5887587023328e-11,"7","ARHGAP25"
8.37960123382369e-16,0.5932025680149,0.532,0.49,1.60804547677077e-11,"7","ZMIZ1"
8.56051339670781e-16,0.666417142938243,0.49,0.435,1.64276252082823e-11,"7","MRPL46"
8.8330560244129e-16,0.510159946885276,0.587,0.563,1.69506345108484e-11,"7","PPHLN1"
8.88862931761882e-16,0.589809023287524,0.559,0.52,1.70572796605105e-11,"7","KMT2A"
9.24224509293555e-16,0.641960213585213,0.497,0.452,1.77358683333433e-11,"7","PDCD10"
9.34952486635302e-16,0.811009239273301,0.38,0.314,1.79417382185314e-11,"7","SASS6"
9.65380805277504e-16,0.729478422738934,0.457,0.409,1.85256576532753e-11,"7","ERI2"
9.76283232902396e-16,0.437252477281329,0.677,0.665,1.8734875239397e-11,"7","PTDSS1"
1.0019775768552e-15,1.03854112334568,0.293,0.22,1.92279496998513e-11,"7","DDX11"
1.01251959928182e-15,0.468571615270715,0.594,0.561,1.94302511102181e-11,"7","SNAPC5"
1.02551129493871e-15,0.468659638587968,0.633,0.624,1.96795617498739e-11,"7","NTPCR"
1.08881303418373e-15,0.602618846226816,0.541,0.498,2.08943221259857e-11,"7","PPIE"
1.09360413699834e-15,0.790181216476715,0.371,0.299,2.09862633889982e-11,"7","RCOR3"
1.16067130415793e-15,0.823524793367374,0.338,0.261,2.22732823267906e-11,"7","FBXW9"
1.24756773572204e-15,0.427815062736461,0.714,0.709,2.39408248485059e-11,"7","RPUSD3"
1.28972295998774e-15,0.348551797583296,0.789,0.79,2.47497836021648e-11,"7","CSDE1"
1.32261270982601e-15,0.840573293493136,0.358,0.287,2.53809379015611e-11,"7","PRR7"
1.41824004540882e-15,0.648064253725994,0.472,0.421,2.72160264713953e-11,"7","JKAMP"
1.47961443918162e-15,0.502980523766022,0.59,0.566,2.83938010878952e-11,"7","UPF3B"
1.59975236900884e-15,0.583636188613436,0.55,0.512,3.06992479612796e-11,"7","SDHAF3"
1.60343008889225e-15,0.693636031526718,0.432,0.375,3.07698234058423e-11,"7","C19orf52"
1.70479946744708e-15,0.427280561641283,0.68,0.697,3.27151017803094e-11,"7","PTBP1"
1.70788624862507e-15,0.491338729727627,0.635,0.616,3.27743371111151e-11,"7","VPS36"
1.72120578182596e-15,0.34700962970554,0.777,0.779,3.30299389532402e-11,"7","CDIPT"
1.72705653837042e-15,0.716500613973539,0.428,0.366,3.31422149713284e-11,"7","DHRSX"
1.74782700345543e-15,0.298649926807941,0.816,0.836,3.35408001963098e-11,"7","CDC37"
1.78813181129154e-15,0.291804855422231,0.8,0.807,3.43142494586847e-11,"7","GSTO1"
1.79739098036898e-15,0.261980770761826,0.888,0.909,3.44919329132808e-11,"7","POLR2E"
1.83925661469921e-15,0.413239925295838,0.707,0.714,3.52953344360778e-11,"7","STX10"
1.88305881488016e-15,0.390389885009672,0.724,0.751,3.61358986575502e-11,"7","MDH2"
1.9278345641705e-15,0.77280559713132,0.394,0.329,3.69951452864319e-11,"7","U2AF1"
1.94465348881059e-15,0.749993145327357,0.444,0.389,3.73179004502752e-11,"7","CFDP1"
2.13881080980023e-15,0.386776842829452,0.773,0.77,4.10437794400664e-11,"7","FAM26F"
2.22209198810059e-15,0.426608508224158,0.674,0.67,4.26419452516503e-11,"7","UGP2"
2.27902227233621e-15,0.513842591856931,0.673,0.648,4.37344374061318e-11,"7","RQCD1"
2.33030609481562e-15,0.759500945003348,0.274,0.197,4.47185739595118e-11,"7","TSC22D1"
2.33563259068466e-15,0.494209050618423,0.606,0.581,4.48207894152385e-11,"7","RBCK1"
2.44170316352021e-15,0.634454503318456,0.497,0.454,4.68562837079529e-11,"7","HERC2"
2.45634079820026e-15,0.548639686349347,0.61,0.591,4.71371799174631e-11,"7","PPP3CA"
2.5695548633902e-15,0.421369479651238,0.676,0.663,4.9309757828458e-11,"7","PCM1"
2.61900506414831e-15,0.440711515841897,0.539,0.454,5.02587071810062e-11,"7","CDK1"
2.72454409409674e-15,0.610093708950103,0.525,0.48,5.22840011657164e-11,"7","WBP4"
2.93152915217533e-15,0.49716815322755,0.594,0.572,5.62560444302445e-11,"7","CENPM"
2.9414621598335e-15,0.820668288180243,0.334,0.258,5.64466588472048e-11,"7","TIPIN"
3.05649140055596e-15,0.819431417233567,0.359,0.291,5.86540699766689e-11,"7","RB1"
3.36676037114549e-15,0.323505285389917,0.796,0.802,6.46081315222819e-11,"7","CAPG"
3.38804005020197e-15,0.449226998835145,0.646,0.632,6.50164885633757e-11,"7","LEPROTL1"
3.41302714375496e-15,0.346900752578242,0.819,0.827,6.54959908886577e-11,"7","URI1"
3.5567384939824e-15,0.552600248237036,0.547,0.521,6.82538116995223e-11,"7","YIF1B"
3.67614393285865e-15,0.423397990943889,0.671,0.667,7.05452020715575e-11,"7","TLN1"
3.86415147565155e-15,0.449596156690606,0.68,0.672,7.41530668177533e-11,"7","TIMM17A"
3.99746050827711e-15,0.743592019232461,0.362,0.291,7.67112671538378e-11,"7","CFAP20"
4.05809627520109e-15,0.311331960069173,0.826,0.851,7.78748675211089e-11,"7","MAPKAPK3"
4.13790387084002e-15,0.561904791384361,0.528,0.49,7.940637528142e-11,"7","HSD17B12"
4.59110166543563e-15,0.504462445372759,0.629,0.61,8.81032409597098e-11,"7","PTPN11"
4.78066636449414e-15,0.613465538635617,0.491,0.449,9.17409875346425e-11,"7","COPS6"
4.84696450396263e-15,0.387715212608117,0.745,0.76,9.30132488310429e-11,"7","CNN2"
4.90823877756927e-15,0.65007349648594,0.476,0.435,9.41891021415542e-11,"7","RRP36"
5.09117098754251e-15,0.469674584693569,0.617,0.609,9.76995712509407e-11,"7","MRPS2"
5.11152868669883e-15,0.618496470326147,0.516,0.481,9.80902354977506e-11,"7","C17orf62"
5.26106332664472e-15,0.553982455639511,0.577,0.553,1.00959805238312e-10,"7","CHMP5"
5.36996550338051e-15,0.746321139265201,0.416,0.355,1.03049638009872e-10,"7","ERP44"
5.37071874426602e-15,0.588042532052276,0.526,0.488,1.03064092702465e-10,"7","TMEM223"
5.61394017463245e-15,0.307175128776929,0.654,0.576,1.07731511951197e-10,"7","CDKN3"
5.71037164521395e-15,0.567665943471772,0.55,0.512,1.09582031871656e-10,"7","CDT1"
6.04813388980764e-15,0.459689464414156,0.637,0.618,1.16063689345409e-10,"7","UBE2G2"
6.14254424246952e-15,0.654499640635154,0.466,0.419,1.1787542401299e-10,"7","PEF1"
6.43502965744811e-15,0.648701789345486,0.469,0.421,1.23488219126429e-10,"7","GLTP"
7.19403498743556e-15,0.991620944359481,0.257,0.183,1.38053531408888e-10,"7","KIT"
7.22049068792622e-15,0.49459681448661,0.624,0.607,1.38561216301304e-10,"7","NELFE"
7.23498503447023e-15,0.649397516385103,0.478,0.429,1.38839362811484e-10,"7","PET117"
7.33160760467386e-15,0.534139401940025,0.598,0.576,1.40693549933691e-10,"7","KATNBL1"
7.38574988880211e-15,0.427135684177404,0.654,0.646,1.41732540366112e-10,"7","SPAG7"
7.6001298206808e-15,0.896621802387813,0.326,0.257,1.45846491258865e-10,"7","ERI1"
8.02337464568346e-15,0.832009305285752,0.308,0.233,1.53968559450666e-10,"7","PHYH"
8.43534594935055e-15,0.809280369821791,0.389,0.331,1.61874288768037e-10,"7","CCDC71"
8.7715982184445e-15,0.423541249703643,0.673,0.666,1.6832696981195e-10,"7","GNB2"
9.12395908454845e-15,0.342307211228088,0.772,0.781,1.75088774832485e-10,"7","SIGMAR1"
9.23660891959527e-15,0.660484094999587,0.405,0.339,1.77250525167033e-10,"7","TRAF4"
9.34722934718669e-15,0.602547776329791,0.483,0.439,1.79373331172513e-10,"7","IFI27L1"
1.00185502889578e-14,0.790407809519657,0.369,0.303,1.922559800451e-10,"7","CREB3"
1.00728969278745e-14,0.682281309159262,0.489,0.444,1.93298892045912e-10,"7","STAT1"
1.01422844283355e-14,0.524834617813273,0.598,0.584,1.94630438179758e-10,"7","BRD3"
1.01745281945702e-14,0.717291653825474,0.422,0.36,1.95249196053802e-10,"7","ASPH"
1.03581766025639e-14,0.659384691584988,0.483,0.44,1.987734090032e-10,"7","FAM219B"
1.03968218202632e-14,0.499216217636322,0.575,0.544,1.99515010730851e-10,"7","RAB14"
1.06110677818176e-14,0.621735909954494,0.482,0.436,2.0362639073308e-10,"7","C12orf65"
1.08706110982423e-14,0.49952320340732,0.601,0.588,2.08607026975271e-10,"7","CSNK2A1"
1.09132126886925e-14,0.651666930931742,0.471,0.421,2.09424551496009e-10,"7","NUDT15"
1.09502829349369e-14,0.793896501849373,0.354,0.285,2.1013592952144e-10,"7","BCR"
1.09819541781736e-14,0.448644458904792,0.649,0.635,2.10743700679151e-10,"7","GALNT1"
1.12669592264479e-14,0.47677835069825,0.635,0.618,2.16212947555535e-10,"7","METTL21A"
1.13342733230532e-14,0.378633072433381,0.72,0.734,2.1750470506939e-10,"7","TRMT1"
1.19575827482337e-14,0.894206663014514,0.303,0.23,2.29466012938604e-10,"7","C2orf88"
1.27763810646372e-14,0.520636690332782,0.591,0.576,2.45178752630387e-10,"7","SDHAF2"
1.45302902629981e-14,0.464079586348639,0.629,0.621,2.78836270146934e-10,"7","ABT1"
1.53630788632986e-14,0.353662222583841,0.709,0.707,2.948174833867e-10,"7","BCL2L12"
1.54239387965106e-14,0.417364951687026,0.654,0.643,2.95985385505039e-10,"7","NFE2L2"
1.63612263459738e-14,0.502852344037279,0.599,0.59,3.13971933579237e-10,"7","ASNA1"
1.7317308464422e-14,0.49068498716355,0.621,0.611,3.32319149432258e-10,"7","ARL16"
1.77741417067818e-14,0.678423994443988,0.462,0.418,3.41085779353143e-10,"7","RNF8"
1.87097615433223e-14,0.615291047369561,0.5,0.446,3.59040324016355e-10,"7","MLLT3"
1.89160288772413e-14,0.776125536274185,0.355,0.287,3.62998594154261e-10,"7","ABCD4"
1.95128790531332e-14,0.934499490299784,0.281,0.211,3.74452149029627e-10,"7","TRIM37"
1.95992106504256e-14,0.416592709796459,0.712,0.718,3.76108852381667e-10,"7","PDIA3"
1.96104057697495e-14,0.421627491184648,0.693,0.693,3.76323686721494e-10,"7","NANS"
1.98305804141781e-14,0.382776615435744,0.667,0.662,3.80548838148077e-10,"7","TBPL1"
2.0307698203762e-14,0.886090181170806,0.316,0.247,3.89704728530193e-10,"7","DVL2"
2.06117214986204e-14,0.56149926157497,0.56,0.533,3.95538935558525e-10,"7","ZDHHC16"
2.16090017545718e-14,0.765149653361052,0.401,0.342,4.14676743670233e-10,"7","RPUSD1"
2.17845055613069e-14,0.363027700150429,0.725,0.748,4.18044661721479e-10,"7","PDAP1"
2.25945855624633e-14,0.265083030073422,0.905,0.917,4.33590096943672e-10,"7","C4orf3"
2.27909158963124e-14,0.3495536398135,0.756,0.77,4.37357676050235e-10,"7","RPL7L1"
2.36101416935909e-14,0.760964349422732,0.365,0.303,4.5307861910001e-10,"7","TAF9B"
2.38423804865722e-14,0.499091104714885,0.576,0.544,4.57535281537321e-10,"7","POP5"
2.41524805387143e-14,0.50587084043302,0.588,0.56,4.63486101537927e-10,"7","HOXB4"
2.51857455045626e-14,0.633819800371186,0.442,0.388,4.83314456232557e-10,"7","STK24"
2.89726100967311e-14,0.751616455970455,0.366,0.298,5.5598438775627e-10,"7","FANCG"
3.06021081834544e-14,0.521653584991662,0.542,0.512,5.87254456040489e-10,"7","UBTF"
3.06275285669691e-14,0.469573428674056,0.593,0.576,5.87742273200137e-10,"7","TLK1"
3.15181665287664e-14,0.575843677078979,0.494,0.445,6.04833615687027e-10,"7","TRMT2A"
3.28354629137563e-14,0.644290467891133,0.468,0.424,6.30112533314983e-10,"7","LUC7L2"
3.29923311057198e-14,0.475875271629349,0.56,0.529,6.33122833918762e-10,"7","MRPL47"
3.37535030575329e-14,0.265511168249136,0.908,0.935,6.47729723674056e-10,"7","PSMB7"
3.41257035067279e-14,0.49154772174614,0.602,0.59,6.54872250294108e-10,"7","G3BP2"
3.83780919047987e-14,0.744901301038579,0.389,0.326,7.36475583653088e-10,"7","EIF3J-AS1"
3.90808227585154e-14,0.551757599441327,0.536,0.515,7.49960988735911e-10,"7","EMC8"
3.96342934455361e-14,0.46903660908126,0.603,0.58,7.60582091219837e-10,"7","TPST2"
4.0534118002233e-14,0.464536929721373,0.626,0.607,7.77849724462852e-10,"7","CD37"
4.14378271356631e-14,0.584524392146313,0.518,0.485,7.95191902733375e-10,"7","EAPP"
4.21241302166716e-14,0.501189907959794,0.575,0.554,8.08362058857927e-10,"7","MPV17"
4.50549985694331e-14,0.631293164050946,0.466,0.423,8.64605422547421e-10,"7","PPP1R7"
4.51145858161353e-14,0.291008010963151,0.806,0.823,8.65748901811636e-10,"7","NCOR1"
4.56843818712634e-14,0.644918495845469,0.475,0.435,8.76683288109544e-10,"7","TMEM55B"
4.7392580056326e-14,0.708025144859445,0.42,0.367,9.09463611280895e-10,"7","HYI"
4.79801045871586e-14,0.289416959890657,0.846,0.875,9.20738207027574e-10,"7","RAB4A"
4.82771953181226e-14,0.926130725050715,0.267,0.194,9.26439378154772e-10,"7","SLC18A2"
4.8904727922297e-14,0.859864125872368,0.302,0.232,9.38481728828879e-10,"7","STRN4"
5.17762830272005e-14,0.642879430843817,0.457,0.406,9.93586871291978e-10,"7","TFPT"
5.23824133298252e-14,0.901114591301535,0.29,0.22,1.00521851179935e-09,"7","NEDD1"
5.31718093650853e-14,0.841705355876653,0.302,0.232,1.02036702171599e-09,"7","POLD1"
5.37057635845328e-14,0.81797066415036,0.337,0.271,1.03061360318718e-09,"7","TMEM206"
5.46472814792319e-14,0.426664883096743,0.679,0.692,1.04868133158646e-09,"7","CHD4"
5.5162162824929e-14,0.518938056479395,0.594,0.593,1.05856190461039e-09,"7","MTPN"
5.70732230781337e-14,0.979756208530757,0.27,0.199,1.09523515086939e-09,"7","ADAL"
5.91785322792955e-14,0.610800197066272,0.484,0.444,1.13563603443968e-09,"7","CYB5B"
6.13920981855438e-14,0.874865413543939,0.311,0.241,1.17811436418058e-09,"7","FGFBP3"
6.17590913387782e-14,0.512928364689378,0.571,0.536,1.18515696279115e-09,"7","TMX2"
6.20337928869084e-14,0.298465644211157,0.814,0.837,1.19042848549977e-09,"7","LRRC59"
6.22821894246763e-14,0.425614523483119,0.636,0.629,1.19519521505954e-09,"7","YIPF4"
6.95865970531117e-14,0.405977083545559,0.68,0.69,1.33536679744921e-09,"7","PRPF38A"
7.06123394996482e-14,0.364241725127088,0.731,0.718,1.35505079499825e-09,"7","GPATCH4"
7.34161914029642e-14,0.763365980529575,0.374,0.311,1.40885671302288e-09,"7","CETN3"
7.38506978343284e-14,0.872747774700592,0.285,0.214,1.41719489144076e-09,"7","FAM210B"
7.7178978269757e-14,0.727687746633949,0.38,0.321,1.48106459299664e-09,"7","TFDP2"
7.73493791844161e-14,0.274767130962472,0.836,0.847,1.48433458654895e-09,"7","SKP1"
8.48671538146836e-14,0.435295573510026,0.646,0.647,1.62860068170378e-09,"7","DNAJC7"
8.52880631297289e-14,0.289408548101864,0.838,0.857,1.6366779314595e-09,"7","LSM10"
8.5715821701342e-14,0.416326374192884,0.65,0.654,1.64488661844875e-09,"7","GABARAPL2"
8.81173328442661e-14,0.702351827824337,0.394,0.333,1.69097161728147e-09,"7","METTL17"
8.82098496022914e-14,0.786118260788187,0.35,0.288,1.69274701386797e-09,"7","PPAT"
8.99353267302506e-14,0.687979849326261,0.474,0.429,1.72585891995351e-09,"7","CD59"
9.2798595987855e-14,0.541021447859848,0.521,0.484,1.78080505700694e-09,"7","GTPBP4"
9.3056036990195e-14,0.482049241207852,0.628,0.626,1.78574534984184e-09,"7","IKZF1"
9.34612194552993e-14,0.703395183659888,0.437,0.39,1.79352080134719e-09,"7","PIP4K2A"
9.46415780935832e-14,0.763241044027436,0.404,0.348,1.81617188361586e-09,"7","NFKBIL1"
9.98692791106979e-14,0.475261729207572,0.618,0.604,1.91649146613429e-09,"7","POLR2D"
1.00139366897607e-13,0.597840091125268,0.517,0.488,1.92167445076508e-09,"7","ZNF302"
1.01492225642951e-13,0.365502408283805,0.712,0.714,1.94763581008823e-09,"7","NTMT1"
1.03541578610291e-13,0.30281296387042,0.801,0.806,1.98696289353149e-09,"7","SYNCRIP"
1.0376984541887e-13,0.306204425660897,0.919,0.911,1.99134333358812e-09,"7","CHCHD10"
1.03921754844926e-13,0.95976294711288,0.275,0.204,1.99425847547413e-09,"7","RILP"
1.04933302437252e-13,0.441322448189289,0.614,0.589,2.01367007377086e-09,"7","MRPS10"
1.10012791366465e-13,0.683646884513055,0.433,0.376,2.11114546632246e-09,"7","DTWD1"
1.10066868942986e-13,0.588121018726724,0.497,0.455,2.1121832150159e-09,"7","MED31"
1.13430712109737e-13,0.562654268481362,0.533,0.5,2.17673536538585e-09,"7","TERF2IP"
1.13907036033796e-13,0.793406893817949,0.299,0.229,2.18587602148854e-09,"7","EID2"
1.23760099797755e-13,0.528484524298722,0.583,0.566,2.37495631511891e-09,"7","CHRAC1"
1.26690188551298e-13,0.765858227845498,0.351,0.284,2.4311847182994e-09,"7","TMEM220"
1.32260190733113e-13,0.988094095115446,0.262,0.196,2.53807306016844e-09,"7","HAUS5"
1.32681315459563e-13,0.877277069677909,0.279,0.209,2.54615444366901e-09,"7","HMGCR"
1.34284245432217e-13,0.562872352736056,0.503,0.472,2.57691466984425e-09,"7","WRNIP1"
1.36491840039683e-13,0.662221989639267,0.44,0.387,2.61927841036153e-09,"7","PNPLA4"
1.42180025718576e-13,0.638416703277067,0.487,0.444,2.72843469353947e-09,"7","MFSD14A"
1.42555010347499e-13,0.654947140440826,0.405,0.344,2.73563064856851e-09,"7","PSMD2"
1.57324238902579e-13,0.752377507085262,0.373,0.315,3.0190521445405e-09,"7","RP11-1000B6.3"
1.65293946643474e-13,0.673471795018336,0.405,0.344,3.17199083608826e-09,"7","DDX55"
1.75775298985931e-13,0.550619555926915,0.52,0.489,3.37312798754003e-09,"7","RABL6"
1.7651972633121e-13,0.419616915270417,0.657,0.662,3.38741354829592e-09,"7","TMEM11"
1.82857531755078e-13,0.392072813977756,0.675,0.673,3.50903603437995e-09,"7","BRD4"
1.97108561033234e-13,0.30384178351461,0.857,0.868,3.78251328622775e-09,"7","LRRFIP1"
2.03186131073993e-13,0.741326968246354,0.399,0.344,3.89914185530993e-09,"7","RNF2"
2.07878121291183e-13,0.329840351165191,0.728,0.753,3.9891811475778e-09,"7","CCDC12"
2.08338496410448e-13,0.425713776258661,0.65,0.651,3.99801574611649e-09,"7","LCMT1"
2.13728562616436e-13,0.284587758960703,0.828,0.863,4.10145111660941e-09,"7","TMED3"
2.184879421804e-13,0.771054521305756,0.357,0.295,4.19278361044187e-09,"7","TBC1D7"
2.19927462716355e-13,0.599129762976079,0.529,0.499,4.22040800952684e-09,"7","TGS1"
2.20956241475793e-13,0.809793099905214,0.359,0.301,4.24015027392047e-09,"7","C22orf29"
2.27052899392103e-13,0.684074113361705,0.413,0.359,4.35714513933446e-09,"7","GGA2"
2.28028254594245e-13,0.619488572910339,0.466,0.424,4.37586220566356e-09,"7","SF3A1"
2.35746263609531e-13,0.427858280029136,0.663,0.675,4.5239707986669e-09,"7","SLC35B1"
2.44861034273254e-13,0.333773781007901,0.766,0.799,4.69888324770375e-09,"7","PSMA5"
2.53982559804264e-13,0.557168033463234,0.505,0.472,4.87392532264382e-09,"7","UBE2D1"
2.60208605435735e-13,0.450384763047996,0.589,0.571,4.99340313831175e-09,"7","SMARCC1"
2.65471240053339e-13,0.52518213951121,0.551,0.528,5.09439309662358e-09,"7","FRG1"
2.6825636966184e-13,0.637037894538126,0.459,0.417,5.14783973381072e-09,"7","CHAMP1"
2.78505327676974e-13,0.853472615122087,0.281,0.211,5.34451723812114e-09,"7","PDK2"
2.78695906273407e-13,0.51701974509163,0.511,0.461,5.34817444138668e-09,"7","SGOL1"
2.84729067668757e-13,0.668772439308533,0.441,0.389,5.46395080856345e-09,"7","DSCR3"
2.8898640869695e-13,0.559508740085647,0.511,0.478,5.54564918289447e-09,"7","KCTD20"
2.94984703128207e-13,0.897986592957743,0.274,0.204,5.6607564530303e-09,"7","SC5D"
2.97456246091025e-13,0.363512739949042,0.76,0.766,5.70818536248677e-09,"7","HDDC2"
3.02164163844288e-13,0.673394154160519,0.453,0.401,5.79853030417188e-09,"7","AC004381.6"
3.0278991196201e-13,0.495961468307534,0.609,0.597,5.81053841055096e-09,"7","FERMT3"
3.02948469717705e-13,0.480934415767794,0.561,0.547,5.81358113388277e-09,"7","BLOC1S4"
3.19722539539727e-13,0.33264684916733,0.782,0.796,6.13547553376736e-09,"7","FAM207A"
3.25771754509427e-13,0.668256994905513,0.438,0.382,6.2515599690359e-09,"7","DDX27"
3.4090236310065e-13,0.609434250437064,0.461,0.412,6.54191634790147e-09,"7","MARCH5"
3.48609843775543e-13,0.28508185439317,0.833,0.838,6.68982290205267e-09,"7","PNRC2"
3.74460319212199e-13,0.614985248752246,0.505,0.481,7.18589352568211e-09,"7","MTX1"
3.81529196742582e-13,0.378963169116389,0.688,0.697,7.32154528549014e-09,"7","SCO2"
3.8215586503619e-13,0.533859586025482,0.597,0.58,7.33357105004449e-09,"7","HOXB-AS3"
3.97713744346623e-13,0.586054243093815,0.481,0.438,7.63212675401169e-09,"7","COPS7B"
4.04637171367327e-13,0.613449712406748,0.442,0.391,7.76498731853901e-09,"7","KAT8"
4.15892989274165e-13,0.768803977434987,0.342,0.278,7.98098646417123e-09,"7","CCDC51"
4.20960437925468e-13,0.27121340692136,0.872,0.874,8.07823080378974e-09,"7","MPST"
4.22158815133245e-13,0.359776016935103,0.718,0.738,8.10122766240698e-09,"7","CHMP2A"
4.2968163089621e-13,0.634304200401939,0.459,0.411,8.24559049689827e-09,"7","CARS2"
4.37576987281045e-13,0.374156674999508,0.697,0.703,8.39710238592325e-09,"7","TADA3"
4.48106104996619e-13,0.285079509247387,0.816,0.832,8.59915615488513e-09,"7","VMA21"
4.60176429429445e-13,0.275617811690807,0.934,0.933,8.83078568075105e-09,"7","LITAF"
4.6408290274829e-13,0.523702209828812,0.583,0.581,8.90575090373968e-09,"7","PDCD7"
4.70395176256156e-13,0.577041832891345,0.46,0.416,9.02688343235564e-09,"7","ADK"
4.7067726149242e-13,0.623219245733718,0.457,0.411,9.03229664803953e-09,"7","GRWD1"
4.80751917999785e-13,0.620759323502039,0.437,0.386,9.22562930641587e-09,"7","BCL2L1"
4.86382854098688e-13,0.583152018450907,0.492,0.464,9.33368697015382e-09,"7","API5"
4.9694792133527e-13,0.403390894649819,0.677,0.67,9.53643061042383e-09,"7","CSK"
5.23335171150433e-13,0.416983649453389,0.651,0.653,1.00428019343768e-08,"7","NQO2"
5.26258605054998e-13,0.374645145146393,0.704,0.692,1.00989026310054e-08,"7","DDX1"
5.30350480233968e-13,0.376270351212094,0.711,0.704,1.01774257156899e-08,"7","MPG"
5.31302103490809e-13,0.327851280265224,0.767,0.774,1.01956873659886e-08,"7","MED28"
5.94639477037337e-13,0.550076141093375,0.547,0.523,1.14111315643465e-08,"7","RNASEH1-AS1"
6.19045159017647e-13,0.767695331396372,0.35,0.289,1.18794766015486e-08,"7","FBXO22"
6.26123228964449e-13,0.347707410041639,0.696,0.703,1.20153047638278e-08,"7","EWSR1"
6.31575856389375e-13,0.396387224073351,0.652,0.642,1.21199406841121e-08,"7","ELOF1"
6.35155178065955e-13,0.841122273313956,0.296,0.23,1.21886278670857e-08,"7","CTPS1"
6.55853728415516e-13,0.617323907255371,0.452,0.406,1.25858330482937e-08,"7","INIP"
6.60087496955271e-13,0.380067861959388,0.672,0.667,1.26670790665717e-08,"7","BRD2"
6.74938618833447e-13,0.666280718437958,0.444,0.402,1.29520720954138e-08,"7","UBXN2A"
6.86261918362131e-13,0.486588214312516,0.607,0.593,1.31693662133693e-08,"7","FAM216A"
7.0154974857288e-13,0.811877290679513,0.322,0.258,1.34627396751136e-08,"7","ABI2"
7.12917689226921e-13,0.562992416191273,0.486,0.444,1.36808904562646e-08,"7","ABCC1"
7.40679324758778e-13,0.574777306825718,0.499,0.468,1.42136362421209e-08,"7","TROVE2"
9.21654665341681e-13,0.841145131446021,0.31,0.245,1.76865530279069e-08,"7","CCDC14"
9.42809010193558e-13,0.868432570024751,0.336,0.276,1.80925049056144e-08,"7","TARBP1"
9.43020579582674e-13,0.480629550370564,0.593,0.581,1.80965649221915e-08,"7","U2SURP"
9.75751405713161e-13,0.952631803274017,0.296,0.235,1.87246694756356e-08,"7","PGAP2"
1.0227909866557e-12,0.647192748920578,0.433,0.39,1.9627359033923e-08,"7","CDK11B"
1.12150132346902e-12,0.859583953200856,0.327,0.269,2.15216103973705e-08,"7","SUCLA2"
1.14473048145286e-12,0.643599973981747,0.435,0.387,2.19673779390804e-08,"7","CMC2"
1.17639355773424e-12,0.777598498141645,0.403,0.359,2.25749923729201e-08,"7","PRR5"
1.19791304238598e-12,0.833352885597712,0.305,0.241,2.29879512833869e-08,"7","ST6GALNAC6"
1.30934855658668e-12,0.412984870068897,0.628,0.619,2.51263988008985e-08,"7","NDUFA5"
1.31597760052266e-12,0.781584061053401,0.347,0.288,2.52536101540298e-08,"7","MKRN2"
1.35630401431782e-12,0.611900291369956,0.443,0.396,2.60274740347591e-08,"7","IL2RG"
1.62223429329893e-12,0.664621261519113,0.42,0.367,3.11306760884065e-08,"7","HN1L"
1.68330514773564e-12,0.901952919247757,0.305,0.243,3.23026257850469e-08,"7","FLJ37453"
1.71776079025597e-12,0.849772720869631,0.307,0.245,3.2963829565012e-08,"7","PNMA1"
1.72510470255255e-12,0.635221858511617,0.423,0.375,3.31047592419833e-08,"7","ATP6V0A2"
1.7544567725319e-12,0.820830580134022,0.274,0.207,3.36680254648872e-08,"7","ARL13B"
1.75568687896958e-12,0.457870885689336,0.593,0.589,3.36916312074262e-08,"7","RAB11B"
1.77289590767576e-12,0.30886316685965,0.809,0.82,3.40218724682978e-08,"7","FAM32A"
1.78873617679292e-12,0.598196885275237,0.519,0.494,3.43258472326562e-08,"7","SFXN4"
1.79142077083546e-12,0.544756055434234,0.494,0.454,3.43773645923325e-08,"7","HSPH1"
1.82846776740863e-12,0.58472877072724,0.505,0.472,3.50882964565716e-08,"7","TUG1"
1.83096394068488e-12,0.399527619922379,0.684,0.688,3.51361980217428e-08,"7","GNL3"
1.86791079221273e-12,0.510482225781035,0.524,0.488,3.58452081025624e-08,"7","AAMP"
1.87402694392605e-12,0.466909563822835,0.581,0.567,3.59625770539408e-08,"7","EXOSC1"
1.89207766672834e-12,0.380482369863625,0.719,0.72,3.63089704245168e-08,"7","CSNK1A1"
1.96503374052042e-12,0.561677962784538,0.49,0.451,3.77089974805869e-08,"7","PRPS1"
2.14712833072516e-12,0.303110116797115,0.809,0.832,4.12033926666158e-08,"7","GNA15"
2.1614793371747e-12,0.592914985848496,0.481,0.437,4.14787884803825e-08,"7","CD151"
2.2938482119043e-12,0.297128384148079,0.755,0.774,4.40189471864435e-08,"7","CAP1"
2.35392863381823e-12,0.368761752011487,0.644,0.639,4.51718904829718e-08,"7","GOLGA7"
2.47595964626882e-12,0.359206411904571,0.731,0.747,4.75136656118987e-08,"7","MRPS11"
2.63371785431447e-12,0.650660634361201,0.449,0.403,5.05410456242946e-08,"7","HAUS6"
2.63534468241533e-12,0.627017601376197,0.43,0.382,5.05722644555502e-08,"7","VPS4A"
2.74551906499201e-12,0.502673092474036,0.518,0.489,5.26865108571966e-08,"7","DERL1"
2.75335560255957e-12,0.665220534248604,0.424,0.381,5.28368940131181e-08,"7","FAM122A"
2.98264038581591e-12,0.466617149452708,0.623,0.626,5.72368690038074e-08,"7","STT3B"
3.04302503292098e-12,0.689970620309814,0.421,0.379,5.83956503817536e-08,"7","TSEN54"
3.07898857328465e-12,0.816280837522817,0.338,0.279,5.90857907213325e-08,"7","C11orf71"
3.10997678560354e-12,0.538626092970224,0.519,0.488,5.96804545157319e-08,"7","LRRC58"
3.24259310381758e-12,0.681015272930097,0.413,0.368,6.22253616622594e-08,"7","OSBPL9"
3.30831066375318e-12,0.558382724473925,0.501,0.474,6.34864816374234e-08,"7","BROX"
3.35558532838106e-12,0.913171122955784,0.277,0.215,6.43936824516326e-08,"7","LACTB2"
3.40464852730327e-12,0.510607180500437,0.556,0.53,6.53352052389498e-08,"7","YAF2"
3.43907530162059e-12,1.07674806754267,0.25,0.189,6.59958550380991e-08,"7","FOXRED2"
3.46019662256716e-12,0.883080834238195,0.254,0.19,6.64011731870638e-08,"7","MCM8"
3.64997769731406e-12,0.416819528432169,0.631,0.62,7.00430720114569e-08,"7","SRPK1"
3.65494551778519e-12,0.527550679610839,0.517,0.492,7.01384044862977e-08,"7","INPP5D"
3.81377021730908e-12,0.733854871859427,0.353,0.295,7.31862504701613e-08,"7","DEF8"
3.8470008200367e-12,0.582748512873016,0.483,0.449,7.38239457365042e-08,"7","OIP5"
3.94445962336671e-12,0.380748452803522,0.686,0.702,7.56941801724072e-08,"7","SNRPA"
3.94821719650209e-12,0.403314485148045,0.757,0.772,7.57662880008752e-08,"7","MYCBP2"
4.09385855013856e-12,0.329139737562894,0.794,0.801,7.85611455771589e-08,"7","LMO2"
4.12450755127826e-12,0.323970720406725,0.765,0.771,7.91492999090297e-08,"7","NUDCD2"
4.12893042005845e-12,0.596136843075374,0.474,0.433,7.92341747609217e-08,"7","CRBN"
4.20719022089811e-12,0.41504512012919,0.622,0.599,8.07359803390347e-08,"7","RUNX3"
4.23490775456653e-12,0.443506369995842,0.599,0.593,8.12678798101316e-08,"7","HSF1"
4.24381842214271e-12,0.688305576604354,0.4,0.351,8.14388755209185e-08,"7","MGAT4A"
4.25499453257672e-12,0.6499079490222,0.444,0.403,8.16533450801473e-08,"7","STAMBP"
4.29090486510106e-12,0.720094621723449,0.41,0.362,8.23424643612893e-08,"7","CCDC91"
4.45972052323354e-12,0.62732996922322,0.457,0.422,8.55820368408517e-08,"7","PRR14L"
4.5030757010013e-12,0.845876878817262,0.299,0.238,8.6414022702215e-08,"7","DHCR7"
4.5885617672316e-12,0.570222756259983,0.523,0.494,8.80545003131744e-08,"7","CCDC137"
4.5974879514598e-12,0.731746846476823,0.348,0.29,8.82257937885135e-08,"7","PDZD11"
4.61418185490277e-12,0.34622076841926,0.679,0.682,8.85461497955842e-08,"7","SEC62"
4.71188254554157e-12,0.67829699005979,0.375,0.32,9.04210260489428e-08,"7","PEX11B"
4.75081698750167e-12,0.796333154195869,0.314,0.253,9.1168177990157e-08,"7","PMS1"
4.80641884432229e-12,0.60039445534621,0.504,0.481,9.22351776225447e-08,"7","DDX52"
4.81266339938716e-12,0.798493441323495,0.331,0.273,9.23550106342396e-08,"7","SNAP47"
5.06967493997653e-12,0.372202331978161,0.708,0.71,9.72870620981497e-08,"7","SLC39A4"
5.38579541179776e-12,0.743171678014146,0.346,0.289,1.03353413952399e-07,"7","C15orf39"
5.54316231556638e-12,0.521767564446562,0.536,0.513,1.06373284835719e-07,"7","MACF1"
5.57583355811462e-12,0.815309781771848,0.306,0.246,1.0700024598022e-07,"7","CHAC2"
5.69552346525071e-12,0.649246495308976,0.451,0.413,1.09297095298161e-07,"7","NUP58"
5.97722344503346e-12,0.832065592949452,0.33,0.275,1.14702917910192e-07,"7","HDHD3"
6.1322413516506e-12,0.636672227979471,0.443,0.395,1.17677711538175e-07,"7","NR2C2AP"
6.4087200537747e-12,0.417515622298944,0.612,0.607,1.22983337831936e-07,"7","RAB7A"
6.4863306361273e-12,0.759956467063459,0.331,0.27,1.24472684907283e-07,"7","PRKAR2B"
6.63135205863432e-12,0.474662945848525,0.544,0.533,1.27255646005193e-07,"7","USE1"
6.839672926137e-12,0.747292206000509,0.364,0.313,1.31253323452569e-07,"7","SREBF2"
6.90773121817022e-12,0.266525509759315,0.833,0.857,1.32559362076686e-07,"7","GDI2"
7.02302452070339e-12,0.496447538212985,0.551,0.539,1.34771840552298e-07,"7","ZPR1"
7.21518211942768e-12,0.470604529263983,0.579,0.569,1.38459344871817e-07,"7","PSMD6"
7.37610271407381e-12,0.352358216706348,0.715,0.733,1.41547411083076e-07,"7","GPBP1"
8.08098840934203e-12,0.619315797128189,0.478,0.447,1.55074167575274e-07,"7","SULT1A1"
8.22337039799694e-12,0.549318037400168,0.509,0.486,1.57806477937561e-07,"7","VPS4B"
8.52536894906915e-12,0.633876783760157,0.448,0.401,1.63601830132637e-07,"7","FSCN1"
8.65750979711222e-12,0.380318166652993,0.636,0.634,1.66137613006583e-07,"7","ZNF146"
9.02721523781988e-12,0.723009092702701,0.379,0.326,1.73232260413763e-07,"7","C8orf88"
9.31921639870613e-12,0.687695936896805,0.386,0.332,1.78835762691171e-07,"7","C2orf47"
9.44063113755377e-12,0.646115711326325,0.445,0.402,1.81165711529657e-07,"7","AGO2"
9.88093050524589e-12,0.622768998046431,0.453,0.415,1.89615056395669e-07,"7","RPP21"
9.9668107319686e-12,0.320327689405615,0.734,0.754,1.91263097946477e-07,"7","RTN3"
1.00066930150323e-11,0.623571781986842,0.459,0.417,1.9202843895847e-07,"7","TMEM159"
1.01505544715392e-11,0.64808872320675,0.427,0.384,1.94789140308837e-07,"7","WEE1"
1.03806457530519e-11,0.25241333711076,0.835,0.862,1.99204592001067e-07,"7","FKBP8"
1.04481380484831e-11,0.524633618245363,0.475,0.436,2.0049976915039e-07,"7","SERINC3"
1.04501023843616e-11,0.478050604029194,0.58,0.579,2.00537464755898e-07,"7","AP2B1"
1.04748936110423e-11,0.78039055874629,0.328,0.27,2.01013208395903e-07,"7","GCFC2"
1.10779058596565e-11,0.942767662814501,0.252,0.19,2.12585013446808e-07,"7","DHRS13"
1.11844223144511e-11,0.712920804403415,0.379,0.33,2.14629064214316e-07,"7","REV1"
1.12079623992373e-11,0.786572401222927,0.303,0.242,2.15080798441364e-07,"7","RANBP9"
1.13240124422016e-11,0.854666142216642,0.283,0.224,2.17307798765848e-07,"7","TMPO-AS1"
1.15199164672091e-11,0.488254264783302,0.562,0.549,2.21067197005743e-07,"7","TTC19"
1.18798420863259e-11,0.315160725105698,0.762,0.785,2.27974169636594e-07,"7","MRPS23"
1.20920152328429e-11,0.311228828442035,0.756,0.776,2.32045772318256e-07,"7","FBXO7"
1.2708296109242e-11,0.503363551780975,0.554,0.534,2.43872202336354e-07,"7","FAM177A1"
1.28223448090731e-11,0.559458532160096,0.485,0.45,2.46060796886113e-07,"7","GEMIN6"
1.28858266399647e-11,0.565948806389142,0.492,0.461,2.47279013220922e-07,"7","RRP1"
1.29756483558722e-11,0.707340304121098,0.381,0.326,2.49002691949187e-07,"7","CASP2"
1.30920692463965e-11,0.516761301749373,0.534,0.508,2.5123680883835e-07,"7","NUP62"
1.31978146606154e-11,0.694496354414584,0.44,0.407,2.53266063337209e-07,"7","PLAGL1"
1.32523261646105e-11,0.392428703461476,0.668,0.668,2.54312139098875e-07,"7","SRD5A3"
1.36384615752261e-11,0.499649478025138,0.543,0.534,2.6172207762859e-07,"7","HRAS"
1.39103845353352e-11,0.760002639266925,0.315,0.255,2.66940279233083e-07,"7","PAAF1"
1.40559579470495e-11,0.485317580131626,0.559,0.533,2.6973383300388e-07,"7","TRIM27"
1.41055831466388e-11,0.404094434032893,0.62,0.628,2.70686140583998e-07,"7","TARS"
1.42133900696637e-11,0.589555740712506,0.438,0.386,2.72754955436847e-07,"7","RNF168"
1.54402787964436e-11,0.768254891475721,0.338,0.282,2.96298950103753e-07,"7","SKA3"
1.54883351731124e-11,0.42562202206605,0.579,0.558,2.97221151972026e-07,"7","DDX50"
1.57080476153249e-11,0.630782095566268,0.428,0.383,3.01437433738085e-07,"7","MAP2K1"
1.63848436247808e-11,0.328702021684518,0.703,0.683,3.14425149159544e-07,"7","PIM3"
1.77393707492306e-11,0.471009149337126,0.525,0.504,3.40418524677735e-07,"7","KIF2A"
1.79779239059332e-11,0.58165031530719,0.439,0.399,3.44996359754858e-07,"7","CORO1C"
1.80025181750936e-11,0.418979145796789,0.586,0.571,3.45468323780047e-07,"7","PAFAH1B1"
1.83804349243332e-11,0.92134639967189,0.255,0.195,3.52720546197955e-07,"7","INF2"
1.83946542596915e-11,0.8696784919216,0.269,0.207,3.52993415243481e-07,"7","NEK1"
1.84451449914329e-11,0.705438910327863,0.365,0.315,3.53962332385598e-07,"7","PSMC4"
1.86401058842316e-11,0.394447656549397,0.657,0.66,3.57703631918405e-07,"7","XPO1"
1.86861309144034e-11,0.739205040516589,0.372,0.319,3.58586852247402e-07,"7","SRP54"
2.01468906810479e-11,0.679744066795366,0.429,0.392,3.86618832169309e-07,"7","VGLL4"
2.05247759203812e-11,0.731523857701276,0.363,0.312,3.93870449912115e-07,"7","ELK4"
2.11106086286703e-11,0.663871497636374,0.375,0.321,4.05112579584182e-07,"7","CD46"
2.15952546183397e-11,0.580187579035443,0.445,0.405,4.14412936125939e-07,"7","C2orf74"
2.16421310071794e-11,0.843326031106772,0.332,0.275,4.15312494027772e-07,"7","PROM1"
2.41782379450848e-11,0.344352617682225,0.671,0.694,4.63980386166177e-07,"7","GID8"
2.64789137736952e-11,0.557288331020958,0.476,0.444,5.08130355317211e-07,"7","USB1"
2.72072632243818e-11,0.495563349359483,0.565,0.558,5.22107381275886e-07,"7","PDS5A"
2.72261084033041e-11,0.278812191102558,0.842,0.873,5.22469020259407e-07,"7","MYB"
2.80462485677424e-11,0.495629408587018,0.498,0.468,5.38207510014977e-07,"7","FPGS"
2.99665204745639e-11,0.562329541527834,0.452,0.41,5.75057527906881e-07,"7","IDH1"
3.16203736932294e-11,0.843491089393189,0.273,0.211,6.06794971173072e-07,"7","MCM2"
3.28214076322153e-11,0.692561310491527,0.424,0.388,6.29842812462211e-07,"7","FOXN3"
3.33457772160845e-11,0.364547559928411,0.694,0.711,6.39905464776661e-07,"7","ZNF207"
3.69485506767448e-11,0.527391796144293,0.509,0.48,7.09042687486732e-07,"7","ACO2"
3.85616462146081e-11,0.431335302880494,0.563,0.55,7.3999799085833e-07,"7","USP16"
4.04698764512105e-11,0.388397517413255,0.65,0.647,7.76616929098729e-07,"7","ZYX"
4.05485250247567e-11,0.53001723480732,0.474,0.438,7.78126195225081e-07,"7","ELOVL5"
4.05634312275254e-11,0.441796509777984,0.558,0.549,7.78412245256212e-07,"7","IRAK1"
4.1224687744076e-11,0.538972544423301,0.511,0.495,7.91101757808818e-07,"7","SIKE1"
4.28817767367094e-11,0.636899747798657,0.452,0.423,8.22901295577453e-07,"7","FRA10AC1"
4.37700270458023e-11,0.567968805924216,0.513,0.498,8.39946819008947e-07,"7","ZNF292"
4.39672544278509e-11,0.545187059832946,0.483,0.452,8.43731612470459e-07,"7","DPF2"
4.46584175982195e-11,0.735444735375753,0.355,0.301,8.56995033709831e-07,"7","SWAP70"
4.48217265606028e-11,0.466739085920907,0.571,0.561,8.60128932697968e-07,"7","CELF1"
4.48933400695229e-11,0.467037497484526,0.561,0.551,8.61503195934143e-07,"7","SF3B1"
4.49853840349145e-11,0.550149495325448,0.467,0.432,8.6326951963001e-07,"7","SBDS"
4.58062071812401e-11,0.574389944519282,0.465,0.432,8.79021115807998e-07,"7","CHORDC1"
4.66117733535038e-11,0.30568751400105,0.725,0.72,8.94479930653738e-07,"7","SOCS2"
4.68397003754206e-11,0.731204582483605,0.34,0.286,8.98853850204321e-07,"7","SLF2"
4.69648202978124e-11,0.340650595677679,0.69,0.701,9.01254901515021e-07,"7","PPIH"
4.77156955229966e-11,0.472675958237664,0.544,0.526,9.15664197086305e-07,"7","PIGC"
5.23378108678968e-11,0.878533197720833,0.292,0.236,1.00436259055494e-06,"7","OGFRL1"
5.31753892527270e-11,0.737867855028883,0.337,0.284,1.02043571975983e-06,"7","MYO1G"
5.34118361916047e-11,0.417587227899323,0.605,0.593,1.02497313651689e-06,"7","SCNM1"
5.48002529862596e-11,0.494189627827103,0.524,0.506,1.05161685480632e-06,"7","ZNF330"
5.59735463603366e-11,0.333613871847568,0.679,0.697,1.07413235465486e-06,"7","MRPL43"
5.65103374664822e-11,0.793603177010749,0.33,0.277,1.08443337598179e-06,"7","NUP155"
5.79619192624342e-11,0.719223151425774,0.385,0.339,1.11228923064611e-06,"7","GBAS"
5.80181353258135e-11,0.554796345657662,0.509,0.489,1.11336801690236e-06,"7","RABEPK"
5.92407346499817e-11,0.436256441528779,0.585,0.581,1.13682969793315e-06,"7","DNAJC2"
5.95229366119576e-11,0.350370957570632,0.692,0.702,1.14224515358347e-06,"7","C14orf142"
5.9978340794835e-11,0.854877128593297,0.279,0.22,1.15098435985288e-06,"7","CERS4"
6.22692573621961e-11,0.729935554806879,0.378,0.334,1.19494704878054e-06,"7","CCDC43"
6.30742237640337e-11,0.331777595540824,0.739,0.757,1.21039435403181e-06,"7","MT-ND6"
6.33407784981549e-11,0.276644649150412,0.819,0.833,1.21550953937959e-06,"7","JAGN1"
6.39121653914282e-11,0.383911734694648,0.628,0.633,1.22647445386151e-06,"7","FXN"
6.64596218500972e-11,0.421973301306592,0.639,0.65,1.27536014330336e-06,"7","GABPB1"
6.69383684966056e-11,0.819564744369192,0.299,0.245,1.28454729144986e-06,"7","TMEM245"
6.70604747693527e-11,0.331300720231964,0.729,0.749,1.28689051082388e-06,"7","KDELR2"
6.70995103364669e-11,0.706291157252236,0.342,0.29,1.2876396033568e-06,"7","PIAS2"
6.7186794864728e-11,0.883042788821326,0.334,0.285,1.28931459345413e-06,"7","PRKACB"
6.8060836078472e-11,0.479344493244644,0.544,0.535,1.30608744434588e-06,"7","BMP2K"
7.00033484145761e-11,0.346399617605126,0.734,0.75,1.34336425607571e-06,"7","CGGBP1"
7.03590183933323e-11,0.363495372655959,0.676,0.687,1.35018956296805e-06,"7","ARF4"
7.18725423062724e-11,0.590505515830161,0.439,0.406,1.37923408685737e-06,"7","ADPRHL2"
7.43388693199158e-11,0.538172401863838,0.496,0.479,1.42656290224919e-06,"7","MALSU1"
7.76078708726803e-11,0.48027713023465,0.578,0.57,1.48929504204674e-06,"7","PPP4R3A"
7.84982998544323e-11,0.915187054162156,0.26,0.204,1.50638237420656e-06,"7","GPR180"
8.03300436870591e-11,0.487858480644469,0.53,0.51,1.54153353835466e-06,"7","TMEM109"
8.11977892523945e-11,0.48812411681878,0.51,0.492,1.55818557575345e-06,"7","ZNHIT3"
8.24677700238312e-11,0.576089748654894,0.482,0.452,1.58255650675732e-06,"7","SLC39A8"
8.75909612271235e-11,0.418077330858997,0.612,0.616,1.6808705459485e-06,"7","GGNBP2"
8.76495457111578e-11,0.602032845143835,0.429,0.391,1.68199478219712e-06,"7","MRPL32"
9.44643283808265e-11,0.888153287369037,0.288,0.23,1.81277046162806e-06,"7","PIP5K1B"
9.98961887647057e-11,0.888323300283181,0.266,0.208,1.9170078623947e-06,"7","TMEM65"
1.01834840476849e-10,0.722408589000934,0.377,0.337,1.95421058875073e-06,"7","MTAP"
1.04241782913197e-10,0.824177221505133,0.34,0.289,2.00039981410426e-06,"7","BAALC"
1.04335190787806e-10,0.554886782542909,0.517,0.506,2.002192311218e-06,"7","NSD1"
1.05781782182279e-10,0.68846411327128,0.375,0.321,2.02995240007793e-06,"7","FANCD2"
1.0935098607541e-10,0.928890402959001,0.252,0.194,2.09844542278711e-06,"7","NAB1"
1.09366148594818e-10,0.766153418579152,0.314,0.257,2.09873639153456e-06,"7","DGCR8"
1.11444486297099e-10,0.352508888548618,0.694,0.709,2.13861969204133e-06,"7","ARF5"
1.15391112998537e-10,0.87683685294583,0.258,0.2,2.21435545844193e-06,"7","RP11-61K9.3"
1.16204868329423e-10,0.399502016248005,0.6,0.58,2.22997142324163e-06,"7","IARS"
1.2674466303845e-10,0.742703872283087,0.312,0.255,2.43223008370785e-06,"7","DDB2"
1.28254225216185e-10,0.6210850468856,0.423,0.391,2.46119858189859e-06,"7","MITD1"
1.28640502549721e-10,0.741118205134458,0.314,0.26,2.46861124392915e-06,"7","DMAP1"
1.33964295753811e-10,0.276079630559481,0.725,0.736,2.57077483551564e-06,"7","FAM96B"
1.34428096717246e-10,0.449807714162181,0.537,0.519,2.57967517600396e-06,"7","NUTM2A-AS1"
1.40588481652376e-10,0.404364472304963,0.633,0.645,2.6978929629091e-06,"7","COA6"
1.43118318702262e-10,0.508681632310284,0.505,0.485,2.7464405358964e-06,"7","ZCCHC11"
1.4353945789105e-10,0.78504450601151,0.275,0.215,2.75452219692925e-06,"7","PSMC2"
1.43599872126816e-10,0.357199996774615,0.69,0.712,2.75568154611361e-06,"7","CEBPG"
1.43772931265873e-10,0.590199497388239,0.433,0.397,2.7590025509921e-06,"7","N4BP2L1"
1.44424633974776e-10,0.613769966206314,0.397,0.346,2.77150872597595e-06,"7","C12orf29"
1.46734009474618e-10,0.679725529894855,0.373,0.322,2.81582564181793e-06,"7","ZFYVE21"
1.50200066249565e-10,0.625453564212312,0.414,0.371,2.88233927132915e-06,"7","USP39"
1.51635354068884e-10,0.441001625912576,0.579,0.585,2.90988244458189e-06,"7","RNF114"
1.53662855933225e-10,0.812059910464111,0.27,0.212,2.9487902053586e-06,"7","ACD"
1.56023805628917e-10,0.63582953545022,0.419,0.381,2.99409683001891e-06,"7","ZDHHC4"
1.60529433355380e-10,0.704174496268979,0.389,0.347,3.08055982608973e-06,"7","FIP1L1"
1.65244373581596e-10,0.410374644493825,0.64,0.637,3.17103952903083e-06,"7","PFDN4"
1.69738216369657e-10,0.786645984960046,0.332,0.278,3.25727637213372e-06,"7","TXLNG"
1.71517897840697e-10,0.669520766345684,0.419,0.38,3.29142845956298e-06,"7","YPEL3"
1.78039968035183e-10,0.696193817843608,0.364,0.315,3.41658698659516e-06,"7","ZNF444"
1.87922234307394e-10,0.376379988238433,0.628,0.635,3.6062276763589e-06,"7","TIPRL"
2.01665046207011e-10,0.560201038556649,0.477,0.456,3.86995223671254e-06,"7","TMEM259"
2.10519083521459e-10,0.406898562623558,0.63,0.626,4.03986121277679e-06,"7","PRKCB"
2.10533365660909e-10,0.689806257609766,0.363,0.314,4.04013528703284e-06,"7","RP11-500C11.3"
2.10957977647709e-10,0.517864498260307,0.483,0.453,4.04828359105954e-06,"7","COPS4"
2.11615408620094e-10,0.600459206223976,0.399,0.352,4.06089969141961e-06,"7","HCCS"
2.13963519020738e-10,0.609619517888471,0.457,0.431,4.10595993000797e-06,"7","MOB4"
2.17793564216032e-10,0.862544743007977,0.28,0.225,4.17945849730566e-06,"7","LRRC61"
2.25684332211885e-10,0.573881040296466,0.459,0.429,4.33088233514607e-06,"7","CCNY"
2.26508753668118e-10,0.434347874790794,0.591,0.587,4.34670298289119e-06,"7","GAR1"
2.35594042574086e-10,0.315745000272747,0.749,0.759,4.5210496769967e-06,"7","RNF130"
2.37430935308481e-10,0.571312171462905,0.442,0.406,4.55629964856975e-06,"7","CXXC1"
2.4021217727649e-10,0.297487876127617,0.79,0.831,4.60967168193583e-06,"7","KXD1"
2.41707722485061e-10,0.759356031316115,0.325,0.274,4.63837119448833e-06,"7","SGF29"
2.51484373787936e-10,0.724394891569036,0.331,0.278,4.82598513299049e-06,"7","BRCC3"
2.55679933708882e-10,0.863024539699999,0.253,0.197,4.90649792787344e-06,"7","ORC3"
2.59519222690476e-10,0.722122766929264,0.351,0.301,4.98017388343024e-06,"7","LINC00969"
2.61401483062564e-10,0.649380016284354,0.441,0.409,5.0162944599706e-06,"7","RNF213"
2.62192504902495e-10,0.411512100220178,0.556,0.544,5.03147416907888e-06,"7","CCDC117"
2.75056538238407e-10,0.736538309928061,0.339,0.288,5.27833496879503e-06,"7","ANAPC10"
2.79904120722354e-10,0.410941086075252,0.575,0.57,5.37136007666198e-06,"7","CHD1"
2.83713851422749e-10,0.403635465160224,0.618,0.619,5.44446880880256e-06,"7","DCTD"
2.86230571369303e-10,0.661229761665588,0.419,0.385,5.49276466457693e-06,"7","RING1"
2.87694790934298e-10,0.538770906014573,0.471,0.444,5.52086303802919e-06,"7","MFSD14B"
2.91525423580522e-10,0.712996755317862,0.32,0.267,5.59437287851021e-06,"7","CCDC82"
3.0099755842402e-10,0.792267244390279,0.321,0.269,5.77614314615694e-06,"7","EED"
3.01184702228193e-10,0.454638193212323,0.527,0.498,5.77973443575903e-06,"7","CARD8"
3.02180225786664e-10,0.756605833306773,0.302,0.245,5.79883853284609e-06,"7","SLC10A3"
3.04894771750056e-10,0.52731443961159,0.509,0.493,5.85093066988358e-06,"7","SETD3"
3.06134307018824e-10,0.659346085597475,0.388,0.339,5.87471735169124e-06,"7","NGDN"
3.08655022038613e-10,0.719276097448543,0.312,0.258,5.92308987292098e-06,"7","SNRNP48"
3.09670259734627e-10,0.565160163553899,0.472,0.435,5.9425722843075e-06,"7","SMIM24"
3.12373623469433e-10,0.596848745348299,0.413,0.367,5.99444983437843e-06,"7","ZNF576"
3.12640599115394e-10,0.466190748694796,0.52,0.503,5.99957309702441e-06,"7","WDR5"
3.12991217062744e-10,0.774474044159415,0.306,0.252,6.00630145543405e-06,"7","C14orf159"
3.34791411002806e-10,0.563699951841383,0.453,0.425,6.42464717714385e-06,"7","DCAF13"
3.39402153801439e-10,0.845427966554787,0.273,0.217,6.51312733144961e-06,"7","PPWD1"
3.42683866312153e-10,0.77382089891249,0.312,0.258,6.57610339453021e-06,"7","ZMYM2"
3.45120904346668e-10,0.549593584562115,0.418,0.373,6.62287015441256e-06,"7","PPID"
3.45679921977218e-10,0.491846655741664,0.471,0.435,6.63359770274282e-06,"7","TWISTNB"
3.53037588430514e-10,0.357161995374454,0.655,0.669,6.77479132198157e-06,"7","DUS1L"
3.65402163940474e-10,0.51556196166135,0.465,0.435,7.01206752601769e-06,"7","FEZ2"
3.74908270935429e-10,0.65689752352427,0.357,0.309,7.19448971925089e-06,"7","ZNF689"
3.79472456873524e-10,0.314885968160225,0.72,0.722,7.28207644740292e-06,"7","MTFP1"
3.90253654700393e-10,0.832140248597784,0.271,0.216,7.48896763370054e-06,"7","CENPO"
3.98264254966601e-10,0.554556399695031,0.491,0.471,7.64269105280907e-06,"7","NUBP2"
4.01674380799107e-10,0.317228625710289,0.719,0.725,7.70813136753487e-06,"7","SERPINB6"
4.02955472335534e-10,0.451578580795497,0.516,0.493,7.73271551411889e-06,"7","PSMD1"
4.0308254651498e-10,0.407524724562378,0.565,0.544,7.73515406762247e-06,"7","CKAP2"
4.197068352666e-10,0.411269561002826,0.56,0.542,8.05417416876606e-06,"7","SLC52A2"
4.23443128887028e-10,0.684761838099834,0.354,0.309,8.12587364334207e-06,"7","NBN"
4.30270392112877e-10,0.316544923760835,0.735,0.763,8.25688882464611e-06,"7","CHMP4A"
4.36966584341144e-10,0.378517415292511,0.64,0.658,8.38538875350656e-06,"7","DNAJC19"
4.37626913988365e-10,0.489840638928944,0.512,0.499,8.39806047943672e-06,"7","DHX9"
4.43008082427003e-10,0.567104710622115,0.469,0.443,8.50132510177418e-06,"7","PNPLA2"
4.45225560451986e-10,0.366000370861509,0.668,0.69,8.54387850507361e-06,"7","CYB5R3"
4.60426605566695e-10,0.807579086101026,0.283,0.227,8.83558656082488e-06,"7","GNL2"
4.61021182882185e-10,0.497599484286212,0.46,0.426,8.84699649950912e-06,"7","PGRMC2"
4.90474629950781e-10,0.50698578268029,0.496,0.479,9.41220814875549e-06,"7","CSNK1D"
5.00610709228222e-10,0.327547625482904,0.679,0.706,9.60671951008959e-06,"7","NUDT5"
5.13640495771976e-10,0.369529712405718,0.676,0.679,9.85676111386421e-06,"7","MESDC1"
5.23962733663292e-10,0.526830962952125,0.463,0.435,1.00548448589986e-05,"7","MRPL48"
5.27031052881847e-10,0.825932387896144,0.318,0.273,1.01137259048026e-05,"7","BLOC1S5"
5.36234313683246e-10,0.512204467201033,0.48,0.454,1.02903364795815e-05,"7","TACC1"
5.5080098047022e-10,0.393265463353551,0.609,0.625,1.05698708152235e-05,"7","ARMC10"
5.58010934601552e-10,0.490035813013608,0.546,0.529,1.07082298350038e-05,"7","TRAP1"
5.62512041480054e-10,0.52078662406187,0.47,0.442,1.07946060760022e-05,"7","DDX41"
5.71289235190696e-10,0.504200486251574,0.507,0.489,1.09630404233094e-05,"7","RPRD1A"
6.02691919893404e-10,0.603466972277224,0.415,0.375,1.15656579427544e-05,"7","BCL7B"
6.16832703097333e-10,0.645568900505356,0.382,0.344,1.18370195724378e-05,"7","TTC32"
6.48067458820769e-10,0.293548204231524,0.747,0.785,1.24364145347706e-05,"7","EIF6"
6.70749815281499e-10,0.484031885259546,0.491,0.472,1.2871688955252e-05,"7","COMMD1"
6.75722093157762e-10,0.410873102480332,0.611,0.618,1.29671069676974e-05,"7","PSMG3"
7.27942116492293e-10,0.391463975468857,0.61,0.62,1.39692092154871e-05,"7","TAPBP"
7.32890406471146e-10,0.787633083025134,0.281,0.227,1.40641669001813e-05,"7","C11orf84"
7.58846981209379e-10,0.521754242904376,0.474,0.447,1.4562273569408e-05,"7","ZMAT5"
7.8652553294916e-10,0.602103071073803,0.432,0.399,1.50934249772944e-05,"7","HPS4"
8.01386068597872e-10,0.530553611423813,0.48,0.461,1.53785986563932e-05,"7","SUGT1"
8.2897799247794e-10,0.377097811373429,0.602,0.607,1.59080876756517e-05,"7","UNC50"
8.35780236720683e-10,0.550703592812611,0.45,0.418,1.60386227426699e-05,"7","FYTTD1"
8.71319182643953e-10,0.381910171579863,0.608,0.611,1.67206151149375e-05,"7","AIMP1"
8.93905821934886e-10,0.514362149593038,0.474,0.448,1.71540527229305e-05,"7","SHARPIN"
8.97693078564455e-10,0.60695905179483,0.396,0.357,1.72267301776519e-05,"7","FBXO5"
9.10348950424055e-10,0.406330993539057,0.661,0.681,1.74695963586376e-05,"7","TMA16"
9.21218699348871e-10,0.871585788050839,0.299,0.241,1.76781868405048e-05,"7","BCYRN1"
9.25343256722311e-10,0.696862975597476,0.355,0.312,1.77573370965012e-05,"7","NOL11"
9.4058255080688e-10,0.555281553121758,0.466,0.441,1.8049779149984e-05,"7","DERL2"
9.45665029419473e-10,0.654138784981193,0.399,0.358,1.81473119145597e-05,"7","DOCK5"
9.54691978219575e-10,0.31320353452613,0.707,0.712,1.83205390620337e-05,"7","C4orf48"
9.71280420379851e-10,0.775079480039204,0.317,0.265,1.86388712670893e-05,"7","AP2A1"
9.94895764791521e-10,0.772281266602728,0.295,0.242,1.90920497263493e-05,"7","DPH7"
1.00629611872682e-09,0.311254247237109,0.726,0.737,1.93108225183677e-05,"7","SYNGR2"
1.02396948428411e-09,0.392706360064422,0.658,0.677,1.9649974403412e-05,"7","ISCA1"
1.03244411303485e-09,0.875426681758254,0.263,0.21,1.98126025291388e-05,"7","KLHL12"
1.0367713213297e-09,0.460842939581909,0.484,0.445,1.9895641656317e-05,"7","GCSAML"
1.03967122440534e-09,0.528940102299717,0.457,0.423,1.99512907963385e-05,"7","MLLT10"
1.06474423046892e-09,0.650287517575114,0.331,0.281,2.04324417826987e-05,"7","SPC24"
1.07667455084532e-09,0.77566273541172,0.354,0.31,2.06613846307217e-05,"7","IPO11"
1.10785549556557e-09,0.318059793620165,0.745,0.778,2.12597469599033e-05,"7","FAM204A"
1.12510674509473e-09,0.655972775789769,0.4,0.366,2.15907984383679e-05,"7","SIRT2"
1.15539646741054e-09,0.748963383665521,0.339,0.293,2.21720582096083e-05,"7","STARD10"
1.19494090626542e-09,0.819899619401445,0.26,0.206,2.29309159912334e-05,"7","ATP11C"
1.20198788844035e-09,0.528618072009635,0.475,0.448,2.30661475791704e-05,"7","HTRA2"
1.21005576031139e-09,0.474373845454879,0.536,0.526,2.32209700403755e-05,"7","ARFIP2"
1.21352303930539e-09,0.457611268933177,0.56,0.561,2.32875071242704e-05,"7","PHIP"
1.21811856684791e-09,0.683315277637745,0.372,0.328,2.33756952978114e-05,"7","LRBA"
1.29206527732383e-09,0.638183603637447,0.383,0.338,2.47947326718442e-05,"7","GCAT"
1.29727320705624e-09,0.705383762247083,0.339,0.293,2.48946728434092e-05,"7","THUMPD2"
1.38655373302026e-09,0.696702341411872,0.355,0.311,2.66079661366588e-05,"7","TSPAN13"
1.39010648122155e-09,0.623593052911736,0.435,0.408,2.66761433746416e-05,"7","EXOC5"
1.41132753289681e-09,0.678726986932957,0.35,0.303,2.70833753562899e-05,"7","TIFA"
1.42274386860838e-09,0.761448975330955,0.319,0.269,2.73024548385949e-05,"7","TRIM56"
1.42834021151971e-09,0.597183951046679,0.383,0.34,2.74098486590632e-05,"7","MGME1"
1.47421189620574e-09,0.748013657211795,0.329,0.28,2.82901262881881e-05,"7","FH"
1.5226500750609e-09,0.746596672510282,0.285,0.231,2.92196549404187e-05,"7","RANBP3"
1.52578866985009e-09,0.378353296384317,0.571,0.571,2.92798845744231e-05,"7","NUDT1"
1.55041385746443e-09,0.514113438639776,0.463,0.437,2.97524419247424e-05,"7","COIL"
1.59672588319082e-09,0.278879739795538,0.726,0.733,3.06411696984319e-05,"7","TUBB4B"
1.60328797964714e-09,0.366553417004203,0.619,0.616,3.07670963294286e-05,"7","PRKAR1A"
1.60953862184209e-09,0.392584598275682,0.611,0.621,3.08870461531497e-05,"7","TARDBP"
1.62237065612143e-09,0.336085738154557,0.711,0.73,3.11332928909702e-05,"7","LINC00657"
1.64312346869831e-09,0.569121260788682,0.427,0.396,3.15315393643206e-05,"7","CPSF2"
1.6465033189357e-09,0.453368982220232,0.57,0.57,3.15963986903761e-05,"7","MT-ND4L"
1.70079941327743e-09,0.434513341714631,0.572,0.58,3.26383407407939e-05,"7","RAB6A"
1.75927878170946e-09,0.258259238285176,0.8,0.811,3.37605598210046e-05,"7","DCUN1D5"
1.77826638552183e-09,0.497693815333655,0.49,0.467,3.4124931938164e-05,"7","CREM"
1.77887617637855e-09,0.322102080623488,0.724,0.751,3.41366338247043e-05,"7","TOP1"
1.83718975029217e-09,0.38423902512282,0.646,0.658,3.52556713081068e-05,"7","TM2D1"
1.90339130138162e-09,0.43619268409952,0.568,0.566,3.65260790735134e-05,"7","HPCAL1"
1.91875434911843e-09,0.447720533235936,0.532,0.517,3.68208959595826e-05,"7","IPO5"
1.92021639661271e-09,0.354787723128526,0.609,0.614,3.68489526509979e-05,"7","PSMD9"
1.92667817950508e-09,0.366457865148908,0.665,0.686,3.69729542647026e-05,"7","C15orf61"
1.92704617056489e-09,0.686646613142331,0.303,0.25,3.69800160131403e-05,"7","GRIPAP1"
1.94762448678629e-09,0.380490296756188,0.568,0.563,3.73749139014288e-05,"7","CACUL1"
1.99749606000182e-09,0.548846376725375,0.442,0.413,3.83319493914349e-05,"7","UXS1"
2.00247465778627e-09,0.314711512997733,0.754,0.797,3.84274886829185e-05,"7","EIF4A1"
2.03094506910935e-09,0.741634712961442,0.307,0.257,3.89738358762084e-05,"7","CRTC3"
2.05380551856654e-09,0.331644356806062,0.641,0.652,3.9412527901292e-05,"7","CHMP3"
2.07073577150741e-09,0.563510566954716,0.441,0.408,3.97374194552272e-05,"7","SPTBN1"
2.11030303843441e-09,0.481071849957962,0.51,0.499,4.04967153075564e-05,"7","RBM23"
2.11887613264329e-09,0.705458484110869,0.31,0.26,4.06612329854247e-05,"7","PFKP"
2.16446587960153e-09,0.639548652975368,0.376,0.336,4.15361002295533e-05,"7","MFAP1"
2.20776551435462e-09,0.731952493721778,0.275,0.22,4.23670202204651e-05,"7","KCNQ1OT1"
2.22183020701532e-09,0.519682341525355,0.483,0.46,4.26369216726241e-05,"7","ITM2A"
2.25162984725423e-09,0.426750417093553,0.561,0.561,4.32087767688087e-05,"7","THOC6"
2.27457111023413e-09,0.302206978569667,0.772,0.804,4.3649019605393e-05,"7","COPRS"
2.28235285335768e-09,0.503894331468899,0.489,0.469,4.37983512559338e-05,"7","CNOT11"
2.33743547165685e-09,0.586623269760877,0.396,0.354,4.48553867010949e-05,"7","EZR"
2.53798519049269e-09,0.449869834860175,0.559,0.558,4.87039358055548e-05,"7","ARHGAP15"
2.53982146045369e-09,0.508725707479496,0.491,0.479,4.87391738261063e-05,"7","GTF3C5"
2.55491846914411e-09,0.697022591897035,0.334,0.287,4.90288854228755e-05,"7","STX8"
2.60679747470545e-09,0.375713425508033,0.624,0.634,5.00244435395975e-05,"7","GPN3"
2.62145821671884e-09,0.538657136703219,0.444,0.419,5.03057831788345e-05,"7","RPF1"
2.62228968675166e-09,0.614950462237715,0.38,0.344,5.03217390887644e-05,"7","VPS72"
2.62787881398158e-09,0.691444580369717,0.327,0.279,5.04289944403066e-05,"7","CEP290"
2.66797962025036e-09,0.673579263471165,0.375,0.338,5.11985289126044e-05,"7","TMEM177"
2.73488132473169e-09,0.778084679269024,0.297,0.246,5.24823726216011e-05,"7","RECQL"
2.7717537137024e-09,0.751804419364215,0.283,0.229,5.31899537659491e-05,"7","LINC01003"
2.99599359926363e-09,0.425661610743948,0.584,0.578,5.74931171698691e-05,"7","JARID2"
3.07073147165121e-09,0.566489175946201,0.45,0.425,5.89273369409867e-05,"7","MIS12"
3.20850062272138e-09,0.620647020664114,0.319,0.271,6.15711269500232e-05,"7","HIF1A"
3.21675497609735e-09,0.573306820613071,0.404,0.368,6.17295279913081e-05,"7","ARFGAP3"
3.2442650836131e-09,0.523771621614395,0.469,0.446,6.22574469545354e-05,"7","STIP1"
3.29992556211449e-09,0.312409405744767,0.623,0.618,6.33255715369771e-05,"7","MRPS5"
3.3077285518405e-09,0.562815082166714,0.389,0.348,6.34753109098192e-05,"7","TSG101"
3.30799964597063e-09,0.286712546217526,0.734,0.751,6.34805132061764e-05,"7","MRPS25"
3.33888379297513e-09,0.803421352595738,0.278,0.227,6.40731799871928e-05,"7","RMI1"
3.38836849594566e-09,0.609522829550573,0.425,0.394,6.50227914371972e-05,"7","GPR137"
3.47129920381031e-09,0.67273402792659,0.361,0.319,6.66142317211199e-05,"7","ALDH18A1"
3.59277024204279e-09,0.463452286742063,0.548,0.539,6.89452609448011e-05,"7","GPBP1L1"
3.65649398752404e-09,0.452236128114928,0.497,0.478,7.01681196205863e-05,"7","UBE2B"
3.78790997490836e-09,0.644600806021706,0.352,0.31,7.26899924184915e-05,"7","CYBRD1"
3.8132476102305e-09,0.743781829132837,0.297,0.247,7.31762216403234e-05,"7","KLHL5"
3.94320629216095e-09,0.777291639468366,0.264,0.212,7.56701287465687e-05,"7","RP11-119B16.2"
4.03044792258387e-09,0.326159601361467,0.67,0.689,7.73442956343845e-05,"7","EMD"
4.07169957092442e-09,0.633203886405099,0.363,0.32,7.81359147660397e-05,"7","PARPBP"
4.08516635965452e-09,0.600502390140764,0.391,0.35,7.83943424417703e-05,"7","BBX"
4.08563175722904e-09,0.67657976258673,0.334,0.287,7.84032734212253e-05,"7","FAM168B"
4.10524673321439e-09,0.44626856090311,0.588,0.599,7.87796848103842e-05,"7","IPO7"
4.13871036401661e-09,0.283312590778723,0.782,0.804,7.94218518854788e-05,"7","AP3S1"
4.18593033280972e-09,0.648055564130049,0.329,0.28,8.03280030866186e-05,"7","CHEK2"
4.19851231756653e-09,0.716678759647933,0.283,0.229,8.05694513741017e-05,"7","CDC25A"
4.257231076516e-09,0.708155660306919,0.345,0.303,8.1696264358342e-05,"7","POLDIP3"
4.26053164306841e-09,0.396832464014108,0.613,0.615,8.17596022304828e-05,"7","C21orf59"
4.2766151406084e-09,0.66188299681367,0.353,0.311,8.20682445482751e-05,"7","GTPBP3"
4.31135827842807e-09,0.612767467568047,0.395,0.362,8.27349653630347e-05,"7","PHF6"
4.43724608409288e-09,0.259194978495895,0.819,0.849,8.51507523537425e-05,"7","MT-ND5"
4.44804307281034e-09,0.594882428765639,0.43,0.398,8.53579465672303e-05,"7","TCERG1"
4.4773719433028e-09,0.508632359212847,0.459,0.433,8.59207675919807e-05,"7","DHPS"
4.48318604789441e-09,0.482164220885545,0.501,0.479,8.60323402590937e-05,"7","SNW1"
4.504650367797e-09,0.461455557729679,0.497,0.475,8.64442405580245e-05,"7","BCCIP"
4.51766687481644e-09,0.659846655284163,0.344,0.299,8.66940273277274e-05,"7","HEBP1"
4.51992902595054e-09,0.684012013548087,0.319,0.274,8.67374380079908e-05,"7","DLD"
4.56324209491043e-09,0.740548500225542,0.335,0.292,8.75686158013312e-05,"7","CSTF1"
4.61134671842311e-09,0.499182997638858,0.508,0.483,8.84917435265394e-05,"7","ATAD3A"
4.65062766978661e-09,0.593097851369686,0.422,0.396,8.92455449832051e-05,"7","TIMM21"
4.70825496558956e-09,0.62525731762842,0.39,0.351,9.03514127896636e-05,"7","NT5C3A"
4.76845982811923e-09,0.374481386710119,0.644,0.685,9.1506744101608e-05,"7","HSD17B10"
4.77365843936307e-09,0.666101549169251,0.322,0.275,9.16065054513774e-05,"7","BLM"
4.80609146519994e-09,0.422908247322076,0.543,0.537,9.22288952171869e-05,"7","NAPA"
5.00214931510339e-09,0.406133173354099,0.639,0.647,9.59912453568341e-05,"7","FOXP1"
5.15508536374245e-09,0.623215518573384,0.366,0.326,9.89260881302176e-05,"7","CALU"
5.21412697053488e-09,0.28414491475562,0.747,0.766,0.000100059096564564,"7","SIGIRR"
5.24922391870864e-09,0.256089457506631,0.746,0.785,0.000100732607000019,"7","RNF181"
5.51919746652257e-09,0.387837487202572,0.578,0.588,0.000105913399382568,"7","DCAF12"
5.71817885284769e-09,0.80091110887215,0.256,0.204,0.000109731852186147,"7","ANKRD36"
5.75222198370312e-09,0.680817703594242,0.38,0.344,0.000110385139867263,"7","XYLT1"
5.84932048602415e-09,0.527258487343259,0.461,0.442,0.000112248460126803,"7","CWC25"
5.85083466948693e-09,0.473721966587322,0.51,0.504,0.000112277517307454,"7","EIF2B1"
5.95464865085028e-09,0.771457776674345,0.269,0.217,0.000114269707609817,"7","GDI1"
5.96847806219144e-09,0.837372911624857,0.27,0.223,0.000114535094013454,"7","NCAPH"
6.02366376091324e-09,0.862045607745098,0.289,0.243,0.000115594107571925,"7","SORL1"
6.0629669269432e-09,0.75429504344489,0.297,0.25,0.00011634833532804,"7","MICU2"
6.07108963256771e-09,0.463603505657067,0.527,0.514,0.000116504210048974,"7","ITSN2"
6.17383220241372e-09,0.480331832479611,0.466,0.432,0.000118475839964319,"7","RHOC"
6.22196810057595e-09,0.390112505363775,0.603,0.607,0.000119399567850052,"7","NSMCE1"
6.34573517181866e-09,0.279873369966924,0.857,0.881,0.0001217746579472,"7","TOMM5"
6.41265684875136e-09,0.663674522578917,0.401,0.375,0.000123058884927539,"7","TXLNA"
6.58840835718306e-09,0.924095371540306,0.251,0.202,0.000126431556374343,"7","DAAM1"
7.11186980664918e-09,0.407994067030736,0.544,0.536,0.000136476781589598,"7","PRCC"
7.43518992996539e-09,0.715487138591362,0.293,0.245,0.000142681294756036,"7","FLVCR1"
7.54443119989658e-09,0.492369811429566,0.517,0.507,0.000144777634726015,"7","CHD9"
7.72978224197309e-09,0.583365874015182,0.391,0.351,0.000148334521223463,"7","LZIC"
7.78554878820186e-09,0.519718075756013,0.499,0.48,0.000149404681245594,"7","PDZD8"
7.80418655664651e-09,0.417587172875209,0.566,0.572,0.000149762340022047,"7","G3BP1"
7.8322176002795e-09,0.609397057152487,0.39,0.351,0.000150300255749364,"7","PCSK7"
7.86842808094658e-09,0.266708449392434,0.753,0.79,0.000150995134873365,"7","GNB1"
7.96955831325774e-09,0.89876507141416,0.259,0.211,0.000152935824031416,"7","TBC1D5"
8.12253511814211e-09,0.602803562420069,0.375,0.34,0.000155871448917147,"7","TMEM99"
8.38857555110155e-09,0.330799566134372,0.679,0.701,0.000160976764825639,"7","RNF126"
8.44356523905505e-09,0.673267609129606,0.356,0.317,0.000162032016937466,"7","TAF2"
8.47915927815875e-09,0.258230862684899,0.773,0.822,0.000162715066547866,"7","COX20"
8.60737049105102e-09,0.651967352102043,0.356,0.314,0.000165175439723269,"7","POC1A"
8.64226790671674e-09,0.256496489622915,0.751,0.794,0.000165845121129894,"7","BCLAF1"
8.64381827964819e-09,0.440207160147285,0.526,0.511,0.000165874872786449,"7","EPC1"
8.85346019929989e-09,0.306890842502647,0.686,0.71,0.000169897901224565,"7","ALKBH5"
8.95898871902969e-09,0.733450220774673,0.324,0.281,0.00017192299351818,"7","GCC2"
9.06988606685674e-09,0.701566745267984,0.35,0.313,0.000174051113622981,"7","S100PBP"
9.09048949864453e-09,0.525747094990016,0.425,0.399,0.000174446493478988,"7","RHNO1"
9.34002592261863e-09,0.774482986977241,0.273,0.223,0.000179235097455052,"7","LPIN1"
9.37023932940724e-09,0.737545729175275,0.321,0.278,0.000179814892731325,"7","RP11-12G12.7"
9.59416936394249e-09,0.547272890563091,0.441,0.417,0.000184112110094056,"7","NMRAL1"
1.01394020059577e-08,0.707204748533631,0.305,0.256,0.000194575124494329,"7","GNB1L"
1.04090814433964e-08,0.755234866210328,0.252,0.2,0.000199750272898776,"7","RP1-39G22.7"
1.04603789034203e-08,0.71216354624901,0.304,0.257,0.000200734671156635,"7","ING5"
1.05944139349157e-08,0.40396920638939,0.628,0.658,0.000203306803411032,"7","ZBTB44"
1.09619506541759e-08,0.604860127586882,0.383,0.351,0.000210359833053635,"7","PHKG2"
1.13329412432889e-08,0.434985176948756,0.558,0.552,0.000217479142458713,"7","PDHA1"
1.16700315321746e-08,0.450199454072841,0.497,0.487,0.00022394790510243,"7","USF2"
1.21145947024808e-08,0.60730728548407,0.359,0.317,0.000232479072340606,"7","ATXN3"
1.23628538930932e-08,0.670536370624182,0.323,0.277,0.000237243166208458,"7","TOE1"
1.23984316901675e-08,0.743518461283063,0.281,0.235,0.000237925904134315,"7","GMPS"
1.25045449070634e-08,0.663474435259061,0.364,0.328,0.000239962216766547,"7","OBFC1"
1.25734953762879e-08,0.51616760306957,0.476,0.457,0.000241285376270965,"7","NOL8"
1.27474070383377e-08,0.724211727576555,0.302,0.254,0.0002446227410657,"7","CNPPD1"
1.29410669025478e-08,0.279334333785958,0.741,0.785,0.000248339073859893,"7","NDUFA2"
1.32948039511954e-08,0.38071846414706,0.661,0.675,0.000255127287823439,"7","WDR43"
1.35128343997579e-08,0.771842245903789,0.284,0.237,0.000259311292131354,"7","BICD1"
1.3779623941863e-08,0.545016627721305,0.44,0.418,0.000264430983444351,"7","CYB561D2"
1.39315852846504e-08,0.527897261687489,0.443,0.419,0.000267347121612442,"7","ARRB1"
1.3961507395792e-08,0.463453077439493,0.535,0.541,0.000267921326925249,"7","NDUFS2"
1.44289662240132e-08,0.311889843816563,0.701,0.727,0.000276891861838813,"7","SEC63"
1.44297272361188e-08,0.50791325814873,0.412,0.377,0.00027690646566112,"7","ARL1"
1.45405523207849e-08,0.49006749215188,0.467,0.446,0.000279033199035862,"7","TMEM218"
1.46099633807968e-08,0.538028708076153,0.406,0.372,0.000280365197277491,"7","UBN1"
1.46582386340483e-08,0.269512631007842,0.745,0.777,0.000281291599387387,"7","ERCC1"
1.51112630672501e-08,0.270080845330783,0.762,0.783,0.000289985138260529,"7","SLC1A5"
1.56371381592194e-08,0.464232759603698,0.537,0.538,0.00030007668127542,"7","MUM1"
1.57847556460702e-08,0.737924405895447,0.298,0.251,0.000302909460848086,"7","ARID5A"
1.58086265921937e-08,0.642547606555405,0.369,0.324,0.000303367544304198,"7","PRKAG2-AS1"
1.58777107489247e-08,0.486257296017647,0.485,0.467,0.000304693269271864,"7","RNMT"
1.60205628491978e-08,0.387177259987454,0.614,0.621,0.000307434601076106,"7","CISD1"
1.65037578434712e-08,0.502335433039211,0.466,0.439,0.000316707113016212,"7","VPS26A"
1.65500598228785e-08,0.271832103117446,0.687,0.698,0.000317595648001039,"7","PPP4R2"
1.65790071958435e-08,0.432868057959258,0.527,0.527,0.000318151148088237,"7","ASNSD1"
1.69521412949556e-08,0.537593631762742,0.426,0.398,0.000325311591450199,"7","NOTCH1"
1.70316925504077e-08,0.677134565242532,0.389,0.362,0.000326838180042323,"7","ATP2B4"
1.71975088147816e-08,0.332696111103424,0.688,0.691,0.000330020194155659,"7","YTHDC1"
1.74493161553298e-08,0.528689306056922,0.465,0.45,0.00033485237702078,"7","IRF3"
1.74513141538212e-08,0.439493189058727,0.583,0.59,0.000334890718611828,"7","TPD52L2"
1.79764197639526e-08,0.596718458415799,0.388,0.352,0.00034496749527025,"7","SCAMP4"
1.82006178606695e-08,0.584339311335547,0.364,0.327,0.000349269856746247,"7","RNFT1"
1.90700655185791e-08,0.491347502486889,0.486,0.469,0.000365954557301533,"7","PIGH"
1.92826407314126e-08,0.28718520755699,0.69,0.712,0.000370033875635808,"7","LMAN1"
1.99002576377552e-08,0.491048335187513,0.485,0.473,0.000381885944068522,"7","ALG13"
2.0493783591318e-08,0.679895971014952,0.345,0.307,0.000393275707117392,"7","GALNT7"
2.05082159951735e-08,0.487910400002636,0.488,0.488,0.00039355266494738,"7","NIPSNAP3A"
2.13208768521415e-08,0.458413567277732,0.508,0.499,0.000409147626792595,"7","UBL4A"
2.13328610457554e-08,0.293594462166823,0.729,0.77,0.000409377603468047,"7","CRLS1"
2.13468792810808e-08,0.283066525909505,0.705,0.745,0.00040964661340394,"7","SDF4"
2.14004241232589e-08,0.566878265389362,0.405,0.375,0.000410674138925338,"7","MAP3K13"
2.15466766659023e-08,0.628460190081698,0.361,0.321,0.000413480725218665,"7","LRRC14"
2.20487571936851e-08,0.53000389359304,0.449,0.429,0.000423115650546816,"7","RAB5A"
2.3158561183442e-08,0.403752250596426,0.602,0.62,0.000444412789110253,"7","BLOC1S6"
2.35938745323197e-08,0.364213132784328,0.61,0.618,0.000452766452275214,"7","EMC10"
2.40152260256085e-08,0.490292777659097,0.47,0.449,0.000460852187431427,"7","MLX"
2.47969005142793e-08,0.512388254138526,0.478,0.466,0.000475852520869019,"7","ARPC1A"
2.48973671072276e-08,0.753979380406829,0.289,0.243,0.000477780474787698,"7","FADS2"
2.51278907535626e-08,0.577262311948833,0.403,0.375,0.000482204223560866,"7","ATP2A2"
2.54555950376092e-08,0.43222855637658,0.492,0.476,0.000488492868771721,"7","ITGB1"
2.57201780735154e-08,0.73760525270741,0.283,0.238,0.000493570217230761,"7","QSER1"
2.59956307789803e-08,0.433683393122219,0.511,0.495,0.000498856154648632,"7","RHBDD3"
2.61285365636416e-08,0.561979439687849,0.38,0.343,0.000501406616656282,"7","AC002310.12"
2.62592896190855e-08,0.622195686784085,0.376,0.343,0.000503915767790251,"7","UBAC2"
2.64764074851595e-08,0.365615426836143,0.581,0.573,0.00050808225964021,"7","H1FX"
2.65785695860044e-08,0.298156280514595,0.727,0.758,0.000510042750355424,"7","PSMA2"
2.81488579035076e-08,0.610922473792713,0.388,0.353,0.000540176583168311,"7","TMEM128"
2.8211975352946e-08,0.409901569055645,0.561,0.564,0.000541387807023034,"7","NSFL1C"
2.82690790001864e-08,0.638189174561025,0.338,0.299,0.000542483626013577,"7","MAP2K7"
2.85532883604483e-08,0.69435526004505,0.317,0.275,0.000547937603637003,"7","XPA"
2.8923928480766e-08,0.557946741370713,0.406,0.372,0.000555050187545899,"7","RRAGA"
2.92072669095068e-08,0.4592864425949,0.485,0.474,0.000560487451993435,"7","GATAD2A"
2.95167235126792e-08,0.728448397521199,0.327,0.286,0.000566425924208313,"7","AARSD1"
2.97975609012728e-08,0.84579797207928,0.264,0.217,0.000571815193695425,"7","CHCHD6"
3.13355004506507e-08,0.797146998640304,0.266,0.218,0.000601328253647987,"7","ARHGAP5"
3.19056957479636e-08,0.528314697350067,0.444,0.422,0.000612270301403422,"7","C12orf45"
3.20575350747666e-08,0.303827186564669,0.671,0.672,0.000615184098084772,"7","SMC4"
3.22204943331733e-08,0.459410938972933,0.496,0.49,0.000618311286253597,"7","ASCL2"
3.23115883869054e-08,0.513942687419246,0.461,0.44,0.000620059381144715,"7","TM2D3"
3.24616021180863e-08,0.336234740163152,0.638,0.66,0.000622938144646077,"7","NOSIP"
3.29708733859303e-08,0.487842633993294,0.469,0.455,0.000632711060276003,"7","MRPS18A"
3.30565829212274e-08,0.368435461377552,0.594,0.598,0.000634355826258353,"7","GCA"
3.36620622752494e-08,0.343823660530154,0.66,0.664,0.000645974975062037,"7","SKA2"
3.37896532183186e-08,0.372581961797001,0.6,0.609,0.000648423445259533,"7","DYNC1I2"
3.57420628856707e-08,0.547386722580958,0.449,0.438,0.000685890186776021,"7","DNM1L"
3.58391196263267e-08,0.554707371855256,0.423,0.393,0.000687752705629209,"7","QTRT1"
3.65555582586236e-08,0.582305401556672,0.408,0.381,0.000701501162982988,"7","JMJD1C"
3.6669600303972e-08,0.637376477072719,0.37,0.33,0.000703689629833222,"7","GUCY1B3"
3.67841278095412e-08,0.634328837652423,0.358,0.321,0.000705887412665095,"7","ACOT8"
3.6962524808142e-08,0.273310874797049,0.737,0.765,0.000709310851068244,"7","SRP72"
3.83130401338235e-08,0.777743965962192,0.29,0.246,0.000735227240168074,"7","AKAP7"
3.85096048974282e-08,0.553428882509342,0.456,0.447,0.000738999317981646,"7","CCZ1"
3.88949292808338e-08,0.440451237614542,0.477,0.455,0.000746393692899201,"7","SLC36A4"
3.93276623776239e-08,0.629565300505954,0.36,0.325,0.000754697841026602,"7","TAZ"
3.94923160211903e-08,0.638505237821312,0.375,0.344,0.000757857544446642,"7","NFKBIB"
4.11426964304748e-08,0.371021763563677,0.626,0.647,0.000789528344500812,"7","GRSF1"
4.14493980490422e-08,0.781738623899471,0.278,0.235,0.00079541394856112,"7","TCOF1"
4.17589620708333e-08,0.622831102044452,0.367,0.332,0.000801354482139292,"7","ANKLE2"
4.27663916253069e-08,0.546251814294492,0.449,0.426,0.000820687055289639,"7","NFYB"
4.32948727399489e-08,0.685091682494919,0.314,0.274,0.00083082860787962,"7","PI4KA"
4.42473068707149e-08,0.428647077316031,0.55,0.551,0.000849105818849019,"7","RIOK1"
4.43968427510997e-08,0.398541634622885,0.601,0.601,0.000851975412393604,"7","MBP"
4.48862886128637e-08,0.481533620545525,0.474,0.464,0.000861367878480854,"7","VAMP7"
4.65041886393842e-08,0.268094061781009,0.722,0.741,0.000892415379989783,"7","UBE2E3"
4.66030896033495e-08,0.543485313047342,0.412,0.386,0.000894313289488278,"7","MRGBP"
4.69607989539512e-08,0.684020333789618,0.317,0.276,0.000901177731926324,"7","PPP1R3E"
4.76032792175593e-08,0.63596479237676,0.367,0.337,0.000913506928184963,"7","TUBGCP4"
4.77403483492928e-08,0.453870551435777,0.529,0.526,0.000916137284822928,"7","COX11"
4.97555551960629e-08,0.681517347853426,0.292,0.247,0.000954809104212448,"7","APEX2"
5.11219880519406e-08,0.591867339314616,0.382,0.355,0.000981030950716739,"7","ZNF414"
5.17374470196751e-08,0.526257975227961,0.424,0.399,0.000992841608307566,"7","CYP20A1"
5.18898131238484e-08,0.800902419068855,0.315,0.279,0.000995765513846651,"7","VAV3"
5.24728422487461e-08,0.541403639429712,0.39,0.356,0.00100695384275344,"7","BLVRB"
5.26148022187115e-08,0.486976435410286,0.457,0.439,0.00100967805457707,"7","PBRM1"
5.27666036101971e-08,0.527616253462751,0.426,0.404,0.00101259112327968,"7","ZNF768"
5.27673739912072e-08,0.491615260826145,0.529,0.526,0.00101260590689127,"7","ETV6"
5.31667341041095e-08,0.583143611688288,0.352,0.313,0.00102026962745786,"7","SDHA"
5.47175344391082e-08,0.436191887993107,0.531,0.518,0.00105002948588649,"7","PIGP"
5.47312490659485e-08,0.646799929288969,0.325,0.281,0.00105029266957555,"7","CLN5"
5.50397717882614e-08,0.421021754785408,0.527,0.533,0.00105621322061674,"7","TRIM44"
5.68924681886073e-08,0.627755897153315,0.312,0.267,0.00109176646453937,"7","SWSAP1"
5.91341403720779e-08,0.638909950363584,0.365,0.328,0.00113478415374017,"7","BCAT1"
5.97383292007266e-08,0.629870797675267,0.358,0.323,0.00114637853736194,"7","SUV39H2"
6.03976978816669e-08,0.378336810339631,0.545,0.546,0.00115903182234919,"7","DNTTIP1"
6.0545748565561e-08,0.535244611541774,0.424,0.401,0.00116187291497312,"7","CDC40"
6.14488380841388e-08,0.563547318778311,0.393,0.361,0.00117920320283462,"7","METAP1"
6.30102857150813e-08,0.473923424506707,0.462,0.446,0.00120916738287241,"7","ZCCHC10"
6.5907767334233e-08,0.682417229140196,0.304,0.263,0.00126477005514393,"7","AGBL5"
6.66426961294318e-08,0.809632432495073,0.282,0.242,0.0012788733387238,"7","HGSNAT"
6.83486265234952e-08,0.599488292985753,0.36,0.324,0.00131161014298587,"7","HRSP12"
7.35546099824682e-08,0.41059467503324,0.541,0.549,0.00141151296556356,"7","METTL23"
7.3736762714964e-08,0.70498964588953,0.31,0.268,0.00141500847650016,"7","CDS2"
7.4575990253079e-08,0.779506419775923,0.258,0.213,0.00143111325295659,"7","LL22NC03-2H8.5"
7.53906739109978e-08,0.441873347685756,0.55,0.548,0.00144674703235205,"7","RSF1"
7.66338099190699e-08,0.44910544859266,0.46,0.438,0.00147060281234695,"7","HNRNPLL"
7.74059545263306e-08,0.441070788106512,0.483,0.47,0.00148542026736028,"7","ZFR"
7.78657835883409e-08,0.616660689130786,0.36,0.327,0.00149424438706026,"7","USP14"
8.07912555112836e-08,0.322740715272847,0.631,0.659,0.00155038419326153,"7","XRN2"
8.17196419728764e-08,0.712453574026039,0.317,0.275,0.0015681999294595,"7","KANSL1-AS1"
8.28777132169375e-08,0.448968554834774,0.482,0.47,0.00159042331663303,"7","GPI"
8.39341291801562e-08,0.383868681879528,0.533,0.527,0.0016106959389672,"7","NDUFB5"
8.44051183642231e-08,0.573927228127015,0.456,0.443,0.00161973422140944,"7","ZNF32"
8.62058005128248e-08,0.57396419182935,0.389,0.36,0.00165428931184111,"7","DNAJB1"
8.89386435169018e-08,0.552441018845921,0.404,0.375,0.00170673256908935,"7","KAT7"
9.19637052173365e-08,0.515733644536032,0.492,0.492,0.00176478350312069,"7","STOM"
9.37864385425119e-08,0.556370243205999,0.398,0.372,0.0017997617556308,"7","CXorf40B"
9.38222743909335e-08,0.490860029336978,0.449,0.43,0.00180044944556201,"7","INO80C"
9.51784712519794e-08,0.490151334667054,0.423,0.401,0.00182647486332549,"7","FBRSL1"
9.64278557183605e-08,0.653071079549225,0.343,0.307,0.00185045055123534,"7","NUP160"
9.73155872752595e-08,0.297224582003725,0.685,0.71,0.00186748611981223,"7","HSD17B11"
9.79288345113559e-08,0.668143876285088,0.285,0.24,0.00187925433427292,"7","SUPT7L"
1.00680354113702e-07,0.639042298268029,0.292,0.247,0.00193205599544194,"7","NFRKB"
1.06397324216252e-07,0.801343459445298,0.286,0.245,0.00204176465170987,"7","REV3L"
1.08448585022903e-07,0.472994325507578,0.47,0.457,0.00208112834658952,"7","BECN1"
1.0850263177263e-07,0.324383241697512,0.627,0.635,0.00208216550371677,"7","MRPL24"
1.09228908038103e-07,0.53370168700749,0.374,0.337,0.0020961027452512,"7","SCO1"
1.09958966341604e-07,0.741849963617577,0.257,0.212,0.00211011256409538,"7","SKA1"
1.11752468488171e-07,0.725479106337678,0.312,0.273,0.002144529870288,"7","PRPSAP2"
1.11839925738939e-07,0.279628435942264,0.762,0.81,0.00214620817493024,"7","PCBD1"
1.12461903109836e-07,0.430103066474333,0.533,0.539,0.00215814392067775,"7","RCHY1"
1.15547911792027e-07,0.274628782088736,0.738,0.766,0.002217364427289,"7","DPM2"
1.18340744067337e-07,0.310853926288188,0.643,0.659,0.0022709588786522,"7","PHF14"
1.20007433871355e-07,0.564740679893255,0.368,0.331,0.0023029426559913,"7","BCAS2"
1.22081395911789e-07,0.396016046013078,0.585,0.599,0.00234274198754724,"7","LAMP1"
1.23087657054611e-07,0.387311215602823,0.543,0.516,0.00236205213887798,"7","CRIP1"
1.24576538393086e-07,0.326182594598052,0.666,0.682,0.00239062377176332,"7","RNASET2"
1.2463824108531e-07,0.748508752234437,0.269,0.228,0.0023918078464271,"7","MAPK8"
1.24760146992372e-07,0.569409114015141,0.398,0.374,0.00239414722078363,"7","MARCH7"
1.26937205486137e-07,0.550148159057968,0.423,0.401,0.00243592497327897,"7","EPM2AIP1"
1.27995574247278e-07,0.541022970501625,0.432,0.407,0.00245623506980526,"7","RAB18"
1.29146037594762e-07,0.628442478589694,0.365,0.332,0.00247831246144349,"7","ACTR10"
1.32938939101366e-07,0.506471485619244,0.485,0.486,0.00255109824135521,"7","LARS"
1.38607461383379e-07,0.416982914747802,0.509,0.508,0.00265987718394704,"7","TMED1"
1.41663242770006e-07,0.650272943754852,0.305,0.264,0.00271851762875642,"7","ZNF512"
1.41996172467636e-07,0.544861488812355,0.429,0.406,0.00272490654965394,"7","MMAB"
1.42936468479058e-07,0.425709108920397,0.461,0.44,0.00274295083011312,"7","RABL2B"
1.44761996869185e-07,0.448570457879626,0.456,0.436,0.00277798271991965,"7","YTHDF1"
1.45750035845897e-07,0.622212228196217,0.358,0.329,0.00279694318788277,"7","ALG12"
1.47616135233583e-07,0.421113521478085,0.508,0.499,0.00283275363513245,"7","SEC22B"
1.5227020418333e-07,0.594077420060789,0.354,0.319,0.00292206521827811,"7","RCCD1"
1.54728938714567e-07,0.503392574444714,0.482,0.471,0.00296924833393255,"7","RP11-352M15.2"
1.55155727266682e-07,0.29789337356838,0.675,0.691,0.00297743840624763,"7","SRI"
1.5811228898346e-07,0.509317447060011,0.44,0.416,0.0030341748255926,"7","CALCOCO2"
1.63025575658535e-07,0.34741679832614,0.621,0.643,0.00312846079688729,"7","PWP1"
1.63997389120393e-07,0.568473242860358,0.39,0.359,0.00314710989722034,"7","LRRC47"
1.67480773916323e-07,0.494878265815305,0.432,0.408,0.00321395605145424,"7","MUS81"
1.69815761927089e-07,0.365686868498788,0.589,0.604,0.00325876447138083,"7","SPOP"
1.71874775287354e-07,0.574813896700983,0.383,0.354,0.00329827693776433,"7","MED6"
1.77136546068056e-07,0.820213027930617,0.277,0.236,0.00339925031904599,"7","MYCT1"
1.77624465030942e-07,0.49290259916843,0.447,0.434,0.00340861348394379,"7","CDC34"
1.80478247637846e-07,0.74330344928964,0.252,0.206,0.00346337757217026,"7","IFRD1"
1.80606787716801e-07,0.489712016730046,0.449,0.435,0.00346584425628542,"7","TM2D2"
1.84821581172962e-07,0.716591933360575,0.312,0.273,0.00354672614270913,"7","SMIM8"
1.87108141681424e-07,0.301915313037646,0.676,0.707,0.00359060523886654,"7","VIMP"
1.97181814415656e-07,0.505691014786979,0.466,0.449,0.00378391901863645,"7","NGLY1"
1.97916923624952e-07,0.721534990025185,0.272,0.229,0.00379802576436282,"7","ARV1"
1.98202931102891e-07,0.696309924380943,0.29,0.246,0.00380351424786447,"7","RPAP3"
1.98820859085012e-07,0.547439516661274,0.43,0.412,0.00381537228584139,"7","USP8"
2.07658602163448e-07,0.712050158951658,0.321,0.283,0.00398496857551657,"7","LYRM7"
2.10904582915794e-07,0.337024824664571,0.631,0.635,0.00404725894615408,"7","USP48"
2.18043473684304e-07,0.759861031419872,0.308,0.272,0.00418425426000179,"7","AP2A2"
2.25064626090038e-07,0.727430817458283,0.256,0.212,0.00431899017466783,"7","NSMCE2"
2.25347595409964e-07,0.513927731163556,0.423,0.403,0.00432442035591721,"7","DECR1"
2.2960459386138e-07,0.586854495501025,0.381,0.355,0.00440611215619988,"7","NET1"
2.37006477378012e-07,0.50562560482109,0.477,0.469,0.00454815430088405,"7","KIAA1143"
2.39164425507988e-07,0.452956298826783,0.483,0.476,0.00458956532549829,"7","DNAJB11"
2.43936220825001e-07,0.538610413653516,0.369,0.339,0.00468113607763177,"7","SMIM13"
2.49087498853166e-07,0.258636119321752,0.763,0.803,0.00477998910299226,"7","CHURC1"
2.60398576752818e-07,0.53762265855435,0.387,0.361,0.00499704868788658,"7","SAP30BP"
2.84792435190031e-07,0.749224209047503,0.25,0.205,0.00546516683129669,"7","METTL2A"
2.88480174162862e-07,0.586891093347047,0.362,0.33,0.00553593454218532,"7","RFX5"
2.93679744152186e-07,0.355128117500875,0.542,0.542,0.00563571429028045,"7","NT5DC2"
2.94363141516386e-07,0.415453026539218,0.529,0.534,0.00564882868569945,"7","RBM6"
2.97058113583985e-07,0.72664789775527,0.286,0.245,0.00570054519967667,"7","CEP152"
2.98431213760156e-07,0.330671468689431,0.623,0.633,0.00572689499205739,"7","PRAME"
3.01102942494865e-07,0.487220647310146,0.508,0.506,0.00577816546647645,"7","HSH2D"
3.07108275461875e-07,0.561336858524103,0.422,0.405,0.00589340780611337,"7","FUZ"
3.08612477018132e-07,0.762729207731095,0.289,0.253,0.00592227343397796,"7","COMMD2"
3.10668785228255e-07,0.512269623604859,0.401,0.37,0.00596173398853022,"7","PDCL"
3.10776985625232e-07,0.544232275302862,0.345,0.31,0.0059638103541482,"7","VWA9"
3.11516770767347e-07,0.404263757702182,0.542,0.541,0.00597800683102538,"7","BDP1"
3.25285256934163e-07,0.443517712903422,0.507,0.499,0.00624222408056659,"7","PEX2"
3.29872435256864e-07,0.657566766137264,0.342,0.306,0.00633025203257922,"7","ITGA6"
3.34711249836465e-07,0.403551127190533,0.503,0.499,0.00642310888436176,"7","LINC00116"
3.50278470773605e-07,0.671188218043205,0.345,0.312,0.00672184385414549,"7","SRRT"
3.50319897092576e-07,0.463522107943467,0.491,0.493,0.00672263882520654,"7","AHCYL1"
3.60296201468033e-07,0.435958159436125,0.497,0.492,0.00691408410617155,"7","ATP6AP1"
3.74631842433435e-07,0.492228730285297,0.407,0.385,0.00718918505629762,"7","RBM18"
3.76900223908124e-07,0.305130030228298,0.6,0.618,0.00723271529679689,"7","SLC25A37"
3.78878089693299e-07,0.541276452713755,0.425,0.412,0.00727067054121441,"7","RMND5A"
3.83766252074983e-07,0.477130092934237,0.445,0.428,0.00736447437731892,"7","NUP210"
3.91767792369448e-07,0.648107908986722,0.338,0.305,0.0075180239355697,"7","EHMT2"
3.97026757051352e-07,0.423129793211437,0.558,0.57,0.00761894346781544,"7","RITA1"
4.02204510741259e-07,0.290509516524188,0.648,0.672,0.00771830456112476,"7","PRPF4B"
4.17696433439625e-07,0.665462859433936,0.337,0.306,0.0080155945577064,"7","NTHL1"
4.2434716199679e-07,0.333702848745454,0.628,0.638,0.0081432220387184,"7","MBOAT7"
4.45287802135738e-07,0.595011821796875,0.408,0.397,0.00854507292298481,"7","CHCHD4"
4.54901689975351e-07,0.349608755857849,0.63,0.644,0.00872956343062698,"7","RSRP1"
4.60088196879467e-07,0.304299159763279,0.641,0.674,0.00882909249811697,"7","ADRBK1"
4.62571175088279e-07,0.277697147255986,0.696,0.721,0.00887674084994407,"7","URM1"
4.72094968844128e-07,0.298879260047275,0.645,0.653,0.00905950245211881,"7","BPTF"
4.78407677617054e-07,0.513648663816954,0.452,0.443,0.00918064333347126,"7","CASC4"
4.84245750996135e-07,0.272045566497082,0.682,0.703,0.00929267596161584,"7","HP1BP3"
4.84696174142328e-07,0.590941247745766,0.343,0.309,0.00930131958179128,"7","CLIC4"
4.8624647040994e-07,0.595479672247114,0.369,0.341,0.00933106976716675,"7","TIA1"
5.0033847223303e-07,0.649322708886601,0.3,0.261,0.00960149528215185,"7","KIAA1715"
5.13335776645699e-07,0.486093481257036,0.455,0.442,0.00985091355383097,"7","NRAS"
5.35746404310368e-07,0.266391066306689,0.69,0.729,0.010280973498716,"7","SYF2"
5.38124644694437e-07,0.741472032981207,0.262,0.222,0.0103266119316862,"7","DNMT3B"
5.45534465402181e-07,0.592058450337597,0.365,0.342,0.0104688063910678,"7","FARSB"
5.45766379636968e-07,0.508448219130232,0.403,0.382,0.0104732568252334,"7","PTCD3"
5.49135291417322e-07,0.662865493471197,0.322,0.294,0.0105379062422984,"7","NUP153"
5.60892175605176e-07,0.41984562030552,0.525,0.526,0.0107635208498633,"7","ZNF770"
5.67433392454227e-07,0.54155444088419,0.408,0.388,0.0108890468011966,"7","ZCCHC9"
6.03715264916167e-07,0.637792590292013,0.333,0.3,0.0115852959337412,"7","HS2ST1"
6.13505605313679e-07,0.364354517456668,0.611,0.639,0.0117731725659695,"7","SLC50A1"
6.32670914047638e-07,0.363316652549104,0.601,0.618,0.0121409548405742,"7","DAP"
6.42815671958658e-07,0.634081803251242,0.302,0.26,0.0123356327448866,"7","TLE3"
6.48535068660021e-07,0.60139083044518,0.375,0.351,0.0124453879675858,"7","LAP3"
6.53061595166865e-07,0.505321235930768,0.415,0.392,0.0125322520112521,"7","TMED4"
6.57678381400369e-07,0.548013368415328,0.346,0.312,0.0126208481390731,"7","TTF1"
6.86905585853356e-07,0.304146101354218,0.632,0.656,0.0131817181925259,"7","CHTOP"
6.94054644540889e-07,0.597942336532787,0.3,0.257,0.0133189086287397,"7","IRF1"
6.94320216137223e-07,0.620014615526498,0.338,0.306,0.0133240049476733,"7","MTPAP"
7.00647900969342e-07,0.717798694660992,0.264,0.223,0.0134454332196017,"7","N4BP2"
7.06005551575268e-07,0.458227157065473,0.449,0.441,0.0135482465347294,"7","COMMD5"
7.1141899852359e-07,0.688304499292268,0.299,0.265,0.0136521305816677,"7","LOXL1-AS1"
7.12360367470408e-07,0.36722083988926,0.56,0.567,0.0136701954517571,"7","PARL"
7.1304279769336e-07,0.326543834153837,0.59,0.597,0.0136832912877356,"7","RHOH"
7.31528667975747e-07,0.571414880626414,0.388,0.367,0.0140380351384546,"7","BTBD1"
7.34162727817829e-07,0.322563488187343,0.617,0.63,0.0140885827468241,"7","LSM8"
7.37847431429996e-07,0.333064461476622,0.591,0.607,0.0141592922091416,"7","ACTN4"
7.43077920264107e-07,0.466167537325514,0.41,0.39,0.0142596652898682,"7","SEC22C"
7.45902583906392e-07,0.537175688209077,0.4,0.377,0.0143138705851637,"7","GPATCH8"
7.67377318549794e-07,0.540476384648604,0.399,0.373,0.0147259707429705,"7","THOP1"
7.70084123896267e-07,0.652227266288303,0.285,0.243,0.0147779143375694,"7","CTB-31O20.2"
7.74790088484641e-07,0.383111960475484,0.597,0.61,0.0148682217980203,"7","SMARCA4"
7.7612094297173e-07,0.517680583864454,0.42,0.408,0.0148937608956275,"7","PCYT2"
7.83964134275625e-07,0.596763348612869,0.361,0.334,0.0150442717367492,"7","TRNAU1AP"
7.88164625281839e-07,0.609052510764649,0.336,0.305,0.0151248791591585,"7","CREBZF"
7.95106444266055e-07,0.729860506943175,0.252,0.209,0.0152580926654656,"7","NAA16"
8.15344803827849e-07,0.570770605020102,0.398,0.377,0.0156464667854564,"7","NARS2"
8.3605269599057e-07,0.595515696555027,0.289,0.25,0.016043851236059,"7","GPATCH11"
8.40806352219608e-07,0.631210803173313,0.29,0.251,0.0161350738990943,"7","GPR89A"
8.6088507246403e-07,0.44981167299523,0.449,0.437,0.0165203845405847,"7","PPP1R8"
8.77858377617486e-07,0.542587786469481,0.321,0.279,0.0168461022664796,"7","SLA"
9.00821229695262e-07,0.730468162322684,0.261,0.222,0.0172867593978521,"7","GEMIN2"
9.11922479296969e-07,0.646218426507929,0.278,0.238,0.0174997923777088,"7","UHRF2"
9.16058672979036e-07,0.46287919710143,0.416,0.397,0.0175791659344677,"7","HNRNPL"
9.16587590642836e-07,0.421858991609892,0.504,0.511,0.017589315864436,"7","EXOSC7"
9.24013989801402e-07,0.48063245762253,0.403,0.378,0.0177318284642889,"7","SNAPC2"
9.33221334023135e-07,0.316055364353543,0.564,0.576,0.017908517399904,"7","SELT"
9.53353539587078e-07,0.552590098918921,0.363,0.34,0.018294854424676,"7","DCTN6"
9.63116427712463e-07,0.38998368646852,0.5,0.496,0.0184822042478022,"7","ARMC6"
1.00555232692505e-06,0.419464573180091,0.48,0.476,0.0192965491536917,"7","ATG5"
1.00954620556592e-06,0.620174765628408,0.381,0.369,0.01937319168481,"7","IDH3A"
1.01030204890124e-06,0.461002862576753,0.457,0.446,0.0193876963184148,"7","SMARCD2"
1.01400137153007e-06,0.597714913725439,0.347,0.318,0.019458686319662,"7","PHF10"
1.04222105570406e-06,0.508317892086417,0.395,0.369,0.0200002220589608,"7","ZFPL1"
1.04833547029454e-06,0.27379769334574,0.871,0.894,0.0201175576749522,"7","HNRNPH1"
1.05365256134352e-06,0.727323225220073,0.261,0.222,0.0202195926521821,"7","SLC25A29"
1.06400512024658e-06,0.557116513141558,0.372,0.343,0.0204182582575319,"7","EIF2B4"
1.07840370915704e-06,0.5682440750696,0.361,0.333,0.0206945671787235,"7","CETN2"
1.07969722292237e-06,0.669438588915661,0.284,0.244,0.0207193897078803,"7","OPTN"
1.10963723153867e-06,0.62183654593643,0.379,0.359,0.021293938473227,"7","RFXAP"
1.12117468229013e-06,0.73582313092627,0.295,0.264,0.0215153421531477,"7","PATL1"
1.17358256362251e-06,0.698714511798129,0.281,0.242,0.022521049395916,"7","PER2"
1.17882591605145e-06,0.790003693775205,0.252,0.213,0.0226216693290274,"7","IL16"
1.19469201500683e-06,0.277932664690662,0.637,0.654,0.022926139767981,"7","PTP4A1"
1.21009303781285e-06,0.663582962263786,0.295,0.257,0.0232216853956286,"7","NELFA"
1.21835162181972e-06,0.483366254433376,0.403,0.382,0.0233801676227205,"7","IP6K2"
1.23927112668085e-06,0.379783482477226,0.524,0.519,0.0237816129210055,"7","SLC38A2"
1.27467310441147e-06,0.361929378576785,0.599,0.621,0.024460976873656,"7","PRPF19"
1.28714147450922e-06,0.637275271877473,0.368,0.348,0.0247002448958319,"7","ABHD12"
1.32195131211382e-06,0.511884443926808,0.402,0.382,0.0253682456794641,"7","FAM215B"
1.33623146715265e-06,0.62696707686399,0.315,0.279,0.0256422818546593,"7","ZNF48"
1.36802170549196e-06,0.559005462006275,0.37,0.344,0.0262523365283908,"7","CCDC28A"
1.37000925739287e-06,0.42308883104378,0.5,0.506,0.0262904776493692,"7","ZNF787"
1.3798770889671e-06,0.400389637696961,0.526,0.538,0.0264798413372787,"7","PRRC2A"
1.4108061815492e-06,0.263611458670665,0.671,0.702,0.0270733706239292,"7","GNAQ"
1.4250354310856e-06,0.457235408167326,0.447,0.437,0.0273464299225327,"7","AIP"
1.43033228698769e-06,0.651504696297546,0.294,0.257,0.0274480765872938,"7","NOC3L"
1.47209849025476e-06,0.492291748368333,0.429,0.414,0.0282495700279889,"7","TNIP1"
1.4765421293068e-06,0.520727248503756,0.406,0.387,0.0283348434613975,"7","GNPAT"
1.47691389862989e-06,0.527661032011501,0.41,0.395,0.0283419777147075,"7","APP"
1.50283691858221e-06,0.400216486517699,0.519,0.512,0.0288394404675925,"7","LETM1"
1.56421939124105e-06,0.664915908867635,0.307,0.272,0.0300173701179157,"7","EXOC6"
1.57568690037188e-06,0.402676837287226,0.509,0.51,0.0302374316181363,"7","IKBIP"
1.58274272700655e-06,0.594659671173307,0.346,0.322,0.0303728329312556,"7","EXOC7"
1.59666238170462e-06,0.659970798871305,0.268,0.23,0.0306399511049116,"7","LPGAT1"
1.59906703955955e-06,0.639362352942011,0.32,0.288,0.0306860964891477,"7","EMID1"
1.6171524657541e-06,0.576546344653147,0.312,0.276,0.0310331558178212,"7","EIF2B5"
1.61996099723265e-06,0.704113369929227,0.293,0.255,0.0310870515368946,"7","ORAI3"
1.6345648460931e-06,0.555642709710434,0.384,0.365,0.0313672993965265,"7","TTC1"
1.63483204392163e-06,0.39241569297423,0.483,0.477,0.0313724269228561,"7","RNF34"
1.6360463554985e-06,0.708251717809238,0.277,0.241,0.0313957295620162,"7","EML4"
1.64078938914355e-06,0.6224820603263,0.359,0.339,0.0314867483776648,"7","SLC19A1"
1.64165191615863e-06,0.752356186217412,0.257,0.22,0.0315033002710841,"7","OXNAD1"
1.6447805964541e-06,0.494097678144298,0.416,0.395,0.0315633396459541,"7","BRWD1"
1.64660270829947e-06,0.273543512633308,0.745,0.777,0.0315983059722668,"7","SMIM15"
1.65713835455526e-06,0.720433799811803,0.269,0.232,0.0318004850239154,"7","PRR4"
1.66682638604102e-06,0.599861447240781,0.325,0.295,0.0319863983481271,"7","TCF3"
1.73386097743471e-06,0.390958776883413,0.547,0.56,0.033272792156972,"7","MAP7D3"
1.73664702648791e-06,0.691293504479835,0.294,0.259,0.0333262564383031,"7","CYB561"
1.73897363813263e-06,0.427450983850288,0.484,0.477,0.0333709041157653,"7","MAP7D1"
1.74669742580267e-06,0.452807957145421,0.455,0.442,0.0335191236011533,"7","MPP1"
1.80163375113741e-06,0.394600383336431,0.474,0.462,0.0345733516843268,"7","TIMM23"
1.80208180887511e-06,0.623110070699987,0.293,0.258,0.0345819499123134,"7","FOXM1"
1.80933491624794e-06,0.260681348959111,0.649,0.652,0.034721137042798,"7","IDS"
1.84806181951425e-06,0.509472120401654,0.422,0.409,0.0354643063164785,"7","WBP11"
1.89288130569804e-06,0.268350805354929,0.682,0.71,0.0363243922563454,"7","NUP50"
1.94456171152665e-06,0.559746380260858,0.349,0.324,0.0373161392441963,"7","IWS1"
1.9653094973575e-06,0.511244982076977,0.403,0.392,0.0377142892542903,"7","RSBN1L"
1.9715117286496e-06,0.493973990049236,0.436,0.419,0.0378333100727858,"7","PPM1K"
2.06484158024192e-06,0.611128347318804,0.357,0.332,0.0396243099248425,"7","CRKL"
2.07980236313516e-06,0.668005421847032,0.316,0.286,0.0399114073485636,"7","NRXN2"
2.09132607466836e-06,0.273890662606302,0.711,0.75,0.0401325473728859,"7","RBPJ"
2.09388057569245e-06,0.541026877747988,0.387,0.364,0.0401815682475381,"7","CNOT8"
2.12910114182729e-06,0.49680904575692,0.435,0.423,0.0408574509116656,"7","CLN3"
2.18106657858373e-06,0.376150193911434,0.509,0.514,0.0418546676430219,"7","RPP38"
2.1994406941199e-06,0.354728226701485,0.551,0.556,0.0422072669201609,"7","PSMF1"
2.20514819971963e-06,0.656862318432919,0.309,0.278,0.0423167939526196,"7","RARS2"
2.21112795212371e-06,0.728356957814786,0.266,0.228,0.042431545401254,"7","ILVBL"
2.21362295579247e-06,0.663547560184271,0.3,0.266,0.0424794245216575,"7","RMDN3"
2.31100097326257e-06,0.553370563233802,0.36,0.333,0.0443481086769087,"7","PTS"
2.32494761754949e-06,0.26184752609739,0.694,0.732,0.0446157447807747,"7","PSMB4"
2.37033718960083e-06,0.65776117866716,0.297,0.263,0.04548677066844,"7","UNC13D"
2.37697402590262e-06,0.33763136618171,0.644,0.687,0.0456141315570713,"7","CHST11"
2.41100242022271e-06,0.301856300743725,0.637,0.661,0.0462671364440738,"7","YTHDF2"
2.51194245657442e-06,0.505696778491857,0.403,0.386,0.0482041757416632,"7","UBIAD1"
2.53140598999948e-06,0.494557587455422,0.444,0.427,0.0485776809480901,"7","SPIN1"
2.53433003438717e-06,0.558264341398835,0.405,0.387,0.0486337933598897,"7","ZMYND19"
2.61640806206671e-06,0.361300398471274,0.582,0.597,0.0502088707110601,"7","TGOLN2"
2.62650503271386e-06,0.454223191151494,0.432,0.425,0.050402631577779,"7","SYK"
2.70826878504839e-06,0.590873754188067,0.36,0.336,0.0519716779850785,"7","FAM127B"
2.85040067280171e-06,0.692883804046079,0.297,0.268,0.0546991889110649,"7","DYRK1A"
2.87340430769423e-06,0.680153980538018,0.28,0.245,0.0551406286646522,"7","MMGT1"
2.89189423272417e-06,0.506757345574132,0.438,0.427,0.0554954503259769,"7","RNF40"
2.95603971891313e-06,0.504439684984535,0.398,0.38,0.0567264022059429,"7","ZNF830"
2.97520139859134e-06,0.692100610388666,0.263,0.226,0.0570941148389679,"7","TBP"
3.1175659670064e-06,0.574687699771803,0.334,0.304,0.0598260909068528,"7","PSPC1"
3.19182644752593e-06,0.64189178616577,0.296,0.26,0.0612511495280226,"7","ACACA"
3.19525072619741e-06,0.582201589291419,0.357,0.338,0.0613168614357284,"7","UBE2Z"
3.23427629828605e-06,0.43969988951226,0.476,0.47,0.0620657621641093,"7","NEMF"
3.25007525768279e-06,0.485259023761703,0.415,0.402,0.0623689441949328,"7","TMEM30A"
3.39683309976854e-06,0.471036997235635,0.426,0.408,0.0651852271845583,"7","AASDHPPT"
3.69594686264023e-06,0.472848886207665,0.423,0.41,0.0709252202940661,"7","RARS"
3.77170867376734e-06,0.65426874247755,0.299,0.267,0.0723790894495953,"7","TM7SF2"
3.79333155190472e-06,0.463323652658777,0.426,0.417,0.0727940324810515,"7","DDB1"
3.79595078866209e-06,0.505725281982164,0.432,0.423,0.0728442956344254,"7","ANKRD17"
3.87243809130591e-06,0.308405846442165,0.647,0.677,0.0743120869721604,"7","C8orf59"
3.88343888492037e-06,0.695116250912423,0.254,0.218,0.0745231922016218,"7","DNAJA2"
3.89026217939191e-06,0.319943676825929,0.807,0.843,0.0746541312225308,"7","SDF2L1"
3.97741688674495e-06,0.321665038018509,0.611,0.626,0.0763266300566356,"7","AZIN1"
3.99164421380469e-06,0.358807783316451,0.585,0.607,0.0765996524629119,"7","TNIP2"
4.05124079879796e-06,0.630483312709636,0.295,0.262,0.0777433109289328,"7","ATG16L2"
4.07567775103473e-06,0.600659858219479,0.325,0.297,0.0782122560423566,"7","ALDH9A1"
4.12774432238752e-06,0.527561286836651,0.363,0.34,0.0792114135466165,"7","EIF4G1"
4.253896969722e-06,0.59249139119481,0.332,0.308,0.0816322828489651,"7","ABCD3"
4.25682735781909e-06,0.412679441966673,0.466,0.462,0.0816885169965483,"7","PNP"
4.27437874268537e-06,0.704304370236606,0.27,0.239,0.0820253280721322,"7","PLCB1"
4.38200972288951e-06,0.622889282570503,0.298,0.265,0.0840907665822496,"7","NME7"
4.4903875613216e-06,0.606409077378509,0.312,0.282,0.0861705373017615,"7","OSGIN2"
4.54739938867569e-06,0.44098671536804,0.508,0.52,0.0872645942686865,"7","GGPS1"
4.61490251159243e-06,0.568870095763145,0.354,0.329,0.0885599791974588,"7","PCIF1"
4.71237265134401e-06,0.515347104861849,0.418,0.407,0.0904304311792915,"7","RP11-111M22.3"
4.73167686130086e-06,0.302548822981208,0.624,0.65,0.0908008789683634,"7","TIMM9"
4.76525891928245e-06,0.668769247468339,0.295,0.264,0.0914453186610302,"7","OXR1"
4.78557450227045e-06,0.345130615053092,0.556,0.569,0.09183517469857,"7","NFIC"
4.91606115935984e-06,0.411738057834544,0.505,0.51,0.0943392136481154,"7","NOL12"
4.91892805633355e-06,0.291074873078161,0.608,0.626,0.0943942294010407,"7","HDLBP"
5.04665924309733e-06,0.253078051314859,0.673,0.702,0.0968453908750378,"7","MRPL54"
5.06732175946229e-06,0.425517594330849,0.461,0.455,0.0972419045640814,"7","CCDC47"
5.06929164476907e-06,0.604578864566621,0.32,0.291,0.0972797066631185,"7","TRIOBP"
5.08102068901892e-06,0.650410786881541,0.298,0.266,0.097504787022273,"7","GXYLT1"
5.25786568541891e-06,0.546758866505742,0.377,0.354,0.100898442503189,"7","ZNF771"
5.33214574606468e-06,0.663665374724644,0.269,0.233,0.102323876866981,"7","RP11-872J21.3"
5.33245089438705e-06,0.646300345200069,0.315,0.286,0.102329732663288,"7","SLC35A3"
5.34228299112692e-06,0.535122897907124,0.367,0.342,0.102518410599726,"7","HCFC1R1"
5.34679417934549e-06,0.540682306365579,0.318,0.288,0.10260498030164,"7","UBA3"
5.35898522224923e-06,0.49376996917526,0.463,0.467,0.102838926414963,"7","SYAP1"
5.43793022951869e-06,0.59763217535363,0.327,0.296,0.104353881104464,"7","UBR4"
5.48282310202586e-06,0.36781440126458,0.522,0.528,0.105215375327876,"7","NR1H2"
5.53555727047189e-06,0.575965564555775,0.343,0.32,0.106227344020356,"7","SHPRH"
5.59888843973163e-06,0.281616817154366,0.599,0.609,0.10744266915845,"7","UBE2Q1"
5.638932803993e-06,0.547779850204396,0.374,0.352,0.108211120508626,"7","APTX"
5.68928824789894e-06,0.626873589834443,0.331,0.314,0.109177441477181,"7","CLPX"
5.7637782913271e-06,0.352293629016116,0.576,0.599,0.110606905410567,"7","PSENEN"
5.77923725884747e-06,0.528648368533376,0.357,0.331,0.110903562997283,"7","MED19"
5.81907258544948e-06,0.452361974812465,0.389,0.368,0.111668002914776,"7","ZBTB16"
5.85543429329113e-06,0.558588436150446,0.337,0.309,0.112365784088257,"7","MB21D1"
5.86484775046951e-06,0.556012853118181,0.337,0.307,0.11254642833151,"7","PRRG4"
5.94598673366155e-06,0.298837119831251,0.618,0.645,0.114103485418965,"7","SAP30"
5.95421638783953e-06,0.382112878773686,0.485,0.492,0.114261412482641,"7","DRAM2"
6.01572310284159e-06,0.351232250070144,0.54,0.556,0.11544172634353,"7","ATG3"
6.0331785950227e-06,0.532482016308071,0.39,0.379,0.115776697238486,"7","RAB28"
6.06207063819558e-06,0.495640042712718,0.442,0.438,0.116331135546973,"7","CTDSPL2"
6.06685727992754e-06,0.569815414975084,0.327,0.297,0.11642299120181,"7","RAD9A"
6.19102595006461e-06,0.367166267509192,0.497,0.5,0.11880578798174,"7","UTP18"
6.20436273615616e-06,0.538979017715732,0.376,0.358,0.119061720906837,"7","AKT1"
6.21851495216647e-06,0.389835992442238,0.519,0.532,0.119333301932074,"7","PPP2R1A"
6.21863592637388e-06,0.523586398139365,0.353,0.329,0.119335623427115,"7","UCK1"
6.38023309058342e-06,0.576730540068382,0.355,0.331,0.122436673008296,"7","YIPF6"
6.39230742005555e-06,0.335798803321225,0.577,0.601,0.122668379390866,"7","NCBP2-AS2"
6.40680393488183e-06,0.374875232704607,0.527,0.542,0.122946567510382,"7","SUCLG1"
6.45799947352597e-06,0.578623726906001,0.299,0.267,0.123929009896963,"7","MTFR2"
6.53305695788814e-06,0.553103453341979,0.337,0.306,0.125369363021873,"7","ATP6V1H"
6.59157105135968e-06,0.467340668829779,0.416,0.407,0.126492248475592,"7","GSK3A"
6.77374510946927e-06,0.396584902310938,0.483,0.466,0.129988168650715,"7","BASP1"
6.84579988224887e-06,0.658812333880813,0.27,0.234,0.131370899740356,"7","TMEM42"
6.85153904385761e-06,0.73140814350686,0.258,0.224,0.131481034251627,"7","TRIM58"
6.87530078016054e-06,0.378042457251859,0.504,0.51,0.131937021971281,"7","DESI2"
7.04081468524221e-06,0.404654640604951,0.509,0.518,0.135113233809798,"7","PRMT2"
7.04545452955802e-06,0.411004635100365,0.517,0.52,0.135202272422218,"7","HMBS"
7.17149844394919e-06,0.58849584034115,0.296,0.263,0.137621055139385,"7","MED29"
7.21300231189673e-06,0.634317905766255,0.295,0.264,0.138417514365298,"7","TMEM263"
7.22516832528691e-06,0.519399729538256,0.394,0.378,0.138650980162256,"7","TSR1"
7.31138185765775e-06,0.584800639967161,0.36,0.341,0.140305417848452,"7","PDCD6IP"
7.35192301295099e-06,0.496354137377445,0.42,0.413,0.141083402618529,"7","ALKBH3"
7.47022163872557e-06,0.540675197753067,0.359,0.337,0.143353553247144,"7","PPP1R2"
7.48381356989301e-06,0.619158771762204,0.369,0.35,0.143614382406247,"7","DOCK8"
7.5201925833074e-06,0.567094502761331,0.347,0.323,0.144312495673669,"7","PIGM"
7.56600929889393e-06,0.528100165376109,0.346,0.318,0.145191718445774,"7","CIZ1"
7.94414501314109e-06,0.526028619223702,0.376,0.359,0.152448142802177,"7","RPF2"
7.99727381669818e-06,0.679416644558122,0.254,0.217,0.153467684542438,"7","HOOK3"
8.19565734432533e-06,0.552999258948807,0.353,0.329,0.157274664437603,"7","ECI1"
8.30216989328692e-06,0.406439597128145,0.526,0.53,0.159318640252176,"7","YWHAG"
8.40867524354799e-06,0.585245033526183,0.378,0.36,0.161362477923686,"7","HOXA9"
8.41610304749062e-06,0.635774518366617,0.283,0.25,0.161505017481345,"7","NFX1"
8.780147657727e-06,0.41534058333562,0.502,0.502,0.168491033551781,"7","GTF2E2"
8.95266320156738e-06,0.679820249655064,0.267,0.232,0.171801606838078,"7","CDK11A"
9.24522069270966e-06,0.543674098760444,0.393,0.383,0.177415785093098,"7","ZNF664"
9.27852938739159e-06,0.698427395413846,0.264,0.231,0.178054978944045,"7","ELK3"
9.39648817244233e-06,0.658315935463179,0.273,0.241,0.180318608029168,"7","RUFY1"
9.4194439514006e-06,0.403740358088247,0.472,0.48,0.180759129427377,"7","CPNE1"
9.48593953564632e-06,0.462602905862004,0.481,0.477,0.182035179689053,"7","ADNP"
9.54057198200511e-06,0.391311856162868,0.487,0.486,0.183083576334678,"7","HSPA9"
9.74101836701574e-06,0.67684935996739,0.252,0.219,0.186930142463032,"7","MTFR1"
9.89284856768064e-06,0.393885965689162,0.453,0.446,0.189843764013792,"7","GRPEL1"
1.00779867337294e-05,0.616192115443041,0.305,0.276,0.193396565420268,"7","AAGAB"
1.02198770527482e-05,0.62457830125988,0.303,0.271,0.196119440642237,"7","IVNS1ABP"
1.04153536991319e-05,0.426139119082334,0.452,0.444,0.199870637486341,"7","MVB12A"
1.07858512181511e-05,0.460555504574777,0.442,0.436,0.206980484876319,"7","BOLA2B"
1.08459496204639e-05,0.414473728598754,0.538,0.555,0.208133773216701,"7","NAA15"
1.10708546159651e-05,0.681921567332578,0.273,0.241,0.212449700080371,"7","TAB2"
1.11274657081563e-05,0.616771779621577,0.331,0.311,0.213536066939519,"7","NRDE2"
1.1271019934052e-05,0.319160527875326,0.567,0.581,0.216290872534457,"7","MRTO4"
1.13202209281603e-05,0.611197242044498,0.314,0.285,0.217235039611396,"7","MPV17L"
1.14563229829236e-05,0.438502684469436,0.465,0.468,0.219846838042303,"7","NF2"
1.14761211063523e-05,0.515361387719128,0.407,0.402,0.220226764030901,"7","PRPF4"
1.16053534722763e-05,0.582992988933648,0.309,0.281,0.222706733132982,"7","DLAT"
1.16549629594161e-05,0.635855296691448,0.273,0.241,0.223658739191195,"7","SIAH1"
1.16960698172859e-05,0.50700878651727,0.363,0.34,0.224447579793717,"7","DNTTIP2"
1.19474250645301e-05,0.352149476770195,0.634,0.664,0.229271086988333,"7","DEAF1"
1.20925951747144e-05,0.487054100784843,0.433,0.43,0.23205690140277,"7","TMF1"
1.2200455611853e-05,0.323575006487349,0.558,0.588,0.234126743191459,"7","NUDT22"
1.26177040243851e-05,0.301569647051539,0.562,0.579,0.24213374022795,"7","BRMS1"
1.26403920546274e-05,0.427104307100464,0.458,0.455,0.242569123528299,"7","PRPF8"
1.2796493209582e-05,0.548620625046112,0.387,0.377,0.245564704691879,"7","CSE1L"
1.29218769301889e-05,0.53053390756409,0.393,0.38,0.247970818290325,"7","CDC73"
1.29518602527455e-05,0.578637393921445,0.265,0.228,0.248546198250185,"7","CENPB"
1.30115127206237e-05,0.347315881232204,0.478,0.454,0.249690929108768,"7","AURKB"
1.37879881484089e-05,0.660476403152162,0.281,0.249,0.264591492567967,"7","CCM2"
1.39626699833567e-05,0.53169316203859,0.322,0.294,0.267943636980614,"7","ALG8"
1.3964264264338e-05,0.615430693714803,0.29,0.261,0.267974231232646,"7","PEPD"
1.39917739721972e-05,0.371293389445478,0.519,0.53,0.268502142526465,"7","USP22"
1.41180297337285e-05,0.580722343595063,0.309,0.282,0.27092499059025,"7","SCAF4"
1.44131053128231e-05,0.335996020202674,0.536,0.547,0.276587490953076,"7","NKAP"
1.4592731999197e-05,0.573625854251169,0.343,0.321,0.28003452706459,"7","PKN2"
1.47804466282202e-05,0.479372318139323,0.378,0.355,0.283636770795546,"7","SDCCAG8"
1.48203716182795e-05,0.584157040066902,0.346,0.326,0.284402931354784,"7","RAP1GDS1"
1.54685210310587e-05,0.355626043126586,0.504,0.515,0.296840918586016,"7","PISD"
1.59095568749125e-05,0.509925547069644,0.376,0.355,0.305304396429572,"7","ATP5S"
1.59723549323399e-05,0.649955413773772,0.265,0.232,0.306509491151603,"7","RPUSD2"
1.59926907474828e-05,0.411157134987989,0.524,0.549,0.306899735444195,"7","SSBP3"
1.62747907516588e-05,0.367735964836378,0.482,0.489,0.312313234524333,"7","FAM134A"
1.63465948013532e-05,0.389631357811998,0.476,0.48,0.313691154237967,"7","NRDC"
1.65127680803392e-05,0.616367109844494,0.33,0.304,0.316880019461709,"7","FAR2"
1.66495048300262e-05,0.491630168629805,0.422,0.416,0.319503997688203,"7","PPP2R2A"
1.70891533637661e-05,0.610143256529506,0.3,0.268,0.327940853050672,"7","HOXB3"
1.70922128577156e-05,0.477688369191416,0.302,0.268,0.327999564739562,"7","ATP6V1C1"
1.72116559557986e-05,0.277367951971082,0.622,0.649,0.330291677791775,"7","PLEK"
1.74612121906493e-05,0.584450773348908,0.307,0.282,0.335080661938561,"7","TUBGCP2"
1.78427813138952e-05,0.625261410711067,0.356,0.341,0.342402973413649,"7","NDE1"
1.82762191805067e-05,0.682939768992617,0.297,0.273,0.350720646073923,"7","FBXO4"
1.84294901245372e-05,0.453439317196259,0.432,0.417,0.35366191548987,"7","GADD45A"
1.89151057591504e-05,0.582288721382784,0.312,0.287,0.362980879518096,"7","NAT14"
1.89856856589757e-05,0.619419769038705,0.346,0.331,0.364335307795743,"7","DCAF10"
1.9432571964667e-05,0.410556887267428,0.565,0.603,0.37291105600196,"7","NUTM2B-AS1"
1.96467804375291e-05,0.695194067415748,0.288,0.262,0.377021716596184,"7","CD2AP"
1.98193638785322e-05,0.360165648440333,0.517,0.525,0.380333592829032,"7","GORASP2"
1.99011732266702e-05,0.509505030104144,0.436,0.433,0.381903514219801,"7","MAN1A2"
2.05492627215409e-05,0.443347891689329,0.477,0.491,0.394340351626371,"7","GPX7"
2.05968803603137e-05,0.597917188296934,0.298,0.274,0.39525413411442,"7","SMARCAD1"
2.09788637848714e-05,0.363644035410041,0.524,0.546,0.402584396031682,"7","EIF4EBP2"
2.13316601108011e-05,0.375683830834071,0.495,0.503,0.409354557526274,"7","WDR61"
2.15163569716396e-05,0.251149442573168,0.686,0.729,0.412898890285764,"7","PITHD1"
2.18436926007827e-05,0.547089741679132,0.36,0.343,0.419180461009019,"7","GUF1"
2.25049086077884e-05,0.385031903054823,0.484,0.493,0.431869196183459,"7","TAF12"
2.2580654491225e-05,0.250586472436496,0.774,0.817,0.433322759686607,"7","EIF2S3"
2.26799672641908e-05,0.3183786636474,0.571,0.593,0.435228571799822,"7","MTIF3"
2.32070475459011e-05,0.422480407450457,0.463,0.472,0.445343242405842,"7","SEC13"
2.38393341249827e-05,0.563161872694025,0.312,0.285,0.457476821858419,"7","CHERP"
2.41736231493109e-05,0.436795897693598,0.456,0.458,0.463891828235276,"7","TRIM13"
2.43366568598453e-05,0.536625634874876,0.359,0.342,0.467020445140431,"7","RPE"
2.51422215997763e-05,0.58387874752793,0.309,0.28,0.482479232499707,"7","SORD"
2.52791515086345e-05,0.471248698064785,0.392,0.382,0.485106917450695,"7","DUSP12"
2.58599004513168e-05,0.304352591404902,0.551,0.563,0.49625148966077,"7","NOC2L"
2.59625293296838e-05,0.728879636272628,0.258,0.225,0.498220937836632,"7","RPS6KA4"
2.6494540340952e-05,0.600389619269655,0.283,0.254,0.508430229142869,"7","INSIG2"
2.68764759770221e-05,0.610368095604877,0.319,0.296,0.515759573999054,"7","HDAC10"
2.7107460518955e-05,0.618959492351619,0.284,0.256,0.520192167358746,"7","TIGAR"
2.76704784071413e-05,0.524737108193165,0.336,0.314,0.530996480633041,"7","C3orf38"
2.76957363251718e-05,0.433943514699545,0.427,0.425,0.531481180080046,"7","DDX42"
2.77839802279377e-05,0.462814701633512,0.419,0.418,0.533174580574124,"7","NCBP3"
2.78336672134325e-05,0.460086323675702,0.402,0.39,0.53412807382577,"7","MED8"
2.79809426018979e-05,0.370692157532442,0.5,0.503,0.53695428853042,"7","PFKL"
2.80594557194935e-05,0.437996034258604,0.455,0.448,0.538460955257081,"7","WDR74"
2.82347910851061e-05,0.421496097351335,0.42,0.413,0.541825640923187,"7","HEXA"
2.83484400660201e-05,0.608091972204977,0.286,0.257,0.544006564866926,"7","DNAAF3"
2.85582832754724e-05,0.458647966095117,0.412,0.408,0.548033456056316,"7","GIGYF2"
2.89098372253936e-05,0.306854233202086,0.56,0.58,0.554779776355304,"7","NDUFS4"
2.93869434670081e-05,0.352027465109198,0.486,0.491,0.563935445131885,"7","TMEM208"
2.94723243989022e-05,0.538782526474761,0.368,0.355,0.565573905214933,"7","SAYSD1"
2.97525547242267e-05,0.629660091373495,0.292,0.264,0.570951525157911,"7","HDHD2"
2.98971786530302e-05,0.4465378419616,0.4,0.388,0.573726858351649,"7","RARA"
3.01512792067363e-05,0.487620028770179,0.385,0.369,0.578603047977269,"7","SP3"
3.02776305640342e-05,0.41137800654905,0.484,0.497,0.581027730523817,"7","AKIP1"
3.05060100954394e-05,0.403505706715759,0.416,0.401,0.585410333731481,"7","WDR41"
3.09493887901817e-05,0.298044705277524,0.587,0.607,0.593918770883587,"7","PPP6R1"
3.09884505467651e-05,0.698517614699752,0.265,0.237,0.594668365992422,"7","MUTYH"
3.10345827756122e-05,0.553899268390899,0.338,0.315,0.595553643463998,"7","SMU1"
3.10858166332076e-05,0.541047113938941,0.299,0.269,0.596536821191253,"7","SPSB3"
3.11181966593839e-05,0.46129310246835,0.462,0.476,0.597158193893577,"7","ASF1A"
3.13293867849712e-05,0.37804631446444,0.477,0.479,0.601210932403597,"7","BATF"
3.15814552756695e-05,0.498975155608515,0.312,0.284,0.606048126740097,"7","CIR1"
3.175724920116e-05,0.39932567884099,0.44,0.432,0.60942161217026,"7","PIGT"
3.19708357060882e-05,0.360268376912062,0.522,0.542,0.613520337199833,"7","BFAR"
3.2155245186885e-05,0.407552738305193,0.448,0.444,0.617059155136324,"7","YRDC"
3.24152100245917e-05,0.530131754930484,0.343,0.322,0.622047880371914,"7","BCL2"
3.25717385870977e-05,0.344412816194799,0.533,0.559,0.625051663486405,"7","EPN1"
3.27351460678869e-05,0.489775403485138,0.325,0.299,0.628187453042749,"7","ANKRD39"
3.31762326336366e-05,0.266266452410521,0.646,0.689,0.636651904239486,"7","PPP1R11"
3.32995900703269e-05,0.440800774628312,0.423,0.423,0.639019133449573,"7","KDM5A"
3.42293068196812e-05,0.677549485979787,0.251,0.219,0.656860397869682,"7","C16orf87"
3.42981204638457e-05,0.559712727836179,0.295,0.267,0.658180931701199,"7","RP11-706O15.1"
3.43566993029754e-05,0.429746727447494,0.448,0.446,0.659305059624097,"7","ARL2BP"
3.503619156646e-05,0.507463883480304,0.419,0.422,0.672344516160367,"7","HUWE1"
3.5585661402308e-05,0.66374602767829,0.29,0.266,0.68288884231029,"7","CHD8"
3.60271869984722e-05,0.428476617670615,0.431,0.425,0.691361718500682,"7","GPS1"
3.63811980107915e-05,0.250605313997131,0.623,0.655,0.69815518982709,"7","TSPAN4"
3.66210477294131e-05,0.385250453500459,0.473,0.483,0.702757905927437,"7","NKIRAS2"
3.734645685857e-05,0.606802029443515,0.31,0.286,0.716678507115958,"7","PRPF18"
3.76419054588722e-05,0.52160672776954,0.407,0.398,0.722348165755757,"7","BCL7A"
3.76769836246533e-05,0.493174668683792,0.405,0.396,0.723021315757096,"7","BCS1L"
3.87175992564798e-05,0.43065716819483,0.401,0.389,0.742990729731847,"7","DOK1"
3.88608707179689e-05,0.442891695638061,0.455,0.46,0.745740109077824,"7","FLYWCH2"
3.97521381369946e-05,0.443142875407744,0.436,0.423,0.762843530848927,"7","TRA2A"
4.0154707600149e-05,0.544043284584356,0.319,0.297,0.770568838846859,"7","EPB41L2"
4.03620137252281e-05,0.457382387389754,0.418,0.415,0.774547043387127,"7","PANK3"
4.0645704583793e-05,0.485712158403973,0.369,0.354,0.779991070962987,"7","CCDC53"
4.09125864741405e-05,0.372891459339247,0.34,0.312,0.785112534438757,"7","BTG2"
4.13180258319342e-05,0.405315221265259,0.487,0.496,0.792892915714818,"7","KMT2E"
4.23439902574123e-05,0.616831692184515,0.316,0.298,0.812581173039743,"7","DYNC1LI1"
4.27882581809391e-05,0.503663740115015,0.37,0.349,0.821106674492222,"7","GSN"
4.30170356512805e-05,0.39992871127418,0.473,0.48,0.825496914148073,"7","B3GALT6"
4.34057036561135e-05,0.529024477062525,0.288,0.258,0.832955453160817,"7","ATP6V1E1"
4.40748163483767e-05,0.457202327986506,0.43,0.431,0.845795725725349,"7","ABHD14A"
4.48253872976915e-05,0.321950563420619,0.57,0.593,0.860199182242699,"7","SLC25A19"
4.5103866983463e-05,0.584911518607282,0.318,0.295,0.865543207412655,"7","RRP9"
4.64838715023658e-05,0.547895550877297,0.34,0.319,0.892025494130399,"7","RPS6KA3"
4.6669232373819e-05,0.628538033845574,0.265,0.233,0.895582569253587,"7","AFMID"
4.67522696748709e-05,0.398259187471214,0.483,0.495,0.897176055060772,"7","CCAR1"
4.70076921778087e-05,0.604524761982612,0.339,0.324,0.902077612892149,"7","PSMB10"
4.90556640672623e-05,0.588994113181115,0.33,0.313,0.941378193450764,"7","NADK"
4.98025699162006e-05,0.586898352948862,0.264,0.233,0.955711316691889,"7","CEP135"
5.01922606819155e-05,0.312016766766894,0.603,0.636,0.963189482485959,"7","RNASEH1"
5.20661457458908e-05,0.583178290553652,0.295,0.267,0.999149336863644,"7","CD3EAP"
5.22756128846632e-05,0.603967161302561,0.28,0.255,1,"7","METTL3"
5.27105608201583e-05,0.541272802822872,0.294,0.266,1,"7","PLRG1"
5.3385651162672e-05,0.354716720257532,0.554,0.568,1,"7","C19orf25"
5.44035186192192e-05,0.325766591533999,0.56,0.579,1,"7","BMI1"
5.65289818509551e-05,0.602195083240624,0.269,0.242,1,"7","MRE11A"
5.82560293702291e-05,0.410093848900644,0.411,0.402,1,"7","CABIN1"
5.86695823162921e-05,0.618883244123857,0.252,0.219,1,"7","MBIP"
5.96738218919373e-05,0.45542094065956,0.385,0.376,1,"7","PRKX"
5.98227983219378e-05,0.527674300069533,0.346,0.332,1,"7","ZWILCH"
5.99698625623729e-05,0.402278917002749,0.504,0.529,1,"7","WAPL"
6.00490905373543e-05,0.402666859968265,0.489,0.501,1,"7","C1orf52"
6.05525725764693e-05,0.356955259780128,0.497,0.514,1,"7","DHX15"
6.08483591963626e-05,0.253024523233773,0.721,0.764,1,"7","CISD3"
6.0881760271628e-05,0.438286276165979,0.445,0.45,1,"7","DOHH"
6.14446034189459e-05,0.395453151575873,0.587,0.61,1,"7","CBX6"
6.16401129550232e-05,0.337058825868972,0.575,0.603,1,"7","CYHR1"
6.33458819618638e-05,0.397233725760616,0.508,0.513,1,"7","TNRC6B"
6.35777150375995e-05,0.330110614830091,0.58,0.606,1,"7","SAR1A"
6.55548043425969e-05,0.576462545852188,0.279,0.252,1,"7","LRRC57"
6.56534602142637e-05,0.441161471317023,0.409,0.402,1,"7","FAM91A1"
6.62891952314331e-05,0.556086464108585,0.341,0.322,1,"7","PAPD4"
6.66102515578093e-05,0.550150109102542,0.345,0.323,1,"7","AKAP13"
6.69600157254024e-05,0.28526546093697,0.607,0.625,1,"7","HTATSF1"
6.71192420508423e-05,0.298097311439781,0.56,0.573,1,"7","ZNF544"
6.72931440511036e-05,0.296546700963387,0.626,0.667,1,"7","NEK6"
6.82773222142862e-05,0.562655568000117,0.354,0.343,1,"7","PCID2"
7.00097194940447e-05,0.377163410435144,0.503,0.514,1,"7","DNAAF2"
7.00990648123462e-05,0.766720944628472,0.251,0.224,1,"7","PDK1"
7.06801854635244e-05,0.424189992142559,0.43,0.43,1,"7","FAM192A"
7.11021954397554e-05,0.274918610503741,0.634,0.669,1,"7","ADA"
7.15560060914973e-05,0.576648108438037,0.277,0.248,1,"7","TAP1"
7.18681034034861e-05,0.500950004116466,0.389,0.379,1,"7","MED11"
7.37564382763999e-05,0.380542744384067,0.457,0.461,1,"7","RBM15B"
7.44483455324161e-05,0.564655647417238,0.304,0.28,1,"7","PGS1"
7.66534656696957e-05,0.362169158067196,0.514,0.531,1,"7","CMC1"
7.91122716942856e-05,0.478790426651808,0.387,0.38,1,"7","TNRC6A"
8.12182875741296e-05,0.34889929581121,0.523,0.556,1,"7","DHX29"
8.18205671175284e-05,0.622018744230844,0.269,0.244,1,"7","METTL13"
8.19937884733659e-05,0.36627640242427,0.548,0.563,1,"7","PSME3"
8.20592721281047e-05,0.524133990995147,0.354,0.34,1,"7","CPSF7"
8.21275248491697e-05,0.384425256382266,0.434,0.427,1,"7","ETF1"
8.36126107280651e-05,0.378207392433873,0.461,0.463,1,"7","TSSC1"
8.3748785675878e-05,0.465979097713481,0.392,0.385,1,"7","COPA"
8.45996982039213e-05,0.627715127205449,0.25,0.222,1,"7","ZNF445"
8.52509219455447e-05,0.549738395072478,0.325,0.306,1,"7","MAPRE2"
8.65598218424954e-05,0.460548230865542,0.402,0.394,1,"7","CHD1L"
8.79987911471617e-05,0.37746669027424,0.482,0.488,1,"7","CBX1"
8.86853138065568e-05,0.41537434958733,0.473,0.479,1,"7","PHF3"
8.88356952739948e-05,0.503186432192555,0.392,0.388,1,"7","CUL3"
8.90461387700817e-05,0.350958753782051,0.543,0.571,1,"7","FAM120AOS"
9.0065630635398e-05,0.287099243492055,0.633,0.675,1,"7","TMEM33"
9.21014347126709e-05,0.34943085729224,0.532,0.561,1,"7","FLI1"
9.41258765000289e-05,0.606443293200049,0.281,0.253,1,"7","MIR762HG"
9.46920472172556e-05,0.50545544395364,0.357,0.34,1,"7","FADD"
9.60728195466464e-05,0.528477947084274,0.315,0.291,1,"7","RAB4B"
9.69677497811545e-05,0.264942278220176,0.647,0.675,1,"7","TMEM251"
9.8346449430215e-05,0.709892291012416,0.267,0.245,1,"7","CEP104"
0.00010133293704133,0.458668995298061,0.41,0.409,1,"7","NIN"
0.000101357628138564,0.28879506252488,0.576,0.599,1,"7","TOR1A"
0.000101859553040663,0.536249076611706,0.321,0.304,1,"7","SH2B3"
0.000102677669694084,0.289546762148127,0.643,0.681,1,"7","DDX3X"
0.000106574827712659,0.562781541774282,0.329,0.313,1,"7","DNMT3A"
0.000109628940377509,0.434413605310556,0.436,0.437,1,"7","MAPKAPK5"
0.000109740712461483,0.648639260451177,0.258,0.233,1,"7","UCKL1"
0.000109925324920466,0.402543817308882,0.422,0.406,1,"7","KCNK6"
0.00011023293083715,0.369251616183653,0.466,0.475,1,"7","SETD5"
0.00011089885485127,0.421728670057468,0.462,0.468,1,"7","PXN-AS1"
0.000112340026509252,0.410526982835033,0.423,0.422,1,"7","AP1M1"
0.00011274375518424,0.384429350951076,0.498,0.522,1,"7","NINJ1"
0.000112917887591005,0.581804816048437,0.29,0.27,1,"7","PTDSS2"
0.000115751129571986,0.482073795497063,0.359,0.341,1,"7","CCDC174"
0.000116369359478519,0.481781958781805,0.397,0.396,1,"7","TDP2"
0.000116574935500725,0.671248115979524,0.269,0.244,1,"7","RNPEPL1"
0.000117364235640615,0.462596501067084,0.355,0.341,1,"7","BAG6"
0.000117499612073339,0.516997429468161,0.35,0.337,1,"7","PRKD3"
0.000119949827238001,0.473353392730947,0.366,0.355,1,"7","MBD3"
0.000122240993305609,0.428547277704129,0.372,0.356,1,"7","ACOT13"
0.000124675113823665,0.487778513476511,0.406,0.408,1,"7","RIC8A"
0.000127745982243612,0.557254581321404,0.338,0.325,1,"7","ELMO1"
0.000130432121882423,0.453164875983924,0.376,0.366,1,"7","ATAD1"
0.000131391601830675,0.327202415537506,0.509,0.523,1,"7","CD2BP2"
0.000132853400288921,0.534836223288512,0.322,0.3,1,"7","C2orf76"
0.000133076439274477,0.53684367148306,0.323,0.306,1,"7","AATF"
0.000134359403479954,0.471592748243965,0.388,0.382,1,"7","NRBP1"
0.000138049856938938,0.544468411217486,0.346,0.335,1,"7","GTF2H1"
0.000143155336015852,0.398278289559193,0.442,0.444,1,"7","QDPR"
0.000144747275915118,0.621676859112952,0.275,0.253,1,"7","MTFMT"
0.000145127434311673,0.504914206195846,0.376,0.371,1,"7","ASH1L"
0.000146035502144321,0.44882136260451,0.4,0.392,1,"7","C2orf69"
0.000148339868228878,0.538450198167518,0.313,0.293,1,"7","TMEM199"
0.000148445896141861,0.55768436353086,0.288,0.264,1,"7","BYSL"
0.000150219902342975,0.314230380753785,0.543,0.568,1,"7","MIF4GD"
0.000152036970788367,0.449548616612749,0.405,0.4,1,"7","SMNDC1"
0.000154685718389744,0.465650895056192,0.393,0.39,1,"7","CCDC58"
0.000155889370121706,0.383062651836327,0.47,0.481,1,"7","RFWD2"
0.000157009845354438,0.622161087570666,0.278,0.257,1,"7","SH3RF1"
0.000159024937558068,0.510879548620375,0.304,0.282,1,"7","CENPC"
0.000160354222440477,0.450849486114511,0.42,0.42,1,"7","PTPRA"
0.000160506116689234,0.626967641019645,0.272,0.249,1,"7","TMEM181"
0.000168817993235008,0.25214263491079,0.585,0.614,1,"7","C4orf46"
0.000169532558325105,0.436753221468682,0.443,0.454,1,"7","CIAO1"
0.000169902815484604,0.337039475403133,0.515,0.532,1,"7","COASY"
0.000170728000305303,0.320248514147288,0.518,0.531,1,"7","GOPC"
0.000173215305576163,0.349876403132393,0.471,0.478,1,"7","UHMK1"
0.000173762138749159,0.398895076946007,0.457,0.466,1,"7","PRKAR2A"
0.000173787172335989,0.34840087244343,0.456,0.459,1,"7","RYBP"
0.000174920248588811,0.500094113932991,0.344,0.329,1,"7","ACAA1"
0.000174944487435012,0.396594403669241,0.407,0.4,1,"7","DHRS7"
0.000177849849899302,0.511552678849,0.329,0.312,1,"7","PNPT1"
0.000179213311467152,0.489586911583366,0.434,0.44,1,"7","SMARCA2"
0.000180778603944069,0.476135632919376,0.389,0.389,1,"7","TOX4"
0.000180842924685936,0.37994632112953,0.457,0.468,1,"7","TINF2"
0.000190574784271909,0.610703700158346,0.261,0.238,1,"7","NHLRC2"
0.000190837225929174,0.57510190665396,0.332,0.32,1,"7","C12orf73"
0.000191709190642329,0.588801574949412,0.311,0.294,1,"7","TTC17"
0.000195247836459947,0.284939431827488,0.543,0.551,1,"7","SDCBP"
0.000195669435404826,0.537488181538249,0.294,0.271,1,"7","ELK1"
0.000197547674568528,0.540131661076172,0.297,0.278,1,"7","SOCS4"
0.0001999543119648,0.513731726462827,0.349,0.336,1,"7","CMTM3"
0.000201433325558445,0.457874423919051,0.386,0.384,1,"7","ZMAT2"
0.000208336805086327,0.597782602979364,0.28,0.259,1,"7","SNX12"
0.000214328122124944,0.503417763842291,0.372,0.367,1,"7","BIRC6"
0.000215082696623454,0.363711767620458,0.5,0.52,1,"7","LUZP1"
0.000215101371917334,0.410853399472471,0.427,0.432,1,"7","CASC3"
0.000219350354935726,0.548144474486644,0.255,0.226,1,"7","C11orf68"
0.000221494902045423,0.463759462964048,0.388,0.383,1,"7","ACLY"
0.000221660041815302,0.457245878741482,0.369,0.355,1,"7","LCP2"
0.00022179236024734,0.613218559975176,0.252,0.226,1,"7","SMCR5"
0.000222921244349248,0.289305212675198,0.565,0.59,1,"7","ZFAND5"
0.000223164483065027,0.38774628568425,0.502,0.522,1,"7","CDC42SE2"
0.000225885056386052,0.388038816717261,0.471,0.486,1,"7","DCTN5"
0.000231269578643974,0.488856995702375,0.325,0.306,1,"7","SLAIN2"
0.000237461513292681,0.470168417235657,0.351,0.343,1,"7","HBS1L"
0.000240495174249793,0.535824591011057,0.321,0.305,1,"7","GTF2H3"
0.000241555182293364,0.378997950653803,0.465,0.475,1,"7","GPATCH2L"
0.000246216502776584,0.31899798635546,0.566,0.591,1,"7","C7orf50"
0.000246997468912758,0.439332367050593,0.381,0.375,1,"7","WDR73"
0.000250433132806966,0.525963850313439,0.303,0.282,1,"7","C14orf80"
0.000255692444061968,0.340930843637615,0.51,0.533,1,"7","USP34"
0.000261297608657294,0.327279180891151,0.5,0.517,1,"7","OAF"
0.000264417911439275,0.416932064700535,0.408,0.405,1,"7","GIT2"
0.000270301661886359,0.602120649585616,0.261,0.239,1,"7","KATNA1"
0.000272797645679798,0.361345728309233,0.5,0.523,1,"7","FAH"
0.000278541572298603,0.537912293237489,0.318,0.303,1,"7","TRMT61A"
0.000284990526823548,0.592407855322216,0.275,0.253,1,"7","MYO9B"
0.000285222297872036,0.534436000631487,0.29,0.267,1,"7","FBXL3"
0.000291748450952539,0.58972909935432,0.302,0.283,1,"7","SLC35F6"
0.000292795174093142,0.500672925326815,0.298,0.278,1,"7","IK"
0.000295624065273928,0.444355963324192,0.406,0.406,1,"7","MKNK2"
0.000296380520710877,0.571001489243041,0.32,0.306,1,"7","PAK1"
0.000296718009007805,0.465047874629624,0.338,0.323,1,"7","CEP170"
0.000297618383353384,0.526105749238361,0.27,0.246,1,"7","ROCK2"
0.000299167474189437,0.437947431490741,0.363,0.352,1,"7","FNIP1"
0.000302959089886905,0.432933315438019,0.426,0.425,1,"7","DYNC1H1"
0.000303490508393775,0.561021153230337,0.287,0.265,1,"7","DLST"
0.000304531276974547,0.399177197801815,0.414,0.41,1,"7","CREBBP"
0.000305370217221135,0.342859747520608,0.526,0.551,1,"7","DUSP3"
0.000309843248737701,0.449561256418136,0.368,0.359,1,"7","BAG5"
0.000310750741623968,0.606316053204377,0.274,0.251,1,"7","TRIM65"
0.000319398959585944,0.309305778107084,0.594,0.628,1,"7","TYW3"
0.00032645416607977,0.644043664144345,0.27,0.251,1,"7","UNC45A"
0.000328318784239689,0.341908056044382,0.5,0.511,1,"7","ZNF106"
0.000331862161967172,0.451669349880314,0.382,0.379,1,"7","KPNA4"
0.000334115996659484,0.470189587228997,0.346,0.335,1,"7","LTV1"
0.000347080024709239,0.324483398763399,0.491,0.509,1,"7","VPS26B"
0.000355399126607885,0.523385820025472,0.291,0.271,1,"7","EP400"
0.000356476917668558,0.565180031448501,0.321,0.309,1,"7","CDK8"
0.000361609423642828,0.445257998344966,0.41,0.409,1,"7","BRD9"
0.000362593883288511,0.568490547542435,0.334,0.322,1,"7","SNN"
0.000367663494360136,0.293289109995065,0.593,0.624,1,"7","PTGES2"
0.000368896777662686,0.511903706268817,0.252,0.225,1,"7","CNBD2"
0.00038198365590706,0.338741492754944,0.475,0.482,1,"7","IREB2"
0.000383833682384141,0.551030622840563,0.338,0.331,1,"7","NCOR2"
0.000388611715480688,0.539425333908255,0.313,0.303,1,"7","COQ5"
0.000399902699685024,0.458303287254902,0.373,0.368,1,"7","KDM5B"
0.000401686265563939,0.567084279101754,0.283,0.263,1,"7","FAM229B"
0.000402896063047738,0.58493365351728,0.286,0.269,1,"7","RAD54L2"
0.000423075840137825,0.372614904291949,0.397,0.389,1,"7","ANKRD49"
0.00042997829859561,0.454510639003969,0.367,0.359,1,"7","CREB1"
0.000435781435371065,0.48210109010741,0.31,0.292,1,"7","ATP6V1D"
0.000437086794211474,0.482839873589671,0.33,0.315,1,"7","VTA1"
0.000438041167175376,0.461755625533379,0.397,0.395,1,"7","LMNB2"
0.000443147201855631,0.305468326197132,0.529,0.562,1,"7","TIMM10B"
0.000443291812525364,0.535788312374597,0.35,0.342,1,"7","STMN3"
0.000463973328468442,0.514795976232802,0.395,0.404,1,"7","THAP4"
0.000473437700656633,0.313650985873855,0.54,0.577,1,"7","RBM26"
0.000474149545516336,0.417141994693366,0.437,0.445,1,"7","ADPGK"
0.000476132277166481,0.393230070561507,0.437,0.442,1,"7","TAF7"
0.000481577191384715,0.355059867732212,0.489,0.51,1,"7","TIMM22"
0.000485640257855047,0.346610119257976,0.471,0.481,1,"7","NDUFAF4"
0.000486138764745516,0.473789533376067,0.311,0.287,1,"7","ATP1B1"
0.000490236052626865,0.42814644503289,0.424,0.429,1,"7","TCEB3"
0.000493695762163549,0.437798066847807,0.407,0.409,1,"7","STAT5A"
0.000496078641566704,0.461506049177536,0.322,0.307,1,"7","RFX2"
0.000497303617215551,0.407333726011345,0.404,0.394,1,"7","MIR222HG"
0.000510311518079158,0.532716765474414,0.32,0.307,1,"7","CLPTM1"
0.000520351119970784,0.596224762095884,0.299,0.284,1,"7","SPIN4"
0.000526146216793962,0.467360151310248,0.415,0.419,1,"7","STX4"
0.000534341664152516,0.438239656363755,0.415,0.416,1,"7","UBA6"
0.000539053382203986,0.550646668169766,0.26,0.234,1,"7","DNAJA3"
0.000541499026951384,0.394772908370112,0.457,0.471,1,"7","UBQLN1"
0.000544818416780387,0.342370941874352,0.476,0.499,1,"7","YME1L1"
0.000557366534982574,0.443504405555739,0.359,0.35,1,"7","CDC16"
0.000562995111983613,0.51517655626558,0.305,0.288,1,"7","IFNGR1"
0.000568491575940534,0.385440203216565,0.405,0.401,1,"7","NFKBIE"
0.000570859317604317,0.41120309805338,0.414,0.418,1,"7","MRFAP1L1"
0.000578244187098373,0.579633091231952,0.327,0.316,1,"7","DGKE"
0.000578558996293277,0.265146394335155,0.534,0.547,1,"7","CLPTM1L"
0.000586616319949887,0.326389617404145,0.423,0.421,1,"7","ANKRD13D"
0.000587428606911902,0.420038360171977,0.391,0.387,1,"7","CHTF8"
0.00059455062033659,0.498552312363345,0.375,0.37,1,"7","CPNE3"
0.000598765085327846,0.333749902962113,0.503,0.528,1,"7","WIPI2"
0.000609075774771068,0.299787642921386,0.566,0.611,1,"7","RCC2"
0.000619502660133451,0.631295654277511,0.271,0.249,1,"7","DEF6"
0.00062890436099753,0.453373176134285,0.359,0.35,1,"7","ARHGAP11B"
0.000636136519885113,0.667212194396154,0.251,0.232,1,"7","RP11-452F19.3"
0.000655153021594561,0.440016603048232,0.353,0.346,1,"7","SIPA1"
0.000674077377579045,0.527254551296705,0.312,0.297,1,"7","IL4R"
0.00067543593774816,0.514988757424342,0.298,0.281,1,"7","TMUB2"
0.00068618704888078,0.370525542192102,0.504,0.517,1,"7","COX16"
0.000688467612872805,0.304307513528627,0.504,0.517,1,"7","NUFIP2"
0.000690063242414663,0.417425728011867,0.388,0.383,1,"7","SAFB2"
0.000702653532480737,0.427218765964706,0.425,0.427,1,"7","RAF1"
0.00070552880097573,0.428278317867578,0.429,0.444,1,"7","PPP2R5E"
0.000705854968785214,0.428976640666012,0.365,0.353,1,"7","TM4SF1"
0.000706517156903664,0.509351155010947,0.311,0.298,1,"7","ANKRD13A"
0.000707156829742384,0.422195362862576,0.427,0.433,1,"7","ORAI2"
0.000744830280341336,0.587541104717636,0.295,0.278,1,"7","CARD8-AS1"
0.000756417327382905,0.451508986612359,0.35,0.338,1,"7","GPS2"
0.00076141090089741,0.357489739805066,0.501,0.527,1,"7","SCAMP3"
0.000764484234368795,0.357385943758193,0.446,0.454,1,"7","PCGF5"
0.00078530930776379,0.364178938987326,0.474,0.494,1,"7","ELF2"
0.00079629273376147,0.446176345544066,0.381,0.382,1,"7","NECAP2"
0.000799573343940741,0.51528905090485,0.321,0.309,1,"7","GSS"
0.000803540805972542,0.448009959723642,0.366,0.366,1,"7","APMAP"
0.000805937261228421,0.536773553019914,0.286,0.27,1,"7","SNRNP35"
0.000806938563901753,0.528160349142867,0.292,0.274,1,"7","PDE7A"
0.000808738954987329,0.254905270354233,0.585,0.621,1,"7","RCC1"
0.000812544320524122,0.517699667164106,0.326,0.315,1,"7","CWC27"
0.000816040006470505,0.487065719359122,0.357,0.35,1,"7","BOP1"
0.000838430751366474,0.466470483242353,0.346,0.334,1,"7","ATG4B"
0.000844058115719675,0.272061688664719,0.534,0.562,1,"7","LAMP2"
0.000853508691541884,0.417000709876385,0.331,0.32,1,"7","SBF1"
0.000855209971034886,0.500459434305733,0.344,0.336,1,"7","DIS3L"
0.0008587910559842,0.441682149897082,0.355,0.349,1,"7","TOPORS"
0.000868002005060023,0.606781648292377,0.257,0.237,1,"7","RP11-83A24.2"
0.000877607200696366,0.383977062533742,0.437,0.444,1,"7","LRPPRC"
0.000882636809749253,0.440962244453602,0.388,0.386,1,"7","RAB30-AS1"
0.000882963494970412,0.542353344674822,0.295,0.279,1,"7","ZNF274"
0.000893488367790023,0.569491191835645,0.252,0.231,1,"7","BDH1"
0.000914516803180467,0.405255130415531,0.372,0.368,1,"7","TSR3"
0.000937448070408609,0.528307854940531,0.368,0.365,1,"7","ZNF638"
0.00094015394181739,0.404275964545384,0.436,0.448,1,"7","MTMR14"
0.000964279384842899,0.473134245936711,0.317,0.305,1,"7","PUM1"
0.00099391300067141,0.39219405339474,0.408,0.417,1,"7","CTCF"
0.000995925455237026,0.382894650757988,0.399,0.403,1,"7","CDC27"
0.00100550543744244,0.416453500979032,0.392,0.394,1,"7","FAM122B"
0.00101981104342122,0.497040118138884,0.321,0.31,1,"7","KIAA0430"
0.00103808726698357,0.281821436232247,0.504,0.514,1,"7","CLEC2B"
0.00104693978345629,0.556158468021413,0.3,0.289,1,"7","PHACTR4"
0.00104855948609159,0.421804085206059,0.433,0.45,1,"7","TAF15"
0.00107542094671812,0.382487893039891,0.483,0.5,1,"7","GTF2I"
0.00109631898103809,0.534456433724313,0.282,0.267,1,"7","GNB4"
0.00110004346372588,0.44092263244184,0.367,0.364,1,"7","MBD4"
0.0011299969064549,0.480527176021085,0.329,0.323,1,"7","FRYL"
0.00113945758692306,0.45166265134361,0.329,0.316,1,"7","TBCC"
0.00114250577650533,0.510811314912341,0.338,0.336,1,"7","C12orf43"
0.00114468559056132,0.39581105887288,0.424,0.428,1,"7","FUNDC1"
0.00116215500976554,0.391624079848868,0.399,0.399,1,"7","PTPN18"
0.00117345080712518,0.488802101445391,0.352,0.345,1,"7","SLC30A9"
0.00119707429203489,0.446317991497569,0.372,0.372,1,"7","SPAG9"
0.00121211874471367,0.515564228759854,0.324,0.315,1,"7","TRUB2"
0.00121981825397398,0.437089639163806,0.372,0.372,1,"7","E2F3"
0.00122918666675574,0.482132156033648,0.37,0.374,1,"7","PPIL1"
0.00123254208573655,0.482760078235218,0.293,0.276,1,"7","ODF2L"
0.00123611371823533,0.504597306126012,0.307,0.295,1,"7","EXOSC2"
0.00124455443737469,0.36684313015201,0.316,0.3,1,"7","ISG15"
0.00124721669067785,0.537261917557535,0.295,0.286,1,"7","GOT2"
0.0012539464251116,0.554237275838494,0.275,0.257,1,"7","PLSCR1"
0.00128279892240106,0.625747046867083,0.252,0.232,1,"7","DHX40"
0.00128878445442171,0.538256196087963,0.295,0.281,1,"7","C16orf52"
0.00129117108605707,0.29428929202349,0.541,0.57,1,"7","SNHG10"
0.00131020095119773,0.292843963777438,0.463,0.478,1,"7","FNBP4"
0.00132452584969193,0.563251051618445,0.286,0.274,1,"7","ACSL3"
0.0013339672086813,0.304171803487062,0.531,0.578,1,"7","STK4"
0.00134205367531679,0.300620989244516,0.504,0.526,1,"7","PPP4R3B"
0.00136031455714841,0.303988487366616,0.517,0.543,1,"7","POLR2H"
0.00136577670184077,0.292337089786362,0.52,0.543,1,"7","SDHAF1"
0.0013700922886302,0.578836026047175,0.265,0.248,1,"7","TMX3"
0.00139620974560909,0.518654530588203,0.29,0.273,1,"7","METTL8"
0.00139723794514737,0.582946120004784,0.294,0.284,1,"7","DIDO1"
0.00142598623306501,0.260538372405894,0.564,0.594,1,"7","UCP2"
0.00145653719407327,0.436466569184451,0.335,0.324,1,"7","HEXB"
0.00145702746930246,0.316442615605317,0.471,0.49,1,"7","FAM162A"
0.0014663944439637,0.349865172913859,0.485,0.511,1,"7","TXNRD1"
0.00147037030218199,0.484404450366492,0.296,0.279,1,"7","FASN"
0.00147390335620228,0.449761571915203,0.363,0.361,1,"7","GOSR1"
0.00148898676353652,0.585209445258464,0.313,0.303,1,"7","C19orf81"
0.00149516136324156,0.329658046015995,0.498,0.526,1,"7","RBM7"
0.00150098471955498,0.404195489192624,0.426,0.438,1,"7","TMEM50B"
0.00151159981351353,0.320309617126372,0.526,0.554,1,"7","PAN3"
0.00151328119408954,0.427083389200009,0.357,0.355,1,"7","OGT"
0.00152640328961942,0.453745865869354,0.328,0.318,1,"7","ZMPSTE24"
0.00153694960778862,0.546601108334605,0.288,0.274,1,"7","MEMO1"
0.0015604532099375,0.579478986671012,0.282,0.271,1,"7","ENTPD1-AS1"
0.00156575640582734,0.42542091289691,0.383,0.386,1,"7","MPHOSPH10"
0.00157307606709633,0.398292836998223,0.437,0.45,1,"7","C11orf1"
0.00158250247062316,0.459447683131645,0.333,0.323,1,"7","MRPS17"
0.00158583892931953,0.39803846127123,0.427,0.434,1,"7","DHX36"
0.00158703641895435,0.25821558539743,0.567,0.595,1,"7","OARD1"
0.00158809925774786,0.317306005012434,0.58,0.613,1,"7","SPNS1"
0.0016013433985332,0.305606763174297,0.517,0.532,1,"7","BORCS7"
0.00162513695210813,0.511700522231599,0.329,0.323,1,"7","LENG8"
0.00165331332891918,0.424253022644209,0.388,0.398,1,"7","MARK3"
0.00166100310783726,0.332640803618325,0.488,0.504,1,"7","PPAN"
0.00169107259918262,0.542101892882154,0.271,0.255,1,"7","NOL10"
0.00169480967866364,0.371507421369794,0.418,0.42,1,"7","ICT1"
0.00169631934210594,0.48232893241249,0.326,0.316,1,"7","PDSS1"
0.00169813594959,0.498413465041329,0.356,0.359,1,"7","TRIM33"
0.00169855392400069,0.264019558466417,0.584,0.623,1,"7","TIMM8A"
0.00170861343955032,0.489408816690054,0.332,0.323,1,"7","MRPL35"
0.00171482169371422,0.447186194948306,0.361,0.359,1,"7","SUPT5H"
0.00172393527721048,0.517400905936819,0.287,0.272,1,"7","IFT27"
0.00173785043500381,0.491190994910845,0.332,0.328,1,"7","TRNT1"
0.00179303966465592,0.394798832053712,0.413,0.418,1,"7","YIPF3"
0.00180177126763661,0.292965050614857,0.519,0.549,1,"7","CCDC88A"
0.00182840227519057,0.403833873305352,0.436,0.457,1,"7","GTF2F2"
0.00184859304444048,0.600233195583999,0.264,0.252,1,"7","ORC4"
0.00185938918748121,0.535777207671808,0.263,0.247,1,"7","SLC35A4"
0.00186611693914758,0.298883629044506,0.459,0.477,1,"7","AKAP17A"
0.00187338802511508,0.426779119756869,0.367,0.369,1,"7","VEZT"
0.00187988372923537,0.369674797860725,0.448,0.463,1,"7","PLEKHA3"
0.00188367178826923,0.514007278566708,0.299,0.291,1,"7","SLC37A4"
0.00190171265305274,0.417562531385884,0.415,0.433,1,"7","PUS1"
0.00190956910232054,0.444745603885362,0.363,0.364,1,"7","POLR3D"
0.00191062645655713,0.499832003113426,0.323,0.319,1,"7","ANAPC7"
0.00191263333645204,0.303031942038455,0.527,0.562,1,"7","ASAH1"
0.00191566001223572,0.540853251458234,0.278,0.264,1,"7","GCDH"
0.00196053385132401,0.449013204124093,0.403,0.41,1,"7","ASCC2"
0.00198313908042215,0.257344369299792,0.603,0.64,1,"7","LRIF1"
0.00200416549914803,0.380199213103438,0.415,0.421,1,"7","TBC1D10C"
0.0020215228846386,0.463094587368573,0.364,0.368,1,"7","REL"
0.00204069790615545,0.499598782829107,0.296,0.282,1,"7","IMPDH1"
0.00204574923758203,0.292633682831194,0.456,0.467,1,"7","ZHX1"
0.00205791063609497,0.367023164035849,0.415,0.424,1,"7","C16orf91"
0.00206947725932786,0.434779135367729,0.355,0.356,1,"7","MRS2"
0.00209998974423678,0.38113013346622,0.436,0.448,1,"7","PBDC1"
0.00210204367347163,0.29585958667546,0.519,0.553,1,"7","GEMIN7"
0.00211799979206876,0.496250987116607,0.362,0.366,1,"7","AP5M1"
0.00212093943902942,0.307764725339771,0.505,0.546,1,"7","MDH1"
0.00213776123050055,0.592191700919912,0.259,0.247,1,"7","FLII"
0.0021536576436681,0.502148922673795,0.346,0.349,1,"7","AIDA"
0.00217459268602804,0.36741708279725,0.427,0.436,1,"7","TSNAX"
0.0021879299520502,0.302797242965721,0.449,0.464,1,"7","CYB5R4"
0.0021977949956022,0.277560989441374,0.493,0.512,1,"7","UAP1"
0.00221534249843721,0.353199650290549,0.464,0.475,1,"7","LARP7"
0.00224278531083347,0.50616099612865,0.272,0.252,1,"7","SLC2A6"
0.00224362874038466,0.520092939099781,0.317,0.312,1,"7","NAA25"
0.00227644396130351,0.419859890920258,0.41,0.422,1,"7","C5orf24"
0.00229872393606655,0.52728048245201,0.294,0.282,1,"7","MDN1"
0.00231346405811979,0.436852191507279,0.388,0.392,1,"7","DCPS"
0.00231678506985598,0.619417944873158,0.252,0.238,1,"7","ZNF322"
0.00231966379953925,0.312605860916511,0.372,0.362,1,"7","NUF2"
0.00233297056445668,0.505777305353769,0.336,0.333,1,"7","TGFBRAP1"
0.00234680353859571,0.429403950740384,0.372,0.374,1,"7","KDM1A"
0.00235759206917151,0.455734681754523,0.338,0.334,1,"7","FTSJ2"
0.00236113809884189,0.490959776459911,0.311,0.3,1,"7","TCHP"
0.0023848629734361,0.454408856059992,0.329,0.319,1,"7","RAB33A"
0.00244113278599994,0.34233039070917,0.487,0.505,1,"7","FAM200B"
0.00252993993235733,0.290698427704125,0.483,0.499,1,"7","ZSCAN16-AS1"
0.00253637832635907,0.500319598375115,0.324,0.317,1,"7","PLD6"
0.00254597793473218,0.39195178086169,0.37,0.374,1,"7","PPP2R5C"
0.00254685809800726,0.336762855716942,0.47,0.498,1,"7","RTCA"
0.00255451535034,0.413131220720018,0.408,0.417,1,"7","NELFCD"
0.00256175447123993,0.526354063179136,0.259,0.245,1,"7","CRAT"
0.00261084079592646,0.442925095430722,0.339,0.331,1,"7","ANGPT1"
0.00261243682094471,0.549025197515189,0.272,0.259,1,"7","TOPBP1"
0.00268801997278257,0.387342183040408,0.423,0.44,1,"7","E2F4"
0.00269393942193508,0.524324360666612,0.309,0.3,1,"7","CNOT6L"
0.00277454217353829,0.362969959196087,0.409,0.416,1,"7","WIPF1"
0.00277720758397829,0.377429599618907,0.38,0.377,1,"7","WBSCR22"
0.00278382968785987,0.571339200459777,0.285,0.276,1,"7","AP3B1"
0.00278768172361237,0.497753752548662,0.273,0.261,1,"7","POLE"
0.00281450443354237,0.461392895515982,0.343,0.342,1,"7","MPHOSPH9"
0.00282096819948336,0.566615299383876,0.252,0.238,1,"7","SAMD4B"
0.00287165600346872,0.442533853051289,0.303,0.289,1,"7","UBAP1"
0.00289267646181464,0.436743933364664,0.319,0.313,1,"7","C12orf76"
0.00290133090272713,0.546987157410239,0.256,0.241,1,"7","MAN2A2"
0.00297162987140608,0.370787673481001,0.419,0.432,1,"7","POGZ"
0.00302115297459171,0.490868242972688,0.298,0.29,1,"7","QRSL1"
0.00305805322888612,0.314207414292533,0.502,0.528,1,"7","STAT3"
0.00309392460054381,0.578060539509431,0.272,0.261,1,"7","ATG10"
0.00313209805476171,0.325197416918342,0.485,0.514,1,"7","MAPK6"
0.00314453313535966,0.342740486005897,0.433,0.448,1,"7","ZNF518A"
0.00315620820624754,0.512933082333781,0.261,0.246,1,"7","LRRC8B"
0.00316435329846996,0.469566795391452,0.303,0.293,1,"7","RBM28"
0.00316746189456681,0.526658306899243,0.291,0.283,1,"7","USP10"
0.00321387959370722,0.468664741919769,0.309,0.301,1,"7","FAM3A"
0.00328267131791361,0.251843246565237,0.568,0.599,1,"7","PDLIM2"
0.00329453530976145,0.483213446569442,0.286,0.275,1,"7","LAS1L"
0.00330884139164515,0.520312947892121,0.325,0.324,1,"7","R3HDM1"
0.00332760272301939,0.373566399784246,0.445,0.465,1,"7","SIAH2"
0.00337102480144735,0.490120663126577,0.317,0.312,1,"7","NUP37"
0.00341425347926375,0.474988620301192,0.319,0.313,1,"7","FAM98B"
0.00342149697381332,0.411910273254606,0.361,0.364,1,"7","WDFY2"
0.00344172758104428,0.486052438084042,0.321,0.317,1,"7","GART"
0.00347722660108438,0.583755545062076,0.273,0.262,1,"7","SCFD1"
0.00348557316384755,0.535365267541287,0.274,0.262,1,"7","CTU1"
0.00349625878711259,0.318610962408661,0.469,0.488,1,"7","COMMD8"
0.00354414632858856,0.551150867818053,0.297,0.29,1,"7","RBBP5"
0.00356664368056622,0.547639688527263,0.269,0.253,1,"7","CAD"
0.00356841766357315,0.420502976950063,0.338,0.334,1,"7","CYTH2"
0.00360140268192511,0.351147558351327,0.434,0.448,1,"7","GNA13"
0.00366269029870836,0.341986592989571,0.453,0.48,1,"7","MTA1"
0.00366953800906461,0.547254929079468,0.297,0.29,1,"7","SLC25A36"
0.00368965679340631,0.486580597156854,0.275,0.259,1,"7","METTL16"
0.003806973649151,0.472377200021001,0.345,0.345,1,"7","UBAP2"
0.00385035134324828,0.472546649480922,0.303,0.295,1,"7","E2F6"
0.00386135313766548,0.570855181082338,0.283,0.275,1,"7","ORC2"
0.00387579679974282,0.483094343680278,0.321,0.316,1,"7","CHML"
0.00390386276293439,0.556034545348693,0.333,0.335,1,"7","ATXN2"
0.00394606826131522,0.48400761682204,0.319,0.312,1,"7","RBM10"
0.00399677748136429,0.291871576856489,0.508,0.528,1,"7","ARIH2"
0.00401330638981199,0.359716996368928,0.454,0.474,1,"7","ZBTB8OS"
0.00405302762883557,0.302231201626102,0.524,0.557,1,"7","CBX5"
0.00414327688104979,0.530886912951687,0.274,0.262,1,"7","C18orf21"
0.00422282177886747,0.359282222359723,0.447,0.465,1,"7","C21orf2"
0.00423284104980975,0.512882747833929,0.268,0.256,1,"7","RFT1"
0.0042397705759507,0.419414918538708,0.325,0.318,1,"7","PMPCA"
0.00430176196993096,0.526185333840799,0.297,0.29,1,"7","BSDC1"
0.00432202378674964,0.408124443315261,0.39,0.397,1,"7","DPH2"
0.00435605461253143,0.485779325449009,0.318,0.314,1,"7","SATB1"
0.00435641500819164,0.425842516251281,0.385,0.401,1,"7","MEN1"
0.00437143735469811,0.451865482258098,0.384,0.392,1,"7","BAZ1B"
0.00442825465351641,0.420963233470466,0.412,0.429,1,"7","PDXDC1"
0.00452524126798165,0.418801130065257,0.357,0.361,1,"7","HDAC3"
0.00453531387806945,0.547909973262536,0.259,0.244,1,"7","FAM175B"
0.00474467690656787,0.541459225991988,0.252,0.239,1,"7","CXorf40A"
0.00489644140899189,0.495433363355802,0.325,0.323,1,"7","ADNP2"
0.00490084656179088,0.503118552512129,0.31,0.307,1,"7","MCTP2"
0.00501816339180356,0.313498383430422,0.461,0.486,1,"7","CDKN2AIPNL"
0.00502790013308849,0.523243431487817,0.278,0.268,1,"7","CLSTN1"
0.00503778330741354,0.40196998856728,0.39,0.398,1,"7","PNKP"
0.00508666233251801,0.458471413891692,0.292,0.284,1,"7","FAM76B"
0.00512159537676468,0.551489777883361,0.261,0.249,1,"7","FAM35A"
0.00512231497539718,0.446061329289685,0.292,0.281,1,"7","XKR8"
0.00521235043624995,0.463411212084968,0.252,0.237,1,"7","HJURP"
0.00522457880585689,0.446711010876131,0.318,0.315,1,"7","VRK3"
0.0052704216766364,0.535860606418883,0.257,0.244,1,"7","BCAT2"
0.00537228386668755,0.423597234237475,0.386,0.398,1,"7","PUS7L"
0.00539010467462174,0.333712971602388,0.409,0.419,1,"7","TMOD3"
0.00543156942499344,0.374489544909372,0.367,0.366,1,"7","NUP98"
0.00550040486873995,0.361226195805702,0.419,0.43,1,"7","TMEM69"
0.00551001423839128,0.331162485628513,0.448,0.471,1,"7","C1orf131"
0.00552448808951567,0.462653240563849,0.321,0.316,1,"7","ASUN"
0.00555011659286248,0.473432728180101,0.338,0.341,1,"7","CBFB"
0.00555150553380498,0.451591633040221,0.306,0.299,1,"7","C6orf1"
0.00558789234500005,0.385452886175807,0.371,0.379,1,"7","XPO6"
0.00561329662363508,0.408222013147484,0.394,0.401,1,"7","ZNF688"
0.00564477468622758,0.369257800802478,0.408,0.421,1,"7","EMILIN1"
0.00568501723323907,0.340213014958384,0.49,0.525,1,"7","PRPF6"
0.00568798773020164,0.278457289484757,0.525,0.561,1,"7","CDK12"
0.00571801774031974,0.401615606397339,0.286,0.276,1,"7","MEX3B"
0.00582735370943594,0.318072775330577,0.493,0.534,1,"7","C1orf123"
0.00586682350499757,0.374498537012388,0.41,0.416,1,"7","TPMT"
0.00593509048371211,0.361231104198949,0.392,0.399,1,"7","SSFA2"
0.00598493387305911,0.311806257811386,0.464,0.484,1,"7","PRKRIR"
0.00598642197093798,0.490836832755497,0.323,0.323,1,"7","ZNF639"
0.00602748986468874,0.368302141757063,0.355,0.355,1,"7","POLR2M"
0.00604687763030436,0.835416133126509,0.255,0.244,1,"7","CYB5D2"
0.00607241066023599,0.51486903092614,0.335,0.339,1,"7","LINC00667"
0.00612054624180949,0.404915347358898,0.372,0.376,1,"7","SRRD"
0.00618367130163897,0.511063081345684,0.257,0.244,1,"7","COQ9"
0.00620664905260978,0.336356976604077,0.462,0.485,1,"7","TMEM134"
0.00622958861995222,0.565108254059282,0.252,0.241,1,"7","SCYL1"
0.00628302081289771,0.36661589726604,0.357,0.356,1,"7","STARD3"
0.00631923623651017,0.454954735481715,0.29,0.283,1,"7","CYB561A3"
0.0063639899715686,0.462609631576214,0.324,0.322,1,"7","ANKRD54"
0.0065031550902025,0.494715683495736,0.294,0.287,1,"7","ARL8A"
0.00650537409076114,0.55303521081542,0.267,0.257,1,"7","WASF1"
0.0066752605571004,0.351951604310726,0.434,0.445,1,"7","PUM3"
0.00670023743728717,0.351707463365635,0.375,0.376,1,"7","TMBIM1"
0.00681634359094195,0.378093318172598,0.418,0.431,1,"7","ZNF644"
0.00682108494603914,0.594648770191381,0.26,0.249,1,"7","CPPED1"
0.00699103290518953,0.257316603742889,0.563,0.609,1,"7","MCFD2"
0.00705198089174253,0.517228316530045,0.25,0.238,1,"7","ERLIN2"
0.00707527120158828,0.395791220542131,0.344,0.347,1,"7","ASCC3"
0.00709899024627806,0.40191493712957,0.345,0.347,1,"7","ALG2"
0.00718135009419673,0.268786429828861,0.506,0.545,1,"7","HECTD1"
0.00718725695870946,0.411944327431745,0.323,0.32,1,"7","RAB9A"
0.00719849503270964,0.384430054866581,0.488,0.512,1,"7","RCSD1"
0.00720989561353992,0.47999076966292,0.308,0.303,1,"7","CCDC6"
0.00726753451619875,0.326636917016879,0.481,0.505,1,"7","ATF6B"
0.00737200646250976,0.509876663047058,0.283,0.273,1,"7","CCS"
0.00743298210259782,0.419630102392047,0.276,0.262,1,"7","C10orf128"
0.00754536597583523,0.329146984063997,0.425,0.436,1,"7","EXOSC4"
0.00755040801739169,0.40041757728389,0.369,0.375,1,"7","GMFB"
0.00761456930523895,0.462459274087195,0.32,0.318,1,"7","KAT5"
0.00770200180765211,0.376035037605312,0.37,0.374,1,"7","LLNLR-245B6.1"
0.0077711001658877,0.394082713999083,0.395,0.402,1,"7","STX7"
0.0077843045245479,0.425061578556555,0.281,0.269,1,"7","MAP3K8"
0.00780588777715896,0.512422871249943,0.279,0.27,1,"7","MPRIP"
0.00782469148156557,0.445324567160736,0.358,0.37,1,"7","AHI1"
0.00786201593947671,0.381077443154722,0.401,0.421,1,"7","NME6"
0.00814195267017741,0.415841789544992,0.316,0.315,1,"7","HGS"
0.00814363236037462,0.531596791207581,0.269,0.26,1,"7","ERBB2IP"
0.00826214190067096,0.411084081565427,0.29,0.279,1,"7","EIF2B2"
0.0082893203003695,0.425274739518667,0.337,0.339,1,"7","C9orf114"
0.00864164777875175,0.487476581051426,0.269,0.259,1,"7","RP13-942N8.1"
0.00866001489318865,0.261793521837923,0.457,0.479,1,"7","CCNH"
0.00869470563739344,0.527143437972665,0.26,0.248,1,"7","MSRA"
0.00871123148311724,0.461310743004485,0.331,0.334,1,"7","AGPS"
0.00891857878942256,0.356698596443157,0.362,0.361,1,"7","SNUPN"
0.00897332664591953,0.530889557754578,0.261,0.253,1,"7","BMS1"
0.00903111186217488,0.532126348592707,0.31,0.311,1,"7","NBPF14"
0.00917129270137565,0.348306735102678,0.374,0.378,1,"7","PPP2CB"
0.00921765973533363,0.371906204747448,0.391,0.402,1,"7","ZNF451"
0.00933310114663283,0.490499981768432,0.347,0.354,1,"7","SKIV2L2"
0.009334514380411,0.465342856679991,0.258,0.246,1,"7","STIM2"
0.00945184723890455,0.436855893629057,0.335,0.336,1,"7","WARS"
0.0094637290574776,0.491353147427708,0.321,0.324,1,"7","KANSL1"
0.00947479679514503,0.250755582274188,0.483,0.503,1,"7","VPS25"
0.00950140651550937,0.36180771494474,0.385,0.395,1,"7","CAB39"
0.00971313570513458,0.397265554585556,0.341,0.344,1,"7","NELFB"
0.00982032890458938,0.428053234259372,0.356,0.364,1,"7","PIAS1"
0.00988339351608484,0.468592890374881,0.261,0.25,1,"7","DHRS7B"
0.00988599247768471,0.486504525347761,0.301,0.298,1,"7","PRR3"
0,2.25117099446006,0.916,0.309,0,"8","CCNB2"
0,1.99096842384238,0.94,0.356,0,"8","CCNB1"
0,1.65328016562201,0.99,0.728,0,"8","PRMT1"
0,2.01628524331344,0.996,0.821,0,"8","HSP90B1"
0,1.96577294690629,0.995,0.897,0,"8","ARL6IP1"
0,1.25272535813868,1,0.965,0,"8","RSL1D1"
0,0.918949482244578,1,0.996,0,"8","RAN"
2.19673089742901e-300,2.1691449979988,0.676,0.161,4.21552659216628e-296,"8","HMMR"
8.83813329068575e-286,1.40301697068943,0.995,0.79,1.6960377784826e-281,"8","DDX39A"
5.56862084012621e-276,1.10790988095773,1,0.938,1.06861833922022e-271,"8","TALDO1"
1.48857693473975e-269,1.73025734966379,0.868,0.291,2.85657913776559e-265,"8","PLK1"
2.10665004190399e-266,1.35113013430063,0.991,0.852,4.04266143041375e-262,"8","HNRNPM"
4.85190481377793e-262,0.833038242337094,1,0.995,9.31080533763984e-258,"8","UBB"
3.81334180430348e-258,1.61798674421525,0.968,0.525,7.31780292245838e-254,"8","CENPF"
2.50523155007252e-251,1.22780394931821,0.996,0.826,4.80753934458917e-247,"8","NUDC"
5.55957296553303e-247,1.04736179526807,0.999,0.945,1.06688205208579e-242,"8","LDHA"
2.3380881524454e-245,0.979300779954633,1,0.993,4.48679116454272e-241,"8","HSP90AA1"
4.5586279148095e-238,1.03892328030656,0.995,0.903,8.74800696851943e-234,"8","SPCS2"
4.04412081478762e-232,1.8212877874339,0.992,0.796,7.76066784357743e-228,"8","HSPA8"
3.91746726479596e-230,0.86888031857415,1,0.968,7.51761968114345e-226,"8","NUCKS1"
1.33353920328216e-228,0.924645306838715,1,0.989,2.55906173109847e-224,"8","CALR"
4.69904391621669e-228,1.40999191166505,0.963,0.726,9.01746527521984e-224,"8","XRCC6"
1.00326183874533e-227,1.06214901080971,0.99,0.87,1.92525946855229e-223,"8","ILF2"
1.65044243614673e-221,1.11384863162638,0.987,0.852,3.16719903496558e-217,"8","PGK1"
7.43654691384901e-218,0.985097049551739,0.999,0.916,1.42707335276763e-213,"8","PDIA6"
3.50712284715139e-217,1.41077693166638,0.972,0.612,6.73016874368352e-213,"8","TOP2A"
1.03994325920466e-215,0.696549390401694,1,0.993,1.99565111441374e-211,"8","SRSF3"
7.81290077448495e-215,0.718550870967056,1,1,1.49929565862366e-210,"8","ACTB"
9.92225470833615e-214,1.1187880617987,0.997,0.755,1.90408067852971e-209,"8","BIRC5"
1.44480386848082e-212,0.539523491477099,1,1,2.77257862361469e-208,"8","CFL1"
3.21237840007419e-212,1.35833989567414,0.954,0.532,6.16455414974236e-208,"8","PTTG1"
8.28351316657719e-211,1.27847950273671,0.991,0.797,1.58960617666616e-206,"8","CAPG"
7.28049640895135e-209,1.53618912619309,0.915,0.498,1.39712726087776e-204,"8","BRIX1"
1.14623063223312e-208,0.867042668669075,1,0.985,2.19961658325536e-204,"8","HMGB2"
5.21582976586252e-205,1.45657569452133,0.909,0.406,1.00091773206902e-200,"8","CDC20"
9.6765859396429e-204,1.12758067964868,0.982,0.744,1.85693684181747e-199,"8","CDC123"
4.7219490346578e-199,0.890773657837481,0.999,0.938,9.06142019750831e-195,"8","TMED9"
5.43836030125081e-199,0.816705842874433,1,0.982,1.04362134181003e-194,"8","FKBP4"
1.11976302736734e-194,1.10113154834475,0.992,0.819,2.14882524951793e-190,"8","PCMT1"
4.86235458470977e-192,1.23244980075039,0.969,0.737,9.33085844805806e-188,"8","LRPAP1"
8.9975767430602e-192,0.761209662103294,1,0.983,1.72663497699325e-187,"8","ARHGDIB"
2.4238937219818e-190,0.852793017361146,0.999,0.94,4.65145205248307e-186,"8","COPE"
8.1522322723511e-189,1.22831587108478,0.978,0.726,1.56441337306418e-184,"8","TUBB4B"
6.43731500422616e-188,0.762280121869231,1,0.954,1.235320749311e-183,"8","MORF4L1"
9.05103827035287e-187,0.925699767197529,0.995,0.884,1.73689424408072e-182,"8","HNRNPR"
3.60336251647258e-186,0.76954994737432,0.996,0.964,6.91485266911088e-182,"8","HNRNPDL"
9.21555591728691e-185,0.859415556060064,0.995,0.934,1.76846518052736e-180,"8","PSMA4"
4.10456706330087e-184,1.72156703479269,0.593,0.171,7.87666419447437e-180,"8","KIF4A"
4.66275498368194e-184,0.774542109465189,0.999,0.944,8.94782681368564e-180,"8","SAP18"
1.66153395276578e-182,1.81916387085565,0.545,0.149,3.18848365535753e-178,"8","BUB1"
4.00762744678039e-178,0.863942087925592,0.999,0.924,7.69063707037157e-174,"8","DDX21"
3.08863567868612e-177,0.664832568661553,1,0.989,5.92709186739865e-173,"8","PTGES3"
1.44422462727576e-174,1.08021104291002,0.95,0.45,2.77146705974218e-170,"8","CENPA"
2.15483579774205e-173,1.6503954625985,0.602,0.182,4.13512989586699e-169,"8","DLGAP5"
2.25260844255569e-169,0.460323196316308,1,0.999,4.32275560126437e-165,"8","HMGB1"
3.43249790386619e-166,1.32833161502605,0.873,0.446,6.58696347751921e-162,"8","VRK1"
7.16427018372527e-166,0.557803910121382,1,0.996,1.37482344825688e-161,"8","VAMP8"
1.60930936721567e-165,0.940676815118906,0.991,0.835,3.08826467568687e-161,"8","DKC1"
2.66867297331298e-163,0.906715607636432,0.985,0.833,5.12118343578761e-159,"8","DNAJC8"
3.31963850116328e-163,0.772589749379066,0.997,0.981,6.37038628373234e-159,"8","CALM2"
4.92776443700876e-163,1.17455244501554,0.949,0.569,9.4563799546198e-159,"8","CDKN3"
3.45416759545604e-158,0.704393687355935,0.996,0.98,6.62854761568015e-154,"8","MGST1"
3.40798891800846e-157,1.30729417583816,0.864,0.429,6.53993073365823e-153,"8","PDHB"
8.73455991463601e-157,0.612263907144435,0.999,0.984,1.67616204761865e-152,"8","TPM3"
2.3769936431763e-155,1.00521558694659,0.965,0.701,4.56145080125531e-151,"8","TXNDC12"
1.02689768825921e-154,1.50738911581669,0.638,0.213,1.97061666376942e-150,"8","LEO1"
1.4261651779723e-154,1.26764997422039,0.88,0.469,2.73681097652885e-150,"8","SNW1"
4.30114294485438e-153,0.799429227013515,1,0.989,8.25389331117555e-149,"8","NCL"
7.26396395506052e-151,0.773547920369158,1,0.993,1.39395468297611e-146,"8","HLA-A"
4.25167206388868e-149,0.586101740462911,1,0.994,8.15895869060238e-145,"8","TPI1"
3.64230945932883e-148,0.95638059917788,0.977,0.797,6.98959185245202e-144,"8","CCT3"
1.99952174165721e-147,1.02327143822012,0.997,0.977,3.83708222224019e-143,"8","HLA-DRA"
3.65179029955573e-147,1.46224464691678,0.767,0.342,7.00778558484745e-143,"8","OS9"
4.61914947749212e-147,0.91159717538197,0.987,0.804,8.86414784730737e-143,"8","EIF4E"
7.60046612870755e-147,1.28605634498845,0.873,0.474,1.45852945009898e-142,"8","SF3A3"
9.77697376995427e-147,1.33777901585098,0.865,0.45,1.87620126645422e-142,"8","ITM2A"
4.93559750559745e-144,1.22044907461789,0.847,0.413,9.4714116132415e-140,"8","PPP1R7"
1.7695340531128e-143,1.10722576981044,0.924,0.559,3.39573584792346e-139,"8","PSMD6"
5.77602318935227e-143,1.22659891503752,0.886,0.484,1.1084188500367e-138,"8","HDAC1"
5.28664542284822e-142,0.523079991811628,1,0.999,1.01450725664457e-137,"8","NPM1"
7.03301471207487e-142,0.544865132005373,1,0.994,1.34963552324717e-137,"8","ATP5G3"
2.271459279991e-139,1.20356813608222,0.859,0.429,4.35893035830272e-135,"8","VPS26A"
7.3659586958856e-139,1.26506364212344,0.789,0.339,1.41352747374045e-134,"8","CDC25B"
2.11380712483282e-138,1.02050814340191,0.963,0.665,4.05639587255419e-134,"8","PSMC3"
4.01143630206362e-138,0.588847432440136,0.999,0.991,7.69794626366009e-134,"8","CLIC1"
1.46898159758321e-134,0.89260328318404,0.972,0.739,2.81897568576219e-130,"8","FARSA"
5.64637737025825e-134,0.880456497279301,0.978,0.79,1.08353981735256e-129,"8","EIF4A1"
9.50821714510978e-134,0.598657970418094,0.997,0.971,1.82462687014657e-129,"8","YWHAB"
1.30315162933995e-133,0.654232783462048,1,0.974,2.50074797670337e-129,"8","PPIB"
7.14967493466345e-133,0.885054708824111,0.977,0.805,1.37202261996192e-128,"8","PSME2"
9.58058034056917e-133,1.30877455103134,0.67,0.253,1.83851336735522e-128,"8","CENPE"
9.61749724548983e-133,0.547179444063767,1,0.99,1.8455977214095e-128,"8","SERBP1"
1.99168422889521e-131,1.09200475693654,0.914,0.554,3.8220420352499e-127,"8","NSFL1C"
3.21890478195051e-131,1.28713961104106,0.716,0.288,6.17707827656304e-127,"8","GPSM2"
4.64224207574393e-131,1.32737971660662,0.689,0.271,8.9084625433526e-127,"8","NIP7"
2.72159305183578e-130,1.15687121695384,0.974,0.786,5.22273706647286e-126,"8","HLA-DRB1"
6.90473647507121e-130,0.956465895587547,0.951,0.69,1.32501892956617e-125,"8","SSBP1"
5.82356163687309e-126,0.662861202414103,0.997,0.935,1.11754147811595e-121,"8","UBE2L3"
8.32121399282305e-126,0.781342549501701,0.97,0.863,1.59684096522274e-121,"8","TMBIM6"
3.44439260477732e-125,1.07120025172437,0.915,0.543,6.60978940856768e-121,"8","NUSAP1"
1.01990253277513e-124,0.628264728106736,0.997,0.963,1.95719296039547e-120,"8","OSTC"
2.51566000750916e-124,0.935369501433588,0.949,0.68,4.82755155441008e-120,"8","CCT5"
2.52704754682063e-124,0.819840335354858,0.985,0.802,4.84940424234878e-120,"8","MAD2L1"
2.98036904165922e-124,0.536186669815325,1,0.983,5.71932819094404e-120,"8","NDUFA13"
3.25517291834549e-124,0.581845827980072,0.999,0.962,6.246676830305e-120,"8","BANF1"
1.28010751817216e-123,0.989824553870609,0.945,0.652,2.45652632737238e-119,"8","DARS"
2.73929737979514e-123,0.889487474757385,0.969,0.765,5.25671167182687e-119,"8","RPL7L1"
2.90437338759468e-123,1.43378963287419,0.424,0.119,5.5734925307942e-119,"8","XRCC4"
6.86340157226767e-123,0.780164299218,0.996,0.843,1.31708676171817e-118,"8","MORF4L2"
3.87276800212106e-122,1.09658200757205,0.87,0.479,7.43184179607032e-118,"8","AAMP"
1.06926039152038e-121,0.628438562957759,0.999,0.957,2.05191069132761e-117,"8","HNRNPA2B1"
1.30051188351414e-121,0.939843692451454,0.978,0.736,2.49568230446364e-117,"8","FDFT1"
2.5592118180943e-121,1.0523558026742,0.913,0.551,4.91112747892296e-117,"8","PSMD12"
3.40481666298973e-121,0.75368089320657,0.992,0.894,6.53384317627729e-117,"8","SSR1"
8.16152778991402e-121,1.1163840499473,0.856,0.442,1.5661971828845e-116,"8","PDCL3"
8.24081934201149e-121,0.558292747290658,1,0.989,1.58141323173201e-116,"8","MYL6"
4.62963103263501e-120,1.15852077131689,0.794,0.367,8.88426195162658e-116,"8","ARL1"
1.00637695502343e-119,1.01128868102649,0.919,0.617,1.93123737668997e-115,"8","EMG1"
1.75974272677559e-119,0.649140342401439,0.991,0.913,3.37694629268236e-115,"8","PDCD6"
3.34398980632084e-119,1.00551420009833,0.907,0.568,6.4171164383297e-115,"8","EXOSC8"
6.79295521688659e-118,0.735503491985535,0.991,0.848,1.30356810612054e-113,"8","PSMC5"
7.51561828087367e-118,0.972827250271738,0.934,0.598,1.44224714809966e-113,"8","UNC50"
1.06465063698015e-117,0.691658920167912,0.994,0.914,2.04306457236491e-113,"8","CAPZB"
1.08235173390597e-117,0.599996775815746,0.997,0.968,2.07703297736556e-113,"8","CD63"
1.64274227172511e-117,0.95643682851588,0.951,0.656,3.15242241944049e-113,"8","HMGB3"
3.4226870552671e-117,1.30458828562835,0.515,0.167,6.56813645905756e-113,"8","SNX2"
6.62791536776368e-117,1.26488940601606,0.693,0.29,1.27189695907385e-112,"8","SRP68"
7.84157821695369e-117,0.975398969387367,0.927,0.636,1.50479885983341e-112,"8","NOP58"
1.49298261765745e-116,0.569086952868377,1,0.985,2.86503364328465e-112,"8","GMFG"
1.49396508313556e-116,1.13821461998683,0.762,0.337,2.86691899453714e-112,"8","KNSTRN"
6.35997844788328e-116,1.18498286999182,0.712,0.297,1.2204798641488e-111,"8","PRMT5"
8.16738864820492e-116,1.22485940493127,0.605,0.218,1.56732188159052e-111,"8","UTP6"
1.29929070723372e-115,0.453682568338589,1,0.994,2.49333886718152e-111,"8","LSM7"
1.99925366968906e-115,0.828687977550515,0.96,0.774,3.83656779213331e-111,"8","EIF3I"
2.42834877188983e-115,0.689710845797256,0.99,0.908,4.66000129325658e-111,"8","CANX"
7.31129772186379e-115,1.07048587823411,0.874,0.528,1.40303803282566e-110,"8","PRPF31"
3.09970337188328e-114,0.443183400947679,1,0.999,5.94833077064401e-110,"8","ACTG1"
3.59540874612359e-114,0.663867793246708,1,0.991,6.89958938381117e-110,"8","HLA-B"
8.31096125512012e-114,1.00264044363434,0.934,0.631,1.59487346485755e-109,"8","MANF"
9.80066430689821e-114,1.12563374556777,0.766,0.345,1.88074748049377e-109,"8","GPN1"
4.91666087862578e-113,0.446255340355644,1,0.998,9.43507222608288e-109,"8","MTDH"
6.88822910732755e-113,0.867170047774702,0.951,0.687,1.32185116569616e-108,"8","LAPTM4A"
1.31869308314427e-112,0.445367289346466,0.999,0.991,2.53057202655385e-108,"8","HNRNPC"
2.32051589290194e-112,1.09364925490526,0.826,0.415,4.45306999847883e-108,"8","DCAF13"
3.30385037566223e-112,1.15735194179161,0.763,0.351,6.34008887089581e-108,"8","NUF2"
5.15600245407492e-112,1.14052463536713,0.756,0.349,9.89436870936977e-108,"8","RPF2"
2.33496093496776e-111,0.87665842054807,0.992,0.915,4.48079003420313e-107,"8","HLA-DPA1"
2.77982213021595e-111,1.13707574950132,0.789,0.392,5.33447866788442e-107,"8","WDR46"
5.4584639204335e-111,1.17177739226817,0.73,0.322,1.04747922633119e-106,"8","RTCB"
6.8719586611513e-111,1.16601722019459,0.761,0.372,1.31872886707493e-106,"8","PDIA4"
8.05526042614543e-111,0.977922095379947,0.91,0.568,1.54580447577731e-106,"8","MAPRE1"
3.24831977585937e-110,1.23997672358089,0.569,0.205,6.23352564987413e-106,"8","GOLPH3L"
1.37416222645498e-109,0.50711990379276,0.997,0.981,2.63701731256711e-105,"8","ARPC3"
3.81317773640937e-109,0.599835978132785,0.991,0.942,7.31748807616958e-105,"8","CKS1B"
1.37420410582259e-107,0.897942330305364,0.946,0.646,2.63709767907355e-103,"8","SEPT7"
1.46646480801959e-107,1.10240954654528,0.951,0.689,2.81414596658959e-103,"8","IFITM1"
5.81944771290007e-107,0.919393335393476,0.974,0.813,1.11675201610552e-102,"8","HLA-DMA"
8.9233001903163e-107,0.663468809077364,0.997,0.875,1.7123813065217e-102,"8","CKS2"
1.56439693467807e-106,1.74322861670839,0.272,0.063,3.00207771764722e-102,"8","SPA17"
5.07255461005036e-106,0.483238687197243,1,0.989,9.73423229668665e-102,"8","LDHB"
1.20941456643153e-105,0.507632051495637,1,0.994,2.32086655298211e-101,"8","ENO1"
1.99518369540756e-105,1.11565829502355,0.715,0.308,3.8287575114871e-101,"8","KAT5"
2.21012003328402e-105,1.14586974116858,0.731,0.335,4.24122034387203e-101,"8","PSMD2"
5.74576831864887e-103,1.0372158006834,0.832,0.446,1.10261294034872e-98,"8","DEGS1"
2.87897755124587e-101,1.12197527615436,0.648,0.27,5.52475792084083e-97,"8","SAPCD2"
6.34319534554641e-101,0.564301700928335,0.994,0.929,1.21725918681036e-96,"8","C14orf166"
2.44286130455126e-99,0.578672358645966,0.996,0.929,4.68785084343388e-95,"8","HNRNPD"
3.53140700130263e-99,0.970035250373562,0.861,0.48,6.77677003549975e-95,"8","CPSF6"
5.97789559991573e-99,1.3838435619066,0.425,0.138,1.14715816562383e-94,"8","NEK2"
2.56631221528127e-98,0.640774951836305,0.983,0.834,4.92475314112475e-94,"8","THOC7"
1.04905376594001e-97,0.854424957039353,0.942,0.652,2.01313417683888e-93,"8","NOSIP"
4.4269164826884e-97,1.06899794350379,0.712,0.325,8.49525273027903e-93,"8","LTV1"
6.13131378408347e-97,0.414378785105471,1,1,1.17659911516562e-92,"8","HNRNPA1"
6.87907825277315e-97,0.580708100986227,0.996,0.93,1.32009511670717e-92,"8","ZC3H15"
1.64159605972215e-96,0.662838959949535,0.994,0.893,3.15022283860681e-92,"8","ANP32E"
5.24758838717169e-96,0.921457392571358,0.846,0.452,1.00701221149825e-91,"8","TPX2"
9.77908348588845e-96,1.34951068555567,0.409,0.131,1.87660612094199e-91,"8","COMMD10"
1.13367947516436e-95,0.758236457828337,0.945,0.683,2.17553091284041e-91,"8","COPS5"
3.75160646469153e-95,1.10779376386802,0.558,0.208,7.19933280574305e-91,"8","PSMC2"
4.23852004024508e-95,0.950130819463782,0.846,0.477,8.13371995723032e-91,"8","PUF60"
5.12232605945142e-95,0.622992228895282,0.999,0.907,9.82974370808727e-91,"8","ATP5B"
8.65566400283794e-95,0.747018938646558,0.983,0.887,1.6610219221446e-90,"8","IFITM3"
1.8666409584392e-94,1.22815051817152,0.468,0.163,3.58208399924483e-90,"8","FAM64A"
2.25987645126303e-94,0.910195613030876,0.954,0.738,4.33670290997376e-90,"8","UBC"
7.87760087269846e-94,1.13539398581453,0.674,0.307,1.51171160747083e-89,"8","PSMC4"
1.32609736151546e-93,0.46988867418663,1,0.988,2.54478083674816e-89,"8","STMN1"
2.18632527032005e-93,0.930422131313545,0.889,0.54,4.19555819374417e-89,"8","DNAJA1"
3.38426019765854e-93,0.503754148854478,0.999,0.975,6.49439531930673e-89,"8","RBM3"
4.96764057743603e-93,0.948207730054157,0.884,0.55,9.53290226809975e-89,"8","RABGGTB"
5.09820157195981e-93,1.00267363896489,0.712,0.329,9.78344881659088e-89,"8","CTNNBL1"
5.53642649584651e-93,0.923171103012847,0.887,0.563,1.06244024455295e-88,"8","SMARCC1"
7.01894442369138e-93,0.757281815485285,0.972,0.825,1.34693543490638e-88,"8","APLP2"
7.71519889389441e-93,0.794146136283077,0.951,0.682,1.48054666773834e-88,"8","RUVBL2"
6.05935351670205e-92,1.06183558625262,0.684,0.303,1.16278993985512e-87,"8","DEPDC1B"
4.16324803786448e-91,0.603447975676059,0.995,0.942,7.98927298466193e-87,"8","HSPD1"
5.36641549545878e-91,1.2113136965962,0.391,0.122,1.02981513357854e-86,"8","STX18"
7.05017181496951e-91,0.940972330127738,0.891,0.575,1.35292797129265e-86,"8","HSPA5"
1.14445295216658e-90,0.994357858187817,0.835,0.469,2.19620521520767e-86,"8","CCNH"
1.87360227117932e-90,0.679833647319654,0.982,0.801,3.59544275839312e-86,"8","SYNCRIP"
2.98247861457196e-90,1.20748953128974,0.482,0.174,5.72337646136359e-86,"8","EMC2"
3.42150377945337e-90,1.07233157435755,0.684,0.308,6.56586575277101e-86,"8","ZMPSTE24"
5.40233659302674e-90,0.907690000222231,0.853,0.488,1.03670839220183e-85,"8","YARS"
6.13828341316576e-90,0.74911791620562,0.95,0.702,1.17793658698651e-85,"8","TECR"
2.99750170948638e-89,0.978253777128422,0.778,0.398,5.75220578050436e-85,"8","AASDHPPT"
3.24651346941699e-89,1.01410091683349,0.67,0.293,6.2300593478112e-85,"8","COQ5"
2.57745181362246e-88,0.487651494529168,0.997,0.957,4.9461300303415e-84,"8","ENY2"
8.26534828002314e-88,1.02139670769069,0.711,0.342,1.58612033493644e-83,"8","LAP3"
1.15235694466978e-87,0.792731960767309,0.929,0.642,2.21137297682131e-83,"8","MRPL13"
2.62209160656983e-87,0.534113577394685,0.996,0.947,5.03179379300751e-83,"8","PA2G4"
4.21014153071643e-87,0.697215127178432,0.982,0.843,8.07926159744482e-83,"8","RAP1B"
6.38144367021486e-87,0.994881207276873,0.707,0.331,1.22459904031423e-82,"8","NGDN"
7.3172233361676e-87,0.923445265752952,0.817,0.45,1.40417515821056e-82,"8","MCTS1"
7.66688675227522e-87,0.852019212090385,0.835,0.461,1.47127556776162e-82,"8","KPNA2"
3.70567981334856e-86,0.849101305240061,0.868,0.513,7.11119956181589e-82,"8","CAPZA2"
4.3648101965731e-86,0.910484922969763,0.83,0.455,8.37607076722377e-82,"8","KIF20B"
5.20101693459064e-86,0.581786431254504,0.992,0.893,9.98075149747944e-82,"8","ACTR2"
8.23212168334851e-86,0.766067278239098,0.932,0.677,1.57974415103458e-81,"8","HSD17B10"
1.81981781960512e-85,0.519804186804171,0.99,0.924,3.49223039582223e-81,"8","PSMB1"
2.13707340038815e-85,0.968875451761249,0.772,0.404,4.10104385534486e-81,"8","PNO1"
3.55597068657691e-85,0.824864012200157,0.905,0.615,6.82390774754109e-81,"8","COPZ1"
3.55360989422968e-84,0.646186364733163,0.992,0.91,6.81937738702676e-80,"8","NUCB2"
3.9124058750275e-84,0.845831861470053,0.886,0.551,7.50790687417777e-80,"8","PSMC1"
3.92710253409349e-84,0.7073151133075,0.947,0.722,7.5361097629254e-80,"8","PSMA3"
7.40798457794481e-84,0.944829147726212,0.796,0.437,1.42159224050761e-79,"8","STIP1"
8.78166729095335e-84,0.862630639760674,0.875,0.535,1.68520195313395e-79,"8","MDH1"
1.29192984466952e-83,0.50116333348585,0.997,0.943,2.47921337192081e-79,"8","PPP1CA"
1.3399976777026e-83,0.56853339842292,0.997,0.946,2.57145554351128e-79,"8","P4HB"
1.44319337644624e-83,0.936541453691595,0.769,0.407,2.76948808940034e-79,"8","SDAD1"
2.07375794827755e-83,0.723289151811111,0.955,0.75,3.97954150274462e-79,"8","RAB8A"
3.06347950137125e-83,0.520808697670057,0.999,0.968,5.87881716313143e-79,"8","MYDGF"
6.1386320185308e-83,0.660088100870817,0.969,0.801,1.17800348435606e-78,"8","CREG1"
1.28840714292868e-82,1.08699070994758,0.521,0.204,2.47245330728014e-78,"8","CTSS"
1.29944088227976e-82,0.682587108863974,0.951,0.759,2.49362705309486e-78,"8","SRP72"
2.46810886962842e-82,0.87589534387051,0.846,0.501,4.73630092081693e-78,"8","EXOSC7"
5.37633937748444e-82,0.832040613611227,0.865,0.537,1.03171952653926e-77,"8","PSMC6"
2.13925765740948e-81,0.754531676220951,0.946,0.704,4.10523544456879e-77,"8","LMAN1"
2.24174580020754e-81,0.811537599649247,0.889,0.545,4.30191019059827e-77,"8","ETFB"
2.31889974253237e-81,0.737415716121963,0.934,0.593,4.44996860591961e-77,"8","MKI67"
2.56198870077926e-81,1.07663121342313,0.476,0.176,4.91645631679541e-77,"8","PHAX"
2.6032357153313e-81,0.801179391657276,0.893,0.549,4.99560933772076e-77,"8","ARHGAP15"
3.17378966759732e-81,0.865193855709218,0.846,0.464,6.09050237211925e-77,"8","LARP7"
5.22220126212601e-81,0.832889738446423,0.906,0.641,1.00214042220198e-76,"8","PLEK"
6.90453132756563e-81,0.856226450341485,0.839,0.504,1.32497956175984e-76,"8","WDR77"
2.05149383301e-80,1.01567748701495,0.581,0.243,3.93681666554618e-76,"8","TNFAIP8L2"
2.95792822671531e-80,0.808910509922032,0.901,0.562,5.67626426706667e-76,"8","C1D"
3.35622446463917e-80,1.02721883810429,0.549,0.219,6.44059474764257e-76,"8","ANXA4"
5.59441283739417e-80,0.762878765620625,0.932,0.713,1.07356782349594e-75,"8","GPATCH4"
7.98527039167396e-80,0.525328135146149,0.992,0.92,1.53237338816223e-75,"8","RBM8A"
8.60500135639299e-80,0.747216269923426,0.947,0.696,1.65129976029181e-75,"8","NIFK"
3.68270130861871e-79,1.39514416893818,0.406,0.147,7.06710381123931e-75,"8","ANXA1"
3.83464684513339e-79,0.820163645327764,0.873,0.573,7.35868729581097e-75,"8","MRTO4"
5.69738720040671e-79,0.497937819008114,0.99,0.935,1.09332860375805e-74,"8","PRDX6"
8.55018270708072e-79,1.14313330823959,0.447,0.165,1.64078006148879e-74,"8","PRR11"
1.56505919837539e-78,0.643592427713816,0.961,0.738,3.00334860168237e-74,"8","UBE2V2"
2.70773674605681e-78,0.99887982623118,0.645,0.293,5.19614681568302e-74,"8","SWAP70"
3.39492318599726e-78,0.878683956857569,0.798,0.446,6.51485759392874e-74,"8","ACAT1"
3.68347917701027e-78,0.564369407737282,0.982,0.879,7.0685965406827e-74,"8","HDGF"
6.93208227229397e-78,0.729143410798332,0.951,0.686,1.33026658805321e-73,"8","NANS"
7.31080142550304e-78,0.642059338375073,0.968,0.805,1.40294279355403e-73,"8","SNRPA1"
1.21109284163193e-77,0.589693311134332,0.963,0.807,2.32408716309168e-73,"8","NDUFA12"
1.41699842690588e-77,0.740687882283202,0.942,0.658,2.71921998123239e-73,"8","HMG20B"
3.73069987878731e-77,1.09021526134292,0.505,0.203,7.15921306739285e-73,"8","KIF14"
3.83924863272222e-77,0.419876308840482,1,0.973,7.36751812619394e-73,"8","SNRPB"
5.40454465275485e-77,0.554916583923426,0.991,0.924,1.03713211886366e-72,"8","SON"
6.48371935732986e-77,0.772221537815013,0.892,0.578,1.2442257446716e-72,"8","GAR1"
7.89147131795138e-77,0.610916983583473,0.976,0.802,1.51437334591487e-72,"8","GSTO1"
1.04490086757318e-76,0.476772993597561,0.996,0.952,2.00516476487293e-72,"8","ARF1"
1.65264395873051e-76,0.982401795381865,0.545,0.222,3.17142375680385e-72,"8","ARV1"
1.69886805123158e-76,0.761063830090403,0.883,0.576,3.2601277903134e-72,"8","SAE1"
2.42367418786881e-76,0.928650549623806,0.703,0.336,4.65103076652025e-72,"8","ACTL6A"
6.88039174125637e-76,0.566192825848549,0.977,0.843,1.3203471751471e-71,"8","SKP1"
8.84235669393937e-76,0.854388793728485,0.771,0.41,1.69684824956696e-71,"8","RPF1"
1.19262461627791e-75,0.969556478743012,0.59,0.258,2.28864663863731e-71,"8","SUN2"
1.84401997013248e-75,0.522757970017109,0.991,0.906,3.53867432268423e-71,"8","POLR2E"
2.06599998671778e-75,0.990846631111125,0.573,0.246,3.96465397451141e-71,"8","PIGK"
3.66974739501925e-75,0.884009168194202,0.785,0.428,7.04224525104195e-71,"8","USO1"
3.73977233880011e-75,0.545387016301836,0.997,0.92,7.17662311815741e-71,"8","DCXR"
5.02034280612512e-75,0.76170856730816,0.91,0.612,9.63403784495411e-71,"8","RCC1"
7.12324982384983e-75,0.734831535211288,0.924,0.659,1.36695164119678e-70,"8","ECH1"
8.68484950059531e-75,0.823698940575115,0.865,0.543,1.66662261916424e-70,"8","SDCBP"
1.02925659467347e-74,0.917062069307343,0.704,0.352,1.9751434051784e-70,"8","SLC38A5"
2.1177094887414e-74,1.00722463237834,0.557,0.235,4.06388450889475e-70,"8","CKAP5"
2.6376400757862e-74,0.553816883551022,0.986,0.865,5.06163130543372e-70,"8","PPIG"
2.73450446293837e-74,0.705522719826561,0.925,0.652,5.24751406437874e-70,"8","YTHDF2"
3.68347455709827e-74,0.577529506021134,0.977,0.839,7.06858767507158e-70,"8","SNRPB2"
4.00214772076068e-74,1.10404201603662,0.519,0.217,7.68012147613974e-70,"8","NCAPH"
6.29723837136764e-74,0.73366282469768,0.907,0.607,1.20844004346545e-69,"8","MRPL3"
1.96408530090017e-73,0.687563046509627,0.943,0.696,3.76907969242743e-69,"8","VPS28"
2.11954246464067e-73,0.858714417531313,0.757,0.397,4.06740198964544e-69,"8","ACTN1"
2.2765231612115e-73,0.655343333438381,0.964,0.769,4.36864794636486e-69,"8","SURF4"
2.47530737257589e-73,0.73297856238496,0.916,0.655,4.75011484797313e-69,"8","BUB3"
3.00091945468155e-73,0.638199933188697,0.968,0.777,5.7587644335339e-69,"8","VDAC3"
4.95327370084175e-73,0.785350897985084,0.806,0.445,9.50533223191531e-69,"8","AURKB"
5.95370456726622e-73,0.825367131471491,0.919,0.713,1.14251590645839e-68,"8","CAT"
7.63955390427551e-73,0.906020849348165,0.762,0.407,1.46603039423047e-68,"8","PLIN3"
9.42260889572611e-73,1.06624449430341,0.409,0.147,1.80819864708984e-68,"8","UQCC1"
4.22935705495395e-72,1.08464839507745,0.425,0.16,8.11613618845663e-68,"8","PSRC1"
4.52945337287135e-72,0.494983245001933,0.988,0.903,8.69202102254012e-68,"8","ATP5C1"
4.76099245929975e-72,1.01957800151357,0.562,0.247,9.13634452939622e-68,"8","NOL10"
7.72896795305998e-72,1.07922278566786,0.375,0.13,1.48318895019221e-67,"8","SLU7"
9.62273209448554e-72,0.711219697876801,0.916,0.657,1.84660228893178e-67,"8","RPN2"
1.17393315404342e-71,0.501701092408603,0.986,0.901,2.25277772260932e-67,"8","EIF3M"
1.22998688329407e-71,0.912572083507688,0.631,0.298,2.36034482904132e-67,"8","MSMO1"
1.29516321458541e-71,0.919492005443279,0.735,0.383,2.48541820878939e-67,"8","DCPS"
1.52173329209166e-71,1.21304795976384,0.346,0.117,2.92020618752389e-67,"8","KPTN"
3.32408546317659e-71,0.718327551021848,0.897,0.581,6.37892000383587e-67,"8","DCAF7"
3.87395564945029e-71,0.59423339297441,0.977,0.832,7.4341208912951e-67,"8","TMBIM4"
5.25546908172453e-71,1.21296159600426,0.445,0.177,1.00852451678294e-66,"8","SERPINB8"
5.93292536653683e-71,0.543719204499312,0.994,0.922,1.13852837783842e-66,"8","LAPTM5"
6.08540011304764e-71,0.787307978334832,0.781,0.413,1.16778828169384e-66,"8","ASPM"
6.77992668370314e-71,1.03324259921283,0.432,0.162,1.30106793060263e-66,"8","MTERF3"
1.59807426753694e-70,0.925941263409044,0.662,0.326,3.0667045194034e-66,"8","ATG4B"
1.78212810963134e-70,0.632757827710861,0.942,0.732,3.41990384238254e-66,"8","SDHC"
1.83224347913653e-70,0.502336794023324,0.997,0.978,3.51607523646301e-66,"8","PKM"
4.82874332316051e-70,0.71816297520954,0.937,0.685,9.26635843714502e-66,"8","LBR"
5.09876462605336e-70,0.733816469305229,0.891,0.599,9.78452931739639e-66,"8","NSMCE1"
5.51463626564116e-70,0.837205934460893,0.783,0.437,1.05825869937654e-65,"8","GRPEL1"
9.58333648998841e-70,0.704147413323842,0.905,0.637,1.83904227242878e-65,"8","NMI"
1.70766894662917e-69,0.757549752608433,0.898,0.661,3.27701670858138e-65,"8","C14orf119"
2.84669400104381e-69,0.493475205494043,0.99,0.918,5.46280578800307e-65,"8","APEX1"
3.26950735392514e-69,0.825923136370201,0.793,0.441,6.27418461218234e-65,"8","COPS6"
3.73217195988049e-69,0.669943539226867,0.928,0.684,7.16203799101067e-65,"8","SRI"
5.65257267808517e-69,0.553530690817562,0.974,0.841,1.08472869692454e-64,"8","ANP32A"
7.30735436648699e-69,0.902490718273476,0.627,0.289,1.40228130292885e-64,"8","SLC25A38"
7.90193027545526e-69,0.317465030976116,1,0.997,1.51638041985986e-64,"8","PPIA"
1.78822168390743e-68,0.657591137879365,0.941,0.693,3.43159741141836e-64,"8","UBE2C"
3.03226318149605e-68,0.477425229412133,0.992,0.929,5.81891304529092e-64,"8","SEC61G"
5.53830418538731e-68,0.889083532433674,0.71,0.371,1.06280057317582e-63,"8","CDC73"
7.16132394470477e-68,0.868900748135987,0.73,0.379,1.37425806498885e-63,"8","IFI6"
1.09700738910586e-67,0.845236541732336,0.71,0.364,2.10515717969414e-63,"8","PPIL1"
1.61765406970298e-67,1.10188055979321,0.316,0.103,3.10427815976002e-63,"8","TBL2"
1.96971021132834e-67,0.572527274116622,0.973,0.831,3.77987389553909e-63,"8","CDC37"
2.81016180610024e-67,0.565866609754537,0.964,0.794,5.39270050590636e-63,"8","AK6"
2.97703051903766e-67,0.306996993211945,1,0.995,5.71292156603327e-63,"8","ERH"
3.77654474524735e-67,0.780092922467949,0.85,0.519,7.24718936612966e-63,"8","GLOD4"
4.13745141479086e-67,0.912956696574898,0.548,0.237,7.93976926498365e-63,"8","KIF2C"
4.1834789617801e-67,0.445453171025715,0.999,0.949,8.02809612765601e-63,"8","PPA1"
4.8705495257739e-67,0.481171692599869,0.992,0.923,9.34658453996012e-63,"8","BSG"
7.63444173222595e-67,0.844451964379276,0.671,0.321,1.46504936841416e-62,"8","TROAP"
8.91839651408481e-67,1.17941218786128,0.314,0.104,1.71144029105288e-62,"8","DNAJC17"
9.57899821448326e-67,0.651713412405942,0.94,0.724,1.83820975735934e-62,"8","AHSA1"
1.0160593149994e-66,0.87460830882323,0.684,0.352,1.94981782548385e-62,"8","GOSR1"
1.02261546609218e-66,0.778072946292177,0.797,0.446,1.96239907943089e-62,"8","PES1"
1.25941563283602e-66,0.575642258606192,0.969,0.834,2.41681859941233e-62,"8","AK2"
1.7160471159998e-66,0.554207615323368,0.973,0.843,3.29309441560362e-62,"8","TMED10"
4.08137337836606e-66,0.72348420716137,0.837,0.48,7.83215551308447e-62,"8","UBE2F"
4.95704524338576e-66,0.53518707052629,0.97,0.831,9.51256982205728e-62,"8","DDX18"
7.28817547843795e-66,0.482262118946646,0.991,0.897,1.39860087431224e-61,"8","ACTR3"
7.66733997915111e-66,0.512146147594988,0.988,0.91,1.4713625419991e-61,"8","PFDN2"
9.7818245729197e-66,0.976231859644511,0.413,0.156,1.87713213554329e-61,"8","PEX19"
1.00190044805003e-65,0.27798314188316,1,0.999,1.922646959808e-61,"8","ARPC2"
1.1507957760852e-65,0.480885150204006,0.992,0.91,2.2083770943075e-61,"8","POLE3"
1.7479843112793e-65,0.73364424812636,0.778,0.408,3.35438189334498e-61,"8","GTSE1"
1.94874119874204e-65,0.678487558637326,0.925,0.634,3.73963436038597e-61,"8","PYCR1"
2.23816512062781e-65,0.792831821008273,0.692,0.345,4.29503886648476e-61,"8","SNAP23"
2.49921252526892e-65,0.754405338145188,0.85,0.528,4.79598883599106e-61,"8","DPM1"
2.62787066573853e-65,0.563097278836686,0.974,0.848,5.04288380755224e-61,"8","LMAN2"
3.97604091616598e-65,1.22608232366112,0.261,0.079,7.63002251812251e-61,"8","ZC3HC1"
4.41798533344784e-65,0.44635005566756,0.999,0.963,8.47811385488641e-61,"8","H2AFY"
4.72749744637471e-65,0.949757535788084,0.503,0.212,9.07206759959307e-61,"8","ASH2L"
4.7306701751826e-65,0.45750301426984,0.987,0.913,9.07815606617541e-61,"8","ATP5J2"
1.07774379575133e-64,0.671627115912377,0.904,0.625,2.06819034404681e-60,"8","ITPA"
1.72902651376386e-64,0.747729878703686,0.852,0.548,3.31800187991284e-60,"8","FAM50A"
2.17474811129606e-64,0.65528643478858,0.902,0.625,4.17334162557714e-60,"8","LLPH"
3.22537207049234e-64,0.845371585502813,0.6,0.273,6.18948900327481e-60,"8","FH"
6.27660265209385e-64,0.815837520164289,0.749,0.416,1.20448004893681e-59,"8","TAX1BP1"
1.04096115168429e-63,0.919768106825849,0.455,0.183,1.99760445008215e-59,"8","DNAJC11"
1.26076487473445e-63,0.698982897588091,0.883,0.594,2.4194077946154e-59,"8","OTUB1"
1.44470194525542e-63,0.855502111721693,0.662,0.328,2.77238303294514e-59,"8","MFAP1"
2.22584816200404e-63,0.756420428133855,0.817,0.495,4.27140262288575e-59,"8","PPAN"
3.95934500422165e-63,0.889360827724152,0.554,0.249,7.59798306310135e-59,"8","NSUN2"
3.99430006755363e-63,0.576450223939791,0.969,0.739,7.66506182963541e-59,"8","GGH"
9.22462126013799e-63,0.831136685991034,0.783,0.442,1.77020481982048e-58,"8","RBM42"
9.93990621982759e-63,0.914164329485623,0.67,0.349,1.90746800358491e-58,"8","TNFSF10"
1.26492449425221e-62,0.88587062231461,0.558,0.251,2.42739010446999e-58,"8","NOC3L"
3.24949175980848e-62,0.750913533084916,0.699,0.352,6.23577468707247e-58,"8","SAP30BP"
4.28255839078161e-62,1.03584789970847,0.339,0.12,8.21822955190991e-58,"8","AARS"
4.33807473990498e-62,0.906388897053569,0.452,0.182,8.32476542587766e-58,"8","MRPL39"
8.45509128064298e-62,0.955289433360349,0.481,0.202,1.62253201675539e-57,"8","BUB1B"
1.06262908488914e-61,0.520066930543422,0.972,0.851,2.03918521390227e-57,"8","PRDX4"
2.28092762204803e-61,0.683066570669701,0.888,0.617,4.37710010671016e-57,"8","EIF2S1"
3.21787132926309e-61,0.826828596260735,0.504,0.211,6.17509508085586e-57,"8","EIF2B3"
3.82697789854415e-61,0.648685841586048,0.932,0.712,7.34397058730622e-57,"8","PDIA3"
4.15066646641551e-61,0.798453487817885,0.74,0.408,7.96512894905136e-57,"8","CALCOCO2"
4.40624595469759e-61,0.811282040050326,0.594,0.271,8.45558598706468e-57,"8","PTRH2"
4.41748886160337e-61,0.459689352367853,0.991,0.919,8.47716112541687e-57,"8","PSMB3"
4.60779908164924e-61,0.894915941588681,0.558,0.254,8.84236643768488e-57,"8","OGFR"
6.08767862545295e-61,0.827550491648279,0.587,0.271,1.16822552822442e-56,"8","CIAPIN1"
7.38953948338962e-61,0.765512235209148,0.753,0.436,1.41805262686247e-56,"8","PUM3"
8.36245338860925e-61,0.48579379390208,0.991,0.904,1.60475480527411e-56,"8","CYCS"
9.15910629252978e-61,0.747089234788089,0.838,0.545,1.75763249753646e-56,"8","PDHA1"
1.04515546361238e-60,0.70365989435747,0.897,0.63,2.00565333467215e-56,"8","PSAP"
1.92138786169378e-60,0.813686652526897,0.674,0.336,3.68714330659037e-56,"8","RANGAP1"
1.95300360655483e-60,0.520814823968343,0.981,0.868,3.74781392097872e-56,"8","ELAVL1"
2.25453736268374e-60,0.930872138784792,0.658,0.367,4.32645719899009e-56,"8","RNASE2"
2.63707893683029e-60,0.840013695891188,0.703,0.372,5.06055447977733e-56,"8","SARS"
3.4005464566229e-60,0.747844740369084,0.808,0.491,6.52564865025934e-56,"8","UTP18"
4.65341978469716e-60,0.732916456893385,0.797,0.46,8.92991256683385e-56,"8","EIF4A3"
4.76620860079867e-60,1.13251019548279,0.332,0.12,9.14635430493265e-56,"8","ARHGEF39"
5.41710190141523e-60,0.55410660496834,0.968,0.813,1.03954185488158e-55,"8","SSB"
5.67577746800943e-60,0.505629042997724,0.981,0.862,1.08918169611101e-55,"8","NOL7"
7.35113489566997e-60,0.665510548061945,0.844,0.529,1.41068278647907e-55,"8","TMX2"
1.30974752529638e-59,0.791682628263465,0.765,0.433,2.51340550104376e-55,"8","SHKBP1"
1.82505951400064e-59,0.387132836976281,0.991,0.96,3.50228920736723e-55,"8","EDF1"
2.78370802121989e-59,0.436022034510831,0.997,0.958,5.34193569272097e-55,"8","GSPT1"
2.84299912027231e-59,0.838580938974728,0.572,0.267,5.45571531180256e-55,"8","MAEA"
3.48116225936417e-59,0.929759558046033,0.388,0.148,6.68035037571984e-55,"8","C6orf203"
4.29339508002037e-59,1.08371888151368,0.287,0.096,8.2390251585591e-55,"8","NSDHL"
4.35020092672227e-59,0.662231674144701,0.879,0.577,8.34803557838004e-55,"8","FKBP3"
4.48950525618478e-59,0.841694679065646,0.432,0.172,8.6153605866186e-55,"8","BLVRA"
5.29650577250751e-59,0.843395206876267,0.587,0.277,1.01639945774419e-54,"8","SNX1"
5.76130008128059e-59,0.750602918610489,0.805,0.483,1.10559348559774e-54,"8","HSD17B12"
1.32433393698432e-58,0.454064206551034,0.99,0.908,2.5413968250729e-54,"8","ST13"
1.9979716072861e-58,0.785504990376501,0.694,0.361,3.83410751438202e-54,"8","IDH3A"
2.00004383630375e-58,0.541824399709271,0.967,0.793,3.83808412186689e-54,"8","SPCS3"
2.20996386818998e-58,0.663794857597137,0.869,0.583,4.24092066305657e-54,"8","MRPS10"
4.90759259964721e-58,0.73695644075262,0.73,0.383,9.41767019872299e-54,"8","COPS2"
5.66878285049799e-58,0.549014867543501,0.951,0.772,1.08783942901057e-53,"8","CTSD"
6.08848049987621e-58,0.504544557358209,0.978,0.828,1.16837940792624e-53,"8","MESDC2"
7.93367961739632e-58,0.671847825684207,0.87,0.568,1.52247311857835e-53,"8","MED10"
8.40931830132485e-58,0.739140714966364,0.713,0.382,1.61374818202424e-53,"8","POP4"
1.26475341210352e-57,0.834303124284508,0.564,0.261,2.42706179782665e-53,"8","STXBP3"
1.51460588839715e-57,0.802871465902674,0.553,0.249,2.90652869983414e-53,"8","PAAF1"
1.57393810918846e-57,1.02696046098549,0.335,0.123,3.02038723153265e-53,"8","ATL2"
1.97674469031526e-57,0.65186577297571,0.901,0.617,3.79337306071499e-53,"8","SLC16A3"
2.05571139196623e-57,0.783095200499277,0.582,0.272,3.9449101611832e-53,"8","TXLNG"
2.21933409321805e-57,0.694031893260806,0.729,0.382,4.25890212488544e-53,"8","CDCA8"
2.87520708498282e-57,0.422348417796624,0.986,0.919,5.51752239608202e-53,"8","ARHGDIA"
3.96017160323926e-57,0.810530737619599,0.663,0.343,7.59956930661613e-53,"8","ADH5"
4.88196154735481e-57,0.79037539177444,0.73,0.404,9.36848420937389e-53,"8","GRWD1"
5.71320799905443e-57,0.839888676804531,0.53,0.239,1.09636461501854e-52,"8","LYPLAL1"
8.59583659033093e-57,0.738452829106245,0.749,0.424,1.64954104168451e-52,"8","CHORDC1"
9.82042713758146e-57,0.489745966842027,0.986,0.891,1.88453996770188e-52,"8","TRAM1"
1.68502770457907e-56,0.777573705970709,0.567,0.259,3.23356816508724e-52,"8","PLRG1"
2.45884592250583e-56,0.794881057326144,0.623,0.304,4.71852532528869e-52,"8","NUP37"
3.83827352788019e-56,0.778767955746459,0.658,0.332,7.36564690000209e-52,"8","DCTN6"
4.98056106213172e-56,0.590759747784388,0.934,0.714,9.55769667823076e-52,"8","MRPS14"
4.99149956679494e-56,0.688323188283129,0.666,0.334,9.57868766867949e-52,"8","AURKA"
5.68185396477778e-56,0.540407456512381,0.947,0.762,1.09034777584086e-51,"8","ISOC2"
5.97462467131915e-56,0.840350694322168,0.521,0.235,1.14653047442615e-51,"8","WDR3"
6.43724355976068e-56,0.90034971851348,0.662,0.364,1.23530703911808e-51,"8","TUBB6"
8.67588146418848e-56,0.510860537207332,1,0.986,1.66490165297777e-51,"8","CD74"
1.00476106804726e-55,0.844551497736425,0.356,0.133,1.92813648958269e-51,"8","SRFBP1"
1.38445620726472e-55,0.679455313725974,0.865,0.558,2.65677146174099e-51,"8","UCHL5"
2.12752742905944e-55,0.60814038724889,0.898,0.602,4.08272513636507e-51,"8","MRPL50"
2.68377893734359e-55,0.713288347424934,0.746,0.407,5.15017178076235e-51,"8","PARVG"
3.47375973828584e-55,0.682491980407813,0.856,0.565,6.66614493777052e-51,"8","AP3D1"
5.27128949305101e-55,0.789797097573319,0.567,0.268,1.01156045371649e-50,"8","LAS1L"
5.27911291785577e-55,0.518741124803836,0.956,0.797,1.01306176893652e-50,"8","PRPF40A"
5.67520384275882e-55,0.762320576593644,0.64,0.322,1.08907161742542e-50,"8","KARS"
6.34223647817971e-55,0.772388592592905,0.634,0.321,1.21707518016269e-50,"8","TERF1"
6.94008750420304e-55,0.833719117064415,0.695,0.39,1.33180279205656e-50,"8","IL2RG"
8.16686483401231e-55,0.466055247854934,0.987,0.852,1.56722136164696e-50,"8","GHITM"
8.62089261081607e-55,0.470119256940771,0.979,0.877,1.6543492920156e-50,"8","EIF3A"
9.7820084659392e-55,0.42233155772167,0.992,0.951,1.87716742461373e-50,"8","EIF5"
1.14643452707425e-54,0.665514289479217,0.873,0.586,2.20000785745548e-50,"8","MRPS35"
1.15726454417626e-54,0.731937678181084,0.692,0.367,2.22079066027425e-50,"8","TMBIM1"
2.72044517762548e-54,0.649548323362398,0.78,0.453,5.2205342958633e-50,"8","PNP"
3.65568353244168e-54,0.774551848084474,0.599,0.288,7.01525669875558e-50,"8","PRCP"
3.92420271539497e-54,0.69655853696808,0.744,0.412,7.53054501084294e-50,"8","PEF1"
6.7810444830419e-54,0.674973790323734,0.819,0.498,1.30128243629574e-49,"8","HSH2D"
6.88445074570286e-54,0.437049893218139,0.99,0.886,1.32112609810038e-49,"8","GRB2"
1.05449791846311e-53,0.307100908150494,0.997,0.987,2.0235815055307e-49,"8","RBX1"
1.60587618093747e-53,0.34513963034816,0.999,0.965,3.08167639121901e-49,"8","LAMTOR5"
1.73091255471183e-53,0.70165442720812,0.823,0.516,3.32162119249201e-49,"8","GORASP2"
2.18221789815692e-53,0.778460309841035,0.532,0.245,4.18767614656312e-49,"8","MICU2"
2.5341174493371e-53,0.744888217292957,0.668,0.353,4.86297138527789e-49,"8","SNUPN"
2.80788573432835e-53,0.795874288450164,0.491,0.216,5.38833272417611e-49,"8","IMPA1"
3.40512003543815e-53,0.630538463621986,0.844,0.546,6.53442534800581e-49,"8","CHMP5"
3.54581213128046e-53,0.644413062591768,0.897,0.619,6.8044134799272e-49,"8","AZI2"
4.55508822428567e-53,0.765380848986882,0.595,0.29,8.74121430240421e-49,"8","STT3A"
5.8885871430187e-53,0.966682856014127,0.356,0.139,1.13001987274529e-48,"8","BORA"
6.22587163520011e-53,0.781792655368452,0.636,0.327,1.1947447667949e-48,"8","EAF2"
6.40530247087811e-53,0.727058809702996,0.769,0.442,1.22917754416151e-48,"8","OIP5"
7.18706118320024e-53,0.732871203907064,0.688,0.365,1.37919704105613e-48,"8","ECHDC1"
7.45302885915643e-53,0.453164621280982,0.986,0.9,1.43023623807212e-48,"8","PSME1"
8.8013201794516e-53,0.872900498345214,0.434,0.185,1.68897334243676e-48,"8","RNF20"
9.04763413444971e-53,0.564324024208781,0.932,0.691,1.7362409904009e-48,"8","PPP4R2"
9.42156391587778e-53,0.767496239398715,0.668,0.351,1.80799811545695e-48,"8","PRC1"
1.85806778646842e-52,0.708652448290024,0.522,0.235,3.56563208223289e-48,"8","RUFY1"
2.49097086328891e-52,0.641908424182448,0.829,0.503,4.78017308665142e-48,"8","CUTC"
2.51618933065336e-52,0.448826516227053,0.97,0.873,4.8285673255238e-48,"8","EIF3G"
2.56150012843446e-52,0.575025084400701,0.941,0.74,4.91551874646573e-48,"8","TM7SF3"
2.88517678026894e-52,0.836098760587723,0.477,0.214,5.5366542413361e-48,"8","DDX10"
3.62138180010913e-52,0.814276517652657,0.505,0.231,6.94943167440943e-48,"8","PGM2"
3.7060918359504e-52,0.846522411538857,0.512,0.237,7.11199023318882e-48,"8","NOMO1"
4.12129453171876e-52,0.878292252871636,0.36,0.141,7.90876420636831e-48,"8","GOT1"
5.76627391440177e-52,0.559688369609184,0.913,0.672,1.1065479641737e-47,"8","POLR2G"
6.16990551314062e-52,0.64271881582069,0.842,0.534,1.18400486797168e-47,"8","NSRP1"
9.16773560423113e-52,0.683364763668367,0.785,0.473,1.75928846245195e-47,"8","NDUFAF4"
9.96084463102676e-52,0.458569454678235,0.969,0.847,1.91148608469403e-47,"8","PSMB6"
1.12766721907333e-51,0.505191788083379,0.95,0.779,2.16399339340171e-47,"8","RNF181"
1.14306135201347e-51,0.362808858988957,1,0.97,2.19353473451384e-47,"8","TAGLN2"
1.19303077257111e-51,0.715441167898885,0.647,0.338,2.28942605256396e-47,"8","MFSD1"
1.30441545852024e-51,0.704746353060914,0.779,0.478,2.50317326490035e-47,"8","GTPBP4"
1.34298509577984e-51,0.451077184904853,0.986,0.874,2.57718839880151e-47,"8","SFPQ"
1.47504294631247e-51,0.549669169370469,0.943,0.732,2.83060741397364e-47,"8","CCT7"
1.78694376402478e-51,0.866419515782903,0.387,0.158,3.42914508316355e-47,"8","HARS"
2.00164653549257e-51,0.694316841920146,0.779,0.463,3.84115970161025e-47,"8","SEC13"
2.20592439289518e-51,0.853916593809177,0.461,0.205,4.23316890996584e-47,"8","HMGCR"
2.23965924950463e-51,0.660660607746027,0.743,0.419,4.29790609979939e-47,"8","FUNDC1"
2.26250752769043e-51,0.780588776288699,0.496,0.226,4.34175194563793e-47,"8","GMPPA"
2.55473147659434e-51,0.511993035255495,0.96,0.765,4.90252970358454e-47,"8","NUDCD2"
2.82170236580292e-51,0.744293464754033,0.523,0.237,5.41484683997581e-47,"8","FAM175B"
4.03886516017095e-51,0.536390395721196,0.941,0.727,7.75058224236805e-47,"8","ADI1"
7.48022983401232e-51,0.770159993632204,0.569,0.278,1.43545610514696e-46,"8","LUC7L"
7.85041751191583e-51,0.331990889247761,0.999,0.977,1.50649512053665e-46,"8","ATPIF1"
1.33957471751025e-50,0.698600305426018,0.785,0.461,2.57064388290218e-46,"8","CLINT1"
1.35680278391035e-50,0.69807611040794,0.614,0.298,2.60370454232396e-46,"8","AATF"
1.7923883972602e-50,0.729567392308241,0.585,0.288,3.43959333434232e-46,"8","RRP9"
2.03829470224882e-50,0.736708766078781,0.671,0.352,3.91148753361548e-46,"8","TIMMDC1"
3.42264315265874e-50,0.721987602245934,0.632,0.325,6.56805220995213e-46,"8","TOMM34"
4.41959532219021e-50,0.727330418625832,0.567,0.273,8.48120342328301e-46,"8","SORD"
5.1897891278547e-50,0.661899167636983,0.842,0.543,9.95920533635317e-46,"8","RIOK1"
5.89415512445797e-50,0.461904940557097,0.979,0.854,1.13108836838349e-45,"8","CACYBP"
7.08314177724976e-50,0.588517625037621,0.877,0.603,1.35925490705423e-45,"8","PSMD7"
8.66325701866184e-50,0.567346422790348,0.916,0.666,1.66247902188121e-45,"8","TIMM17A"
1.09779676107323e-49,0.606643626433207,0.871,0.59,2.10667198449953e-45,"8","TOR1A"
1.10255180505939e-49,0.583312539625333,0.878,0.603,2.11579691390897e-45,"8","AIMP1"
1.43973561768863e-49,0.582563734445645,0.938,0.709,2.76285265034448e-45,"8","SSR3"
1.52990387729732e-49,0.537096959401048,0.933,0.722,2.93588554053356e-45,"8","ABCF1"
1.80543456334513e-49,0.574772990475739,0.884,0.652,3.46462892705931e-45,"8","NAA20"
1.80827090145605e-49,0.75643587571387,0.677,0.373,3.47007185989416e-45,"8","LMNB1"
1.86488056125607e-49,0.53005520513347,0.931,0.696,3.57870579705041e-45,"8","HP1BP3"
2.08687511432575e-49,0.587735295468323,0.895,0.624,4.00471334439112e-45,"8","PPT1"
2.3643404433584e-49,0.370324015908101,0.995,0.951,4.53716931080478e-45,"8","EIF3J"
2.53824872045395e-49,0.379075467843175,0.992,0.933,4.87089929455113e-45,"8","PSMA1"
2.6115216514396e-49,0.692138856056875,0.756,0.44,5.01151004911258e-45,"8","WDR74"
2.91092576302001e-49,0.746031077605727,0.546,0.261,5.58606653923539e-45,"8","CLSTN1"
4.29193720726078e-49,0.662368806843508,0.675,0.35,8.23622750073345e-45,"8","CDK5RAP3"
4.84210048471099e-49,0.467852884601082,0.981,0.917,9.29199083016039e-45,"8","CORO1A"
4.91558932939877e-49,0.799444762405783,0.463,0.207,9.43301592311623e-45,"8","NSMCE2"
5.9934470885869e-49,0.68046721491197,0.776,0.468,1.15014249629983e-44,"8","BCCIP"
7.17711866526647e-49,0.730444325722049,0.599,0.303,1.37728907186463e-44,"8","CCDC86"
7.23822309075032e-49,0.793993354303998,0.443,0.193,1.38901501111499e-44,"8","CDK9"
7.74278013443877e-49,0.769179264818523,0.734,0.452,1.4858395077988e-44,"8","TOP1MT"
8.84704744518527e-49,0.680991772829969,0.585,0.283,1.69774840473105e-44,"8","MRPL44"
1.03834532134071e-48,0.431719810294719,0.985,0.864,1.99258467165282e-44,"8","RTN4"
1.07459468750908e-48,0.599673307226156,0.88,0.636,2.06214720532992e-44,"8","MRPS18B"
1.16634364882848e-48,0.353584970628445,1,0.962,2.23821346210186e-44,"8","ARPC5"
1.39494232747381e-48,0.874524745842399,0.343,0.136,2.67689432642225e-44,"8","IQCB1"
1.8754526493043e-48,0.526515928239208,0.963,0.758,3.59899363401495e-44,"8","MZT1"
2.26369219136545e-48,0.539977592624908,0.934,0.713,4.34402531523029e-44,"8","RAB1A"
2.348545342443e-48,0.821782419374141,0.392,0.165,4.50685851214813e-44,"8","GTF2B"
2.49498775549984e-48,0.479864705038934,0.954,0.801,4.78788150280419e-44,"8","EEF1E1"
3.52496467010702e-48,0.667942922942339,0.658,0.347,6.76440720193537e-44,"8","EZR"
3.75744657395672e-48,0.692489605090715,0.697,0.385,7.21053997542295e-44,"8","IL6R"
3.81329906147062e-48,0.682609115270799,0.675,0.363,7.31772089896212e-44,"8","SP100"
3.81664793624119e-48,0.661899081634291,0.754,0.428,7.32414738964685e-44,"8","TWISTNB"
3.85005352445834e-48,0.616593149269089,0.762,0.439,7.38825271343556e-44,"8","PBDC1"
4.41865339254915e-48,0.447404104116639,0.976,0.839,8.47939586030182e-44,"8","CCDC124"
4.83763357880438e-48,0.499337725589939,0.923,0.688,9.2834188377256e-44,"8","VBP1"
4.91162937503726e-48,0.409860838926729,0.994,0.929,9.42541677069651e-44,"8","ATF4"
5.68377599569516e-48,0.407779201629379,0.982,0.896,1.0907166135739e-43,"8","GNAI2"
5.84788108572612e-48,0.569486936170908,0.906,0.672,1.12220838035084e-43,"8","CCT6A"
7.24749868675548e-48,0.568568143276168,0.974,0.798,1.39079499798838e-43,"8","UBE2S"
7.24950897335467e-48,0.594024302421397,0.879,0.616,1.39118077198676e-43,"8","NCBP2"
9.35858221744995e-48,0.347881275866303,0.997,0.963,1.79591192752865e-43,"8","MINOS1"
1.0362879262398e-47,0.738911740923165,0.548,0.269,1.98863653045417e-43,"8","PDCD4"
1.06163764646593e-47,0.710439961693591,0.523,0.247,2.03728264356813e-43,"8","LIN7C"
1.18472109327243e-47,0.398803801701282,1,0.991,2.27347977798979e-43,"8","PRDX1"
1.18880301542388e-47,0.658519489142854,0.771,0.453,2.28131298659843e-43,"8","SUGT1"
1.2971184833535e-47,0.551343297980315,0.907,0.663,2.48917036955536e-43,"8","GLRX3"
1.40658459383885e-47,0.51010505125745,0.936,0.708,2.69923583557676e-43,"8","UFM1"
1.49485538162644e-47,0.303172798028263,0.999,0.982,2.86862747734114e-43,"8","PRR13"
3.06058937748979e-47,0.566529727501188,0.772,0.447,5.8732710154029e-43,"8","STXBP2"
3.11025940841426e-47,0.637480723086024,0.793,0.478,5.96858780474697e-43,"8","ITGA4"
3.20115631288826e-47,0.462380421934062,0.996,0.931,6.14301896443256e-43,"8","LITAF"
3.84275013032189e-47,0.526653163417033,0.958,0.754,7.37423750008771e-43,"8","CNN2"
4.05852622092401e-47,0.748936931279432,0.45,0.201,7.78831181795318e-43,"8","SART3"
4.51962446633329e-47,0.659631422337634,0.667,0.357,8.67315935089358e-43,"8","APMAP"
5.48392486575857e-47,0.539305002772415,0.928,0.686,1.05236518173907e-42,"8","DDX1"
6.47566044520465e-47,0.793492823887721,0.465,0.216,1.24267923943477e-42,"8","DEPDC1"
6.54270171711719e-47,0.516603172367763,0.882,0.564,1.25554445951479e-42,"8","CCNA2"
6.65831846591409e-47,0.75671555910621,0.469,0.213,1.27773131360891e-42,"8","MAD2L1BP"
7.33879171481875e-47,0.675815651392473,0.612,0.31,1.40831413007372e-42,"8","PMPCA"
9.33950316995377e-47,0.562789643698096,0.909,0.668,1.79225065831413e-42,"8","WDR43"
1.15306819025189e-46,0.581346413250501,0.861,0.568,2.21273785709339e-42,"8","PMF1"
1.2988123142341e-46,0.482609538128841,0.949,0.768,2.49242083101523e-42,"8","CAP1"
1.34434380252154e-46,0.66130728628389,0.626,0.321,2.57979575703884e-42,"8","USP14"
1.41020024422591e-46,0.853367935813552,0.334,0.133,2.70617426866951e-42,"8","TMEM39A"
1.71600438810676e-46,0.282763058344501,0.999,0.988,3.29301242077687e-42,"8","SNRPD1"
1.7199907028391e-46,0.639179475651155,0.701,0.388,3.30066215874823e-42,"8","SGOL2"
2.023830325235e-46,0.706974159385656,0.629,0.334,3.88373039412597e-42,"8","NDE1"
2.03495262142871e-46,0.641393573335072,0.797,0.492,3.90507408052169e-42,"8","TMEM173"
2.19710364455617e-46,0.895650670004128,0.294,0.111,4.21624189390329e-42,"8","PEX14"
2.25212019608653e-46,0.780718657489705,0.474,0.222,4.32181865629005e-42,"8","LRG1"
4.45965632322478e-46,0.823556085405749,0.472,0.224,8.55808048426835e-42,"8","GNPDA1"
4.94191298863318e-46,0.375301442001521,0.991,0.921,9.48353102518706e-42,"8","PTMS"
5.3119618878669e-46,0.593472509145431,0.87,0.617,1.01936548628166e-41,"8","HTATSF1"
5.66874765594318e-46,0.647412312054133,0.731,0.412,1.0878326751755e-41,"8","NME6"
9.49737542728586e-46,0.567390593744771,0.883,0.608,1.82254634449616e-41,"8","PPA2"
9.72308507879451e-46,0.717649232171419,0.656,0.356,1.86586002662067e-41,"8","NOP14"
1.01023784877253e-45,0.921393402818001,0.312,0.122,1.93864643179449e-41,"8","SLC22A16"
1.0689759751532e-45,0.35810730624091,0.992,0.939,2.05136489631899e-41,"8","ARL2"
1.07312659504975e-45,0.688034293166133,0.647,0.347,2.05932993590048e-41,"8","CCDC53"
1.09163770926632e-45,0.635884749573686,0.649,0.336,2.09485276408207e-41,"8","ODF2"
1.12326820847942e-45,0.459903215230435,0.952,0.754,2.15555169207202e-41,"8","SMC2"
1.37106141181824e-45,0.623592974137849,0.775,0.474,2.6310668492792e-41,"8","MTX1"
1.4658273436095e-45,0.608079116891845,0.769,0.454,2.81292267238663e-41,"8","TIMM23"
1.53828549960622e-45,0.54318911754355,0.887,0.662,2.95196987374434e-41,"8","PSMD4"
1.59817978718865e-45,0.576794591788642,0.862,0.575,3.06690701161501e-41,"8","UBE2G1"
2.22970464056963e-45,0.705810967520053,0.486,0.226,4.27880320525313e-41,"8","SIL1"
3.07903409254134e-45,0.788885098559262,0.401,0.175,5.90866642358683e-41,"8","ZNFX1"
3.1040106201306e-45,0.664580089848047,0.575,0.289,5.95659638003062e-41,"8","METTL1"
3.1233006543898e-45,0.925800457456957,0.302,0.119,5.99361395577402e-41,"8","ANXA3"
3.74351992784929e-45,0.484055436925039,0.925,0.743,7.18381474154278e-41,"8","RBPJ"
4.7823217138855e-45,0.681698069575775,0.602,0.315,9.17727536894627e-41,"8","LRRC41"
5.28702683726933e-45,0.444612145753644,0.969,0.858,1.01458045007199e-40,"8","EBNA1BP2"
5.63899700402979e-45,0.635526617603766,0.68,0.376,1.08212352507332e-40,"8","RUVBL1"
6.00138172825105e-45,0.317179123298064,0.996,0.963,1.15166515365138e-40,"8","POLR1D"
6.20753122767556e-45,0.803831347701414,0.375,0.16,1.19122524259094e-40,"8","IFT74"
8.17046764794117e-45,0.671289730702686,0.553,0.269,1.56791274163991e-40,"8","DLD"
9.34209386891576e-45,0.353295193170895,0.997,0.99,1.79274781344493e-40,"8","HSPE1"
1.15052581178095e-44,0.342287118342177,0.992,0.939,2.20785903280763e-40,"8","HNRNPK"
1.24388877441119e-44,0.72313939994695,0.442,0.2,2.38702255809508e-40,"8","SC5D"
1.56734649434456e-44,0.739893086626927,0.501,0.241,3.00773792264721e-40,"8","NAA35"
1.70282355293381e-44,0.686299188322448,0.571,0.285,3.26771839807999e-40,"8","ISY1"
1.83240890536583e-44,0.6253409949885,0.721,0.408,3.51639268939703e-40,"8","EIF3B"
2.11354395329754e-44,0.736976770696597,0.468,0.218,4.05589084637798e-40,"8","DCTN1"
2.13142275355586e-44,0.522362177587908,0.937,0.737,4.0902002640737e-40,"8","VDAC1"
2.17876245290207e-44,0.498267920882748,0.95,0.773,4.18104514711907e-40,"8","HNRNPH3"
2.67140063687224e-44,0.673848869772287,0.562,0.281,5.12641782215784e-40,"8","UBA3"
3.60573003333528e-44,0.55764824362735,0.882,0.628,6.9193959339704e-40,"8","SNRNP40"
4.64853512048696e-44,0.698250937545118,0.51,0.247,8.92053889621448e-40,"8","HGH1"
5.33852856992659e-44,0.713291968016347,0.609,0.319,1.02446363256891e-39,"8","SLC17A9"
5.81631689728759e-44,0.689850151550497,0.432,0.192,1.11615121258949e-39,"8","TGDS"
6.06276940447197e-44,0.738507477165782,0.505,0.247,1.16344544871817e-39,"8","RACGAP1"
9.23320440474933e-44,0.566470627963707,0.879,0.604,1.7718519252714e-39,"8","DCTN3"
9.38989745044442e-44,0.659007108319202,0.679,0.374,1.80192132074028e-39,"8","MRPL49"
9.97294623722668e-44,0.64316266861387,0.576,0.288,1.9138083829238e-39,"8","POLR1C"
1.04165168054816e-43,0.488043301919641,0.958,0.744,1.99892957497192e-39,"8","TOP1"
1.19831039968321e-43,0.56244298337892,0.857,0.573,2.29955765699209e-39,"8","CTSC"
1.5393489566235e-43,0.576895880301854,0.85,0.583,2.9540106477605e-39,"8","ASNA1"
1.66381385143963e-43,0.605145552614991,0.692,0.381,3.19285878091264e-39,"8","CCDC58"
1.86231933701409e-43,0.588488560306774,0.811,0.505,3.57379080773003e-39,"8","DHX15"
2.06843966712528e-43,0.717492212145444,0.413,0.184,3.96933572121341e-39,"8","GBE1"
2.51176264274782e-43,0.392960036387431,0.979,0.858,4.82007251143307e-39,"8","SHFM1"
2.52905513181543e-43,0.693775420052495,0.449,0.205,4.8532567979538e-39,"8","XPO7"
2.87185853908428e-43,0.851931633338163,0.274,0.103,5.51109653650273e-39,"8","PCCB"
2.9440084825746e-43,0.703598965750539,0.476,0.225,5.64955227806065e-39,"8","HYOU1"
3.1105255975906e-43,0.637517098595748,0.65,0.353,5.96909862177635e-39,"8","DNAJB1"
3.91172589437854e-43,0.395331124850893,0.986,0.89,7.50660199131242e-39,"8","SRSF11"
4.99376511267195e-43,0.530487883402991,0.897,0.63,9.58303525121748e-39,"8","PFDN4"
5.13675612188307e-43,0.707923009360045,0.366,0.155,9.8574349978936e-39,"8","RIOK2"
5.2167570421006e-43,0.572500919734487,0.808,0.514,1.00109567637911e-38,"8","FAH"
7.38861100944165e-43,0.654697106147194,0.711,0.41,1.41787445271185e-38,"8","PARVB"
8.26189790361022e-43,0.65301949219515,0.568,0.288,1.5854582077028e-38,"8","HNRNPH2"
9.79747753113496e-43,0.697177218003542,0.499,0.24,1.8801359382248e-38,"8","PACSIN2"
9.88962723386553e-43,0.509006229788936,0.923,0.694,1.8978194661788e-38,"8","PPIH"
1.00030582620973e-42,0.459994677290284,0.949,0.773,1.91958688049648e-38,"8","MRFAP1"
1.00353995774431e-42,0.386259543486086,0.977,0.871,1.92579317891133e-38,"8","TMEM59"
1.02060680466549e-42,0.630231533385,0.641,0.343,1.95854445815307e-38,"8","TOR1AIP1"
1.3570838741673e-42,0.728197204529476,0.32,0.129,2.60424395452706e-38,"8","PUDP"
1.63217980572659e-42,0.648300993195841,0.607,0.32,3.13215304718933e-38,"8","FAM98A"
1.76409831170622e-42,0.625424219517046,0.473,0.221,3.38530466016424e-38,"8","HAUS7"
1.94579577091981e-42,0.594700960489782,0.713,0.4,3.73398208439511e-38,"8","RAB18"
1.99523038804306e-42,0.828254095776577,0.752,0.54,3.82884711465463e-38,"8","CTSG"
2.3404314343503e-42,0.645480090579911,0.704,0.404,4.49128792251823e-38,"8","ARRDC1"
2.40508933512324e-42,0.373406639760299,0.992,0.922,4.6153664341015e-38,"8","FKBP2"
2.41344450244122e-42,0.729797957633918,0.441,0.203,4.63140000018471e-38,"8","MRPS9"
2.50867160946653e-42,0.493921054977978,0.922,0.682,4.81414081856626e-38,"8","GNL3"
2.58849441086624e-42,0.371518052389536,0.99,0.917,4.96732077445231e-38,"8","APRT"
2.99417534048865e-42,0.632514007151588,0.577,0.298,5.74582247839773e-38,"8","TRMT6"
3.24770903786594e-42,0.645488091350365,0.564,0.288,6.23235364366474e-38,"8","ALG8"
3.27327437333793e-42,0.65696500460688,0.461,0.212,6.28141352243549e-38,"8","DNAJA2"
3.62052953044847e-42,0.65957672014172,0.504,0.243,6.94779616893062e-38,"8","DEF6"
3.96575619564918e-42,0.283458048006282,0.997,0.977,7.61028613945078e-38,"8","C11orf58"
4.31378610214549e-42,0.592839965546796,0.69,0.379,8.2781555300172e-38,"8","MRPL28"
4.36536654810573e-42,0.4724024737864,0.933,0.745,8.3771384058149e-38,"8","NOP16"
4.58117781799459e-42,0.660211150378678,0.671,0.386,8.79128023273161e-38,"8","KAT8"
4.66584737515459e-42,0.595266970177291,0.661,0.357,8.95376111292166e-38,"8","TTC1"
4.74979848489335e-42,0.621243387162807,0.699,0.392,9.11486329251034e-38,"8","GTPBP6"
5.60992441567879e-42,0.634012839914275,0.756,0.445,1.07654449536876e-37,"8","PPP1R12A"
5.9614058054651e-42,0.770998052929896,0.36,0.153,1.14399377406875e-37,"8","NIF3L1"
7.59971997531402e-42,0.724557730830718,0.478,0.23,1.45838626326276e-37,"8","PECAM1"
7.80400828241843e-42,0.709576836087408,0.423,0.194,1.4975891893961e-37,"8","TFB2M"
1.2763054933643e-41,0.594722799009262,0.762,0.455,2.4492302417661e-37,"8","PLEKHB2"
1.27808940273809e-41,0.420251403846028,0.973,0.812,2.45265356385439e-37,"8","PSMG1"
1.30463653058693e-41,0.497509240485374,0.923,0.707,2.50359750219632e-37,"8","ADSL"
1.31597418640878e-41,0.699010553656725,0.508,0.252,2.52535446371844e-37,"8","GIPC1"
1.44711289638021e-41,0.466835899685829,0.949,0.773,2.77700964815362e-37,"8","XRCC5"
1.57897799919505e-41,0.266637494097198,1,0.988,3.03005878045531e-37,"8","SLC25A3"
1.77952331668132e-41,0.694664883149059,0.436,0.2,3.41490524471146e-37,"8","METTL2A"
1.7895689760366e-41,0.647777994095848,0.504,0.246,3.43418286501424e-37,"8","BMS1"
2.10728823808909e-41,0.663209098267655,0.517,0.259,4.04388612889296e-37,"8","VAV1"
2.1967534072961e-41,0.696454306747966,0.487,0.237,4.21556978860121e-37,"8","FBXO6"
2.38523173558213e-41,0.544724353322132,0.871,0.59,4.57725970058211e-37,"8","GCA"
2.76433097956079e-41,0.597385615659056,0.774,0.499,5.30475114977715e-37,"8","ERLIN1"
2.77840834656367e-41,0.575363073585542,0.711,0.4,5.33176561705569e-37,"8","PVRL2"
2.83649826402852e-41,0.924804004183266,0.518,0.284,5.44324016867072e-37,"8","CEBPE"
3.29241988485535e-41,0.566497111762691,0.871,0.633,6.31815375903742e-37,"8","SMYD3"
3.32627967965068e-41,0.314164455664195,0.996,0.979,6.38313070524966e-37,"8","SLIRP"
3.33712048493417e-41,0.635131173744999,0.455,0.212,6.40393421058868e-37,"8","NUDCD1"
3.57040326355497e-41,0.515317248664578,0.888,0.636,6.85160386276199e-37,"8","EIF4E2"
3.6734717011015e-41,0.613220053776665,0.46,0.214,7.04939219441378e-37,"8","MBIP"
3.70713437970098e-41,0.577951978580713,0.596,0.305,7.11399087464618e-37,"8","CETN3"
3.86078096488277e-41,0.324640052281245,0.999,0.974,7.40883867161003e-37,"8","NME1"
4.03859210501241e-41,0.595897285580767,0.702,0.402,7.75005824951881e-37,"8","PAK1IP1"
4.07438023589446e-41,0.301792355936748,0.996,0.974,7.81873567268147e-37,"8","YWHAE"
4.09256506473633e-41,0.71111926243773,0.382,0.167,7.85363235922902e-37,"8","SARNP"
4.36359847857667e-41,0.446674001818924,0.923,0.702,8.37374548038863e-37,"8","ZWINT"
4.68293695423024e-41,0.742525347994266,0.388,0.173,8.98655601516783e-37,"8","SUCLG2"
5.07743841639598e-41,0.640704103265066,0.807,0.517,9.74360432106389e-37,"8","WAS"
5.54559099255574e-41,0.555970256422013,0.837,0.578,1.06419891147145e-36,"8","RNF114"
5.80184454176158e-41,0.643484776506867,0.59,0.308,1.11337396756405e-36,"8","CWC27"
6.13554437228417e-41,0.649704369076028,0.415,0.187,1.17741096504133e-36,"8","YIPF5"
1.0056724807032e-40,0.383414794252867,0.991,0.895,1.92988549046944e-36,"8","MLEC"
1.05990245167254e-40,0.585766819227923,0.763,0.463,2.03395280475961e-36,"8","SENP6"
1.05994497316155e-40,0.401747063735135,0.972,0.822,2.03403440349702e-36,"8","ADRM1"
1.09447493060485e-40,0.714603450571775,0.396,0.18,2.10029739183071e-36,"8","CD300LF"
1.13498542745398e-40,0.732965887335898,0.389,0.173,2.17803703528419e-36,"8","AKAP8L"
1.23273066527786e-40,0.673404100731855,0.474,0.228,2.36561014666821e-36,"8","CTB-50L17.10"
1.33035701422634e-40,0.611201877187755,0.808,0.522,2.55295511030035e-36,"8","TRAP1"
1.35824397380239e-40,0.631483861568285,0.594,0.308,2.60647018572679e-36,"8","POC1A"
1.4414617067924e-40,0.613803502323893,0.666,0.374,2.76616501533461e-36,"8","NRBP1"
1.59996249647706e-40,0.587197485759584,0.762,0.454,3.07032803073948e-36,"8","RRP1"
1.67738122121743e-40,0.690921284754974,0.526,0.267,3.21889456351624e-36,"8","G2E3"
1.80500518342687e-40,0.606747205094111,0.73,0.43,3.46380494699617e-36,"8","AIP"
1.86343515371941e-40,0.601721169479763,0.697,0.396,3.57593205998756e-36,"8","DECR1"
1.92595660284106e-40,0.614519161672627,0.841,0.574,3.695910720852e-36,"8","IARS"
1.99303925721716e-40,0.794258287616117,0.29,0.116,3.82464233459972e-36,"8","UTP4"
2.36858170583346e-40,0.378642690022626,0.988,0.884,4.5453082934944e-36,"8","ITM2B"
2.37329783649846e-40,0.65746918294026,0.461,0.22,4.55435854824055e-36,"8","TMEM150A"
2.71216434459796e-40,0.62499403307374,0.577,0.301,5.20464337728348e-36,"8","VRK2"
3.32297806926557e-40,0.744966573434486,0.41,0.188,6.37679491492063e-36,"8","LIAS"
3.79265169251668e-40,0.505561153462165,0.905,0.667,7.2780985979395e-36,"8","DRG1"
3.95764834136931e-40,0.641115528578998,0.686,0.395,7.5947271670877e-36,"8","CDC27"
5.32537232025578e-40,0.721755620971464,0.315,0.129,1.02193894825708e-35,"8","BCKDHB"
5.83911700222338e-40,0.770515538413376,0.374,0.166,1.12052655272667e-35,"8","OGFOD1"
6.41470778704356e-40,0.554400372422557,0.857,0.586,1.23098242433366e-35,"8","FAM216A"
6.58688261168539e-40,0.322183167106173,0.992,0.952,1.26402277318243e-35,"8","EBPL"
8.42679151970288e-40,0.41479566417332,0.988,0.905,1.61710129263098e-35,"8","SERPINB1"
8.93965170345161e-40,0.536737368146267,0.859,0.594,1.71551916189236e-35,"8","RCN1"
1.10186330401611e-39,0.659220840457369,0.512,0.255,2.11447568040692e-35,"8","SCLT1"
1.26825587946302e-39,0.831283215128434,0.427,0.206,2.43378303268955e-35,"8","DBN1"
1.34770453476628e-39,0.733827794027629,0.32,0.134,2.58624500221648e-35,"8","NUP35"
1.41111751327645e-39,0.685161389030625,0.463,0.22,2.7079345079775e-35,"8","ZNF692"
1.83747891980278e-39,0.457798634446034,0.942,0.731,3.52612204710154e-35,"8","MMADHC"
2.09792551677469e-39,0.500729210204649,0.919,0.639,4.02591906669063e-35,"8","GRSF1"
2.98262103943414e-39,0.459841098452555,0.886,0.648,5.72364977467411e-35,"8","PSMD11"
4.67282247305599e-39,0.864915946523991,0.279,0.112,8.96714632579444e-35,"8","POLR3G"
4.90087948570612e-39,0.471538933122264,0.911,0.714,9.40478773307004e-35,"8","ELF1"
5.0090404804067e-39,0.564670554345116,0.754,0.466,9.61234868190046e-35,"8","NDFIP1"
5.28836790394074e-39,0.554038126618296,0.933,0.75,1.01483780076623e-34,"8","RPL22L1"
5.60633108147979e-39,0.596300969719371,0.658,0.368,1.07585493453597e-34,"8","TRMT10C"
5.65851564394039e-39,0.540320754749843,0.752,0.445,1.08586915207216e-34,"8","PDCD10"
6.14639438307611e-39,0.68529889736866,0.607,0.342,1.17949308211231e-34,"8","TRGC1"
6.27137011478579e-39,0.431294635974227,0.947,0.758,1.20347592502739e-34,"8","TMEM261"
6.72839757885052e-39,0.630501048434561,0.674,0.385,1.29117949538142e-34,"8","BLMH"
7.2312556144029e-39,0.651020923607719,0.488,0.244,1.38767795240392e-34,"8","BRE"
7.4118159740251e-39,0.638846343990538,0.434,0.203,1.42232748541542e-34,"8","JMJD6"
7.85828750542329e-39,0.453522741765947,0.943,0.765,1.50800537229073e-34,"8","NDUFA8"
7.91698451524086e-39,0.576548397096965,0.67,0.371,1.51926932847472e-34,"8","TSR1"
8.28054281497821e-39,0.449419433738106,0.941,0.746,1.58903616619432e-34,"8","CCDC12"
9.09303577237715e-39,0.849006735911821,0.253,0.098,1.74495356471918e-34,"8","DPH6"
9.3938967553812e-39,0.640884999877786,0.558,0.291,1.80268878735765e-34,"8","EPB41L2"
9.58118032825383e-39,0.416555921894828,0.969,0.845,1.83862850499191e-34,"8","MKKS"
1.00771647568892e-38,0.554558004475944,0.787,0.491,1.93380791684703e-34,"8","METTL10"
1.1758188664184e-38,0.665958476294329,0.522,0.269,2.2563964046569e-34,"8","KIF11"
1.18420293433208e-38,0.290530542954799,0.997,0.969,2.27248543098327e-34,"8","LSM5"
1.19890188585125e-38,0.508279159600579,0.838,0.556,2.30069271894855e-34,"8","PPHLN1"
1.47958019149367e-38,0.579084091429656,0.737,0.445,2.83931438747636e-34,"8","KPNA3"
1.49349356535728e-38,0.527381937092139,0.837,0.552,2.86601415192062e-34,"8","PROSC"
1.56191805373768e-38,0.475883594542166,0.91,0.703,2.9973207451226e-34,"8","FDPS"
2.01225035161359e-38,0.373107515781088,0.985,0.89,3.86150842474647e-34,"8","NONO"
2.12306127507812e-38,0.585689278859359,0.744,0.447,4.07415458687492e-34,"8","CCDC47"
2.23735041311521e-38,0.716240425568453,0.369,0.166,4.29347544276808e-34,"8","LPCAT3"
2.32152296337126e-38,0.50311083005398,0.778,0.511,4.45500256670945e-34,"8","TIMP1"
2.37790415803293e-38,0.458366040952925,0.934,0.783,4.56319807926519e-34,"8","TMEM126B"
3.42879950673355e-38,0.589272913540345,0.542,0.275,6.57986625342168e-34,"8","NUDT16L1"
3.77208309629966e-38,0.601214912024559,0.617,0.336,7.23862746179905e-34,"8","PCID2"
3.91431103563826e-38,0.742230286065918,0.314,0.132,7.51156287738982e-34,"8","VPS33A"
4.17530136578878e-38,0.590838522095831,0.536,0.272,8.01240332094868e-34,"8","CEP55"
4.52768168774151e-38,0.428108548766395,0.963,0.816,8.68862115877596e-34,"8","LINC00998"
4.6010690170593e-38,0.510791094174927,0.641,0.341,8.82945144373679e-34,"8","TSG101"
5.08314362823089e-38,0.574378302697377,0.814,0.538,9.75455262257507e-34,"8","DNTTIP1"
5.12333341875447e-38,0.957434552607569,0.328,0.148,9.83167683058984e-34,"8","MCEMP1"
5.67989727939832e-38,0.550039903959975,0.585,0.302,1.08997228791654e-33,"8","ARL14EP"
6.17590760360826e-38,0.324368414238405,0.994,0.942,1.18515666913242e-33,"8","SRSF7"
7.26138067445972e-38,0.479220093578909,0.928,0.721,1.39345895142882e-33,"8","SEC63"
7.67896262570634e-38,0.793772077588398,0.325,0.14,1.47359292787305e-33,"8","PPP2R5D"
8.3505447816749e-38,0.462934362252233,0.925,0.702,1.60246954360341e-33,"8","RNF5"
8.68267794444379e-38,0.62630120018947,0.563,0.298,1.66620589753876e-33,"8","GTF2H3"
9.28069893820229e-38,0.534647366903001,0.958,0.877,1.78096612624102e-33,"8","PLAC8"
9.30758253277008e-38,0.61672642603403,0.51,0.258,1.78612508803858e-33,"8","ATF6"
1.0717100955147e-37,0.793770213413123,0.258,0.101,2.05661167329271e-33,"8","C1GALT1C1"
1.09059267873819e-37,0.611624532996215,0.571,0.305,2.09284735049859e-33,"8","UFL1"
1.12921358028402e-37,0.519689043198364,0.861,0.596,2.16696086056503e-33,"8","SPOP"
1.16049439219788e-37,0.61922331717597,0.708,0.427,2.22698873862772e-33,"8","CD58"
1.19836034809767e-37,0.538232707244043,0.78,0.487,2.29965350799943e-33,"8","CCAR1"
1.19914069566892e-37,0.685951865495559,0.432,0.207,2.30115099498867e-33,"8","TVP23B"
1.24076965211806e-37,0.401062302102439,0.974,0.854,2.38103696241456e-33,"8","UBXN4"
1.36078439327406e-37,0.645731099709572,0.433,0.207,2.61134525069292e-33,"8","UTP14A"
1.51592540680211e-37,0.293698165161,0.999,0.975,2.90906085565325e-33,"8","PRDX5"
1.60093242999502e-37,0.523820917747457,0.802,0.516,3.07218933316044e-33,"8","NUBP1"
2.08668090196513e-37,0.537928126006217,0.632,0.343,4.00434065087109e-33,"8","CDC16"
2.29796274186062e-37,0.475980908901054,0.945,0.739,4.40979050163053e-33,"8","KDELR1"
2.82381236606507e-37,0.534776062745385,0.851,0.607,5.41889593047887e-33,"8","EIF4H"
3.02060390066659e-37,0.449181247154429,0.936,0.749,5.79653888537918e-33,"8","SLTM"
3.12435837783901e-37,0.541482152022908,0.758,0.462,5.99564372707306e-33,"8","NDUFA9"
3.31406276910993e-37,0.660937234299133,0.384,0.173,6.35968645392195e-33,"8","PINX1"
3.68519813307667e-37,0.796631817069635,0.356,0.162,7.07189521737412e-33,"8","MAGED2"
3.9686504589362e-37,0.783441715216925,0.296,0.123,7.61584023069857e-33,"8","NUP93"
5.09680242855287e-37,0.526278172053582,0.739,0.44,9.78076386039295e-33,"8","EMC9"
5.39880206044944e-37,0.520473860125783,0.721,0.418,1.03603011540025e-32,"8","GPS1"
5.52967807759706e-37,0.371118643429111,0.976,0.883,1.06114522309088e-32,"8","TOMM20"
5.76133994649043e-37,0.562704641023642,0.713,0.428,1.10560113573151e-32,"8","MRPL48"
6.23712980057264e-37,0.55821390222168,0.6,0.321,1.19690520872989e-32,"8","EFCAB2"
7.01649669247245e-37,0.770880160288331,0.265,0.105,1.34646571528546e-32,"8","PCCA"
7.02757017293166e-37,0.640020236319443,0.559,0.299,1.34859071618558e-32,"8","PGM1"
7.06829604323302e-37,0.659375944206825,0.576,0.316,1.35640601069642e-32,"8","DPAGT1"
7.59396727021109e-37,0.543147263890634,0.783,0.496,1.45728231915351e-32,"8","EIF2B1"
8.55888055559044e-37,0.663838998240169,0.623,0.36,1.64244917861781e-32,"8","CTSH"
8.84581950434958e-37,0.578620256342099,0.698,0.401,1.69751276288469e-32,"8","WBP11"
9.99558340458802e-37,0.533798855275696,0.622,0.332,1.91815245534044e-32,"8","FXR1"
1.02292307168234e-36,0.435912337347364,0.945,0.785,1.96298937455842e-32,"8","CSDE1"
1.08152437091739e-36,0.700668438951284,0.438,0.215,2.07544526779047e-32,"8","HK1"
1.08935012518716e-36,0.29694242659137,0.996,0.964,2.09046289023417e-32,"8","RSL24D1"
1.10626326809561e-36,0.571402733859476,0.647,0.362,2.12291921147548e-32,"8","ARFGAP3"
1.21905204651869e-36,0.550139545157226,0.663,0.379,2.33936087726937e-32,"8","MPHOSPH10"
1.25830225665412e-36,0.31784914123384,0.99,0.948,2.41468203051925e-32,"8","MRPL12"
1.42359946469691e-36,0.554236453780508,0.582,0.308,2.73188737275337e-32,"8","TRUB2"
1.48718330397061e-36,0.728458564921223,0.325,0.141,2.85390476031961e-32,"8","UTP15"
1.50464447659119e-36,0.553419878716762,0.816,0.56,2.88741275057849e-32,"8","UPF3B"
1.54011243259158e-36,0.638375105234763,0.587,0.325,2.95547575814324e-32,"8","ANGPT1"
2.21086190117148e-36,0.546282074825039,0.72,0.425,4.24264398834807e-32,"8","MOB4"
2.25796671024242e-36,0.351726487372327,0.995,0.928,4.3330381169552e-32,"8","C9orf78"
2.277234014857e-36,0.586623892242427,0.422,0.198,4.37001207451058e-32,"8","PPIL4"
2.59573698602992e-36,0.602485462479842,0.706,0.419,4.98121927619142e-32,"8","NUCB1"
2.91464131467362e-36,0.325174893137658,0.991,0.936,5.59319668285867e-32,"8","RAC2"
3.0579729957347e-36,0.555257088030827,0.697,0.418,5.86825017881489e-32,"8","NAE1"
3.77584903625622e-36,0.404940915037796,0.94,0.757,7.24585430057569e-32,"8","CHMP4A"
3.85498796201855e-36,0.403236446633367,0.942,0.778,7.39772189911359e-32,"8","TMCO1"
4.13908403156765e-36,0.548741699362677,0.658,0.367,7.94290225657832e-32,"8","PPID"
4.47312710631759e-36,0.473782013583812,0.913,0.665,8.58393091702346e-32,"8","SMC4"
4.8499860927272e-36,0.363758216545019,0.996,0.927,9.30712331194349e-32,"8","SRGN"
5.28384950831234e-36,0.606994234098417,0.575,0.307,1.01397072064514e-31,"8","DNM2"
6.43798167132714e-36,0.682794086283761,0.46,0.234,1.23544868272768e-31,"8","DHCR7"
7.03832618666232e-36,0.605149087296923,0.62,0.352,1.3506547952205e-31,"8","GBGT1"
9.17880614814625e-36,0.660608426557944,0.427,0.207,1.76141289982926e-31,"8","UBA5"
9.27086566282255e-36,0.562751742858046,0.757,0.48,1.77907912069565e-31,"8","COMMD8"
9.6491254340398e-36,0.560895410917835,0.58,0.306,1.85166717079224e-31,"8","NOL11"
9.83426317878026e-36,0.389137413845786,0.992,0.923,1.88719510400793e-31,"8","FABP5"
9.90238650778197e-36,0.515790156483183,0.784,0.493,1.90026797084336e-31,"8","SBNO1"
9.99692665640455e-36,0.556148035934354,0.641,0.356,1.91841022536403e-31,"8","POLR3D"
1.15092061826749e-35,0.531387219022353,0.702,0.426,2.20861666645531e-31,"8","PSTPIP2"
1.32277462827419e-35,0.510033306698325,0.884,0.631,2.53840451165818e-31,"8","CNIH4"
1.34781389463817e-35,0.587435398095363,0.667,0.379,2.58645486381064e-31,"8","ACTR1A"
1.35191255051307e-35,0.513035192461957,0.756,0.463,2.59432018443457e-31,"8","RNF26"
1.61291390149823e-35,0.577557895182813,0.71,0.43,3.0951817769751e-31,"8","PDCD11"
1.74519124922745e-35,0.61463050391844,0.572,0.31,3.34902200726747e-31,"8","PLD6"
1.85585196999355e-35,0.804832014986209,0.289,0.122,3.56137993041763e-31,"8","ZSCAN26"
2.03335343746127e-35,0.339293696925783,0.994,0.96,3.90200524648817e-31,"8","HLA-C"
2.21288297678861e-35,0.643858420381537,0.506,0.263,4.24652243245734e-31,"8","RNF6"
3.02554690210856e-35,0.524008233931121,0.618,0.335,5.80602450514633e-31,"8","MRPS28"
3.36422538829853e-35,0.619400672789659,0.362,0.164,6.45594852014488e-31,"8","TM9SF4"
3.53713428760356e-35,0.565097133031779,0.532,0.278,6.78776069791123e-31,"8","NCSTN"
3.8495884259252e-35,0.641253385715186,0.482,0.243,7.38736018935046e-31,"8","GRAMD4"
4.06891824118874e-35,0.661724760621277,0.341,0.153,7.80825410484119e-31,"8","PPP2R1B"
4.17067461597177e-35,0.570664873317847,0.654,0.377,8.00352458804983e-31,"8","DDX27"
4.21755312320703e-35,0.529573727003562,0.785,0.498,8.0934844434343e-31,"8","BZW2"
4.51849881304219e-35,0.61793441005564,0.977,0.896,8.67099922222796e-31,"8","LGALS1"
4.64151403212746e-35,0.442853392384008,0.931,0.719,8.90706542765261e-31,"8","SERPINB6"
4.99585977211296e-35,0.589359737918536,0.617,0.344,9.58705490268476e-31,"8","ATP6V1B2"
5.01199506899129e-35,0.5676275214185,0.683,0.403,9.61801853739428e-31,"8","ITGB2"
5.31910516676471e-35,0.572483895556885,0.563,0.307,1.02073628150215e-30,"8","SLC25A10"
5.32932834707623e-35,0.516698664900315,0.626,0.336,1.02269810980393e-30,"8","HBS1L"
6.99622546594302e-35,0.38013637578443,0.969,0.847,1.34257566691447e-30,"8","SEC11C"
7.01568201428689e-35,0.534338399028836,0.749,0.472,1.34630937854165e-30,"8","SNX6"
7.03027901779367e-35,0.372483339657042,0.969,0.853,1.34911054351461e-30,"8","GDI2"
7.33307262192324e-35,0.540957200882848,0.641,0.363,1.40721663614707e-30,"8","SRP19"
7.63592078678803e-35,0.387944552884192,0.964,0.818,1.46533319898462e-30,"8","CIB1"
7.77971501687896e-35,0.553512768402788,0.748,0.479,1.49292731173907e-30,"8","ACAT2"
8.69821062526512e-35,0.555426418763433,0.537,0.277,1.66918661898838e-30,"8","USP10"
8.85165286149562e-35,0.54729870275813,0.568,0.302,1.69863218412101e-30,"8","DTNBP1"
9.56495856921135e-35,0.606476310715859,0.449,0.224,1.83551554943166e-30,"8","TTLL12"
1.02840239634043e-34,0.546518928175073,0.726,0.438,1.97350419857729e-30,"8","CYB5B"
1.09474608450255e-34,0.499224467477758,0.623,0.337,2.10081773616039e-30,"8","UBAC2"
1.23814321385406e-34,0.524012766526161,0.769,0.489,2.37599682738594e-30,"8","COPS8"
1.25249876109343e-34,0.532478789300219,0.772,0.485,2.40354512253829e-30,"8","TAF12"
1.35888590262797e-34,0.525718233747284,0.783,0.503,2.60770204714307e-30,"8","DESI2"
1.44137415393644e-34,0.539013276562216,0.572,0.304,2.76599700140403e-30,"8","VWA9"
1.65589095031558e-34,0.486873411499822,0.913,0.68,3.1776547336556e-30,"8","C10orf54"
1.9110060059941e-34,0.638664784064579,0.491,0.256,3.66722052550267e-30,"8","PFKP"
2.03707401493467e-34,0.607742160329269,0.479,0.245,3.90914503465964e-30,"8","TRIM65"
2.05866351597032e-34,0.526374122928254,0.707,0.42,3.95057528714704e-30,"8","PGRMC2"
2.21834071417483e-34,0.534255062330147,0.703,0.423,4.2569958305015e-30,"8","DDX54"
2.4336222503211e-34,0.463900688325635,0.896,0.687,4.67012109836619e-30,"8","MYL12A"
2.54598230619444e-34,0.733858238520781,0.377,0.183,4.88574004558713e-30,"8","ALDH1A1"
2.60093035889765e-34,0.479637167065589,0.889,0.686,4.99118535872459e-30,"8","CHD4"
2.67610737793226e-34,0.536830417068078,0.584,0.307,5.13545005825201e-30,"8","CLPX"
2.84931486834941e-34,0.515782624198563,0.72,0.423,5.46783523236252e-30,"8","INO80C"
2.85454121457946e-34,0.657179200825481,0.41,0.202,5.47786459077798e-30,"8","FYB"
3.35563835595825e-34,0.257703698181943,1,0.998,6.43947000508389e-30,"8","ALDOA"
3.72579599966346e-34,0.478812713878993,0.91,0.648,7.14980252335419e-30,"8","MIS18BP1"
3.92437176460286e-34,0.633795978535248,0.419,0.204,7.5308694162729e-30,"8","NUPL2"
3.96578485356377e-34,0.340605270548511,0.974,0.881,7.61034113398887e-30,"8","DAD1"
4.25856249195616e-34,0.293786871148639,0.994,0.951,8.17218142206387e-30,"8","ATP5O"
4.28571979029309e-34,0.556829890937262,0.49,0.25,8.22429627757244e-30,"8","MAK16"
4.44651633124781e-34,0.558185241462836,0.459,0.228,8.53286483966455e-30,"8","FUCA1"
5.00816152591454e-34,0.581262269676243,0.352,0.159,9.61066196823e-30,"8","NDEL1"
5.44186410519276e-34,0.435300630331943,0.945,0.79,1.04429372178649e-29,"8","FOPNL"
6.45331517377015e-34,0.534024792139816,0.602,0.327,1.23839118184649e-29,"8","CETN2"
6.62302440010881e-34,0.56525975163218,0.521,0.269,1.27095838238088e-29,"8","RAD17"
6.66733647336938e-34,0.602038681780735,0.361,0.166,1.27946186923958e-29,"8","COPB2"
6.9625158195148e-34,0.387472634356606,0.967,0.859,1.33610678576489e-29,"8","MRPL4"
7.61625649992489e-34,0.466899390620805,0.862,0.62,1.46155962233559e-29,"8","TYW3"
7.81254778327337e-34,0.667679163177973,0.387,0.188,1.49922791961016e-29,"8","DEPTOR"
8.34695256163535e-34,0.587315253662627,0.424,0.204,1.60178019657782e-29,"8","NXF1"
8.72903357333573e-34,0.647997118956343,0.418,0.205,1.67510154272313e-29,"8","FAM72D"
9.40106724346605e-34,0.575551199654092,0.63,0.368,1.80406480402113e-29,"8","PLGRKT"
1.00344350950171e-33,0.59544805387207,0.4,0.19,1.92560809473378e-29,"8","C10orf2"
1.01177526222818e-33,0.581297674693494,0.607,0.338,1.94159672821587e-29,"8","TTC32"
1.3121183614172e-33,0.514358611806191,0.789,0.539,2.5179551355596e-29,"8","DTD1"
1.42831689116982e-33,0.568004348584684,0.433,0.212,2.74094011415489e-29,"8","PELP1"
1.50424265299807e-33,0.642933264132088,0.341,0.154,2.8866416511033e-29,"8","TRMT10B"
1.51950681590506e-33,0.515976827374877,0.559,0.292,2.91593357972181e-29,"8","HCLS1"
1.55521296567159e-33,0.643984048409714,0.397,0.193,2.98445368112377e-29,"8","MGLL"
1.95023804299621e-33,0.456615719473904,0.875,0.627,3.74250680450972e-29,"8","GPN3"
2.12883785226331e-33,0.425231097317108,0.943,0.752,4.0852398384933e-29,"8","CCT2"
2.13256117062289e-33,0.536365595088748,0.697,0.42,4.09238488642532e-29,"8","ETF1"
2.16524752571343e-33,0.559546792352782,0.544,0.296,4.15511000184408e-29,"8","HMGCS1"
2.17501352248968e-33,0.399935039790427,0.941,0.759,4.17385094965769e-29,"8","UBE2E1"
2.20901684739152e-33,0.527021356241867,0.582,0.323,4.23910333014433e-29,"8","ATAD3B"
2.53149081026848e-33,0.540539460041735,0.581,0.316,4.85793086490521e-29,"8","MRPL35"
2.61191963469975e-33,0.628706189194621,0.366,0.173,5.01227377898881e-29,"8","NOC4L"
2.93267103826635e-33,0.526128232981609,0.699,0.415,5.62779572243313e-29,"8","RSU1"
3.20299867949709e-33,0.524249191783283,0.67,0.398,6.14655446595491e-29,"8","PITPNA"
4.12711438755089e-33,0.464398637450895,0.864,0.595,7.91993250971016e-29,"8","GRK6"
4.65033622691717e-33,0.552928913335104,0.562,0.307,8.92399521945405e-29,"8","AIFM1"
4.67646938289979e-33,0.375005025319369,0.965,0.838,8.9741447457847e-29,"8","SNHG7"
5.72974111886583e-33,0.253630391313273,0.997,0.954,1.09953732071035e-28,"8","TSPO"
5.76503218134851e-33,0.579218990783825,0.463,0.234,1.10630967560078e-28,"8","SLC35A1"
5.90134306274799e-33,0.571206783654765,0.479,0.246,1.13246773374134e-28,"8","ZCCHC7"
5.98226847137271e-33,0.552255301264244,0.468,0.236,1.14799731965642e-28,"8","SNX14"
6.38727681666397e-33,0.470453024265114,0.843,0.585,1.22571842111782e-28,"8","SLC25A19"
6.6975009646047e-33,0.490519842708496,0.758,0.481,1.28525043510764e-28,"8","FAM162A"
8.78108482647507e-33,0.54011754194265,0.492,0.255,1.68509017820057e-28,"8","PEPD"
9.40280106039057e-33,0.482916131755164,0.826,0.575,1.80439752348895e-28,"8","MRPL19"
9.8594710045946e-33,0.251737665004656,1,0.997,1.8920324857817e-28,"8","RANBP1"
1.17500906180858e-32,0.296555109721901,0.987,0.936,2.25484238961066e-28,"8","UFC1"
1.18392437641091e-32,0.433547520348755,0.897,0.681,2.27195087833254e-28,"8","ARF4"
1.22298018450527e-32,0.561729705479064,0.562,0.305,2.34689897406562e-28,"8","NCAPD2"
1.24405289667661e-32,0.549354171583231,0.647,0.376,2.38733750872242e-28,"8","SAFB2"
1.29374670849391e-32,0.543099244291772,0.533,0.282,2.48269993359982e-28,"8","IFNGR1"
1.30335323785334e-32,0.539049883033994,0.535,0.285,2.50113486344057e-28,"8","CRYZL1"
1.32884340813265e-32,0.542121806804027,0.539,0.285,2.55005050020656e-28,"8","TRIP13"
1.5354837683427e-32,0.565156440501069,0.437,0.218,2.94659335144964e-28,"8","GEMIN2"
1.64963452967751e-32,0.517019628516046,0.497,0.256,3.16564866245115e-28,"8","SCFD1"
1.9495274461976e-32,0.672231478323079,0.387,0.19,3.74114316925319e-28,"8","TMEM217"
1.96687650099821e-32,0.478740912324843,0.788,0.509,3.77443600541556e-28,"8","EMC3"
2.01328292981595e-32,0.605982042640058,0.294,0.127,3.86348994231681e-28,"8","TBCE"
2.26935648183343e-32,0.519306841381394,0.617,0.342,4.35489508863836e-28,"8","ACBD3"
2.41479142497686e-32,0.37372416115046,0.964,0.829,4.6339847445306e-28,"8","JAGN1"
2.46754451613191e-32,0.375651278116933,0.952,0.791,4.73521792645713e-28,"8","TBCB"
2.70607234171758e-32,0.621197734994384,0.294,0.128,5.19295282375603e-28,"8","SDE2"
2.73625743293548e-32,0.565571628923864,0.537,0.289,5.25087801380319e-28,"8","EXOSC2"
2.85568993485473e-32,0.525532308343225,0.735,0.466,5.48006898498623e-28,"8","DNAJC10"
2.87327363247563e-32,0.509994244816993,0.837,0.57,5.51381210072073e-28,"8","KATNBL1"
2.87785337756759e-32,0.420134969727934,0.95,0.787,5.52260063155221e-28,"8","NCOA4"
3.29305250465334e-32,0.423196281471198,0.902,0.72,6.31936775642977e-28,"8","CEBPA"
3.31017785535846e-32,0.622428624721406,0.37,0.174,6.35223130443289e-28,"8","LRRC40"
3.47259427179482e-32,0.545974201385193,0.553,0.3,6.66390840757426e-28,"8","MTPAP"
3.77707233345089e-32,0.397511817151074,0.947,0.777,7.24820180789225e-28,"8","TRA2B"
4.13819274375181e-32,0.503529725185155,0.604,0.335,7.94119187525973e-28,"8","DUS3L"
4.688648966326e-32,0.466843339777462,0.847,0.633,8.99751736637959e-28,"8","SSSCA1"
4.70883139126303e-32,0.35401159262698,0.985,0.879,9.03624743983375e-28,"8","RABAC1"
4.82996438795939e-32,0.623202050959021,0.434,0.217,9.26870166049408e-28,"8","CDK5RAP2"
5.06210974685349e-32,0.513452892082989,0.775,0.499,9.71418860421184e-28,"8","SGTA"
5.13962435538849e-32,0.51186736899198,0.725,0.453,9.86293913799051e-28,"8","TMEM87A"
5.2789196128186e-32,0.554611699373281,0.68,0.41,1.01302467369989e-27,"8","ADK"
6.28711614323035e-32,0.499883688517941,0.671,0.389,1.20649758788591e-27,"8","HMHA1"
6.59364113200105e-32,0.502574770426754,0.812,0.583,1.265319733231e-27,"8","TPD52L2"
6.88556081876535e-32,0.375583502882267,0.97,0.816,1.32133912112107e-27,"8","PHF19"
7.03019167353694e-32,0.380685323636398,0.933,0.78,1.34909378215174e-27,"8","EIF6"
7.40614056315489e-32,0.642553668434083,0.415,0.207,1.42123837406942e-27,"8","TXNDC5"
7.68973498925783e-32,0.588180740443325,0.406,0.199,1.47566014443858e-27,"8","SAMM50"
7.71088252530574e-32,0.525972420176342,0.557,0.299,1.47971835660617e-27,"8","NEU1"
9.60490760710971e-32,0.449133755737872,0.749,0.46,1.84318176980435e-27,"8","KRR1"
1.02931538698259e-31,0.519786873233003,0.735,0.482,1.9752562276196e-27,"8","PITPNB"
1.07316879967789e-31,0.477308386749837,0.838,0.581,2.05941092658187e-27,"8","CSNK2A1"
1.13302485568805e-31,0.514690403389223,0.611,0.345,2.17427469806536e-27,"8","NT5C3A"
1.15017615991754e-31,0.469497626150288,0.79,0.503,2.20718805088175e-27,"8","IKBIP"
1.15604943835559e-31,0.562449181357219,0.519,0.276,2.21845887220438e-27,"8","CHEK2"
1.17639665305274e-31,0.487311229108443,0.63,0.361,2.2575051772082e-27,"8","KDM5B"
1.2365301894985e-31,0.710827741232841,0.513,0.29,2.37290143364763e-27,"8","TSLP"
1.57801732418331e-31,0.561190758978682,0.332,0.15,3.02821524510778e-27,"8","TEFM"
1.60083317058941e-31,0.439441061373575,0.821,0.553,3.07199885436108e-27,"8","UTP11L"
1.78031986317138e-31,0.616046639665511,0.486,0.269,3.41643381742588e-27,"8","CXCR4"
2.24781202517045e-31,0.535639055110401,0.442,0.222,4.3135512763021e-27,"8","SART1"
2.34346826241057e-31,0.507331516811516,0.724,0.451,4.49711559556589e-27,"8","NOL8"
2.36934159283204e-31,0.473715041365356,0.878,0.64,4.54676651664469e-27,"8","SPAG7"
2.57300984184508e-31,0.533219777356792,0.584,0.325,4.9376058865007e-27,"8","PHF23"
3.0245433844945e-31,0.456238844045534,0.763,0.492,5.80409875484494e-27,"8","PEX2"
3.38248982639513e-31,0.401712831002191,0.9,0.683,6.49099797685225e-27,"8","TFAM"
3.64918637297084e-31,0.445754290405599,0.857,0.599,7.00278864973104e-27,"8","FUNDC2"
3.97010548463662e-31,0.492198031179369,0.754,0.479,7.61863242501767e-27,"8","EAPP"
4.03664926588047e-31,0.417090032153945,0.906,0.691,7.74632994122461e-27,"8","SCP2"
4.07963679136876e-31,0.541538545218953,0.589,0.336,7.82882300263665e-27,"8","RPE"
4.40052725102713e-31,0.554769816184845,0.564,0.321,8.44461179472105e-27,"8","CALU"
4.60328245883799e-31,0.497877418237952,0.668,0.392,8.83369903851009e-27,"8","PDRG1"
4.90353578716199e-31,0.456247097224834,0.513,0.264,9.40988517556385e-27,"8","SUCLA2"
5.0340374433547e-31,0.583261102957309,0.566,0.315,9.66031785379767e-27,"8","PARPBP"
5.29124402449548e-31,0.509048869478272,0.559,0.301,1.01538972830068e-26,"8","CLPTM1"
5.47588680114569e-31,0.519294870609599,0.49,0.256,1.05082267713986e-26,"8","DMAP1"
5.51384525965152e-31,0.681079438837132,0.339,0.16,1.05810690532713e-26,"8","WDR48"
5.60111572272003e-31,0.563671806337798,0.824,0.597,1.07485410718997e-26,"8","FKBP11"
6.62333944595418e-31,0.387436596918923,0.922,0.732,1.27101883967861e-26,"8","SYNGR2"
7.18977482740342e-31,0.472906021111096,0.792,0.525,1.37971778937872e-26,"8","C1orf123"
7.32515018189447e-31,0.442396361046352,0.88,0.653,1.40569631990555e-26,"8","DDRGK1"
7.91734443380109e-31,0.461200558100999,0.549,0.293,1.51933839684643e-26,"8","RPAP2"
7.94892831248202e-31,0.346761568303794,0.976,0.847,1.5253993431653e-26,"8","ATP5F1"
8.19516065981403e-31,0.555222380870093,0.437,0.223,1.57265133061831e-26,"8","SNAPC1"
8.53851853057385e-31,0.489257296337981,0.805,0.548,1.63854170601712e-26,"8","NAA15"
1.04380967264548e-30,0.554056941480998,0.492,0.259,2.00307076180668e-26,"8","CWF19L2"
1.17694607492333e-30,0.374347652389055,0.924,0.755,2.25855951777786e-26,"8","DDOST"
1.27885485615602e-30,0.450546837767535,0.51,0.272,2.4541224689634e-26,"8","PRNP"
1.31150159077465e-30,0.477265877087205,0.686,0.408,2.51677155269655e-26,"8","POLR2C"
1.38495103231963e-30,0.469282726595762,0.887,0.643,2.65772103102136e-26,"8","TUBA1A"
1.40091087694284e-30,0.48911410065549,0.794,0.532,2.6883479728533e-26,"8","GNAI3"
1.41990668607473e-30,0.442762183600125,0.677,0.388,2.72480093057741e-26,"8","TDP2"
1.65939958135064e-30,0.511738273532667,0.621,0.359,3.18438779661188e-26,"8","ATAD1"
1.84403147652732e-30,0.439328975183945,0.839,0.571,3.53869640345592e-26,"8","PSMB9"
1.87082789346534e-30,0.490704851583904,0.587,0.329,3.59011872755999e-26,"8","CCDC43"
1.95497479270655e-30,0.448215388148959,0.797,0.534,3.75159662720388e-26,"8","NDUFS2"
2.02257359977711e-30,0.267274560741223,0.996,0.952,3.88131873797227e-26,"8","CNBP"
2.13379463040495e-30,0.369463671954879,0.943,0.807,4.09475189574709e-26,"8","MRPL21"
2.19135722234823e-30,0.545903415645869,0.4,0.195,4.20521450968625e-26,"8","RCL1"
2.3901120629745e-30,0.442570127412051,0.851,0.629,4.58662504884807e-26,"8","NOLC1"
2.50664748989058e-30,0.303700898108474,0.988,0.934,4.81025653310003e-26,"8","MLF2"
2.76967511669278e-30,0.439119537345524,0.901,0.675,5.31500654893345e-26,"8","ATP6AP2"
2.99880675249294e-30,0.619543601111261,0.402,0.201,5.75471015803396e-26,"8","ENTPD6"
3.02884042250486e-30,0.466204739556748,0.499,0.26,5.81234477078683e-26,"8","CERCAM"
3.32189155260066e-30,0.545881368709866,0.41,0.204,6.37470988944066e-26,"8","BIN3"
3.53353129509606e-30,0.493533757015527,0.563,0.31,6.78084655528933e-26,"8","ASUN"
3.57536070337707e-30,0.678077467462784,0.274,0.121,6.86111718978061e-26,"8","FZD6"
4.24128029101568e-30,0.457065062198331,0.829,0.541,8.13901687845908e-26,"8","CEBPZOS"
4.53754860725004e-30,0.463828395770984,0.706,0.418,8.70755577731283e-26,"8","MIS12"
5.06954716835051e-30,0.516726404819187,0.464,0.239,9.72846101606463e-26,"8","METTL13"
5.07000617187538e-30,0.464616569305637,0.733,0.438,9.72934184382885e-26,"8","MFSD14A"
5.14893019350305e-30,0.418018675992055,0.886,0.664,9.88079704133236e-26,"8","RTFDC1"
5.65919020727289e-30,0.510688687996363,0.427,0.214,1.08599860077567e-25,"8","KLC1"
6.11608810062717e-30,0.466682527408216,0.611,0.341,1.17367730651035e-25,"8","SF3B4"
6.22681310537285e-30,0.340620429744155,0.961,0.813,1.19492543492105e-25,"8","BCAP31"
6.34799717341712e-30,0.443247507993737,0.47,0.239,1.21818065757875e-25,"8","HMOX2"
6.59105880656159e-30,0.419857209598141,0.821,0.531,1.26482418497917e-25,"8","RCHY1"
6.74105928413596e-30,0.584252302786263,0.481,0.258,1.29360927662569e-25,"8","FAF2"
7.55504162156721e-30,0.53885121076423,0.449,0.23,1.44981248717875e-25,"8","TCOF1"
8.04904952670607e-30,0.591800081564307,0.285,0.126,1.5446126041749e-25,"8","MTRF1"
8.07102951402021e-30,0.618771790761778,0.306,0.139,1.54883056374048e-25,"8","ASCC1"
8.16492959745839e-30,0.462835826770951,0.823,0.558,1.56684998975226e-25,"8","WDR45B"
8.79235746943257e-30,0.604538010669407,0.423,0.217,1.68725339838411e-25,"8","RAB44"
9.31665058184114e-30,0.518995266172826,0.59,0.344,1.78786524665531e-25,"8","BOP1"
1.0625671543239e-29,0.504783829470548,0.392,0.191,2.03906636914757e-25,"8","CWC22"
1.07283621802297e-29,0.449969808676013,0.717,0.436,2.05877270238608e-25,"8","DDX41"
1.14920734132423e-29,0.458316182674153,0.844,0.6,2.20532888800119e-25,"8","PPP6R1"
1.15969686642685e-29,0.283786835752147,0.988,0.933,2.22545828667313e-25,"8","TCEB1"
1.31071840426541e-29,0.416529938754448,0.905,0.697,2.51526861778532e-25,"8","SDHB"
1.38736788580571e-29,0.553623232242225,0.416,0.21,2.66235897286116e-25,"8","STX17"
1.40349612247828e-29,0.410233289307211,0.9,0.698,2.69330905903582e-25,"8","EWSR1"
1.53188283826256e-29,0.482649957727122,0.563,0.309,2.93968316662585e-25,"8","SMU1"
1.5469936962557e-29,0.383549512538483,0.934,0.743,2.96868090311468e-25,"8","KDELR2"
1.64378012248132e-29,0.524333383771277,0.656,0.393,3.15441405504166e-25,"8","ESF1"
1.66364700479082e-29,0.383384356937681,0.901,0.671,3.19253860219359e-25,"8","CMSS1"
1.96936479124059e-29,0.460463911587184,0.663,0.388,3.77921103439069e-25,"8","UTP23"
1.9726627699756e-29,0.281521832986298,0.992,0.937,3.78553985558318e-25,"8","SPI1"
2.20407812168038e-29,0.507190477650938,0.77,0.517,4.22962591550465e-25,"8","TMEM97"
2.35474174712503e-29,0.435909750968618,0.817,0.56,4.51874941273293e-25,"8","PARL"
2.61792467696044e-29,0.489489063019114,0.558,0.308,5.02379745508709e-25,"8","FAM3C"
3.14651089134406e-29,0.451435827174811,0.76,0.488,6.03815440048925e-25,"8","CCDC137"
3.28731500338277e-29,0.483247803922602,0.575,0.313,6.30835749149153e-25,"8","SACM1L"
3.67135561340121e-29,0.448720999321474,0.623,0.35,7.04533142211692e-25,"8","DBNL"
4.04361050177947e-29,0.419022978201728,0.878,0.628,7.75968855291481e-25,"8","TIPRL"
4.07876905669186e-29,0.53558687960448,0.411,0.208,7.82715781979168e-25,"8","RAE1"
4.60892279982569e-29,0.502618551367277,0.389,0.192,8.8445228528655e-25,"8","CARS"
4.71397745965951e-29,0.522821653916451,0.494,0.268,9.0461227450866e-25,"8","METTL8"
4.98873517672087e-29,0.477058220742814,0.636,0.382,9.57338280412735e-25,"8","SLC35F2"
5.25974965339353e-29,0.49177423503683,0.603,0.35,1.00934595848622e-24,"8","ERP44"
6.50383892368738e-29,0.460576815818039,0.51,0.27,1.24808668945561e-24,"8","BET1"
8.52593488820577e-29,0.413722836277596,0.829,0.563,1.63612690504669e-24,"8","UCHL3"
8.99072232155926e-29,0.454396154498533,0.659,0.385,1.72531961350722e-24,"8","MRPL32"
1.04507328863324e-28,0.470224018245604,0.772,0.515,2.00549564088718e-24,"8","HACD3"
1.05528063974227e-28,0.356860099340143,0.946,0.793,2.02508354766541e-24,"8","THRAP3"
1.0833655881786e-28,0.313634914026643,0.988,0.932,2.07897856371474e-24,"8","PSMB7"
1.12567324096186e-28,0.663585322895345,0.346,0.17,2.16016694940581e-24,"8","CD38"
1.17436099039259e-28,0.46007632624587,0.771,0.499,2.25359874056339e-24,"8","RPP25L"
1.18025706325352e-28,0.48055815496161,0.733,0.451,2.26491330438351e-24,"8","ARL3"
1.18631441413966e-28,0.587515655126025,0.302,0.139,2.276537360734e-24,"8","DYNC1LI2"
1.33246872356254e-28,0.433710142599812,0.841,0.588,2.55700748051651e-24,"8","FAM60A"
1.35852935337492e-28,0.432409071532568,0.825,0.544,2.60701782912647e-24,"8","SF3B1"
1.51172995912038e-28,0.510819835042536,0.419,0.212,2.90100979155201e-24,"8","TCTA"
1.64780602187781e-28,0.411352445223783,0.815,0.553,3.16213975598352e-24,"8","PPIF"
1.98413122952753e-28,0.386811696227819,0.931,0.747,3.80754782946333e-24,"8","SUPT16H"
2.18209021650927e-28,0.443080033991002,0.82,0.573,4.18743112548129e-24,"8","NDUFS4"
2.27757576292069e-28,0.435973971865372,0.632,0.37,4.3706678890448e-24,"8","PROK2"
2.85073009212103e-28,0.421177731595374,0.837,0.602,5.47055104678026e-24,"8","NELFE"
2.88991589457712e-28,0.463656117095524,0.702,0.432,5.54574860169348e-24,"8","PBRM1"
2.9282529622922e-28,0.339337290697462,0.969,0.834,5.61931743463874e-24,"8","PNRC2"
2.99338759051876e-28,0.40949945495799,0.891,0.66,5.74431078620551e-24,"8","CCDC59"
3.43889399537128e-28,0.532838312877549,0.362,0.178,6.59923757711749e-24,"8","PIGU"
3.60305422955789e-28,0.523408209601952,0.464,0.247,6.91426106652159e-24,"8","CEP164"
3.61672350348856e-28,0.419582104607054,0.873,0.638,6.94049240319454e-24,"8","NFE2L2"
3.658381813271e-28,0.646946918030296,0.281,0.129,7.02043469966705e-24,"8","PITRM1"
3.68790744182651e-28,0.447624248164898,0.828,0.581,7.07709438086508e-24,"8","CERS2"
3.69233458566086e-28,0.468476774752797,0.765,0.497,7.0855900698832e-24,"8","KIF2A"
3.89932681713869e-28,0.497212397267081,0.526,0.289,7.48280816208915e-24,"8","DDX23"
4.53466494814059e-28,0.38014928057334,0.929,0.722,8.70202203548179e-24,"8","SYF2"
4.77000940232978e-28,0.445264402152134,0.611,0.354,9.15364804307084e-24,"8","MAP1LC3B"
4.86547226857877e-28,0.45135925736297,0.785,0.519,9.33684128340266e-24,"8","COX11"
5.25633815996686e-28,0.471293536207386,0.63,0.367,1.00869129289764e-23,"8","NIT2"
5.3072650546179e-28,0.57380094089232,0.41,0.212,1.01846416398117e-23,"8","LACTB2"
5.35535418954694e-28,0.401346068742056,0.861,0.624,1.02769246897406e-23,"8","UBE3A"
5.97866548384979e-28,0.530096565937053,0.563,0.323,1.14730590635077e-23,"8","TSFM"
6.31828846234531e-28,0.407620137478976,0.915,0.7,1.21247955592407e-23,"8","NUDT5"
6.33637351156967e-28,0.595292651753619,0.284,0.129,1.21595007687022e-23,"8","OMA1"
6.38931696709229e-28,0.474013836982489,0.677,0.411,1.22610992598501e-23,"8","TXNDC11"
6.42618497807885e-28,0.552363650568821,0.307,0.142,1.23318489729333e-23,"8","NFS1"
6.50496843713518e-28,0.355743508037144,0.955,0.799,1.24830344308624e-23,"8","KIF5B"
6.80612396228223e-28,0.362733765198447,0.956,0.815,1.30609518836196e-23,"8","BST2"
8.32303368613601e-28,0.257723612884938,0.988,0.954,1.5971901643695e-23,"8","C1orf43"
8.47761618585219e-28,0.479864015459834,0.604,0.348,1.62685454606503e-23,"8","CD302"
8.49882921776107e-28,0.712358490265568,0.263,0.12,1.63092532688835e-23,"8","NSF"
9.4101644706695e-28,0.453261160571582,0.688,0.421,1.80581056192148e-23,"8","ERAL1"
1.10652105764417e-27,0.510544053831592,0.577,0.332,2.12341390961917e-23,"8","CAMKK2"
1.10753699667064e-27,0.439445998276624,0.752,0.477,2.12536349661095e-23,"8","ATAD3A"
1.14680956399536e-27,0.521999974801094,0.618,0.372,2.2007275533071e-23,"8","RSRC1"
1.23243310267437e-27,0.518344423439231,0.476,0.256,2.36503912403211e-23,"8","CRLF3"
1.27746350981052e-27,0.583541413644171,0.278,0.125,2.4514524753264e-23,"8","CDK7"
1.34830543679978e-27,0.526624404152815,0.374,0.187,2.58739813321879e-23,"8","C16orf58"
1.3716519564483e-27,0.362329895448567,0.914,0.803,2.63220010442429e-23,"8","HN1"
1.50174449660515e-27,0.363124899213718,0.924,0.734,2.88184768898529e-23,"8","ARF3"
1.53331477347368e-27,0.572873689877949,0.334,0.161,2.942431050296e-23,"8","HSD17B4"
1.54326320158127e-27,0.34665314626572,0.941,0.77,2.96152208383446e-23,"8","DAZAP1"
1.60092944869579e-27,0.440643819022275,0.463,0.243,3.07218361204721e-23,"8","NOP2"
1.61673749292354e-27,0.596051599829322,0.328,0.159,3.10251924892028e-23,"8","USP11"
1.63332376996174e-27,0.456626379309077,0.73,0.462,3.13434831455658e-23,"8","CNOT11"
1.69187689548375e-27,0.673777416849009,0.254,0.114,3.24671176243332e-23,"8","C11orf49"
1.74943661446699e-27,0.476440435378741,0.776,0.536,3.35716886316215e-23,"8","AGTRAP"
1.9526378569385e-27,0.49481944980441,0.531,0.296,3.74711204746498e-23,"8","CHMP6"
1.96846375199037e-27,0.472246706958102,0.479,0.251,3.77748194006952e-23,"8","STAT6"
2.035872782275e-27,0.642812406913551,0.269,0.122,3.90683986918572e-23,"8","SUPT3H"
2.13406765982269e-27,0.253938419482487,0.992,0.955,4.09527583919975e-23,"8","GTF3C6"
2.36064540472005e-27,0.44767903404238,0.744,0.479,4.53007853165778e-23,"8","AKR1B1"
2.38908279140749e-27,0.523600336159204,0.467,0.256,4.58464987671098e-23,"8","C10orf11"
2.41850536511002e-27,0.440760392900668,0.62,0.363,4.64111179564613e-23,"8","CPNE3"
2.46281708449363e-27,0.478285510516103,0.577,0.332,4.72614598514328e-23,"8","TMEM192"
2.68027916506725e-27,0.511550881796876,0.443,0.234,5.14345571776406e-23,"8","TNPO3"
2.77809990915213e-27,0.464919252329861,0.285,0.129,5.33117372566294e-23,"8","FKBP7"
2.84851128056279e-27,0.502079858264856,0.526,0.304,5.46629314739999e-23,"8","HOMER3"
2.98387791513485e-27,0.401294901477141,0.788,0.523,5.72606171914378e-23,"8","MRPL47"
3.33735410915541e-27,0.565973385088323,0.393,0.202,6.40438253546923e-23,"8","NDUFAF1"
3.35028529431092e-27,0.47003975780905,0.604,0.355,6.42919747978266e-23,"8","TRAPPC4"
3.38645605128368e-27,0.366254293339155,0.952,0.813,6.49860916241339e-23,"8","ILF3"
3.80155921143076e-27,0.268861643405359,0.994,0.92,7.29519212673563e-23,"8","CYC1"
4.05427995874305e-27,0.346791533274144,0.947,0.815,7.78016324082791e-23,"8","DAZAP2"
4.05814065829582e-27,0.487121325268806,0.416,0.215,7.78757192326967e-23,"8","GALK2"
4.18535347140523e-27,0.528226984165287,0.326,0.156,8.03169331162664e-23,"8","TMEM106B"
4.78605473634518e-27,0.385759284643228,0.883,0.647,9.1844390390464e-23,"8","BPTF"
5.26882616152842e-27,0.457650084752871,0.497,0.267,1.0110877403973e-22,"8","TMEM206"
5.31213837623939e-27,0.415845308443083,0.746,0.481,1.01939935440034e-22,"8","CBX1"
5.50393049522113e-27,0.534843685821299,0.33,0.16,1.05620426203293e-22,"8","SS18"
6.51087376595555e-27,0.552664327955881,0.371,0.187,1.24943667568687e-22,"8","KIF23"
6.72501865665615e-27,0.485225304899415,0.419,0.217,1.29053108021231e-22,"8","TOR1B"
7.04193365580863e-27,0.428669790323605,0.834,0.595,1.35134706854968e-22,"8","EXOSC3"
8.03968733526116e-27,0.25091790998213,0.999,0.975,1.54281599963662e-22,"8","TPM4"
8.20031927065937e-27,0.478723045977902,0.474,0.254,1.57364126803953e-22,"8","ACSL5"
8.46564551714067e-27,0.495631851021168,0.653,0.396,1.6245573747393e-22,"8","FSCN1"
8.84076210063256e-27,0.507482768695127,0.576,0.327,1.69654224711139e-22,"8","AGPS"
9.01865624970429e-27,0.475077233830437,0.621,0.365,1.73068013431825e-22,"8","PDCL"
9.70808028084643e-27,0.425594480406973,0.537,0.294,1.86298060589443e-22,"8","C2orf76"
1.01013646264861e-26,0.422197266519551,0.832,0.603,1.93845187182267e-22,"8","SMARCA4"
1.09096287378555e-26,0.473892925390016,0.626,0.367,2.09355775479447e-22,"8","PPP2R5C"
1.24057808447569e-26,0.426175682904058,0.676,0.412,2.38066934410886e-22,"8","TMEM159"
1.30495703625649e-26,0.437365055271212,0.707,0.439,2.5042125525762e-22,"8","FKBP5"
1.42290267124717e-26,0.439932808546249,0.328,0.156,2.73055022612332e-22,"8","MRPS22"
1.43359384224116e-26,0.411132855861742,0.866,0.61,2.75106658326078e-22,"8","VPS36"
1.43485327241128e-26,0.472086983948238,0.506,0.276,2.75348342975724e-22,"8","DLAT"
1.46762756719153e-26,0.511431396728846,0.388,0.197,2.81637730144054e-22,"8","POLG2"
1.47292290576163e-26,0.652625754738932,0.306,0.148,2.82653905615656e-22,"8","VPS37C"
1.56922099842394e-26,0.533653901584174,0.424,0.222,3.01133509597555e-22,"8","SCAMP1"
1.5841316615857e-26,0.593609460729823,0.284,0.133,3.03994865858295e-22,"8","SLC39A11"
1.6172587552945e-26,0.456381568934526,0.424,0.22,3.10351955141015e-22,"8","COL4A3BP"
1.79933662768926e-26,0.451796385295268,0.485,0.261,3.45292698853569e-22,"8","MNAT1"
1.81262831181018e-26,0.491501175749012,0.521,0.292,3.47843373036374e-22,"8","DIAPH1"
1.82842585712584e-26,0.603223175043649,0.266,0.121,3.50874921982448e-22,"8","MKS1"
1.85512131462888e-26,0.427461155841768,0.823,0.574,3.55997780277283e-22,"8","SURF6"
2.00008688937995e-26,0.457511198861466,0.658,0.398,3.83816674072013e-22,"8","SPDL1"
2.02592113257366e-26,0.434724188548843,0.74,0.475,3.88774265340886e-22,"8","MRPL22"
2.03283626948281e-26,0.363519773069828,0.933,0.735,3.90101280113752e-22,"8","TMEM205"
2.07448856982579e-26,0.422332415027063,0.719,0.448,3.98094356549569e-22,"8","MRPS18A"
2.10619392735546e-26,0.515553556966814,0.292,0.136,4.04178614659513e-22,"8","DACH1"
2.1129833698057e-26,0.39175622370251,0.829,0.579,4.05481508665714e-22,"8","CDCA5"
2.35528126208661e-26,0.542195220110573,0.343,0.171,4.5197847419442e-22,"8","CXorf21"
2.35899329226928e-26,0.265193304678439,0.977,0.882,4.52690812786475e-22,"8","ACP1"
2.51295947232952e-26,0.300821796705194,0.999,0.969,4.82236922740034e-22,"8","AIF1"
2.54688431580502e-26,0.254855385334791,0.995,0.964,4.88747100202984e-22,"8","SSR2"
2.55747462085897e-26,0.49739989334431,0.389,0.199,4.90779379742836e-22,"8","POGLUT1"
2.57940898007198e-26,0.43748459149986,0.708,0.444,4.94988583275814e-22,"8","ORMDL2"
2.71923518355023e-26,0.427907127798876,0.55,0.306,5.21821231723289e-22,"8","SPRYD7"
2.733057398747e-26,0.338089141896664,0.931,0.716,5.24473714819549e-22,"8","MED4"
2.75325586394143e-26,0.446807560771813,0.734,0.465,5.2834980029036e-22,"8","COMMD1"
3.05490793267449e-26,0.439285931041852,0.546,0.31,5.86236832280235e-22,"8","SASS6"
3.29628380090236e-26,0.341710021070619,0.924,0.762,6.32556861393163e-22,"8","CUEDC2"
3.30976850851477e-26,0.38028185692071,0.906,0.684,6.35144576783984e-22,"8","PRPF38A"
3.61426858966175e-26,0.516895501422765,0.305,0.145,6.93578142356091e-22,"8","CLCN3"
3.6417412581508e-26,0.455071991880543,0.719,0.464,6.98850147439139e-22,"8","ZFR"
3.89328593856807e-26,0.451297695072323,0.422,0.22,7.47121571611212e-22,"8","AUNIP"
3.96437872701297e-26,0.268810141181654,0.988,0.921,7.60764277713789e-22,"8","PRDX3"
3.97519624733591e-26,0.435864042727399,0.803,0.552,7.6284015986376e-22,"8","LAT2"
4.11738027322556e-26,0.44314078896555,0.677,0.403,7.90125274431985e-22,"8","RARS"
4.22628860606631e-26,0.373731550303741,0.896,0.676,8.11024783504125e-22,"8","SEC62"
4.23930275666038e-26,0.455547737494869,0.735,0.47,8.13522199003127e-22,"8","RNF34"
4.442062535138e-26,0.434766902951459,0.728,0.463,8.52431800492982e-22,"8","C1orf131"
4.98435886330099e-26,0.307411682375513,0.965,0.855,9.56498465867461e-22,"8","SNRPC"
4.98719269828212e-26,0.468941879633714,0.497,0.272,9.57042278800338e-22,"8","IK"
5.06405875925298e-26,0.483784478788079,0.569,0.333,9.71792875900647e-22,"8","C9orf114"
5.35468014514922e-26,0.471631753329484,0.405,0.207,1.02756311985413e-21,"8","FCF1"
5.69107437662498e-26,0.588139132620752,0.275,0.128,1.09211717287433e-21,"8","GPSM1"
5.71847453087383e-26,0.412249508761351,0.549,0.302,1.09737526247469e-21,"8","GALNT7"
5.81613887701842e-26,0.510138556345224,0.378,0.193,1.11611705049984e-21,"8","ATG4C"
6.14355268919019e-26,0.38729026618773,0.882,0.642,1.1789477610556e-21,"8","TIMM9"
8.3365153848843e-26,0.347211804232055,0.911,0.753,1.5997773023593e-21,"8","PSMA2"
8.39701619454701e-26,0.440094983298281,0.653,0.4,1.61138740773357e-21,"8","MMAB"
8.53374781733512e-26,0.438273485770546,0.355,0.175,1.63762620614661e-21,"8","RHOT2"
8.56537041501324e-26,0.4571779383474,0.355,0.176,1.64369458264104e-21,"8","ARRDC2"
8.89143459234476e-26,0.44066164638054,0.479,0.257,1.70626629827096e-21,"8","TBRG4"
9.51840455053963e-26,0.488686326445579,0.639,0.395,1.82658183324855e-21,"8","WDR41"
9.61904626974302e-26,0.415584146049376,0.566,0.319,1.84589497916368e-21,"8","HRSP12"
1.00629250917507e-25,0.52264786452121,0.451,0.246,1.93107532510696e-21,"8","PCTP"
1.00733429433037e-25,0.399679680280516,0.868,0.609,1.93307451081999e-21,"8","GGNBP2"
1.02784521426268e-25,0.422498361959708,0.587,0.336,1.97243496617008e-21,"8","FARSB"
1.06823942122839e-25,0.408172007669289,0.878,0.662,2.04995144933728e-21,"8","NARS"
1.08180724317826e-25,0.403620739696434,0.686,0.41,2.07598809965907e-21,"8","LIX1L"
1.09561151703316e-25,0.466683102732469,0.44,0.236,2.10247850118664e-21,"8","SCYL1"
1.10638512298698e-25,0.446467361115381,0.317,0.153,2.12315305101202e-21,"8","BCAS4"
1.18389182633564e-25,0.42990894768695,0.729,0.485,2.27188841473808e-21,"8","STOM"
1.21615407084315e-25,0.407198471904431,0.823,0.568,2.33379966194801e-21,"8","THOC2"
1.22370542125572e-25,0.387712741198991,0.797,0.543,2.34829070338972e-21,"8","ERGIC2"
1.24655312389122e-25,0.586306188925954,0.332,0.165,2.39213544474724e-21,"8","ADGRG5"
1.39602101278506e-25,0.41702146606895,0.665,0.406,2.67896432353454e-21,"8","CARS2"
1.39784652075783e-25,0.381860735691996,0.884,0.642,2.68246747333427e-21,"8","RRBP1"
1.52510551829634e-25,0.434569037106474,0.683,0.421,2.92667748961067e-21,"8","SRPRB"
1.57510534306663e-25,0.538869110744838,0.508,0.291,3.02262715334486e-21,"8","CASP6"
1.62296998800322e-25,0.412500346054019,0.787,0.535,3.11447940697819e-21,"8","G6PC3"
1.72586396054489e-25,0.357605363989588,0.841,0.614,3.31193294028564e-21,"8","SRPK1"
1.84961509340659e-25,0.408822246442595,0.586,0.338,3.54941136424724e-21,"8","EIF2B4"
2.18210940734767e-25,0.347943011478403,0.931,0.761,4.18746795270018e-21,"8","HDDC2"
2.2394893775557e-25,0.518506480670593,0.373,0.192,4.29758011552938e-21,"8","HIBCH"
2.33779830199084e-25,0.287375857064142,0.987,0.931,4.48623494152043e-21,"8","HNRNPU"
2.42511349816275e-25,0.501462120475609,0.338,0.168,4.65379280297432e-21,"8","TXNDC15"
2.46726102614044e-25,0.433084267320285,0.746,0.488,4.73467390916351e-21,"8","SFXN4"
2.91322554478841e-25,0.423816084567392,0.477,0.259,5.59047982044895e-21,"8","FES"
3.00483638694783e-25,0.540713161213666,0.302,0.145,5.76628102655289e-21,"8","KIAA0196"
3.06558455061548e-25,0.455084804922189,0.617,0.368,5.88285675263111e-21,"8","SFSWAP"
3.11989218853816e-25,0.442770274840893,0.503,0.29,5.98707310980472e-21,"8","CLEC12A"
3.37980632664199e-25,0.404204921805255,0.746,0.481,6.48584834082598e-21,"8","NIPSNAP3A"
3.3978541076178e-25,0.385875404240885,0.591,0.335,6.52048203251855e-21,"8","CCDC174"
3.45695231502022e-25,0.441577569228697,0.639,0.388,6.63389149252381e-21,"8","CHD1L"
3.46698076768024e-25,0.554111619435287,0.306,0.149,6.65313609317838e-21,"8","METTL2B"
3.48720781638671e-25,0.469399754704201,0.405,0.213,6.6919517996461e-21,"8","IL3RA"
3.74118684539879e-25,0.314467965227217,0.964,0.827,7.17933755632027e-21,"8","PSMB2"
4.17687229206158e-25,0.634079019273236,0.251,0.115,8.01541792846618e-21,"8","NAV1"
4.20056566045994e-25,0.435971213715617,0.55,0.316,8.06088550242262e-21,"8","RMDN1"
4.52616760246169e-25,0.456077813758729,0.373,0.192,8.68571562912398e-21,"8","RBM22"
5.52268821090616e-25,0.269818740567196,0.987,0.906,1.05980386767289e-20,"8","HHEX"
5.59226125778546e-25,0.391551961405868,0.667,0.401,1.07315493536903e-20,"8","PCYT2"
5.64505901604794e-25,0.422252579144692,0.551,0.318,1.0832868251796e-20,"8","R3HDM1"
5.71896580950274e-25,0.398947632102704,0.805,0.518,1.09746953884358e-20,"8","RBM7"
7.1299387266429e-25,0.600504564585333,0.379,0.204,1.36823524164277e-20,"8","SEC24C"
7.83891454898635e-25,0.415011198991205,0.74,0.489,1.50428770195048e-20,"8","ANKRD11"
8.62809757185628e-25,0.488500143649398,0.514,0.298,1.65573192403922e-20,"8","COA7"
8.74935260523883e-25,0.634115475635435,0.252,0.117,1.67900076494533e-20,"8","RTN2"
8.77098559814287e-25,0.407286386551473,0.63,0.369,1.68315213628362e-20,"8","REPIN1"
8.80025807157555e-25,0.581712048092444,0.366,0.192,1.68876952393535e-20,"8","CLU"
9.17512396890129e-25,0.463250261505699,0.571,0.334,1.76070628963216e-20,"8","LARP4"
9.82383205928768e-25,0.407642618488743,0.781,0.539,1.88519337217731e-20,"8","RAB14"
9.83533336288002e-25,0.416070662467298,0.571,0.326,1.88740047233668e-20,"8","YIPF6"
1.09606126888221e-24,0.380836852847144,0.713,0.447,2.10334157498496e-20,"8","COPS4"
1.25368983349676e-24,0.477176724034844,0.504,0.287,2.40583079048028e-20,"8","RBM28"
1.30705713310566e-24,0.465693201025604,0.44,0.235,2.50824263842977e-20,"8","PMPCB"
1.33440941709121e-24,0.46619545876414,0.293,0.14,2.56073167139804e-20,"8","BNIP1"
1.38658884099291e-24,0.43448067347778,0.521,0.292,2.6608639858654e-20,"8","AIMP2"
1.42512401575572e-24,0.514259486359237,0.315,0.155,2.73481298623522e-20,"8","VANGL1"
1.64426357878309e-24,0.469933701578452,0.382,0.196,3.15534180768476e-20,"8","VARS"
1.7653823553449e-24,0.41657291523633,0.567,0.326,3.38776873990687e-20,"8","ZWILCH"
1.95010354369205e-24,0.436790969250732,0.763,0.512,3.74224870034505e-20,"8","PIGP"
1.95200223191508e-24,0.455043627446341,0.654,0.402,3.74589228304503e-20,"8","MRPS27"
2.33326174462935e-24,0.407650864691179,0.641,0.389,4.47752928794373e-20,"8","APP"
2.42930973717022e-24,0.459116557295739,0.582,0.348,4.66184538562965e-20,"8","ECE2"
2.44182846984443e-24,0.39345277672726,0.833,0.603,4.68586883363147e-20,"8","DYNC1I2"
2.58871760507593e-24,0.416345332310769,0.638,0.385,4.96774908414071e-20,"8","CDK11B"
2.58882120826309e-24,0.307297130074075,0.967,0.855,4.96794789865686e-20,"8","BZW1"
2.63984684073899e-24,0.414872310031783,0.692,0.436,5.06586608737812e-20,"8","TACC3"
2.64838244721378e-24,0.472480124367762,0.699,0.46,5.08224591620325e-20,"8","BASP1"
2.68736038263736e-24,0.436826483404469,0.569,0.333,5.15704457428109e-20,"8","GCAT"
2.71014761092697e-24,0.334738587808852,0.936,0.752,5.20077326536885e-20,"8","ATP5H"
2.87403698301857e-24,0.423379016021371,0.581,0.338,5.51527697041264e-20,"8","EFTUD2"
2.93316253905616e-24,0.361808935391634,0.888,0.658,5.62873891244877e-20,"8","SKA2"
3.06703396945976e-24,0.411097341524418,0.398,0.207,5.88563818739329e-20,"8","RNMTL1"
3.09106115576981e-24,0.420188278993831,0.671,0.404,5.93174635792227e-20,"8","ERI2"
3.17411443867417e-24,0.506236690419114,0.272,0.128,6.09112560781572e-20,"8","INTS12"
3.19250699414041e-24,0.413015752276025,0.542,0.308,6.12642092175546e-20,"8","SDHA"
3.36268562619829e-24,0.425736890539433,0.847,0.611,6.45299371667452e-20,"8","DNAJC3"
3.45724666674798e-24,0.509142471435114,0.36,0.185,6.63445635348937e-20,"8","THOC5"
3.50332573085748e-24,0.461663368709025,0.598,0.362,6.72288207751551e-20,"8","ATP2A3"
3.63607767313515e-24,0.580784556916551,0.316,0.159,6.97763305474635e-20,"8","LPCAT1"
3.73473646841196e-24,0.462694920680953,0.377,0.196,7.16695928288255e-20,"8","PRMT3"
3.83937866970029e-24,0.501354419858717,0.337,0.17,7.36776766715486e-20,"8","CCDC94"
3.88316084704006e-24,0.487577221432665,0.452,0.248,7.45178566546987e-20,"8","SMARCC2"
4.08955343637398e-24,0.665788249672765,0.31,0.157,7.84785304440167e-20,"8","GPR84"
4.18951959602243e-24,0.273716043828636,0.967,0.871,8.03968810476704e-20,"8","MRPS18C"
4.29000744502817e-24,0.293296598184549,0.964,0.836,8.23252428700907e-20,"8","TAF9"
4.30805571106001e-24,0.422985823218335,0.539,0.318,8.26715890952416e-20,"8","B4GALT5"
4.36231464223767e-24,0.470451090952697,0.301,0.146,8.37128179845409e-20,"8","GATB"
4.705333629347e-24,0.360815443074051,0.91,0.706,9.02953523471689e-20,"8","CDV3"
4.79315946266259e-24,0.489141055572385,0.297,0.145,9.19807300884952e-20,"8","SCARF1"
5.11412628515203e-24,0.370365912731072,0.816,0.578,9.81400834120675e-20,"8","WDR18"
5.45181927821988e-24,0.42085883172524,0.576,0.34,1.0462041194904e-19,"8","ALG2"
5.48821938107575e-24,0.393255431398597,0.464,0.253,1.05318929922844e-19,"8","THUMPD3"
5.54444024993432e-24,0.495082666111003,0.326,0.164,1.0639780839624e-19,"8","LANCL1"
5.6932235569444e-24,0.276908216812973,0.979,0.925,1.09252960057763e-19,"8","PRSS57"
5.74502478107235e-24,0.40815523853873,0.785,0.513,1.10247025548778e-19,"8","PPP2CA"
5.80766255796919e-24,0.405649881227824,0.681,0.425,1.11449044487429e-19,"8","C21orf33"
6.2827926594393e-24,0.503204573600934,0.278,0.133,1.2056679113464e-19,"8","GOLGA5"
6.65243750171141e-24,0.44276971579511,0.546,0.318,1.27660275657842e-19,"8","SUPT20H"
6.82604813685539e-24,0.426881671915502,0.485,0.274,1.30991863746255e-19,"8","FASN"
7.25852246222947e-24,0.403263222665575,0.514,0.287,1.39291046050183e-19,"8","MCCC2"
7.30889730450945e-24,0.438474037245067,0.617,0.378,1.40257739273536e-19,"8","ZMAT2"
7.44504058093708e-24,0.450655223807443,0.62,0.376,1.42870328748183e-19,"8","CHD3"
7.44585511839045e-24,0.496899026267958,0.283,0.136,1.42885959721913e-19,"8","ADGRG1"
7.57357118148063e-24,0.443316142584281,0.317,0.157,1.45336830972613e-19,"8","SIRT5"
7.82442783786697e-24,0.41924740302991,0.685,0.42,1.50150770208667e-19,"8","NFYB"
8.07755543382848e-24,0.46289139317285,0.351,0.179,1.55008288775169e-19,"8","PSMD5"
8.53223621445192e-24,0.42689048471385,0.527,0.303,1.63733612955332e-19,"8","ABCD3"
8.57400017962244e-24,0.417581831002235,0.563,0.326,1.64535063446955e-19,"8","BCAS2"
9.86326924804653e-24,0.428983630950866,0.58,0.337,1.89276136870013e-19,"8","NELFB"
1.05743602161545e-23,0.636625494856238,0.252,0.118,2.02921972548005e-19,"8","FAM173B"
1.08445163294576e-23,0.262978286921868,0.987,0.916,2.0810626836229e-19,"8","UBE2N"
1.11559217591555e-23,0.303588100670012,0.959,0.831,2.14082138558194e-19,"8","TRAPPC3"
1.15691288335377e-23,0.515537917555763,0.292,0.142,2.22011582315589e-19,"8","PRRC1"
1.24215427070235e-23,0.384455057441978,0.636,0.381,2.38369404547782e-19,"8","ECI2"
1.24816516841584e-23,0.394998660477747,0.508,0.282,2.39522895819001e-19,"8","DNAJB12"
1.25926118984564e-23,0.407803547093761,0.698,0.449,2.41652222331378e-19,"8","HSPH1"
1.37142691957967e-23,0.348095664249955,0.537,0.301,2.63176825867338e-19,"8","NTHL1"
1.38630898727115e-23,0.429599179908408,0.584,0.34,2.66032694657334e-19,"8","NDC1"
1.38856935185625e-23,0.391268937877482,0.833,0.599,2.66466458621214e-19,"8","DIMT1"
1.43171558601928e-23,0.480459951675846,0.397,0.211,2.747462209571e-19,"8","NMD3"
1.49872733166913e-23,0.489962762231853,0.321,0.161,2.87605774947305e-19,"8","CDK5RAP1"
1.49878786858329e-23,0.35406790888096,0.895,0.696,2.87617391981132e-19,"8","TM9SF3"
1.49882581127145e-23,0.43200353955198,0.305,0.149,2.87624673182992e-19,"8","EVI5"
1.58420376567485e-23,0.460788028757078,0.4,0.213,3.04008702633004e-19,"8","MPI"
1.7009374852044e-23,0.463526832811502,0.329,0.165,3.26409903410724e-19,"8","ALG14"
1.77096098428506e-23,0.385559387327271,0.892,0.684,3.39847412884303e-19,"8","TXNL1"
1.79038050368025e-23,0.280521079547162,0.964,0.854,3.43574018656241e-19,"8","C20orf27"
1.79215213798815e-23,0.452014264486814,0.414,0.224,3.43913995279926e-19,"8","GNL2"
1.79268691927223e-23,0.425695642719439,0.541,0.315,3.44016619808341e-19,"8","ALDH18A1"
1.86371421891197e-23,0.386968828200673,0.841,0.602,3.57646758609208e-19,"8","MRPL15"
1.86707018289575e-23,0.493135428502475,0.307,0.152,3.58290768097695e-19,"8","GABPA"
1.90323026606744e-23,0.447144615021484,0.326,0.163,3.65229888058343e-19,"8","SERPINH1"
1.97114581338082e-23,0.516419171960701,0.35,0.18,3.7826288158778e-19,"8","EXOC3"
1.99213961008271e-23,0.548739272979985,0.288,0.142,3.82291591174871e-19,"8","ZDHHC9"
2.02392273620947e-23,0.393720363745044,0.472,0.258,3.88390773078597e-19,"8","USP5"
2.12620171165708e-23,0.365091873463692,0.843,0.594,4.08018108466994e-19,"8","RRP7A"
2.19435895786556e-23,0.462627256257998,0.425,0.231,4.21097484014401e-19,"8","MTO1"
2.3068023859443e-23,0.301235043121239,0.976,0.84,4.42675377862711e-19,"8","SMARCB1"
2.35189258556939e-23,0.254037992681865,0.977,0.859,4.51328187170767e-19,"8","MAGOH"
2.38501903818841e-23,0.509832459755959,0.29,0.141,4.57685153428356e-19,"8","BRD8"
2.43800989085979e-23,0.56531843594036,0.253,0.119,4.67854098055993e-19,"8","SMPDL3B"
2.49625774969861e-23,0.376562242017705,0.821,0.572,4.79031862167163e-19,"8","BRMS1"
2.82810336735268e-23,0.361183759253624,0.539,0.304,5.42713036194978e-19,"8","GSS"
3.30870791024345e-23,0.411774491626336,0.83,0.599,6.34941047975718e-19,"8","SAR1A"
3.33048430763098e-23,0.595198873867681,0.256,0.121,6.39119938634384e-19,"8","KCNQ5"
3.5703975449596e-23,0.393395542851467,0.734,0.481,6.85159288877746e-19,"8","POLR3E"
3.75892040095537e-23,0.48912484283979,0.312,0.157,7.21336824943336e-19,"8","CLK3"
3.98520730539735e-23,0.397420379648399,0.694,0.435,7.64761281905751e-19,"8","LARP1B"
4.06691971242456e-23,0.528304392508851,0.288,0.142,7.80441892814272e-19,"8","ICA1"
4.11735428096468e-23,0.366289315439627,0.857,0.615,7.90120286517122e-19,"8","ABT1"
4.1450858430248e-23,0.397406255016473,0.68,0.428,7.95441973276459e-19,"8","CRBN"
4.22156274513499e-23,0.381307107441434,0.785,0.525,8.10117890791405e-19,"8","PPP2R1A"
4.30369846617662e-23,0.415205047702198,0.456,0.249,8.25879735659293e-19,"8","SCARB1"
4.4363040302164e-23,0.398912150290359,0.482,0.267,8.51326743398528e-19,"8","SEL1L"
4.46618750871906e-23,0.449342116019017,0.469,0.263,8.57061382923188e-19,"8","CHMP7"
4.4769805618473e-23,0.370904271049946,0.869,0.645,8.59132569818497e-19,"8","MPHOSPH8"
4.51223916386827e-23,0.3771182163247,0.708,0.45,8.6589869554632e-19,"8","HADHB"
5.09467352323424e-23,0.359401383290629,0.722,0.452,9.77667849108651e-19,"8","CNDP2"
5.21642106020532e-23,0.438093726322993,0.329,0.166,1.0010312014534e-18,"8","WDR75"
5.23239688987084e-23,0.406715232986428,0.476,0.266,1.00409696316621e-18,"8","USP36"
5.41708070632329e-23,0.381086204016403,0.806,0.575,1.03953778754344e-18,"8","U2SURP"
5.65653418335639e-23,0.444127895680849,0.299,0.147,1.08548890978609e-18,"8","SP140L"
5.97638279557695e-23,0.410068126508719,0.398,0.212,1.14686785847122e-18,"8","SLC35B3"
6.26816645644378e-23,0.418517837651964,0.384,0.2,1.20286114299156e-18,"8","TDP1"
6.35179985290701e-23,0.3446427667367,0.915,0.743,1.21891039177286e-18,"8","RAD21"
6.59527843003986e-23,0.352784387489296,0.85,0.607,1.26563393072465e-18,"8","PSMD9"
6.8079910031525e-23,0.322529189494565,0.925,0.738,1.30645347350496e-18,"8","MRPL9"
7.14906986673529e-23,0.394543532851761,0.555,0.32,1.3719065074265e-18,"8","ARHGEF1"
7.30060985784939e-23,0.251600139144867,0.994,0.947,1.4009870317213e-18,"8","CD164"
7.60428679271847e-23,0.406225278434882,0.485,0.273,1.45926263552267e-18,"8","RNF135"
8.29882452272351e-23,0.352689230398026,0.887,0.695,1.59254442591064e-18,"8","RNF126"
8.49103726680564e-23,0.392342165702695,0.665,0.414,1.6294300515e-18,"8","EMILIN1"
8.66308613075266e-23,0.497070061330358,0.266,0.127,1.66244622849144e-18,"8","ACP2"
9.66074970203129e-23,0.375338598046164,0.582,0.341,1.8538978678198e-18,"8","PXK"
9.94680167410857e-23,0.378973314746145,0.815,0.55,1.90879124126143e-18,"8","SMC1A"
1.04896118414936e-22,0.3951528230429,0.674,0.427,2.01295651238263e-18,"8","PLPP5"
1.09924365003309e-22,0.520543763756961,0.643,0.419,2.10944856441351e-18,"8","HLA-DQA1"
1.12543280572323e-22,0.39119614421303,0.72,0.469,2.15970555418287e-18,"8","DNAJB11"
1.12901412892021e-22,0.419625624361816,0.441,0.243,2.16657811339787e-18,"8","AKAP8"
1.14959047901776e-22,0.476380878542017,0.514,0.3,2.20606412923507e-18,"8","FAM175A"
1.19658564812822e-22,0.400818788322793,0.658,0.417,2.29624785875806e-18,"8","KLF13"
1.30015101322599e-22,0.401551740173563,0.594,0.352,2.49498979438067e-18,"8","SEPHS1"
1.31943194527771e-22,0.553557818560347,0.26,0.125,2.53198990298793e-18,"8","TSPAN31"
1.384684535414e-22,0.394709084211201,0.689,0.43,2.65720962345946e-18,"8","MRPL46"
1.45547221937228e-22,0.378811916619247,0.449,0.242,2.7930511889754e-18,"8","C6orf89"
1.4778496533581e-22,0.36604554269934,0.743,0.479,2.83599348479419e-18,"8","LARS"
1.52454855311236e-22,0.367513615570355,0.838,0.588,2.92560867342262e-18,"8","CSRP1"
1.67724411021539e-22,0.353210903241245,0.877,0.668,3.21863144750333e-18,"8","DNAJC15"
1.72088236350526e-22,0.401338670223824,0.503,0.289,3.3023732555666e-18,"8","PARN"
1.87829314706325e-22,0.387282530811492,0.644,0.401,3.60444454921439e-18,"8","CXXC1"
1.91705705598345e-22,0.352035342769743,0.833,0.589,3.67883249043224e-18,"8","SYPL1"
2.12069830846194e-22,0.385373755842982,0.407,0.216,4.06962005393847e-18,"8","PKP4"
2.27630595984002e-22,0.398378174062628,0.559,0.326,4.36823113693299e-18,"8","SNX27"
2.57882549626448e-22,0.390616697106757,0.527,0.3,4.94876612733154e-18,"8","GOSR2"
2.95923654758583e-22,0.430764643449642,0.51,0.295,5.67877493481721e-18,"8","GLA"
3.01746981074526e-22,0.355408396031534,0.805,0.543,5.79052456682015e-18,"8","DUSP3"
3.38729453306654e-22,0.407985203794302,0.58,0.348,6.50021820895469e-18,"8","TMEM128"
3.53743625544212e-22,0.258734393835527,0.981,0.88,6.78834017419342e-18,"8","TMEM167A"
3.64425984978828e-22,0.346606335718024,0.638,0.384,6.9933346517437e-18,"8","MED8"
3.70846222916157e-22,0.389452264786545,0.541,0.313,7.11653901776106e-18,"8","GNPNAT1"
3.75368413808386e-22,0.402477828299681,0.389,0.208,7.20331986098294e-18,"8","USP7"
3.8589147629629e-22,0.532615612248062,0.292,0.146,7.4052574301258e-18,"8","INTS7"
4.01101998213941e-22,0.387219723208947,0.695,0.444,7.69714734572552e-18,"8","DCTN2"
4.22225001394188e-22,0.376747463545589,0.557,0.326,8.10249777675446e-18,"8","MPV17L2"
4.9631314848139e-22,0.393183237693541,0.566,0.33,9.52424931935787e-18,"8","PPP1R10"
5.10182704596463e-22,0.393754788125132,0.56,0.331,9.79040610120613e-18,"8","CMTM3"
5.17938442696304e-22,0.386497469171755,0.293,0.145,9.93923871534207e-18,"8","CEP70"
5.25501290100135e-22,0.374879724756694,0.604,0.355,1.00843697570216e-17,"8","SAFB"
5.27274459060438e-22,0.404060941824648,0.722,0.454,1.01183968693698e-17,"8","EBAG9"
5.31793579594251e-22,0.379820780625225,0.482,0.269,1.02051187924137e-17,"8","SRPK2"
6.36467731620575e-22,0.488519496565095,0.344,0.181,1.22138157697988e-17,"8","MDC1"
6.7036146260149e-22,0.381523229133764,0.391,0.208,1.28642364673226e-17,"8","C8orf76"
6.94496024067914e-22,0.385291392597952,0.524,0.301,1.33273787018633e-17,"8","IMPACT"
7.10616070973446e-22,0.369396194130227,0.722,0.462,1.36367224019804e-17,"8","TMED5"
7.99393612919324e-22,0.407946234686855,0.706,0.459,1.53403634319218e-17,"8","DYRK4"
8.10351764595463e-22,0.453493192810937,0.303,0.153,1.55506503625869e-17,"8","PARP2"
8.10720165395803e-22,0.378900705913183,0.459,0.259,1.55577199739455e-17,"8","ADD3"
8.29228985150315e-22,0.355828969932916,0.758,0.497,1.59129042250345e-17,"8","IMPAD1"
8.34640390345655e-22,0.388615985430593,0.506,0.288,1.60167490907331e-17,"8","NOB1"
8.51441154912621e-22,0.412377747062421,0.308,0.155,1.63391557627732e-17,"8","PEX3"
8.78362464601599e-22,0.347028211588875,0.787,0.536,1.68557756957047e-17,"8","ANXA7"
8.97331781716403e-22,0.467179287085847,0.387,0.211,1.72197968911378e-17,"8","XAF1"
9.89383427244534e-22,0.392514955362538,0.65,0.411,1.89862679688226e-17,"8","NELFCD"
1.06368151074381e-21,0.405845793675976,0.707,0.458,2.04120481911737e-17,"8","API5"
1.09703878739723e-21,0.475619445471314,0.465,0.264,2.10521743301529e-17,"8","CASC5"
1.14691885642409e-21,0.404430454161075,0.563,0.332,2.20093728547782e-17,"8","ARHGAP17"
1.16012211503893e-21,0.309913764514727,0.509,0.284,2.22627433875971e-17,"8","ANAPC10"
1.19774290407947e-21,0.404553463545537,0.389,0.208,2.29846863292851e-17,"8","MECR"
1.21459001862343e-21,0.396547368233098,0.787,0.556,2.33079824573837e-17,"8","PSME3"
1.24191041608282e-21,0.384530887323657,0.715,0.48,2.38322608846292e-17,"8","HSPA9"
1.28805264566257e-21,0.738283201876993,0.375,0.207,2.47177302702647e-17,"8","PLPP1"
1.31256483004783e-21,0.363770697126107,0.821,0.579,2.51881190886178e-17,"8","MRPS33"
1.36621469507908e-21,0.319130040106219,0.909,0.707,2.62176599985676e-17,"8","DNAJB6"
1.4527681136755e-21,0.426827400935024,0.578,0.348,2.78786201014328e-17,"8","VHL"
1.49379795575317e-21,0.351022806196988,0.835,0.601,2.86659827709033e-17,"8","MAGOHB"
1.50077790819129e-21,0.293811806857665,0.94,0.766,2.87999280581909e-17,"8","CDK2AP2"
1.53020597676526e-21,0.501241539431412,0.294,0.149,2.93646526941253e-17,"8","SLC4A1AP"
1.62370766628004e-21,0.318595244107574,0.847,0.613,3.1158950115914e-17,"8","NDUFA5"
1.7723162664278e-21,0.37967477800303,0.685,0.451,3.40107491527496e-17,"8","CDK1"
1.79901493038591e-21,0.377894036770657,0.607,0.37,3.45230965141055e-17,"8","WBSCR22"
1.84991599806141e-21,0.345288255947796,0.906,0.723,3.54998880027984e-17,"8","ARL6IP5"
1.89029238789856e-21,0.367848175686741,0.558,0.329,3.62747109237733e-17,"8","UNC119"
1.91211277917687e-21,0.335030798663514,0.911,0.702,3.6693444232404e-17,"8","WDR1"
2.16839409536859e-21,0.495582915431292,0.258,0.125,4.16114826901232e-17,"8","SRBD1"
2.17353992623583e-21,0.273395593915231,0.97,0.833,4.17102311844657e-17,"8","LRRC59"
2.26411168625937e-21,0.582001189900067,0.256,0.125,4.34483032593174e-17,"8","CTB-193M12.5"
2.57066718485782e-21,0.479435412285271,0.293,0.147,4.93311032774215e-17,"8","NUB1"
2.58849491349746e-21,0.345123908859215,0.851,0.617,4.96732173900162e-17,"8","FHL3"
2.73311974817111e-21,0.285418733379657,0.938,0.803,5.24485679674037e-17,"8","TUBA1C"
2.84379398452814e-21,0.488947074826318,0.352,0.189,5.4572406563095e-17,"8","DRG2"
2.85764039440451e-21,0.750282296591498,0.388,0.231,5.48381191686226e-17,"8","PSAT1"
2.93906218764711e-21,0.414173632680661,0.536,0.32,5.64006033809481e-17,"8","EIF2A"
3.03703515665044e-21,0.326731998051638,0.451,0.252,5.8280704656122e-17,"8","TIGAR"
3.16029752235721e-21,0.365003315379151,0.513,0.293,6.0646109454035e-17,"8","DYNC1LI1"
3.16042428284264e-21,0.352548391187727,0.743,0.476,6.06485419877502e-17,"8","RPS6KA1"
3.42739199859254e-21,0.385337046891386,0.677,0.439,6.57716524529908e-17,"8","MYADM"
3.65521300824371e-21,0.416261848343774,0.549,0.33,7.01435376281969e-17,"8","SDCCAG3"
3.66726841154437e-21,0.392684196135844,0.648,0.401,7.03748808175364e-17,"8","GIGYF2"
3.76426766671845e-21,0.358112688791576,0.479,0.268,7.22362965243271e-17,"8","CCS"
3.90348951445164e-21,0.330327871186752,0.533,0.31,7.49079637823271e-17,"8","VTA1"
4.28660795836034e-21,0.375762324482356,0.449,0.248,8.2260006720935e-17,"8","RPUSD4"
4.34821592269758e-21,0.332963559491567,0.843,0.629,8.34422635565666e-17,"8","MRPL24"
4.48476266062191e-21,0.402739512733426,0.523,0.309,8.60625954573344e-17,"8","VRK3"
4.55012223804943e-21,0.469474402062556,0.261,0.127,8.73168457481686e-17,"8","TRERF1"
4.61620847272495e-21,0.328240572136127,0.897,0.704,8.85850405915918e-17,"8","TDG"
4.63606069126564e-21,0.28631617620269,0.968,0.842,8.89660046653877e-17,"8","UQCRC2"
4.74581613484709e-21,0.30176582514607,0.541,0.317,9.10722116277156e-17,"8","SPC25"
4.77356204086425e-21,0.494699045091139,0.301,0.154,9.1604655564185e-17,"8","SMN1"
5.13824208372307e-21,0.386892651800515,0.496,0.284,9.86028655866457e-17,"8","UBAP1"
5.36156268571405e-21,0.373475241468009,0.465,0.266,1.02888387938853e-16,"8","PTDSS2"
5.5353769090367e-21,0.338826969533164,0.747,0.494,1.06223882884414e-16,"8","C1orf52"
5.65089273155918e-21,0.327294946983575,0.36,0.193,1.08440631518621e-16,"8","KRCC1"
5.78973988137392e-21,0.475339647894971,0.296,0.151,1.11105108323566e-16,"8","ACTR6"
6.14888306566052e-21,0.365498100068662,0.611,0.375,1.17997066030025e-16,"8","G6PD"
6.19802957041877e-21,0.250285924463408,0.977,0.877,1.18940187456336e-16,"8","TMEM50A"
6.26783562445815e-21,0.404879320611901,0.323,0.167,1.20279765633352e-16,"8","EHD1"
6.38551183888106e-21,0.352580605794686,0.553,0.322,1.22537972188128e-16,"8","ABHD17B"
6.51140689574871e-21,0.337329110850449,0.851,0.612,1.24953898329418e-16,"8","UBE2G2"
6.83297872343146e-21,0.332693436268798,0.632,0.373,1.3112486170265e-16,"8","TMEM242"
7.39062560831222e-21,0.37889094577744,0.546,0.321,1.41826105423512e-16,"8","UBXN6"
7.65695251474603e-21,0.354821715062866,0.559,0.33,1.46936918757976e-16,"8","C12orf43"
7.72543512955703e-21,0.388013669395092,0.559,0.331,1.48251100136199e-16,"8","CARNMT1"
8.28274097036072e-21,0.30284249005507,0.918,0.749,1.58945799221222e-16,"8","NMT1"
8.35507102308489e-21,0.387929101753483,0.326,0.168,1.60333812932999e-16,"8","INO80B"
8.72501215934402e-21,0.304690736757606,0.449,0.247,1.67432983337812e-16,"8","GRIPAP1"
9.77412507896496e-21,0.38112144731776,0.71,0.449,1.87565460265338e-16,"8","GTF2F2"
1.0132352502287e-20,0.342691425850186,0.787,0.54,1.94439844518888e-16,"8","ELOVL1"
1.02452386271169e-20,0.374561963223622,0.35,0.184,1.96606129254373e-16,"8","DDIAS"
1.02711180962611e-20,0.324691576007316,0.883,0.688,1.97102756267251e-16,"8","SLC25A33"
1.06343262664054e-20,0.377922545212326,0.621,0.382,2.04072721052319e-16,"8","NSL1"
1.09620950549713e-20,0.325014706731765,0.389,0.208,2.103626041049e-16,"8","EFR3A"
1.13302074177881e-20,0.335901639198104,0.918,0.728,2.17426680347354e-16,"8","HM13"
1.1727798456861e-20,0.258667947923632,0.991,0.949,2.25056452387162e-16,"8","FAM101B"
1.20979667676416e-20,0.416600002132986,0.395,0.215,2.32159982271042e-16,"8","RNF146"
1.23635158258975e-20,0.384154517055096,0.443,0.252,2.37255868698974e-16,"8","WASF1"
1.25616916861189e-20,0.357385350995144,0.861,0.629,2.41058863456622e-16,"8","USP48"
1.25775514377799e-20,0.357073751277741,0.665,0.412,2.41363212090996e-16,"8","GOLGA4"
1.42477938051948e-20,0.318597929891113,0.873,0.643,2.73415163121688e-16,"8","PAK2"
1.60783261298577e-20,0.47864015609363,0.438,0.251,3.08543078431969e-16,"8","KRI1"
1.62129000322606e-20,0.343979617539443,0.719,0.455,3.1112555161908e-16,"8","SGOL1"
1.67649142350245e-20,0.363616561756808,0.681,0.429,3.2171870417012e-16,"8","FEZ2"
1.70244665632152e-20,0.365670173692077,0.478,0.271,3.266995133481e-16,"8","TEX261"
1.76526834712028e-20,0.3911165123787,0.377,0.208,3.38754995812382e-16,"8","AP5B1"
1.81574718708019e-20,0.336319826524745,0.79,0.547,3.48441885200688e-16,"8","MATK"
1.83903934605676e-20,0.47192793554452,0.29,0.149,3.52911650508293e-16,"8","CUL1"
1.89300276077891e-20,0.366713368128265,0.337,0.177,3.63267229793473e-16,"8","L3MBTL2"
2.03622438968519e-20,0.32351054187617,0.616,0.366,3.90751460380588e-16,"8","CAAP1"
2.47912758211134e-20,0.355474979095845,0.377,0.202,4.75744583007166e-16,"8","MRM1"
2.5328146361054e-20,0.3459391709458,0.785,0.543,4.86047128668626e-16,"8","IRAK1"
2.73167436294664e-20,0.41215968869739,0.326,0.174,5.2420831024946e-16,"8","SKAP1"
2.76672026727927e-20,0.415078635572352,0.416,0.233,5.30933619290892e-16,"8","HSPA13"
2.80074049905307e-20,0.338539224952466,0.542,0.319,5.37462101768284e-16,"8","ARFRP1"
2.81909446365604e-20,0.429347469305711,0.297,0.152,5.40984227575594e-16,"8","ORMDL3"
2.82408953577233e-20,0.327444926334909,0.785,0.529,5.4194278191471e-16,"8","MTX2"
2.84093872023888e-20,0.497664695779283,0.261,0.131,5.45176140413841e-16,"8","RWDD2B"
2.87314577202973e-20,0.336152748551103,0.635,0.391,5.51356673652505e-16,"8","CDC5L"
2.90273953377078e-20,0.317197614803806,0.432,0.241,5.57035716530613e-16,"8","SEC31A"
2.95066141848491e-20,0.37946114636881,0.455,0.259,5.66231926207254e-16,"8","HDHD2"
3.13888901231798e-20,0.314687592645313,0.596,0.353,6.0235280146382e-16,"8","LRRC47"
3.14513461754564e-20,0.441855972315247,0.508,0.3,6.03551333107008e-16,"8","PSPC1"
3.4024417444658e-20,0.338557415782925,0.902,0.705,6.52928570762987e-16,"8","COPS3"
3.45025711633536e-20,0.393801038637643,0.545,0.333,6.62104340624756e-16,"8","FUT4"
3.5520505704865e-20,0.264205845452768,0.964,0.874,6.81638504476359e-16,"8","ARPC1B"
3.57242655097568e-20,0.395518585576048,0.42,0.237,6.85548655132234e-16,"8","UGDH"
3.7534360943694e-20,0.354804163077817,0.649,0.411,7.20284386509488e-16,"8","PFDN1"
3.781994521444e-20,0.284723811431138,0.925,0.78,7.25764748665104e-16,"8","MRPS23"
3.92476502697801e-20,0.352122836547721,0.72,0.461,7.53162408677081e-16,"8","DDX6"
4.06471348306622e-20,0.338914556734623,0.347,0.183,7.80018517400407e-16,"8","DCAF5"
4.42665739877058e-20,0.486254244628945,0.294,0.152,8.49475554824074e-16,"8","ZNF202"
4.54808717837751e-20,0.363903345853829,0.446,0.254,8.72777929530644e-16,"8","ING5"
4.62096417690508e-20,0.305435390243224,0.916,0.731,8.86763025548084e-16,"8","PSMB8"
5.18086668889471e-20,0.360247716167711,0.857,0.662,9.94208317598895e-16,"8","ADA"
5.41207976594971e-20,0.391353350178608,0.395,0.215,1.03857810708575e-15,"8","MAT2B"
5.5194735318567e-20,0.31328356328841,0.44,0.243,1.0591869707633e-15,"8","CHAC2"
5.54940881907491e-20,0.280387209669252,0.401,0.215,1.06493155238048e-15,"8","VKORC1L1"
6.31341588421894e-20,0.362218583777223,0.361,0.194,1.21154450818162e-15,"8","TFB1M"
6.66058685708347e-20,0.331904672223935,0.815,0.583,1.27816661787432e-15,"8","AKIRIN1"
6.86032754098417e-20,0.411553816676865,0.278,0.14,1.31649685511486e-15,"8","NUFIP1"
6.96236830011404e-20,0.26170484345047,0.97,0.886,1.33607847679188e-15,"8","PSMD8"
7.39975855413835e-20,0.396491776332565,0.315,0.165,1.42001366653915e-15,"8","DHX37"
7.8579478876563e-20,0.28858612645053,0.896,0.687,1.50794019964124e-15,"8","RBBP7"
7.89346773542736e-20,0.30188837908652,0.46,0.26,1.51475645842851e-15,"8","BYSL"
7.93047127649765e-20,0.490545314726053,0.251,0.125,1.5218574379599e-15,"8","DIAPH2"
8.74265495342057e-20,0.473675193658844,0.308,0.163,1.67771548556141e-15,"8","GLB1"
9.76453363458539e-20,0.3329489350709,0.431,0.24,1.87381400447694e-15,"8","NLN"
9.80115759466788e-20,0.362724432635205,0.461,0.267,1.88084214241677e-15,"8","FTSJ3"
1.02361846193933e-19,0.327091837573869,0.506,0.292,1.96432382846158e-15,"8","CCNL2"
1.08902283869469e-19,0.282975869598385,0.969,0.851,2.08983482745511e-15,"8","RILPL2"
1.14854429485163e-19,0.397826712443599,0.427,0.244,2.20405650182029e-15,"8","NFRKB"
1.15049028854708e-19,0.362197125327729,0.458,0.263,2.20779086372185e-15,"8","RFTN1"
1.18579539765223e-19,0.358399527361332,0.542,0.323,2.27554136809463e-15,"8","RNFT1"
1.21589536045454e-19,0.383244813994013,0.613,0.378,2.33330319671227e-15,"8","MPZL1"
1.23028722245923e-19,0.41139660735724,0.292,0.149,2.36092117989926e-15,"8","CCNJ"
1.23103400075089e-19,0.354183501934124,0.344,0.184,2.36235424744097e-15,"8","MFN2"
1.3174206029818e-19,0.329335254730347,0.575,0.347,2.52813013712208e-15,"8","ABI1"
1.31858578660021e-19,0.318564331394765,0.531,0.309,2.53036612448581e-15,"8","ELAC1"
1.3605616964293e-19,0.308793385376538,0.938,0.796,2.61091789544784e-15,"8","C8orf33"
1.36460179086345e-19,0.350634499490246,0.6,0.363,2.61867083666697e-15,"8","ATIC"
1.36618785902356e-19,0.406621507988569,0.321,0.17,2.62171450146622e-15,"8","PCBD2"
1.36635839910332e-19,0.329783429905833,0.742,0.494,2.62204176787927e-15,"8","TGS1"
1.40030062062192e-19,0.337046648333649,0.712,0.466,2.68717689097346e-15,"8","UBE2D1"
1.41154156065931e-19,0.280082392772119,0.647,0.404,2.70874825490521e-15,"8","RFC3"
1.56392111943574e-19,0.322964390803806,0.585,0.353,3.00116462819718e-15,"8","SUPT5H"
1.60114992757991e-19,0.278591529479041,0.95,0.809,3.07260671102585e-15,"8","HLA-E"
1.67334944039867e-19,0.344704913278518,0.623,0.392,3.21115757612505e-15,"8","RPP30"
1.68361284335626e-19,0.334898261410434,0.771,0.531,3.23085304640066e-15,"8","FNTA"
1.68806915313461e-19,0.379258657304627,0.704,0.474,3.23940470486532e-15,"8","NRDC"
1.70991059844887e-19,0.410315480023993,0.402,0.226,3.28131843842339e-15,"8","SLC35F5"
1.91674840286425e-19,0.464676713195589,0.323,0.173,3.6782401850965e-15,"8","TATDN3"
1.96369200811147e-19,0.344095832830932,0.473,0.274,3.7683249635659e-15,"8","TMEM43"
2.06054524551717e-19,0.384687025240324,0.513,0.306,3.95418632614744e-15,"8","MTIF2"
2.29678288279346e-19,0.370009879137002,0.657,0.414,4.40752635208065e-15,"8","ARRB1"
2.31266417750133e-19,0.352870299382289,0.351,0.188,4.43800255662505e-15,"8","PEX7"
2.38915165359445e-19,0.263493678248377,0.976,0.872,4.58478202324774e-15,"8","YY1"
2.46318411894202e-19,0.305863299973031,0.88,0.652,4.72685032424973e-15,"8","XRN2"
2.47649275210768e-19,0.329527377634813,0.792,0.55,4.75238959129463e-15,"8","CTSA"
2.50574368974294e-19,0.336871141540131,0.675,0.423,4.8085221406167e-15,"8","TMEM69"
2.64064605183131e-19,0.361820723792082,0.501,0.302,5.06739977346429e-15,"8","HK2"
2.71894300942932e-19,0.324932375510349,0.357,0.192,5.21765163509487e-15,"8","GTF3C3"
3.1209910954056e-19,0.38537291752874,0.454,0.262,5.98918191208335e-15,"8","HDAC8"
3.14386100000126e-19,0.342087969832856,0.573,0.349,6.03306925900241e-15,"8","ZNF771"
3.6960604184467e-19,0.359460441532127,0.378,0.21,7.09273994299922e-15,"8","PODXL2"
3.7231662337132e-19,0.298676653423749,0.942,0.794,7.14475600249563e-15,"8","PSMA5"
3.90616819180759e-19,0.304007576766447,0.757,0.505,7.49593676007876e-15,"8","MED21"
3.96480650794516e-19,0.498955490822496,0.267,0.137,7.60846368874676e-15,"8","PYCRL"
4.91300072893252e-19,0.376180422233077,0.348,0.189,9.4280483988215e-15,"8","MDFIC"
4.98176323835389e-19,0.333645151453339,0.798,0.566,9.56000365440112e-15,"8","UBE2L6"
4.98849338879481e-19,0.309475206258721,0.518,0.303,9.57291881309724e-15,"8","CINP"
5.07231210156078e-19,0.443729604875415,0.763,0.561,9.73376692289514e-15,"8","HLA-DQB1"
5.1511653235105e-19,0.307905622181835,0.359,0.193,9.88508625581666e-15,"8","SOAT1"
5.18658397069361e-19,0.383023225670924,0.285,0.146,9.95305463976103e-15,"8","SUMF1"
5.74962495963925e-19,0.266360587079631,0.59,0.348,1.10335302975477e-14,"8","MED6"
5.86249138072675e-19,0.296372546761951,0.893,0.687,1.12501209596146e-14,"8","ZFAND6"
5.92220599756115e-19,0.302764320629907,0.923,0.739,1.13647133093198e-14,"8","RNF187"
6.07245209193273e-19,0.283485747559974,0.868,0.631,1.16530355644189e-14,"8","SLC50A1"
6.15506655261284e-19,0.429788874074215,0.299,0.158,1.1811572714464e-14,"8","ALG6"
6.44247807692272e-19,0.371294026857816,0.306,0.16,1.23631154296147e-14,"8","HMCES"
6.8164359229222e-19,0.360629203295021,0.706,0.473,1.30807405360877e-14,"8","CECR5"
7.09351255280149e-19,0.349425637488668,0.458,0.264,1.36124505888261e-14,"8","ATP6V1C1"
7.12476818036798e-19,0.44737889350991,0.263,0.134,1.36724301381262e-14,"8","PROSER2"
7.27619529285418e-19,0.354065751644459,0.474,0.278,1.39630187669872e-14,"8","R3HDM2"
7.40909291853863e-19,0.324025487860451,0.806,0.57,1.42180493106756e-14,"8","PIGF"
7.93627014494679e-19,0.317079793457645,0.343,0.183,1.52297024081529e-14,"8","RRM2B"
8.34191710883179e-19,0.419936419246593,0.288,0.15,1.60081389318482e-14,"8","SLC30A6"
8.45502369118715e-19,0.294150913677243,0.371,0.204,1.62251904633881e-14,"8","BCL10"
8.48352079144876e-19,0.364029703333494,0.359,0.195,1.62798763987902e-14,"8","WBSCR16"
8.71910260356271e-19,0.384423000073431,0.33,0.178,1.67319578962368e-14,"8","MSTO1"
8.87702561689579e-19,0.301696199936541,0.593,0.357,1.7035012158823e-14,"8","COQ2"
8.9663303848054e-19,0.290284814716738,0.454,0.256,1.72063880084416e-14,"8","ATG10"
9.57669329945191e-19,0.371719840442292,0.568,0.351,1.83776744416482e-14,"8","B4GALT3"
9.83700008753516e-19,0.337383821149012,0.527,0.317,1.887720316798e-14,"8","CARM1"
1.01992379668563e-18,0.340067789183821,0.68,0.442,1.95723376583972e-14,"8","ZMAT5"
1.04028119927698e-18,0.319696555890617,0.622,0.39,1.99629962141253e-14,"8","MPHOSPH6"
1.05502964810862e-18,0.474463781046511,0.281,0.147,2.02460189472044e-14,"8","EIF3C"
1.07403413203002e-18,0.253942554593883,0.949,0.767,2.06107149936562e-14,"8","AP2M1"
1.08742219929036e-18,0.368194763969809,0.332,0.178,2.0867632004382e-14,"8","GTPBP8"
1.09609833422187e-18,0.324235273708726,0.582,0.358,2.10341270337177e-14,"8","CCDC91"
1.1160718222491e-18,0.437505237631577,0.28,0.146,2.14174182689602e-14,"8","ABCF2"
1.17781303738581e-18,0.313767983702481,0.554,0.331,2.26022321874338e-14,"8","DNAJB14"
1.20168564500981e-18,0.378528010803738,0.406,0.229,2.30603475277383e-14,"8","CDK11A"
1.2245703635458e-18,0.366214078685569,0.492,0.293,2.34995052764439e-14,"8","CDC42BPA"
1.26918166755784e-18,0.314480964245461,0.341,0.183,2.4355596200435e-14,"8","ZNF195"
1.3250686726025e-18,0.326376486508764,0.811,0.588,2.54280678272419e-14,"8","PREB"
1.33676228830027e-18,0.318053513405487,0.681,0.439,2.56524683124822e-14,"8","ARHGAP11A"
1.34477847249102e-18,0.310461299666141,0.808,0.585,2.58062988871027e-14,"8","LTBR"
1.35702886105501e-18,0.442192272555769,0.257,0.131,2.60413838436456e-14,"8","VPS45"
1.36164739815142e-18,0.347998087730458,0.675,0.439,2.61300135705258e-14,"8","FAM69B"
1.41369165860262e-18,0.265679989871001,0.945,0.765,2.71287429285844e-14,"8","TSN"
1.50662995161495e-18,0.261970603406754,0.954,0.823,2.89122287714909e-14,"8","DYNLRB1"
1.51262173081088e-18,0.336659601161088,0.9,0.75,2.90272110142608e-14,"8","CLEC11A"
1.55511223275362e-18,0.340203567392076,0.676,0.432,2.9842603746542e-14,"8","CD151"
1.59152868377834e-18,0.426870077602406,0.503,0.314,3.05414354417063e-14,"8","TMEM57"
1.6418500486281e-18,0.311820661428555,0.497,0.294,3.15071024331732e-14,"8","MAPK3"
1.77133463523833e-18,0.377132917129086,0.389,0.221,3.39919116502235e-14,"8","SERINC1"
1.80438111610943e-18,0.309041677285468,0.928,0.783,3.46260736181399e-14,"8","ZNF22"
1.90690285947213e-18,0.395441518939691,0.312,0.166,3.65934658732702e-14,"8","ZNF598"
1.91417557379209e-18,0.365821028931712,0.527,0.317,3.67330292610701e-14,"8","CDIP1"
1.92329938314894e-18,0.308463785314016,0.819,0.599,3.69081151626282e-14,"8","POLR2D"
2.00805548375606e-18,0.376356522985809,0.402,0.228,3.85345847332788e-14,"8","TAP2"
2.07674477631373e-18,0.338229102667472,0.641,0.406,3.98527322574605e-14,"8","BAK1"
2.09057285103201e-18,0.341307557898704,0.513,0.308,4.01180930113043e-14,"8","SRRT"
2.20986867503432e-18,0.341379863886996,0.362,0.2,4.24073798739086e-14,"8","MYBBP1A"
2.35501196305905e-18,0.32760749487437,0.429,0.246,4.51926795711032e-14,"8","NUP214"
2.41704587720385e-18,0.296615611708621,0.806,0.571,4.63831103835419e-14,"8","SDHAF2"
2.43080092565413e-18,0.33446954549233,0.837,0.613,4.66470697633028e-14,"8","DCTD"
2.54694907709602e-18,0.365824294660836,0.54,0.332,4.88759527894727e-14,"8","SLC38A10"
2.54984997136382e-18,0.343233747270153,0.479,0.283,4.89316209504716e-14,"8","ZC3H4"
2.58291740284036e-18,0.320137300786017,0.479,0.28,4.95661849605065e-14,"8","ZNF626"
2.65882297249873e-18,0.33254630196739,0.73,0.496,5.10228128422506e-14,"8","LARP1"
2.84248911222305e-18,0.345546365672636,0.346,0.188,5.45473660635604e-14,"8","GLE1"
3.2260607258651e-18,0.310221804923683,0.671,0.426,6.19081053293513e-14,"8","USP15"
3.33391545157156e-18,0.294205035310209,0.6,0.376,6.39778375156583e-14,"8","TRAPPC6A"
3.54822855007873e-18,0.350174535621591,0.649,0.412,6.80905058760108e-14,"8","NCBP3"
3.60229482195099e-18,0.35970366592272,0.299,0.158,6.91280376332395e-14,"8","ARFGAP1"
3.65284118977223e-18,0.45961121634621,0.329,0.183,7.00980224317291e-14,"8","IGFBP7"
3.70951129906352e-18,0.326201170508559,0.76,0.522,7.1185521829029e-14,"8","NCLN"
3.7729858084006e-18,0.284140567366054,0.918,0.752,7.24035976632074e-14,"8","IMP4"
3.85699988698752e-18,0.411254768934012,0.279,0.145,7.40158278312905e-14,"8","TFE3"
3.92187043140658e-18,0.450073297495536,0.314,0.171,7.52606935786922e-14,"8","DARS2"
3.94319794936909e-18,0.342061352518933,0.753,0.524,7.56699686483928e-14,"8","YWHAG"
3.9540122484785e-18,0.375312760489276,0.409,0.235,7.58774950483024e-14,"8","KATNA1"
4.0120367420958e-18,0.316485241382697,0.517,0.309,7.69909850808184e-14,"8","IVD"
4.02628632869444e-18,0.464454719970451,0.428,0.255,7.72644346476462e-14,"8","NUDT19"
4.02911266376532e-18,0.338621391310663,0.78,0.539,7.73186720176565e-14,"8","CKAP2"
4.15283986303606e-18,0.302630799570943,0.661,0.414,7.9692996971662e-14,"8","CFAP36"
4.20932323215319e-18,0.294923545879275,0.392,0.219,8.07769128250198e-14,"8","ST6GALNAC4"
4.2626131405542e-18,0.303965622275455,0.461,0.268,8.17995461672352e-14,"8","CASP3"
4.30950236014323e-18,0.306303527550611,0.468,0.27,8.26993502911487e-14,"8","PRPSAP2"
4.58399975641998e-18,0.28192483150616,0.625,0.387,8.79669553256994e-14,"8","ARID1B"
4.67964031713023e-18,0.316351335123757,0.729,0.496,8.98022976857291e-14,"8","VPS25"
4.71168482012794e-18,0.358499288764325,0.434,0.255,9.04172316982552e-14,"8","PRAM1"
4.86353657250527e-18,0.330950294580545,0.536,0.322,9.33312668263762e-14,"8","SH3BP2"
4.97101564720198e-18,0.3573610001436,0.707,0.483,9.5393790269806e-14,"8","SEC61A1"
4.98220503490964e-18,0.336182760984116,0.886,0.693,9.5608514619916e-14,"8","CD47"
5.0924386200444e-18,0.321210522437878,0.551,0.338,9.7723897118652e-14,"8","RSBN1"
5.13695854943495e-18,0.302964426396664,0.522,0.31,9.85782345636566e-14,"8","PDSS1"
5.21306870545606e-18,0.278403765773007,0.465,0.269,1.00038788457702e-13,"8","PSME4"
5.29135957527447e-18,0.361108759536207,0.342,0.187,1.01541190249517e-13,"8","MAN1B1"
5.34125010231388e-18,0.285674978496554,0.401,0.225,1.02498589463403e-13,"8","ILVBL"
5.62009230345838e-18,0.337863960472988,0.703,0.466,1.07849571303366e-13,"8","TNPO1"
5.9673774926234e-18,0.298515808681455,0.342,0.184,1.14513974083443e-13,"8","VTI1A"
6.14822235425385e-18,0.368161503129723,0.486,0.29,1.17984386978131e-13,"8","NT5C2"
6.18046286195684e-18,0.303575188400037,0.638,0.394,1.18603082320952e-13,"8","PPP2R4"
6.4257853578531e-18,0.353456084712903,0.59,0.388,1.23310821017201e-13,"8","FCER1G"
6.5899278333193e-18,0.334229646243157,0.549,0.337,1.26460715121397e-13,"8","ARCN1"
6.93408329341217e-18,0.387000750872898,0.379,0.214,1.3306505840058e-13,"8","CNOT3"
7.01506713477264e-18,0.327196582759312,0.398,0.226,1.34619138316287e-13,"8","KMT5B"
7.84934845325995e-18,0.329917669867389,0.413,0.236,1.50628996818058e-13,"8","CHD6"
7.90551959484046e-18,0.313362739234413,0.535,0.321,1.51706921024988e-13,"8","UBFD1"
7.98174826406363e-18,0.314159083679784,0.37,0.206,1.53169749187381e-13,"8","UBQLN4"
8.23717027934747e-18,0.316424546378909,0.35,0.193,1.58071297660678e-13,"8","TST"
8.24733283159131e-18,0.375535366918069,0.272,0.141,1.58266317038237e-13,"8","TJAP1"
8.43245454116842e-18,0.35547669690915,0.266,0.137,1.61818802645022e-13,"8","CHST10"
8.43636131529345e-18,0.283215721078476,0.614,0.383,1.61893773640481e-13,"8","PNPLA4"
8.44399760897386e-18,0.316752942098659,0.459,0.27,1.62040314116208e-13,"8","CBFA2T3"
8.73229777219911e-18,0.302186416502577,0.407,0.231,1.67572794248501e-13,"8","SGK3"
9.01110463195409e-18,0.263806901784142,0.928,0.754,1.72923097887199e-13,"8","MFSD10"
9.03034765236841e-18,0.352322042198209,0.296,0.156,1.7329237144895e-13,"8","GSTA4"
9.0791199221301e-18,0.36134877045893,0.461,0.276,1.74228311305677e-13,"8","THAP5"
9.5235809200069e-18,0.339844522320097,0.679,0.436,1.82757517854932e-13,"8","CWC25"
9.70638143183138e-18,0.316365147710531,0.707,0.46,1.86265459676844e-13,"8","CNOT2"
9.76589729592557e-18,0.277173540240361,0.38,0.211,1.87407569108812e-13,"8","AKAP1"
9.86813991832609e-18,0.266805980969345,0.821,0.604,1.89369605032678e-13,"8","TESC"
1.01512267820929e-17,0.334968594321355,0.811,0.578,1.94802041948363e-13,"8","MSRB3"
1.02368884768056e-17,0.306404196631762,0.452,0.265,1.964458898699e-13,"8","XPC"
1.02535762750744e-17,0.312584458621086,0.776,0.541,1.96766128718678e-13,"8","RSF1"
1.04785032418099e-17,0.252243326324741,0.481,0.28,2.01082477210332e-13,"8","CIR1"
1.10080679081043e-17,0.33639561428613,0.37,0.206,2.11244823156521e-13,"8","KCTD3"
1.1239303275244e-17,0.456331214800489,0.254,0.131,2.15682229851932e-13,"8","RSPRY1"
1.15881375550007e-17,0.29160308640972,0.681,0.442,2.22376359680463e-13,"8","TMEM18"
1.22461839839046e-17,0.345189374003016,0.383,0.219,2.3500427065113e-13,"8","CTSW"
1.34122971288704e-17,0.308953506295659,0.762,0.522,2.57381981903022e-13,"8","RRS1"
1.37696743879105e-17,0.3895733018967,0.276,0.145,2.64240051504002e-13,"8","WDR92"
1.38184839432149e-17,0.285988222370118,0.51,0.305,2.65176706870294e-13,"8","CLIC4"
1.3905938545479e-17,0.266572122316339,0.879,0.66,2.66854960687743e-13,"8","TSTA3"
1.41737057865588e-17,0.269967717532887,0.937,0.75,2.71993414044063e-13,"8","MGST3"
1.42537356489344e-17,0.405682144597892,0.254,0.131,2.73529187103051e-13,"8","NKRF"
1.50645535019117e-17,0.33194389438398,0.751,0.519,2.89088781701686e-13,"8","ZNF770"
1.55976195670899e-17,0.453308327094253,0.78,0.596,2.99318319492454e-13,"8","CKB"
1.56141727933931e-17,0.31930500444355,0.479,0.284,2.99635975905213e-13,"8","HNRNPA1L2"
1.58375256000887e-17,0.297577668585431,0.603,0.377,3.03922116265701e-13,"8","ACLY"
1.6118986724955e-17,0.355227090540298,0.648,0.422,3.09323355251886e-13,"8","PDXDC1"
1.636034760762e-17,0.441036551994344,0.283,0.151,3.13955070590228e-13,"8","LRP5"
1.68529362901394e-17,0.340263862850011,0.594,0.371,3.23407847407775e-13,"8","CSE1L"
1.69647361657335e-17,0.322778865295889,0.362,0.202,3.25553287020427e-13,"8","PLK4"
1.70279265828448e-17,0.332418184687171,0.361,0.2,3.26765911124791e-13,"8","MED24"
1.71652825434648e-17,0.415390722878208,0.272,0.144,3.2940177200909e-13,"8","CPXM1"
1.85547405228088e-17,0.264465061700213,0.919,0.77,3.560654706327e-13,"8","MED28"
2.00738997837126e-17,0.296445088629152,0.528,0.32,3.85218136849445e-13,"8","DYNLL2"
2.01998356132582e-17,0.304464431482734,0.558,0.343,3.87634845418426e-13,"8","FIP1L1"
2.02504854746006e-17,0.36167435927898,0.261,0.134,3.88606816257586e-13,"8","ZNF346"
2.02528688024522e-17,0.313217943434836,0.733,0.501,3.88652552319057e-13,"8","APIP"
2.03672867311781e-17,0.308420506837355,0.853,0.633,3.90848232371309e-13,"8","SMIM3"
2.12640855685399e-17,0.33221179460946,0.31,0.166,4.0805780206028e-13,"8","UBLCP1"
2.21985923136104e-17,0.274813259063486,0.936,0.774,4.25990986498184e-13,"8","OLA1"
2.31472393201875e-17,0.284057966920576,0.659,0.423,4.44195522554399e-13,"8","RRP15"
2.48127054570582e-17,0.298240191856121,0.464,0.269,4.76155817720947e-13,"8","PEX10"
2.51818549352213e-17,0.283476903718406,0.319,0.171,4.83239796206897e-13,"8","CENPT"
2.59336569935257e-17,0.344517164756761,0.578,0.363,4.97666877705758e-13,"8","HN1L"
2.72875173344884e-17,0.340251446235733,0.679,0.441,5.23647457648832e-13,"8","CCZ1"
2.74009212363597e-17,0.346952002812612,0.302,0.162,5.25823678525743e-13,"8","ZSCAN5A"
2.74712792671904e-17,0.273392880142842,0.497,0.292,5.27173849137383e-13,"8","ZNF121"
2.81109550206064e-17,0.316219843886094,0.647,0.409,5.39449226845438e-13,"8","TPMT"
2.83059256234494e-17,0.308623333525891,0.616,0.392,5.43190712713995e-13,"8","PUS7L"
2.89102208589519e-17,0.293641292505963,0.485,0.289,5.54787138283286e-13,"8","WDR36"
2.91245463959409e-17,0.26113015261735,0.951,0.782,5.58900045338106e-13,"8","DENR"
3.06658462227116e-17,0.293334083999233,0.535,0.324,5.88477589013836e-13,"8","NAGK"
3.1397217197059e-17,0.341237162722674,0.422,0.246,6.02512598011563e-13,"8","B3GNT5"
3.31565958154263e-17,0.299733449248335,0.512,0.308,6.3627507369803e-13,"8","PROSER1"
3.53544096661642e-17,0.272785046700779,0.347,0.191,6.78451121493691e-13,"8","AVEN"
3.56930380378637e-17,0.273282868046881,0.661,0.424,6.84949399946605e-13,"8","CD59"
3.58167656936372e-17,0.327320654542991,0.729,0.491,6.87323733660897e-13,"8","IDH3G"
3.67979362203044e-17,0.387397496445275,0.332,0.185,7.06152396067642e-13,"8","KIAA0586"
3.85102870387863e-17,0.290702063418873,0.671,0.426,7.39012408274309e-13,"8","PIGT"
3.94939716743605e-17,0.32641456627321,0.275,0.145,7.57889316430978e-13,"8","PTER"
4.10512073828378e-17,0.304958084343695,0.5,0.31,7.87772669676657e-13,"8","RGS18"
4.1963484372729e-17,0.276544041319289,0.523,0.313,8.05279265112669e-13,"8","TAF2"
4.36072669742484e-17,0.281396166752594,0.564,0.351,8.36823453235826e-13,"8","ACOT13"
4.36246140775729e-17,0.404356637968993,0.29,0.157,8.37156344148625e-13,"8","GRB10"
4.41461754933823e-17,0.341274738292644,0.752,0.522,8.47165107718006e-13,"8","TP53RK"
4.43049271225829e-17,0.311228225806834,0.504,0.306,8.50211551482366e-13,"8","FCHO1"
4.56818479892303e-17,0.2862966319062,0.816,0.569,8.7663466291333e-13,"8","PSMD13"
4.66784575245351e-17,0.326057716356073,0.769,0.534,8.95759599895828e-13,"8","ME2"
5.05388113371163e-17,0.32895422386541,0.35,0.194,9.69839789559262e-13,"8","CCDC84"
5.11069412805221e-17,0.320828137994041,0.622,0.399,9.80742203173219e-13,"8","MED13L"
5.15524612399255e-17,0.279803343515205,0.644,0.408,9.8929173119417e-13,"8","MARCH5"
5.20485059556165e-17,0.321114672017038,0.724,0.486,9.9881082928828e-13,"8","ZFAND1"
5.37669065661083e-17,0.310906532580863,0.414,0.239,1.03178693700362e-12,"8","LIMA1"
5.41210527733965e-17,0.27807966449538,0.738,0.487,1.03858300272148e-12,"8","ARMC1"
5.52021135215156e-17,0.312683153096666,0.519,0.32,1.05932855847788e-12,"8","FBXW11"
5.56923295343781e-17,0.367387792990457,0.441,0.262,1.06873580376472e-12,"8","ELOVL6"
5.60843978719414e-17,0.296961720334978,0.441,0.257,1.07625959516256e-12,"8","NAT10"
5.65921482205188e-17,0.371635409048347,0.377,0.216,1.08600332435176e-12,"8","MTFR1"
5.65934481033666e-17,0.372104021177114,0.297,0.162,1.0860282691036e-12,"8","VWA1"
5.87057177395942e-17,0.289905347960536,0.44,0.258,1.12656272342281e-12,"8","ZNF267"
5.94016735787172e-17,0.26769689883469,0.942,0.797,1.13991811597558e-12,"8","CHURC1"
5.96391863087156e-17,0.28271839329799,0.848,0.641,1.14447598526425e-12,"8","DNAJC7"
5.99547163134975e-17,0.307858254782919,0.743,0.519,1.15053100605602e-12,"8","NDUFA10"
6.0109831211945e-17,0.30570601061788,0.391,0.221,1.15350766095722e-12,"8","TSPAN17"
6.05718181813517e-17,0.340128121774459,0.555,0.347,1.16237319090014e-12,"8","LZIC"
6.53324923652172e-17,0.338244627744927,0.323,0.178,1.25373052848852e-12,"8","ARFIP1"
6.71449869896851e-17,0.320507956693515,0.674,0.437,1.28851230033206e-12,"8","PPP2R5E"
6.76967124370589e-17,0.398421135067062,0.344,0.193,1.29909991166716e-12,"8","TRIQK"
7.35012059994569e-17,0.300788987099198,0.301,0.162,1.41048814312958e-12,"8","RPP40"
7.40224873086024e-17,0.301333937894179,0.419,0.243,1.42049153145208e-12,"8","YY1AP1"
7.8713427160852e-17,0.310575901521016,0.407,0.237,1.51051066721675e-12,"8","ANTXR2"
8.21644264979371e-17,0.319944936253491,0.342,0.19,1.57673534449541e-12,"8","FBXO28"
8.31152987121712e-17,0.357896734795657,0.252,0.131,1.59498258228657e-12,"8","ERCC3"
8.60287586113319e-17,0.307286565690043,0.418,0.242,1.65089187775146e-12,"8","AC009948.5"
8.66368027433502e-17,0.304712035964954,0.591,0.379,1.66256024464489e-12,"8","SDSL"
8.9246537500517e-17,0.275101481432749,0.42,0.245,1.71264105463492e-12,"8","RNF13"
8.94434826397862e-17,0.299609795487953,0.366,0.206,1.7164204318575e-12,"8","CTBS"
8.94669433260414e-17,0.41579246445653,0.391,0.23,1.71687064242673e-12,"8","PKNOX1"
9.38618122035553e-17,0.302908198939627,0.278,0.147,1.80120817618623e-12,"8","ARHGEF19"
9.39484786002831e-17,0.293933320475867,0.355,0.2,1.80287130433943e-12,"8","FAIM"
9.56520991130095e-17,0.302080320548222,0.756,0.535,1.83556378197865e-12,"8","BFAR"
9.61978114909049e-17,0.271437632325356,0.389,0.222,1.84603600251047e-12,"8","ZMYND11"
9.73415365621982e-17,0.332354384345673,0.495,0.301,1.86798408662858e-12,"8","STK11"
9.86683869158184e-17,0.284919378817045,0.36,0.202,1.89344634491456e-12,"8","NEIL2"
1.03564289843722e-16,0.28369048753459,0.893,0.71,1.98739872210103e-12,"8","SNRNP70"
1.06004780032766e-16,0.312709481928074,0.88,0.702,2.03423172882877e-12,"8","IQGAP2"
1.11545203042132e-16,0.32198323550737,0.742,0.513,2.14055244637852e-12,"8","ACIN1"
1.15718028766224e-16,0.313182844051695,0.487,0.295,2.22062897202384e-12,"8","TCHP"
1.16507639449925e-16,0.264960401269458,0.907,0.766,2.23578160104407e-12,"8","IDI1"
1.17680154204916e-16,0.259332008150096,0.344,0.189,2.25828215919234e-12,"8","C5orf15"
1.18618409892171e-16,0.329851094239231,0.612,0.396,2.27628728583077e-12,"8","FBRSL1"
1.30542146708566e-16,0.360566668652866,0.356,0.2,2.50510379533737e-12,"8","SH3GLB2"
1.35225498408507e-16,0.294872070651243,0.42,0.244,2.59497731445925e-12,"8","SNTB1"
1.38113474332049e-16,0.279387745619135,0.771,0.517,2.65039757243203e-12,"8","PRPF6"
1.39355711566656e-16,0.263807375004982,0.625,0.39,2.67423610496413e-12,"8","DPH2"
1.43266422403842e-16,0.306978042492192,0.495,0.299,2.74928264592973e-12,"8","FAR2"
1.43906135278734e-16,0.348053135811064,0.406,0.239,2.76155873599891e-12,"8","OTUD6B"
1.49665036823985e-16,0.280413204527788,0.79,0.557,2.87207205665227e-12,"8","MRPL1"
1.52290961637078e-16,0.288355716827114,0.884,0.691,2.92246355381554e-12,"8","RAB11A"
1.53503685844544e-16,0.295491024842649,0.31,0.169,2.9457357313568e-12,"8","EPSTI1"
1.55499589678791e-16,0.315056279994373,0.499,0.302,2.984037125936e-12,"8","ITGA6"
1.5677287907384e-16,0.308914756940414,0.816,0.603,3.00847154942699e-12,"8","MRPS2"
1.64380146710562e-16,0.318997510667995,0.441,0.258,3.15445501537568e-12,"8","TAF8"
1.6463752204276e-16,0.332384000544464,0.35,0.197,3.15939404800057e-12,"8","PDIK1L"
1.65699334985156e-16,0.258032583888755,0.865,0.667,3.17977023836515e-12,"8","RAD51C"
1.72483194792935e-16,0.303086143778731,0.416,0.243,3.30995250807642e-12,"8","FLII"
1.72488174266947e-16,0.260578772683685,0.481,0.287,3.31004806418272e-12,"8","GYG1"
1.76791886617459e-16,0.307249034156059,0.377,0.213,3.39263630418904e-12,"8","THAP3"
1.86558734873118e-16,0.293836226606144,0.402,0.232,3.58006212221514e-12,"8","ZNF622"
1.90307590827895e-16,0.308761820192967,0.527,0.323,3.65200266798731e-12,"8","TRAF3"
1.92496705284429e-16,0.395707253967029,0.254,0.135,3.69401177440819e-12,"8","SLC25A30"
1.9665594504275e-16,0.324851493761078,0.265,0.139,3.77382758537038e-12,"8","SNX4"
1.99705531163452e-16,0.413294655343906,0.369,0.215,3.83234914302664e-12,"8","UNC93B1"
2.03353543765398e-16,0.312815768076924,0.316,0.175,3.90235450485799e-12,"8","FAM198B"
2.08030111464816e-16,0.267623795337304,0.582,0.359,3.99209783900981e-12,"8","CNOT8"
2.08956037609903e-16,0.349164570318979,0.303,0.166,4.00986636173405e-12,"8","PIK3CD"
2.31159876381012e-16,0.324771939689747,0.29,0.158,4.43595802775163e-12,"8","P3H4"
2.31172055564351e-16,0.285081846146857,0.464,0.277,4.4361917462799e-12,"8","IMPDH1"
2.3201400072994e-16,0.306241391408954,0.414,0.244,4.45234867400754e-12,"8","MSRA"
2.35690681834967e-16,0.273114083067842,0.677,0.437,4.52290418441302e-12,"8","PNPLA2"
2.36717702311711e-16,0.266168782582727,0.879,0.666,4.54261270736174e-12,"8","PRPF4B"
2.42250858275924e-16,0.279670187424197,0.431,0.253,4.64879397031499e-12,"8","UBXN8"
2.49712623696766e-16,0.394159542779785,0.278,0.15,4.79198524874093e-12,"8","TAF1B"
2.69556827137726e-16,0.258700570208906,0.468,0.281,5.17279551277296e-12,"8","VCL"
2.77752900460158e-16,0.252189764169222,0.888,0.697,5.33007815983043e-12,"8","METTL5"
2.8675108011856e-16,0.257274156081751,0.54,0.332,5.50275322747517e-12,"8","ZNF609"
3.05648464078719e-16,0.317141978133659,0.427,0.247,5.86539402567061e-12,"8","ORC4"
3.08713457449437e-16,0.296226338606696,0.716,0.483,5.9242112484547e-12,"8","LPCAT2"
3.15252310057602e-16,0.299854144679776,0.725,0.473,6.04969183000537e-12,"8","CSNK1D"
3.22225918758651e-16,0.306139742323956,0.325,0.18,6.18351538097851e-12,"8","DCAF15"
3.28610788505637e-16,0.361830359291194,0.36,0.208,6.30604103142317e-12,"8","NCAPG"
3.34152528282372e-16,0.304603655593558,0.402,0.235,6.41238701773872e-12,"8","MED16"
3.37588440369591e-16,0.336528707316248,0.469,0.287,6.47832217069246e-12,"8","TFG"
3.46175800672191e-16,0.287958251938619,0.513,0.315,6.64311361489935e-12,"8","RSAD1"
3.50950539088029e-16,0.289257541517701,0.522,0.316,6.73474084509928e-12,"8","CANT1"
3.51422595801092e-16,0.353575913594784,0.333,0.188,6.74379961342295e-12,"8","ZNF148"
3.57282571797622e-16,0.280977595660644,0.74,0.504,6.85625255279637e-12,"8","CCDC25"
3.57348359888506e-16,0.32565912007408,0.486,0.294,6.85751502626044e-12,"8","SLC9A3R2"
3.79529178078147e-16,0.292278032645659,0.846,0.629,7.28316492731964e-12,"8","KIF22"
3.81444259812744e-16,0.294853719175238,0.931,0.779,7.31991534580655e-12,"8","CCND3"
3.93465846524261e-16,0.282885585464604,0.679,0.436,7.55060959480058e-12,"8","MRPL10"
3.97553001489034e-16,0.315809101820161,0.303,0.167,7.62904209857457e-12,"8","SYVN1"
4.28590643230631e-16,0.276416436485178,0.563,0.347,8.22465444359582e-12,"8","APTX"
4.31325816273761e-16,0.28445980552037,0.497,0.297,8.27714241429347e-12,"8","ATG12"
4.3553992256187e-16,0.303241927216913,0.307,0.169,8.35801111396228e-12,"8","PCYT1A"
4.416672445981e-16,0.293936763453249,0.566,0.353,8.47559442383755e-12,"8","COPB1"
4.50105468846801e-16,0.291018032702637,0.274,0.146,8.63752394717011e-12,"8","UMPS"
4.54149776676225e-16,0.334351424391282,0.308,0.17,8.71513421441675e-12,"8","EDC3"
4.56188538428491e-16,0.275788719197222,0.837,0.608,8.75425805244274e-12,"8","MIS18A"
4.60109807914397e-16,0.262505192804722,0.546,0.333,8.82950721387727e-12,"8","UBE2Z"
4.70663827654947e-16,0.328919361232078,0.407,0.241,9.03203885269844e-12,"8","TBC1D9B"
4.7150563477584e-16,0.277154458301254,0.332,0.185,9.04819313134838e-12,"8","DDX56"
4.83040817755438e-16,0.304057499178955,0.469,0.282,9.26955329272686e-12,"8","PRPF18"
5.06338486307278e-16,0.26635117808682,0.308,0.169,9.71663555223667e-12,"8","ING3"
5.06739055632288e-16,0.260386291435936,0.913,0.745,9.72432247758361e-12,"8","FNBP1"
5.10879957933155e-16,0.255031498583438,0.262,0.137,9.80378639273725e-12,"8","ABHD10"
5.15248639508362e-16,0.276663303139727,0.713,0.48,9.88762139216546e-12,"8","NFU1"
5.16709647851237e-16,0.280827168762377,0.781,0.541,9.91565814226523e-12,"8","CCDC88A"
5.30933804820268e-16,0.250502322739217,0.604,0.37,1.0188619714501e-11,"8","RNF4"
5.9457132234478e-16,0.290068468756574,0.64,0.417,1.14098236757963e-11,"8","TRA2A"
6.05016015746936e-16,0.274097360085996,0.524,0.323,1.16102573421837e-11,"8","LASP1"
6.07343833908386e-16,0.263604983486055,0.404,0.233,1.16549281727019e-11,"8","POLR1E"
6.13889958086986e-16,0.289933963086316,0.517,0.321,1.17805482956893e-11,"8","SLC7A5"
6.41870876871203e-16,0.254678148576159,0.518,0.311,1.23175021271584e-11,"8","SLC25A46"
6.43162804053383e-16,0.298587827421152,0.742,0.508,1.23422942097844e-11,"8","PISD"
6.45698533936505e-16,0.330598950896348,0.684,0.456,1.23909548662415e-11,"8","ADAM10"
6.49551982679052e-16,0.266223138562714,0.316,0.182,1.2464902547611e-11,"8","HGF"
6.65170659569459e-16,0.290046242921461,0.387,0.223,1.27646249571379e-11,"8","DPCD"
6.69874708354443e-16,0.270272388371731,0.36,0.205,1.28548956533218e-11,"8","LIPA"
6.81070592573031e-16,0.274262207735555,0.671,0.441,1.30697446714765e-11,"8","HSPBP1"
6.83994891725852e-16,0.36216930864175,0.307,0.171,1.31258619722191e-11,"8","POLR3C"
6.85608490458679e-16,0.302708170973474,0.725,0.498,1.31568269319020e-11,"8","EIF4A2"
6.87314207910222e-16,0.341948933346969,0.774,0.549,1.31895596497972e-11,"8","ATXN10"
7.07336933610028e-16,0.281160132415518,0.465,0.278,1.35737957559764e-11,"8","RBM12"
7.4180695099722e-16,0.30267456741473,0.482,0.295,1.42352753896366e-11,"8","C11orf24"
7.94259731423088e-16,0.293276368524174,0.754,0.526,1.52418442460091e-11,"8","CD68"
7.95782650080649e-16,0.267254204791183,0.659,0.429,1.52710690550477e-11,"8","TSNAX"
8.25076231253563e-16,0.282100688986021,0.546,0.335,1.58332128777559e-11,"8","GBAS"
8.31373791619454e-16,0.257164632331273,0.373,0.213,1.59540630611773e-11,"8","FN3KRP"
8.77020024792608e-16,0.266007862327443,0.889,0.685,1.68300142757701e-11,"8","YTHDC1"
8.9257117845233e-16,0.287378657415515,0.353,0.202,1.71284409145002e-11,"8","C2CD5"
8.92706176552425e-16,0.280221554421843,0.631,0.407,1.7131031528041e-11,"8","EDEM2"
9.12362175072421e-16,0.460204607393243,0.631,0.439,1.75082301396398e-11,"8","HLA-DQA2"
9.12938431541731e-16,0.271777045023273,0.781,0.541,1.75192885012858e-11,"8","SSBP3"
9.14962823694191e-16,0.300934109480192,0.684,0.448,1.75581365866915e-11,"8","RNPEP"
9.22977873248553e-16,0.365110626424101,0.294,0.163,1.77119453876397e-11,"8","NAALADL1"
9.25760721765229e-16,0.335100903676024,0.296,0.162,1.77653482506748e-11,"8","NUP133"
9.47369421604278e-16,0.27892152159202,0.418,0.246,1.81800192005861e-11,"8","OCLN"
9.54859648845466e-16,0.279997112685679,0.477,0.284,1.83237566613445e-11,"8","AP3M1"
9.55879648398859e-16,0.268603333278071,0.734,0.493,1.83433304527741e-11,"8","PPIE"
9.84897605795781e-16,0.305630054361723,0.452,0.274,1.8900185055221e-11,"8","CTR9"
1.00052260597002e-15,0.341354757167971,0.359,0.205,1.92000288085647e-11,"8","RFNG"
1.02666782839527e-15,0.270802464280756,0.662,0.424,1.97017556269052e-11,"8","DPH5"
1.12203796250767e-15,0.275442263797593,0.495,0.299,2.15319085005223e-11,"8","WDR70"
1.13667955504109e-15,0.260871130483344,0.748,0.513,2.18128806612385e-11,"8","PTBP3"
1.14283491137254e-15,0.295356270374046,0.82,0.588,2.1931001949239e-11,"8","OARD1"
1.17837584253969e-15,0.287104332253751,0.839,0.628,2.26130324183366e-11,"8","SMARCE1"
1.29781501101946e-15,0.430464831867273,0.339,0.199,2.49050700614635e-11,"8","CCSAP"
1.31382154216894e-15,0.258864634574479,0.292,0.158,2.52122353942219e-11,"8","HAUS8"
1.32023212293677e-15,0.281913453480545,0.557,0.346,2.53352544391566e-11,"8","RCOR1"
1.32181135347592e-15,0.287853053095463,0.551,0.345,2.53655598732029e-11,"8","WBP2"
1.34142496905314e-15,0.284374581863834,0.464,0.28,2.57419451561297e-11,"8","TMEM214"
1.36966232066886e-15,0.363512701237357,0.334,0.193,2.62838199336354e-11,"8","SCD"
1.39482268831035e-15,0.337578870806046,0.325,0.184,2.67666473886757e-11,"8","RRNAD1"
1.68561661820734e-15,0.355390892365633,0.365,0.213,3.23469829033989e-11,"8","GTF2H2C"
1.69739286359356e-15,0.275731041364415,0.55,0.341,3.25729690523605e-11,"8","DDX55"
1.74728359413783e-15,0.278405527130925,0.772,0.563,3.3530372171505e-11,"8","ARID3A"
1.77100706550234e-15,0.291562097755707,0.46,0.276,3.39856255869899e-11,"8","DCP2"
1.80844759401569e-15,0.296930247550228,0.283,0.155,3.47041093291612e-11,"8","DFFB"
1.82917284706706e-15,0.308923341871915,0.698,0.471,3.51018269352168e-11,"8","HADH"
1.83876629227312e-15,0.311728300719638,0.418,0.248,3.52859251487212e-11,"8","KRIT1"
1.90380773783694e-15,0.252763424493942,0.513,0.313,3.65340704890909e-11,"8","PHF7"
1.92026756055211e-15,0.276992438105474,0.272,0.147,3.6849934486995e-11,"8","SLC38A9"
1.93102379925414e-15,0.262079487721988,0.494,0.298,3.7056346707687e-11,"8","ZNHIT6"
1.98952739235435e-15,0.293787556780686,0.319,0.179,3.817903065928e-11,"8","PIEZO1"
1.99303602916137e-15,0.294376616856775,0.825,0.612,3.82463613996067e-11,"8","SPTLC2"
2.10439131595107e-15,0.274218223603851,0.846,0.634,4.03832693531011e-11,"8","ATP1B3"
2.13353967175806e-15,0.330920248934135,0.378,0.223,4.09426263010372e-11,"8","C11orf68"
2.13544543059535e-15,0.32310466094015,0.269,0.146,4.09791978131247e-11,"8","TCEB3-AS1"
2.33392415174662e-15,0.319932141472553,0.626,0.419,4.47880044720176e-11,"8","PPP1R35"
2.43777266013624e-15,0.286439620978466,0.461,0.277,4.67808573480144e-11,"8","TANK"
2.510609697498e-15,0.279488997108196,0.698,0.457,4.81786000949865e-11,"8","TSSC1"
2.55502910120783e-15,0.291200639432581,0.832,0.613,4.90310084521782e-11,"8","CBWD2"
2.69380832036482e-15,0.357217284316742,0.404,0.241,5.16941816678009e-11,"8","SLC39A10"
2.70443402986517e-15,0.325676317701196,0.278,0.152,5.18980890331126e-11,"8","EMC1"
2.78753699335306e-15,0.292334381154329,0.794,0.571,5.34928349024452e-11,"8","MAPK12"
2.80383233204697e-15,0.280665902561369,0.37,0.216,5.38055424519814e-11,"8","EPS8L2"
2.95336446596613e-15,0.264650660658216,0.536,0.329,5.66750641018900e-11,"8","C2orf47"
3.00382237537431e-15,0.332219774862036,0.278,0.153,5.76433513834329e-11,"8","SLC11A2"
3.05667901955407e-15,0.322155018339768,0.499,0.308,5.86576703852427e-11,"8","TNFAIP8L1"
3.23045145206234e-15,0.292394616434782,0.317,0.177,6.19923633650763e-11,"8","PDSS2"
3.29850151545348e-15,0.293513007723513,0.578,0.371,6.32982440815524e-11,"8","SRRD"
3.35450233213015e-15,0.273639951315131,0.706,0.483,6.43728997535775e-11,"8","RABEPK"
3.3644098728739e-15,0.349650276613106,0.279,0.153,6.45630254604501e-11,"8","CRYZ"
3.36526602985261e-15,0.275354272363101,0.406,0.245,6.45794551128716e-11,"8","CD55"
3.37537818200203e-15,0.303392797671726,0.299,0.166,6.4773507312619e-11,"8","SLC8B1"
3.45073253836361e-15,0.302219667517941,0.253,0.135,6.62195574111976e-11,"8","CYFIP1"
3.52221826854961e-15,0.284479394617531,0.679,0.458,6.7591368573467e-11,"8","CRK"
3.52851488782078e-15,0.272100138492423,0.658,0.432,6.77122006972808e-11,"8","TMEM50B"
3.73779305767832e-15,0.325805570226392,0.479,0.301,7.1728248776847e-11,"8","FNDC3B"
3.88311758740415e-15,0.277117353501458,0.608,0.384,7.45170265022857e-11,"8","MRPS30"
4.25207462520178e-15,0.267925167426507,0.326,0.184,8.15973120576221e-11,"8","CBY1"
4.2923547432223e-15,0.335310095769132,0.317,0.18,8.2370287522436e-11,"8","PAK4"
4.35004410573664e-15,0.265802926415914,0.708,0.485,8.34773463890860e-11,"8","GPX7"
4.45978711461094e-15,0.297847621866511,0.806,0.602,8.55833147293839e-11,"8","MCFD2"
4.61545252699127e-15,0.276913546078157,0.488,0.301,8.85705339929624e-11,"8","PUM1"
4.78124699181438e-15,0.283355909684353,0.427,0.254,9.1752129772918e-11,"8","ATP6V1E1"
4.9529176112708e-15,0.295075556243238,0.604,0.395,9.50464889602866e-11,"8","DHRS7"
5.00035178369022e-15,0.260343292393074,0.275,0.15,9.59567507290153e-11,"8","PIK3C3"
5.23182431449711e-15,0.25130762914242,0.905,0.708,1.00398708595199e-10,"8","TMEM126A"
5.29589597294626e-15,0.315812349463884,0.494,0.307,1.01628243720839e-10,"8","HINT3"
5.60395491259609e-15,0.302024174272291,0.506,0.315,1.07539894772719e-10,"8","RAB9A"
5.60487741400847e-15,0.2552564004337,0.323,0.182,1.07557597574822e-10,"8","EXOSC9"
5.68829993269761e-15,0.266651235921399,0.832,0.626,1.09158475708467e-10,"8","ZCCHC17"
5.84999124786086e-15,0.305950148434036,0.572,0.369,1.1226133204645e-10,"8","KDM1A"
5.87733675398686e-15,0.276226747365857,0.671,0.432,1.12786092309008e-10,"8","ABHD13"
6.00591533447524e-15,0.297888662999421,0.298,0.167,1.1525351526858e-10,"8","WBP1L"
6.01013891197334e-15,0.271255327465104,0.467,0.285,1.15334565720768e-10,"8","STK10"
6.11603810488871e-15,0.250359432988422,0.519,0.319,1.17366771232814e-10,"8","SUV39H2"
6.35420035679364e-15,0.271161100972435,0.474,0.29,1.2193710484687e-10,"8","PPCDC"
6.39299419270906e-15,0.25829945211979,0.339,0.193,1.22681558558087e-10,"8","WDR89"
6.8825930625845e-15,0.308851873701544,0.272,0.151,1.32076960870997e-10,"8","P2RX4"
6.93293072497606e-15,0.270013463350159,0.781,0.565,1.33042940612291e-10,"8","ILKAP"
6.95066756962515e-15,0.282280165908588,0.292,0.163,1.33383310661107e-10,"8","CLCN7"
7.12921332859098e-15,0.317187739453765,0.271,0.148,1.36809603775661e-10,"8","TASP1"
7.23836633101054e-15,0.265999594180946,0.644,0.417,1.38904249892092e-10,"8","C12orf45"
7.32819976447104e-15,0.306077918321282,0.58,0.375,1.40628153480199e-10,"8","REEP4"
7.35258868144357e-15,0.253357970558464,0.29,0.159,1.41096176796902e-10,"8","UIMC1"
8.51124792019264e-15,0.259838102740397,0.643,0.42,1.63330847588497e-10,"8","HENMT1"
8.72861508578595e-15,0.268767008895709,0.374,0.218,1.67502123496232e-10,"8","CERS5"
8.73453308169336e-15,0.270637580735326,0.396,0.234,1.67615689837696e-10,"8","GAPVD1"
8.84611841783999e-15,0.268337739692429,0.594,0.388,1.69757012438349e-10,"8","ANKRD40"
9.286875414829e-15,0.288181526670047,0.409,0.244,1.78215139210568e-10,"8","SLC25A22"
9.44284331714613e-15,0.376472682285248,0.321,0.185,1.81208163256034e-10,"8","DAPK3"
9.53835823241419e-15,0.273997441275201,0.285,0.158,1.83041094480028e-10,"8","BTBD2"
9.68175300595248e-15,0.288646033241918,0.36,0.21,1.85792840184228e-10,"8","SKA1"
1.01722783791165e-14,0.261276324690664,0.824,0.62,1.95206022095245e-10,"8","STT3B"
1.03095440153236e-14,0.286549567924788,0.26,0.141,1.9784014965406e-10,"8","SUPV3L1"
1.08345774996788e-14,0.369787026704192,0.274,0.152,2.07915542218837e-10,"8","CEP44"
1.10041531067189e-14,0.256390729932267,0.334,0.19,2.11169698117936e-10,"8","NUP88"
1.10903142292548e-14,0.3233746926539,0.656,0.439,2.128231300594e-10,"8","ATP5SL"
1.11878774561962e-14,0.284984969401432,0.679,0.453,2.14695368384405e-10,"8","ATP1A1"
1.12614716010393e-14,0.269300412534876,0.368,0.215,2.16107640023944e-10,"8","AFTPH"
1.23683650687207e-14,0.25210641571597,0.479,0.291,2.37348925668751e-10,"8","MLLT1"
1.24824293034169e-14,0.313678820881634,0.308,0.175,2.3953781833257e-10,"8","PPP3CB"
1.26676648172278e-14,0.302970326912964,0.302,0.169,2.43092487842601e-10,"8","SORT1"
1.28248653809395e-14,0.26361652059103,0.478,0.295,2.46109166660228e-10,"8","TCF4"
1.3921584049707e-14,0.254760194080551,0.4,0.237,2.67155197913877e-10,"8","THTPA"
1.43013441770729e-14,0.272689536724657,0.53,0.333,2.7444279475803e-10,"8","SLC16A1"
1.51490859941008e-14,0.282482672267447,0.572,0.367,2.90710960226794e-10,"8","SLK"
1.54985534577721e-14,0.297560232949317,0.487,0.308,2.97417240854646e-10,"8","TRIP11"
1.55444115998934e-14,0.263295364606426,0.927,0.765,2.98297258601955e-10,"8","SELK"
1.55906331597197e-14,0.295606876227891,0.305,0.172,2.99184250335022e-10,"8","LEMD2"
1.56188145847241e-14,0.341877540190784,0.31,0.177,2.99725051880856e-10,"8","C20orf196"
1.62810312466281e-14,0.336475962162248,0.26,0.142,3.12432989622793e-10,"8","CARD9"
1.64948170236974e-14,0.26780115967831,0.808,0.597,3.16535538684753e-10,"8","PTTG1IP"
1.70105382023223e-14,0.322984385066082,0.42,0.256,3.26432228102565e-10,"8","SNRNP48"
1.7624939077952e-14,0.285941845391378,0.356,0.208,3.38222580905899e-10,"8","MRPL38"
1.77840127461817e-14,0.28430448206253,0.481,0.302,3.41275204599227e-10,"8","ARMCX3"
1.81546617379804e-14,0.253355035763561,0.438,0.265,3.48387958751844e-10,"8","CMIP"
1.82286548601928e-14,0.349105503302648,0.253,0.139,3.498078867671e-10,"8","TRGC2"
1.86337586447177e-14,0.287368055908861,0.546,0.347,3.57581828392133e-10,"8","ZNF426"
1.8726074648862e-14,0.253121694214585,0.658,0.431,3.59353372511661e-10,"8","SERINC3"
2.01571330156316e-14,0.289095187763457,0.735,0.522,3.8681538256997e-10,"8","TMEM5"
2.08099989812226e-14,0.288226689016773,0.607,0.401,3.99343880449662e-10,"8","MKNK2"
2.15084857626644e-14,0.273365050084931,0.519,0.321,4.12747841785529e-10,"8","NFYC"
2.29325387978843e-14,0.287907429505045,0.281,0.156,4.400754195314e-10,"8","DNAJC14"
2.4124193862899e-14,0.284447569081116,0.685,0.463,4.62943280229031e-10,"8","KIAA1143"
2.5423558710014e-14,0.258235285712841,0.35,0.203,4.87878091645169e-10,"8","GPALPP1"
2.5553308125506e-14,0.401133664519627,0.429,0.278,4.90367982928459e-10,"8","TRPM4"
2.60286806885939e-14,0.281124445433599,0.472,0.288,4.99490382414117e-10,"8","TMEM129"
2.75118054533398e-14,0.268311710691154,0.419,0.252,5.27951546649591e-10,"8","RFT1"
2.79415658786296e-14,0.257032265234337,0.694,0.456,5.36198649210902e-10,"8","EBLN3"
2.81983107464952e-14,0.276311117719393,0.779,0.55,5.41125583225244e-10,"8","RHOF"
2.83894149341407e-14,0.261199952580347,0.44,0.268,5.4479287258616e-10,"8","IFT27"
2.9069728204685e-14,0.265264548525588,0.78,0.549,5.57848084247906e-10,"8","SEH1L"
3.01276067985047e-14,0.298921483775919,0.341,0.197,5.78148774463306e-10,"8","UBTD2"
3.06613372396557e-14,0.255049163563662,0.553,0.351,5.88391061628994e-10,"8","NET1"
3.09887152025922e-14,0.258053252575496,0.811,0.576,5.94673444737745e-10,"8","ADSS"
3.17966626066764e-14,0.366124738691443,0.292,0.167,6.1017795542212e-10,"8","MBTPS1"
3.26672131954437e-14,0.260838556043197,0.45,0.274,6.26883821220564e-10,"8","SH3GL1"
3.34935729531581e-14,0.251450096032885,0.508,0.318,6.42741664971105e-10,"8","TCAIM"
3.37754191324461e-14,0.262438708876719,0.739,0.516,6.4815029315164e-10,"8","FAM120A"
4.10782351529288e-14,0.305534208017281,0.779,0.561,7.88291332584704e-10,"8","MIF4GD"
4.44843796088535e-14,0.340053529368276,0.316,0.183,8.53655244693899e-10,"8","PSEN1"
4.53869493994414e-14,0.291407277486101,0.59,0.385,8.70975558975281e-10,"8","SEC22C"
4.57948500590643e-14,0.367368852610973,0.32,0.186,8.78803172633444e-10,"8","UBE2V1"
4.60346828092384e-14,0.253805304911601,0.622,0.403,8.83405563109285e-10,"8","STAT5A"
4.88193087733602e-14,0.261536076143208,0.456,0.277,9.36842535360782e-10,"8","TMED7"
5.03168040488475e-14,0.271882389155186,0.778,0.567,9.65579469697384e-10,"8","STK26"
5.06312080562866e-14,0.261532382799864,0.344,0.2,9.71612882600139e-10,"8","EML3"
5.06319323611378e-14,0.259172108241164,0.766,0.542,9.71626782010234e-10,"8","SMIM20"
5.21005550356191e-14,0.273825249040862,0.719,0.484,9.9980965113353e-10,"8","DERL1"
5.24883994486426e-14,0.272007991934169,0.707,0.483,1.00725238541945e-09,"8","PHF20L1"
5.26330702008652e-14,0.277487029398438,0.382,0.23,1.0100286171546e-09,"8","F12"
5.61337405421753e-14,0.252030825351831,0.551,0.348,1.07720648100434e-09,"8","XRCC6BP1"
6.17415820520356e-14,0.251254534428489,0.432,0.261,1.18482095957856e-09,"8","AGPAT3"
6.32084699877814e-14,0.25117906750793,0.568,0.361,1.21297053906552e-09,"8","NUP98"
6.36920432248705e-14,0.279517836248641,0.276,0.154,1.22225030948527e-09,"8","LDAH"
6.48845629973273e-14,0.314921037029452,0.321,0.185,1.24513476391871e-09,"8","FOXRED1"
6.59148075472307e-14,0.250832602389199,0.379,0.225,1.26490515683136e-09,"8","BSPRY"
7.32651663442243e-14,0.257778167603276,0.613,0.403,1.40595854214566e-09,"8","NIN"
7.37101642805216e-14,0.286963397137169,0.332,0.194,1.41449805254321e-09,"8","RNF14"
7.58053501788355e-14,0.620049961587863,0.482,0.349,1.45470466993185e-09,"8","ANXA2"
7.74634869874305e-14,0.266809209485426,0.726,0.497,1.48652431528879e-09,"8","PFKL"
8.26518039217988e-14,0.253761982301624,0.548,0.347,1.58608811725932e-09,"8","MAP3K7"
8.4966598437789e-14,0.253175046594971,0.325,0.188,1.63050902402117e-09,"8","PTPN12"
8.51594567683525e-14,0.269504332690958,0.456,0.278,1.63420997538468e-09,"8","MRPS31"
8.59320939301234e-14,0.262324142489303,0.407,0.248,1.64903688251907e-09,"8","GPR89A"
8.94019828702588e-14,0.278683961968063,0.692,0.473,1.71562405128027e-09,"8","MTA1"
1.10870944596222e-13,0.260061645064297,0.802,0.587,2.12761342680149e-09,"8","NAP1L4"
1.13132361347282e-13,0.266630947896137,0.793,0.582,2.17101001425434e-09,"8","ZNF326"
1.13151269957255e-13,0.298672065137084,0.541,0.365,2.17137287047973e-09,"8","RGL4"
1.18716533796094e-13,0.273940768255673,0.753,0.524,2.27817028354704e-09,"8","VCP"
1.25818718369221e-13,0.262986362656352,0.752,0.536,2.41446120550535e-09,"8","SUCLG1"
1.52417386504612e-13,0.306982650809112,0.321,0.19,2.9248896470235e-09,"8","TBC1D22A"
1.61154603032293e-13,0.305929709692858,0.339,0.205,3.09255683218971e-09,"8","GALM"
1.65278080933016e-13,0.27457174041147,0.581,0.381,3.17168637310457e-09,"8","TSR2"
1.66687932580062e-13,0.264114806553697,0.622,0.419,3.19874142621139e-09,"8","DDX42"
1.96844015040228e-13,0.264225893578429,0.707,0.486,3.77743664862197e-09,"8","RNF41"
2.02550264050974e-13,0.272882336653135,0.265,0.149,3.88693956713818e-09,"8","SEMA4A"
2.09294619603479e-13,0.255408206971668,0.334,0.195,4.01636375019077e-09,"8","AGA"
2.2039185522116e-13,0.300252322092219,0.45,0.281,4.22931970169407e-09,"8","MYO1G"
2.21453078991435e-13,0.280889665597448,0.712,0.507,4.24968458584564e-09,"8","MAPK6"
2.2940635235278e-13,0.37277527933691,0.332,0.201,4.40230790164984e-09,"8","SELL"
2.43893098270268e-13,0.255054126913444,0.287,0.164,4.68030855580645e-09,"8","POU2F1"
2.50842397739721e-13,0.254634194017855,0.451,0.295,4.81366561262524e-09,"8","BZRAP1"
2.54374306992141e-13,0.267400556907815,0.47,0.299,4.88144295117918e-09,"8","ADCK3"
2.60044213578007e-13,0.301990419334629,0.724,0.508,4.99024845856196e-09,"8","DNAAF2"
2.78285841088329e-13,0.292647806674386,0.638,0.439,5.34030529048503e-09,"8","YRDC"
2.78974357586131e-13,0.32730299660296,0.316,0.191,5.35351792207785e-09,"8","C11orf74"
2.91853499172043e-13,0.254014122391798,0.386,0.234,5.6006686491115e-09,"8","ERLIN2"
2.94917533699547e-13,0.283229493380098,0.679,0.467,5.6594674716943e-09,"8","PIGBOS1"
2.99828566961648e-13,0.301988921859873,0.288,0.166,5.75371019999403e-09,"8","ZNF720"
3.48316712520045e-13,0.263199121154532,0.302,0.175,6.68419771325966e-09,"8","IKBKG"
3.52505617973655e-13,0.259551812700523,0.729,0.508,6.76458280891444e-09,"8","UBTF"
3.84817386383606e-13,0.271602010996528,0.292,0.168,7.3846456447014e-09,"8","CPTP"
3.89707960640388e-13,0.262053199938551,0.676,0.461,7.47849576468904e-09,"8","ZHX1"
3.90628970326013e-13,0.283187636241228,0.315,0.185,7.49616994055619e-09,"8","SFXN2"
3.91385526455447e-13,0.25324036055528,0.479,0.3,7.51068825268002e-09,"8","MBD1"
4.45060025333882e-13,0.479401712799742,0.371,0.238,8.54070188615719e-09,"8","SLC45A3"
4.74119255284899e-13,0.25151729383727,0.343,0.203,9.09834850891722e-09,"8","CYSLTR1"
4.84238340985121e-13,0.258041572153405,0.469,0.297,9.29253376350447e-09,"8","GALE"
5.63320478186927e-13,0.274658890111102,0.469,0.3,1.08101199764071e-08,"8","POLDIP3"
5.77673257107108e-13,0.285252074250721,0.301,0.175,1.10855498038854e-08,"8","ZNF614"
5.82278850590913e-13,0.289927321917151,0.256,0.144,1.11739311428396e-08,"8","MARK4"
5.8508641098028e-13,0.250234753203154,0.544,0.349,1.12278082267116e-08,"8","ITGA5"
5.89226939819658e-13,0.290749493280784,0.987,0.938,1.13072649751392e-08,"8","CD44"
6.00620271628402e-13,0.250677790023622,0.722,0.503,1.1525903012549e-08,"8","GMPR2"
6.06387659319837e-13,0.293177467006804,0.263,0.151,1.16365791823477e-08,"8","HBEGF"
6.54789310642819e-13,0.253973238398972,0.68,0.462,1.25654068712357e-08,"8","ESRRA"
6.55881846812478e-13,0.260565522589869,0.401,0.247,1.25863726403315e-08,"8","TRAF7"
6.79739074621618e-13,0.324600022404359,0.253,0.143,1.30441928419888e-08,"8","KIF15"
7.32768343723283e-13,0.251626892258458,0.459,0.285,1.40618245160498e-08,"8","PHACTR4"
7.90033651870081e-13,0.267012488474537,0.324,0.194,1.51607457793869e-08,"8","SLC18A2"
8.26284910727911e-13,0.346802250381982,0.285,0.167,1.58564074368686e-08,"8","SHCBP1"
9.11975099725136e-13,0.268648956347271,0.855,0.642,1.75008021637254e-08,"8","CD33"
9.5527378777296e-13,0.297901462143729,0.357,0.217,1.83317039873631e-08,"8","ARL11"
1.11512328156003e-12,0.258511574261362,0.591,0.392,2.1399215773137e-08,"8","CHCHD4"
1.12773433529775e-12,0.269232567144271,0.301,0.175,2.16412218943637e-08,"8","WDSUB1"
1.31515654042197e-12,0.252363670677386,0.663,0.453,2.52378540106976e-08,"8","IRAK3"
1.36374514315314e-12,0.332749595474419,0.271,0.158,2.61702692971088e-08,"8","TFCP2"
1.39933253307438e-12,0.263402395576367,0.383,0.236,2.68531913096974e-08,"8","CPSF3L"
1.63592588365013e-12,0.266306710344162,0.404,0.249,3.1393417707246e-08,"8","MTFMT"
1.6425963468671e-12,0.267019776417354,0.575,0.38,3.15214238963796e-08,"8","TMEM101"
1.78645409037373e-12,0.278285961525974,0.257,0.146,3.42820539942719e-08,"8","HSD17B8"
1.82370651519082e-12,0.267622108401498,0.468,0.296,3.49969280265118e-08,"8","NAPG"
2.93607000303872e-12,0.31243824675601,0.269,0.156,5.63431833583131e-08,"8","MUL1"
3.10510006771987e-12,0.266090433345776,0.265,0.152,5.95868702995443e-08,"8","RNF216"
5.1653537555907e-12,0.251695447150957,0.749,0.538,9.91231385697856e-08,"8","GALK1"
5.59528335157499e-12,0.294582039588513,0.274,0.162,1.07373487516724e-07,"8","PRPF3"
5.92655426988831e-12,0.271436484372565,0.49,0.325,1.13730576439157e-07,"8","GCNT1"
7.34978074718521e-12,0.274610882808806,0.315,0.191,1.41042292538484e-07,"8","RABGGTA"
2.0603435710427e-11,0.272261669175531,0.292,0.175,3.95379931283094e-07,"8","CDCA2"
8.866697012424e-11,0.304774482224202,0.414,0.276,1.70151915668416e-06,"8","FAM105A"
1.51758969143193e-10,0.357366866911197,0.265,0.165,2.91225461785787e-06,"8","PAQR7"
1.32620334015601e-09,0.275927232322459,0.301,0.192,2.54498420975939e-05,"8","PROCR"
4.37569983014477e-08,0.260328573356251,0.661,0.528,0.000839696797404782,"8","S100A4"
0,8.53439832915635,0.764,0.005,0,"9","STRAP"
0,8.15067647038066,0.536,0.002,0,"9","TPTEP1"
0,3.83667043069772,0.411,0.041,0,"9","REEP5"
0,4.71324697644112,0.313,0.015,0,"9","MOCS2"
0,5.05256270301416,0.309,0.014,0,"9","GATA1"
0,6.05329644000334,0.273,0.009,0,"9","PMP22"
0,4.80508817624275,0.27,0.02,0,"9","CNRIP1"
8.31952540037802e-284,3.55503413102158,0.389,0.052,1.59651692433254e-279,"9","ZFP36L1"
1.85500099647089e-271,1.55267945895009,0.997,0.968,3.55974691222763e-267,"9","TCEB2"
5.66289731672341e-241,3.6239804905994,0.325,0.043,1.08670999507922e-236,"9","LMNA"
2.73549478595268e-226,0.781464232883607,1,1,5.24941449424319e-222,"9","RPL35A"
1.48240076918984e-202,2.45440416692099,0.456,0.093,2.8447270760753e-198,"9","RP11-382A20.3"
8.20726565502534e-199,0.739472268052086,0.998,1,1.57497427919936e-194,"9","RPL24"
4.99926116922089e-182,4.56406614330287,0.271,0.038,9.59358218373488e-178,"9","CYP1B1"
7.16980499260854e-165,1.46746784143584,1,0.998,1.37588557808158e-160,"9","TMSB10"
9.51493943167777e-165,1.42965669114249,0.927,0.764,1.82591687693896e-160,"9","NDUFB4"
1.1909618382429e-159,3.64653048654597,0.329,0.063,2.28545576758812e-155,"9","FCER1A"
3.00273333367428e-158,3.23944313197102,0.963,0.814,5.76224526732094e-154,"9","S100A6"
1.1459554948659e-147,0.590403372721118,1,1,2.19908859464766e-143,"9","OAZ1"
1.02845979447935e-142,1.38235397720268,0.915,0.769,1.97361434560587e-138,"9","AP2M1"
1.75072527045883e-140,0.577907269637477,1,1,3.35964179401049e-136,"9","MT-CO2"
8.93019003470577e-135,0.579316156257297,1,0.999,1.71370346766004e-130,"9","MT-CO3"
8.73363107545806e-133,0.766106404415587,1,1,1.6759838033804e-128,"9","RPS2"
5.4929426170065e-129,2.59070712677811,0.483,0.154,1.05409568820355e-124,"9","BTK"
8.31770612137567e-129,2.84844239869199,0.405,0.11,1.59616780469199e-124,"9","TPM1"
1.57121352424461e-125,1.10275753446438,0.971,0.885,3.0151587530254e-121,"9","NDUFB10"
1.34639001894556e-119,3.1352920658629,0.405,0.117,2.58372244635653e-115,"9","CPOX"
2.04373115059275e-118,1.10955758940772,0.939,0.876,3.92192007798749e-114,"9","UBE2I"
6.26299219570706e-118,0.851126930797524,0.994,0.958,1.20186820235619e-113,"9","AP2S1"
1.30488506983227e-117,0.80208511856359,0.979,0.967,2.50407444900812e-113,"9","SERP1"
2.63254332177911e-117,2.57834785910409,0.391,0.106,5.05185063449412e-113,"9","ANXA5"
1.57052839726853e-113,1.54064523767449,0.833,0.57,3.01384399435832e-109,"9","SELT"
2.15169298448689e-112,3.24190239492165,0.3,0.07,4.12909883723034e-108,"9","ARHGAP18"
2.23797348447595e-112,2.96895680092803,0.667,0.325,4.29467111670935e-108,"9","PLIN2"
3.80149214631748e-109,1.59399968805549,0.797,0.497,7.29506342878325e-105,"9","EIF4A2"
1.33412994456672e-107,2.03549902677627,0.998,1,2.56019536362353e-103,"9","FTH1"
1.60336071711852e-107,1.45202569692632,0.841,0.55,3.07684921615043e-103,"9","RAB13"
1.77244600986925e-107,2.41117678315592,0.268,0.056,3.4013238929391e-103,"9","LINC00960"
3.39365289614873e-104,2.60369174067889,0.383,0.115,6.51241990770941e-100,"9","ABCC4"
1.70920042132632e-103,2.53345034006956,0.713,0.394,3.27995560852521e-99,"9","CTSB"
3.5146256848544e-103,4.15046030055553,0.303,0.075,6.74456668923559e-99,"9","LXN"
3.16723099192451e-102,3.21952846879109,0.268,0.06,6.07791627350314e-98,"9","MS4A3"
1.89734920717999e-100,1.78868918076331,0.715,0.386,3.6410131285784e-96,"9","OCIAD2"
3.41600356732469e-100,2.29276210714166,0.378,0.111,6.55531084569608e-96,"9","OAT"
9.45609828515393e-100,1.2201331465893,0.93,0.804,1.81462526092104e-95,"9","GSTO1"
1.22121156014872e-99,1.72367077931566,0.836,0.569,2.34350498392539e-95,"9","SAT1"
1.12028725346474e-97,0.600736808851067,1,0.993,2.14983123939884e-93,"9","MT-CYB"
4.02909784870056e-97,3.02116848137909,0.282,0.069,7.73183877165637e-93,"9","SDPR"
1.32347909101066e-95,2.59999747884977,0.388,0.124,2.53975637564947e-91,"9","AK1"
4.3661293630563e-95,1.58993759339725,0.864,0.682,8.37860224770504e-91,"9","EMP3"
4.7152958566442e-95,1.03278314189455,0.907,0.77,9.04865274890022e-91,"9","RNF7"
1.10582558976694e-92,1.71090109381522,0.573,0.251,2.12207930676276e-88,"9","PLSCR1"
5.04968133084589e-91,0.67600888117422,0.99,0.985,9.69033847389325e-87,"9","SNX3"
1.54558768321379e-90,2.77238105326194,0.252,0.059,2.96598276408725e-86,"9","AKR1C3"
2.93825914040572e-89,0.62153591414949,0.997,0.995,5.63851929043858e-85,"9","MT-ND4"
4.9058517731791e-88,1.2508165315644,0.896,0.693,9.41432955273069e-84,"9","CD47"
7.05592293285295e-88,1.23865914305431,0.825,0.602,1.35403161081448e-83,"9","RAB7A"
1.39727246972048e-85,1.11013112805399,0.882,0.704,2.68136586939361e-81,"9","COX17"
1.85784439145443e-84,0.675891972162631,0.992,0.978,3.56520338720105e-80,"9","NDUFB9"
5.39455385332813e-83,1.66874017921973,0.619,0.314,1.03521488445367e-78,"9","CHCHD7"
9.66215455557398e-82,1.03852092221477,0.994,0.968,1.85416745921465e-77,"9","CD63"
4.14315562168662e-80,1.34531229651672,1,1,7.95071563801662e-76,"9","FTL"
2.34160864710825e-79,2.28062617131597,0.254,0.064,4.49354699380074e-75,"9","CRNDE"
2.70984843111076e-77,1.24339859434836,0.764,0.525,5.20019913930154e-73,"9","MRPL47"
3.89605791921337e-77,5.23034446470586,0.25,0.068,7.47653514697046e-73,"9","HBD"
5.44195384217839e-76,1.03851668075985,0.893,0.812,1.04431094231403e-71,"9","RNPS1"
2.23350079942997e-75,0.853583059763214,0.909,0.787,4.28608803410612e-71,"9","CSDE1"
5.44628710267775e-75,2.5903167131915,0.525,0.265,1.04514249500386e-70,"9","GMPR"
2.66734826404426e-74,2.35464079537888,0.266,0.074,5.11864131870093e-70,"9","TIMP3"
5.17592459212909e-74,1.46310464029994,0.7,0.409,9.93259929229573e-70,"9","WBP5"
2.78758005960421e-73,1.52402504837083,0.581,0.286,5.34936613438047e-69,"9","TFG"
2.90350905569768e-73,2.68313292595221,0.25,0.067,5.57183387788385e-69,"9","NFIA"
2.96670277546203e-73,0.641967418342313,0.998,0.989,5.69310262611163e-69,"9","MT-ND3"
1.5758558044887e-71,0.805579943959911,0.957,0.86,3.02406728881381e-67,"9","BLOC1S1"
3.29105417734153e-71,1.65869450742591,0.641,0.346,6.31553296631839e-67,"9","ANXA2"
1.698885697134e-69,0.496409302199205,1,1,3.26016165280014e-65,"9","ATP5E"
6.11526601747154e-69,2.44202406107158,0.447,0.191,1.17351954875279e-64,"9","MT1X"
3.22513728327855e-68,1.40058448272935,0.646,0.37,6.18903844661153e-64,"9","MAP3K13"
4.0203258021957e-68,1.94176828374689,0.287,0.086,7.71500521441354e-64,"9","CYSTM1"
1.20421206335712e-67,0.7267372322156,0.947,0.859,2.31088294958231e-63,"9","FKBP8"
1.44081592951284e-67,0.497891591575357,0.998,0.997,2.76492576873513e-63,"9","PABPC1"
2.69604614607306e-67,2.32234721805845,0.292,0.093,5.1737125543142e-63,"9","CPA3"
1.20235931602501e-66,0.625759327365658,0.987,0.975,2.30732752745199e-62,"9","POMP"
3.09339945364111e-66,2.00487184894919,0.3,0.096,5.93623355153729e-62,"9","TGIF1"
7.40611712917588e-66,3.13334384111291,0.309,0.104,1.42123387708885e-61,"9","SMOX"
1.66860507198581e-65,2.14947052110878,0.383,0.148,3.20205313314077e-61,"9","ANXA1"
2.63983685156885e-64,1.80105398631143,0.365,0.135,5.06584691816063e-60,"9","PIK3CB"
5.18345514906166e-64,0.9037934867379,0.9,0.801,9.94705043104932e-60,"9","MRPS34"
1.15146245239964e-62,3.00472829536542,0.426,0.195,2.2096564461549e-58,"9","TSC22D1"
6.9902503028692e-61,2.54985248717077,0.389,0.163,1.3414290331206e-56,"9","ALOX5AP"
8.13362249625686e-61,2.02914177227945,0.301,0.106,1.56084215703169e-56,"9","LAT"
5.02636650089284e-60,0.881954351281206,0.998,0.999,9.64559731521336e-56,"9","SH3BGRL3"
8.0561944839562e-60,1.7699218087143,0.319,0.111,1.54598372147119e-55,"9","GNPTG"
1.41481530546627e-59,1.7967487432436,0.488,0.244,2.71503057118977e-55,"9","CD55"
4.3513432550773e-59,1.30621774755245,0.619,0.363,8.35022770649335e-55,"9","TSR3"
1.04869638923998e-58,0.708722293416001,0.973,0.929,2.01244837095152e-54,"9","ATP6V0E1"
1.22984623758776e-58,2.00374512354209,0.506,0.251,2.36007492993091e-54,"9","SLC44A1"
1.49822029823182e-58,1.14191686444301,0.718,0.484,2.87508475230686e-54,"9","FAM162A"
3.24159469126463e-58,0.999193436295817,0.952,0.923,6.22062021253682e-54,"9","LAPTM5"
3.42968302685983e-58,0.959445307238367,0.829,0.664,6.58156172854402e-54,"9","BID"
1.0033854591107e-57,1.86590777018067,0.321,0.118,1.92549669603344e-53,"9","STON2"
1.03503916234924e-57,1.42301479485693,0.506,0.253,1.98624015254819e-53,"9","ATP6V1E1"
1.39012601758797e-57,0.969953535497765,0.807,0.654,2.66765182775131e-53,"9","DNAJC19"
1.90023442591342e-57,2.29623187173207,0.716,0.513,3.64654986332786e-53,"9","TIMP1"
3.89817160205401e-57,0.665319634396822,0.973,0.945,7.48059130434164e-53,"9","RPS19BP1"
2.01768836534216e-56,1.31633371900576,0.592,0.333,3.87194397309161e-52,"9","PPP1R2"
3.30192465569378e-56,2.31407795001832,0.343,0.138,6.33639341427637e-52,"9","ACSL4"
6.73415266765481e-56,1.36993196529085,0.671,0.438,1.29228389692296e-51,"9","MPP1"
1.49016268649225e-55,1.18044914535001,0.708,0.469,2.85962219537862e-51,"9","OSTF1"
1.56278704770168e-55,1.43117355823662,0.989,0.948,2.99898834453953e-51,"9","CSTB"
1.71351329682266e-55,1.54677704121896,0.38,0.156,3.28823201660268e-51,"9","MRPS22"
4.25329849766458e-55,1.32511920218997,0.756,0.547,8.16207981701834e-51,"9","SDCBP"
8.16342620328e-55,0.889427593216143,0.848,0.704,1.56656148840943e-50,"9","WDR1"
1.10145391858887e-54,0.518362026446114,0.986,0.981,2.11369006977204e-50,"9","ARPC3"
1.06258344655172e-53,1.33222546281419,0.502,0.251,2.03909763393274e-49,"9","CORO1B"
1.51930769087432e-53,0.708832765491604,0.92,0.846,2.91555145878783e-49,"9","MT-ND5"
5.28548026485627e-53,0.533860657917852,0.987,0.967,1.01428366282592e-48,"9","UQCRQ"
7.37442786519918e-53,0.812297376763366,0.831,0.679,1.41515270733172e-48,"9","SEC62"
1.43339966829643e-52,1.38842509583269,0.445,0.204,2.75069396346085e-48,"9","ASRGL1"
1.57730666268167e-51,0.945896822685601,0.839,0.69,3.02685148568613e-47,"9","MYL12A"
1.68999719709122e-51,0.84015512220316,0.853,0.733,3.24310462121805e-47,"9","FAM96B"
1.95069837294029e-50,1.56101679041498,0.404,0.181,3.74339017767241e-46,"9","MXD4"
1.30243022151869e-49,1.63997583496839,0.37,0.159,2.49936359509437e-45,"9","PTGS1"
1.66979695840392e-49,1.23211094896424,0.834,0.694,3.20434036317712e-45,"9","CST3"
1.89386994626101e-49,1.29504098971207,0.627,0.396,3.63433642687488e-45,"9","CORO1C"
2.51568261099517e-49,1.45391876353997,0.351,0.142,4.82759493049973e-45,"9","TMEM14A"
2.61119669521907e-49,0.486782731679091,0.994,0.987,5.0108864581254e-45,"9","NOP10"
2.94792988825108e-49,2.41114429521377,0.276,0.102,5.65707745555382e-45,"9","IER3"
3.91161985591493e-49,2.05965917884721,0.164,0.456,7.50639850350075e-45,"9","IGHM"
1.26372262461963e-48,1.67616499647405,0.499,0.279,2.42508371664508e-44,"9","PPP1R15A"
6.64093042005053e-48,1.90310610868994,0.25,0.085,1.2743945476077e-43,"9","HTRA3"
7.09132737954615e-48,0.402757296385053,1,0.997,1.36082572413491e-43,"9","UQCR11"
7.37921797489172e-48,1.30618589910163,0.47,0.24,1.41607192938172e-43,"9","HMOX2"
2.47553306803698e-47,1.86415131699819,0.397,0.19,4.75054795756296e-43,"9","PKIG"
3.4123859882673e-47,1.08663402030617,0.643,0.413,6.54836871148496e-43,"9","PARVB"
3.50747284728125e-47,1.72687807595179,0.391,0.184,6.73084039393273e-43,"9","SLC27A2"
5.04851796512891e-47,1.01730529830447,0.663,0.414,9.68810597508238e-43,"9","FYTTD1"
9.08105519184496e-47,0.932595165311199,0.761,0.563,1.74265449131505e-42,"9","PARL"
1.01543928613475e-46,0.949296732739169,0.754,0.551,1.94862799009258e-42,"9","ATG3"
1.19553319550353e-46,1.11193155187034,0.662,0.449,2.29422820217127e-42,"9","PDCD10"
1.24952851865369e-46,0.430321607458368,0.987,0.99,2.39784522729643e-42,"9","PARK7"
1.7410505170138e-46,0.905894307088119,0.772,0.596,3.34107594214948e-42,"9","NCBP2-AS2"
1.94797949536603e-46,0.617505388897652,0.963,0.939,3.73817265160742e-42,"9","TALDO1"
5.06951155256522e-46,1.31887668921592,0.525,0.294,9.72839266937265e-42,"9","HCLS1"
7.25695084753121e-46,0.866214546069259,0.86,0.772,1.39260886764124e-41,"9","NGFRAP1"
7.56435197365267e-46,0.541671352181727,0.951,0.94,1.45159914374395e-41,"9","HNRNPK"
7.64307104178984e-46,1.61404190807036,0.321,0.129,1.46670533291947e-41,"9","HACD4"
1.44303912764016e-45,0.519904039008775,0.995,0.989,2.76919208594147e-41,"9","MYL6"
1.69026185954378e-45,1.28934761227215,0.547,0.318,3.24361250846452e-41,"9","TFDP2"
2.91529147731591e-45,1.2660975461662,0.461,0.231,5.59444434496923e-41,"9","GMPS"
7.14007360298557e-45,0.439566570923126,0.998,0.991,1.37018012441293e-40,"9","COX4I1"
1.1303720732624e-44,1.09935656257356,0.831,0.752,2.16918400859054e-40,"9","CLEC11A"
4.90631685560898e-44,1.66986914725351,0.321,0.134,9.41522204591363e-40,"9","CMPK2"
5.17368734807294e-44,0.563477949088315,0.935,0.91,9.92830602095198e-40,"9","ST13"
1.44074778567246e-43,1.58147105375252,0.574,0.383,2.76479500070546e-39,"9","MIR4435-2HG"
1.55536940639428e-43,1.50014346775426,0.329,0.138,2.98475389087062e-39,"9","SNX4"
2.37244348423873e-43,1.24631499699135,0.648,0.426,4.55271904625413e-39,"9","CD59"
3.02172140370937e-43,1.02425373207503,0.6,0.359,5.79868337371828e-39,"9","MBD4"
3.04601223051796e-43,0.900880624164756,0.848,0.757,5.84529747036397e-39,"9","RNF130"
5.91497753803875e-43,2.1504950104303,0.273,0.107,1.13508418954964e-38,"9","KLHDC8B"
1.12126794256398e-42,1.16402115196191,0.928,0.92,2.15171318178028e-38,"9","S100A11"
1.13645227576366e-42,1.40637719198313,0.319,0.132,2.18085191719047e-38,"9","FBXO25"
1.15121177087547e-42,0.595149707607068,0.947,0.891,2.20917538831003e-38,"9","MRPL41"
1.58621430722636e-42,0.809901385389114,0.796,0.636,3.04394525556738e-38,"9","ATP1B3"
1.91970319255079e-42,0.460648552800229,0.971,0.968,3.68391042650497e-38,"9","H2AFV"
2.10643035569453e-42,0.631067729043133,0.904,0.852,4.04223985257781e-38,"9","DDX5"
2.66412636725444e-42,0.35568042515555,1,0.997,5.11245849876127e-38,"9","MT-ATP6"
1.8388961331956e-41,0.307028938883932,1,1,3.52884167960235e-37,"9","YBX1"
2.31620010983712e-41,0.998172640300014,0.663,0.468,4.44478801077744e-37,"9","NUBP2"
3.46389288367151e-41,0.457075864539494,0.981,0.967,6.64721044376563e-37,"9","ANAPC11"
4.97195552139648e-41,0.711829684136003,0.861,0.742,9.54118264555985e-37,"9","NUTF2"
5.36181392257989e-41,0.35730523924248,1,0.998,1.02893209174308e-36,"9","MT-ND1"
6.12719297879455e-41,0.924496475293814,0.646,0.429,1.17580833263067e-36,"9","DHX36"
9.62441011336247e-41,0.786571977125916,0.789,0.64,1.84692430075426e-36,"9","EIF4E2"
1.62285564101645e-40,2.18932611895121,0.467,0.262,3.11425997511057e-36,"9","HIST1H1C"
1.67228541620899e-40,1.26378169897048,0.397,0.188,3.20911571370504e-36,"9","ATP2C1"
4.15758316534811e-40,1.21064567490841,0.407,0.197,7.97840209430303e-36,"9","ARMC8"
4.25888572780269e-40,0.916065004505786,0.707,0.507,8.17280171165337e-36,"9","CCNC"
4.27147568622776e-40,1.4255876269201,0.322,0.138,8.19696184187107e-36,"9","HLTF"
5.77339297515146e-40,0.866488430205723,0.764,0.594,1.10791411193156e-35,"9","MBNL1"
5.84059926408607e-40,0.892148477074451,0.826,0.678,1.12081099877812e-35,"9","RNASET2"
8.96555501896862e-40,1.35191564624474,0.636,0.464,1.72049000814008e-35,"9","ITM2C"
1.81636241287217e-39,0.838191924080332,0.805,0.651,3.48559947030169e-35,"9","GABARAPL2"
1.84152758784626e-39,0.506431368728048,0.957,0.953,3.53389144107698e-35,"9","CNBP"
2.44955327194113e-39,0.899333420941136,0.727,0.536,4.70069272885503e-35,"9","FLOT1"
3.16790035227242e-39,1.26964364470479,0.455,0.239,6.07920077601077e-35,"9","RFC4"
3.37742000848403e-39,1.16415243752498,0.399,0.19,6.48126899628084e-35,"9","C11orf74"
3.87214074656674e-39,1.26426362441802,0.375,0.178,7.43063809266157e-35,"9","GTPBP8"
6.05192782434461e-39,0.822305828529393,0.825,0.679,1.16136494949173e-34,"9","RAP1A"
6.07760842676662e-39,0.671024108993655,0.868,0.78,1.16629305709651e-34,"9","TRA2B"
8.69713100428221e-39,1.33071843847032,0.493,0.277,1.66897943972176e-34,"9","CAST"
9.60839559946141e-39,0.790187422925078,0.917,0.875,1.84385111553665e-34,"9","ARPC1B"
9.80146860988029e-39,1.38482115339637,0.338,0.15,1.88090182623603e-34,"9","ATP6V1A"
1.43180460602619e-38,0.403336966277815,0.994,0.981,2.74763303896427e-34,"9","USMG5"
1.78931581026633e-38,1.20929063777342,0.523,0.314,3.43369703990109e-34,"9","LGALS9"
2.02847544760132e-38,1.04177789524393,0.683,0.483,3.89264438394694e-34,"9","VMP1"
2.3174317187082e-38,0.919986244418859,0.742,0.612,4.44715146820104e-34,"9","MRPL3"
2.39919909450084e-38,0.94040185964353,0.71,0.518,4.60406306234712e-34,"9","CAPZA2"
2.73156410584295e-38,1.32112369951785,0.743,0.606,5.24187151911262e-34,"9","LINC00152"
3.3656971348624e-38,0.850542728434467,0.756,0.58,6.45877280180094e-34,"9","NAA50"
3.8938906277166e-38,1.17962451902614,0.55,0.341,7.47237611458816e-34,"9","PSMD2"
4.68922357659102e-38,0.868308544812667,0.772,0.675,8.99862004347818e-34,"9","CMSS1"
7.09254452768733e-38,0.64992253830751,0.92,0.845,1.3610592948632e-33,"9","SKP1"
9.98088017747545e-38,0.33904329366375,0.997,0.988,1.91533090605754e-33,"9","NDUFA11"
1.11721066698935e-37,0.426622737748056,0.973,0.966,2.14392726995256e-33,"9","PCBP1"
1.39633598123226e-37,0.609914303360792,0.887,0.81,2.67956874798471e-33,"9","NDUFA12"
2.10069264218521e-37,0.676387532967065,0.823,0.678,4.03122918035341e-33,"9","ECHS1"
3.12026775503556e-37,1.18957547839845,0.456,0.247,5.98779382191323e-33,"9","TRAF7"
3.46193867749111e-37,1.7956131554814,0.271,0.114,6.64346032210545e-33,"9","SLC2A3"
4.00716491216694e-37,0.553383524831755,0.943,0.867,7.68974946644836e-33,"9","SFT2D1"
4.00922677214585e-37,1.47497153076454,0.327,0.148,7.69370617574789e-33,"9","PEA15"
4.345504007831e-37,1.04933648173088,0.573,0.372,8.3390221910277e-33,"9","TRMT10C"
5.4534853100907e-37,2.06193011027799,0.365,0.185,1.04652383100641e-32,"9","ALDH1A1"
5.74211336899833e-37,1.12742850389776,0.506,0.288,1.10191155551078e-32,"9","ATP6V1D"
5.94977309733142e-37,1.32542460987038,0.442,0.236,1.1417614573779e-32,"9","ATP13A3"
6.24021140591599e-37,2.24051928185905,0.539,0.353,1.19749656879528e-32,"9","BLVRB"
8.22320015448003e-37,1.05237427148928,0.581,0.375,1.57803210964472e-32,"9","RSRC1"
9.66023928033527e-37,0.443463072238614,0.986,0.988,1.85379991789634e-32,"9","NDUFS5"
1.4739994518825e-36,0.660273526490622,0.876,0.777,2.82860494816252e-32,"9","PCNP"
1.91434402591673e-36,1.33383940043828,0.477,0.272,3.67362618573421e-32,"9","PDCD4"
2.20164402189961e-36,1.0719497053429,0.638,0.436,4.22495487802535e-32,"9","BNIP3L"
3.32518412100416e-36,1.89375924785786,0.478,0.274,6.38102832820698e-32,"9","CTSZ"
5.30285998034192e-36,0.574002552921635,0.974,0.946,1.01761883022761e-31,"9","RPS27L"
9.55786025169001e-36,1.58636798586256,0.321,0.146,1.83415338229931e-31,"9","SMIM10"
1.95483755763471e-35,1.07452504701735,0.544,0.335,3.75133327310101e-31,"9","GFER"
3.87028530250265e-35,0.546032339466417,0.915,0.854,7.42707749550259e-31,"9","GHITM"
5.32929966009219e-35,1.11948765258859,0.491,0.283,1.02269260477169e-30,"9","NCK1"
7.32578404487862e-35,0.321659015150454,0.998,0.998,1.40581795821221e-30,"9","SUB1"
9.24114173645096e-35,1.20479730278024,0.536,0.339,1.77337509922494e-30,"9","HBS1L"
1.17596872376886e-34,1.08788798315632,0.531,0.326,2.25668398091244e-30,"9","KARS"
1.23836507690908e-34,0.344528915212226,0.994,0.999,2.37642258258852e-30,"9","ARPC2"
1.28116358542657e-34,0.524861084891802,0.987,0.993,2.45855292043358e-30,"9","HSP90AA1"
1.59542219102438e-34,1.10003384849945,0.49,0.288,3.06161518457579e-30,"9","GYG1"
2.28730867372161e-34,1.89938877044934,0.319,0.156,4.38934534487177e-30,"9","MINPP1"
3.02923557363093e-34,0.835712553175621,0.695,0.506,5.81310306579775e-30,"9","CCDC25"
1.10027024066172e-33,1.17487542883,0.478,0.275,2.11141859182983e-29,"9","APOBEC3C"
1.4599579754243e-33,0.439211146077574,0.971,0.966,2.80165935483924e-29,"9","NDUFB1"
1.84082950715206e-33,1.11267397954584,0.451,0.25,3.5325518242248e-29,"9","COMMD2"
1.86053674237437e-33,1.26971896788121,0.44,0.249,3.57037000861641e-29,"9","DCUN1D1"
6.28679249054588e-33,1.02637092067613,0.722,0.544,1.20643547893575e-28,"9","SOD2"
7.06735189741571e-33,0.528185231887346,0.925,0.861,1.35622482911408e-28,"9","GNAS"
2.56395352433035e-32,0.403055525503925,0.998,0.999,4.92022681318993e-28,"9","TXN"
2.84525495067843e-32,1.56334958201604,0.758,0.609,5.4600442503519e-28,"9","MT2A"
3.43348500638515e-32,0.852385846647591,0.761,0.67,6.58885772725309e-28,"9","SMC4"
5.43662832562903e-32,0.431921375518609,0.965,0.921,1.04328897568821e-27,"9","UQCRB"
7.72125790297488e-32,0.472328536819479,0.93,0.884,1.48170939158088e-27,"9","ACP1"
8.06509092156825e-32,1.0030848348459,0.735,0.59,1.54769094784895e-27,"9","UCP2"
9.57082972355572e-32,1.07264435739059,0.447,0.255,1.83664222395034e-27,"9","WSB2"
1.18304715212019e-31,0.385494550297005,0.981,0.964,2.27026748491864e-27,"9","MINOS1"
1.74409167530349e-31,1.1739041431227,0.547,0.348,3.3469119249074e-27,"9","CLDND1"
2.03711439893051e-31,1.51300451996889,0.836,0.772,3.90922253154764e-27,"9","NEAT1"
2.74840836857546e-31,1.31875718502107,0.493,0.305,5.2741956592963e-27,"9","CSF2RB"
3.23493860749e-31,0.431420573961296,0.943,0.931,6.2078471877733e-27,"9","C14orf166"
7.34739690437412e-31,1.40556955677012,0.7,0.528,1.40996546594939e-26,"9","S100A4"
1.18716993546284e-30,1.01038872872737,0.488,0.288,2.27817910615319e-26,"9","ISY1"
1.55611082662579e-30,1.25250194884482,0.25,0.104,2.98617667629489e-26,"9","AIG1"
1.58543134178576e-30,1.09646801873032,0.802,0.73,3.04244274488686e-26,"9","GLUL"
3.73338022604302e-30,0.394610818232446,0.968,0.974,7.16435665377655e-26,"9","SNRPB"
5.15258232031434e-30,1.02429643667422,0.418,0.23,9.88780547268322e-26,"9","NUDT16"
7.16319165973233e-30,0.985213598059356,0.582,0.384,1.37461647950263e-25,"9","RNF168"
1.05796850220383e-29,1.55082038326036,0.547,0.38,2.03024155572915e-25,"9","BEX1"
1.07937965327949e-29,0.48226078773592,0.957,0.937,2.07132955464334e-25,"9","RAC2"
1.1075185430094e-29,0.964823653613282,0.64,0.472,2.12532808403503e-25,"9","DNAJB11"
1.13484553751278e-29,0.992152952546147,0.601,0.418,2.17776858648703e-25,"9","HACD1"
1.18653822577988e-29,0.611885419593335,0.815,0.7,2.27696685527159e-25,"9","NDUFB6"
1.2909878789808e-29,0.774846847351135,0.866,0.8,2.47740573976416e-25,"9","HSPA8"
1.7641095207776e-29,0.519820045871421,0.903,0.824,3.38532617037222e-25,"9","DYNLRB1"
2.4707843153162e-29,0.636229915252662,0.904,0.858,4.7414351010918e-25,"9","SVIP"
2.50604462439338e-29,1.07674164098407,0.549,0.357,4.8090996342109e-25,"9","MAP1LC3B"
3.29222063604403e-29,1.46674962328323,0.274,0.125,6.31777140056849e-25,"9","GK"
4.24062888675509e-29,1.12346916092309,0.411,0.23,8.13776683368302e-25,"9","CTNNAL1"
4.81895299414684e-29,1.05815964547902,0.523,0.342,9.24757079576779e-25,"9","ACTL6A"
5.96776104723387e-29,0.598085137194752,0.876,0.801,1.14521334496418e-24,"9","SH3BGRL"
7.62015377292305e-29,0.25173678637128,0.995,0.999,1.46230750902393e-24,"9","SRP14"
1.63875371525393e-28,0.340703376969028,0.967,0.972,3.1447683795723e-24,"9","YWHAB"
1.76247138200309e-28,0.995145241562154,0.609,0.429,3.38218258206393e-24,"9","RHOC"
1.78510161027494e-28,0.668995828458507,0.77,0.638,3.42560999011761e-24,"9","TSTD1"
2.09072422831456e-28,0.341821260818602,0.994,0.99,4.01209979413564e-24,"9","GNG5"
2.515788024374e-28,1.21366467220275,0.266,0.121,4.8277972187737e-24,"9","DHCR24"
2.65459339366934e-28,0.978347737199252,0.456,0.269,5.09416472245147e-24,"9","SRA1"
3.10295979880153e-28,0.696589513484073,0.82,0.735,5.95457985390013e-24,"9","BEX4"
4.65412264431241e-28,0.824955914642219,0.676,0.516,8.93126135443552e-24,"9","PTBP3"
4.92875359612473e-28,0.375532430099989,0.971,0.955,9.45827815096335e-24,"9","MORF4L1"
8.48352918135389e-28,0.307902141556908,0.998,0.997,1.62798924990181e-23,"9","OST4"
8.68254233326943e-28,0.447973068688932,0.907,0.866,1.6661798737544e-23,"9","CSNK2B"
1.04887958276103e-27,2.57366473801458,0.309,0.168,2.01279991931842e-23,"9","KLF1"
1.13622702460201e-27,1.53983524698884,0.255,0.115,2.18041966021126e-23,"9","IL6ST"
1.40990110629603e-27,0.842943085341286,0.648,0.473,2.70560022298208e-23,"9","ITGB1"
1.42379057581133e-27,1.45462352028296,0.671,0.54,2.73225411498195e-23,"9","MIIP"
1.53705412373224e-27,1.30930983257105,0.419,0.246,2.94960686344216e-23,"9","RNF13"
1.84428162886161e-27,0.790185251702318,0.633,0.454,3.53917644578543e-23,"9","ALG3"
2.02614828938539e-27,0.401434959320318,0.971,0.979,3.88817856733057e-23,"9","SLIRP"
2.55649233158023e-27,1.08423377680758,0.365,0.191,4.90590878430245e-23,"9","GLYR1"
2.70885958941957e-27,1.0537015280271,0.509,0.335,5.19830155209616e-23,"9","PICALM"
2.87455530375673e-27,0.262086485235974,0.997,0.997,5.51627162790917e-23,"9","SNRPD2"
2.99011795856631e-27,0.57727328159868,0.821,0.734,5.73803636248875e-23,"9","MMADHC"
3.0137291240607e-27,0.75448135284015,0.676,0.524,5.78334618907248e-23,"9","NDUFB5"
3.53388080856174e-27,0.847759706889768,0.7,0.557,6.78151727162998e-23,"9","HPS1"
3.63065264431105e-27,0.416364923103353,0.992,0.991,6.96722242443291e-23,"9","CLIC1"
3.7981600574218e-27,1.04014539838644,0.552,0.376,7.28866915019243e-23,"9","TAX1BP3"
3.89567633122768e-27,1.1967211775469,0.314,0.159,7.47580287962592e-23,"9","AP1S1"
4.07738316719e-27,0.530992674881533,0.855,0.755,7.82449829783762e-23,"9","ATP5H"
5.26075475170833e-27,0.531293413540811,0.85,0.787,1.00953883685283e-22,"9","DGUOK"
5.46194057232168e-27,0.418872469401086,0.96,0.904,1.04814639582853e-22,"9","NDUFA3"
6.55096162556838e-27,0.572070733833941,0.847,0.738,1.25712953594657e-22,"9","PTPMT1"
6.66064088974185e-27,1.03220413750356,0.56,0.387,1.27817698674146e-22,"9","CFDP1"
7.3545504953019e-27,0.67955696193264,0.726,0.588,1.41133824004844e-22,"9","ANAPC13"
8.09912603795364e-27,0.568900357774177,0.997,1,1.5542222866833e-22,"9","GPX1"
1.06881681945796e-26,1.20484644518638,0.381,0.213,2.05105947653982e-22,"9","FAM210B"
1.17233017696817e-26,0.746431037486489,0.7,0.56,2.24970160960192e-22,"9","ETFA"
1.96208592257415e-26,0.906129155738511,0.525,0.336,3.7652428854198e-22,"9","FXR1"
3.32658925643922e-26,1.46961633286665,0.258,0.122,6.38372478310686e-22,"9","RBM38"
3.82316539680343e-26,0.616192174462129,0.797,0.694,7.33665439646577e-22,"9","NT5C"
3.90543795906987e-26,0.9418385640877,0.52,0.333,7.49453544345507e-22,"9","RPN1"
4.06247324442356e-26,1.25619940516558,0.297,0.147,7.79588615604881e-22,"9","TUBA4A"
4.13089448962045e-26,1.16165881587726,0.335,0.174,7.92718652558164e-22,"9","IGF2BP2"
6.93803991472608e-26,1.02887747835315,0.443,0.266,1.33140985963594e-21,"9","ATP6V1C1"
7.29402934409083e-26,0.276213887293055,0.997,0.998,1.39972423113103e-21,"9","C14orf2"
7.64183229176899e-26,1.08683157147635,0.362,0.201,1.46646761679047e-21,"9","SAMM50"
7.65685280081717e-26,0.839198204983559,0.498,0.308,1.46935005247682e-21,"9","ATPAF1"
9.45478772505793e-26,1.00726303291955,0.321,0.162,1.81437376443862e-21,"9","MAGEF1"
9.73973408258829e-26,0.965476414486028,0.439,0.264,1.86905497044869e-21,"9","GNB4"
1.89721354784308e-25,1.79620782675105,0.442,0.279,3.64075279831088e-21,"9","CST7"
1.94837057441403e-25,0.435064208782441,0.925,0.893,3.73892313230053e-21,"9","SRRM2"
2.71191065205187e-25,0.600825750744173,0.853,0.771,5.20415654128755e-21,"9","CAP1"
2.81442482624969e-25,0.382975122100049,0.954,0.96,5.40088124157315e-21,"9","SNU13"
4.06764872194765e-25,1.2287346034318,0.308,0.158,7.80581789741754e-21,"9","SKIL"
4.56669851321746e-25,1.23341408375776,0.271,0.13,8.7634944468643e-21,"9","BCL2L13"
4.91338082387004e-25,0.686058907909655,0.71,0.55,9.4287778010066e-21,"9","ETFB"
8.21443573029129e-25,0.433178094241403,0.914,0.861,1.5763502166429e-20,"9","SHFM1"
9.17456954530854e-25,0.834815675360115,0.662,0.502,1.76059989574471e-20,"9","NUDT14"
1.01063500760867e-24,0.505414015265178,0.946,0.905,1.93940857960103e-20,"9","CAPZA1"
1.05989163075597e-24,1.01013613703236,0.502,0.332,2.03393203942071e-20,"9","TESPA1"
1.14550181924903e-24,1.1462829960813,0.38,0.222,2.1982179911389e-20,"9","PAM16"
1.77295716407417e-24,0.350806036426354,0.986,0.976,3.40230479785834e-20,"9","COMMD6"
1.92390945617333e-24,0.523380039671416,0.882,0.854,3.69198224639663e-20,"9","TCP1"
1.93700653741626e-24,0.984865516892308,0.668,0.498,3.71711554530181e-20,"9","GCLM"
2.10589887896972e-24,0.561391207648495,0.794,0.7,4.0412199487429e-20,"9","METTL5"
2.16736075850599e-24,0.444119485297664,0.882,0.837,4.159165295573e-20,"9","THOC7"
2.26502018061937e-24,1.24379712526279,0.298,0.155,4.34657372660857e-20,"9","DCAF6"
2.3577481367985e-24,1.11500294640864,0.354,0.196,4.52451867451633e-20,"9","KPNA1"
2.7819493094844e-24,0.395831588682382,0.941,0.915,5.33856072490057e-20,"9","WDR83OS"
2.82229360646415e-24,0.796175100230323,0.544,0.369,5.4159814308047e-20,"9","ECHDC1"
3.18864264868846e-24,0.847577468357331,0.512,0.337,6.11900524283316e-20,"9","EIF4G1"
4.29037224465818e-24,0.963922735251022,0.499,0.321,8.23322433749904e-20,"9","HEXB"
5.83378023603241e-24,0.63306732320759,0.809,0.713,1.11950242729462e-19,"9","SSR3"
6.30370205792013e-24,0.77532531417234,0.622,0.452,1.20968042491487e-19,"9","STXBP2"
6.32998365661487e-24,0.682341528556328,0.729,0.612,1.21472386370439e-19,"9","PGP"
6.51409209540985e-24,0.545606861743124,0.861,0.808,1.25005427310915e-19,"9","SNRPA1"
6.54131232495242e-24,0.311009554742568,0.971,0.972,1.25527783515837e-19,"9","COX7B"
6.56322915018055e-24,0.94094533835922,0.509,0.34,1.25948367391965e-19,"9","HCFC1R1"
8.04444224898379e-24,1.50231069849809,0.274,0.14,1.54372846757999e-19,"9","HIST1H2BH"
9.83381791013254e-24,0.576734919792371,0.799,0.678,1.88710965695443e-19,"9","ANAPC15"
1.08070404182237e-23,1.28411334926463,0.381,0.221,2.07387105625713e-19,"9","RHOBTB3"
1.22322480923711e-23,1.01040325341426,0.311,0.161,2.34736840892602e-19,"9","HMCES"
1.22351753121917e-23,0.689117529579631,0.7,0.556,2.34793014240959e-19,"9","PSMC1"
1.32968353661386e-23,0.953832108298651,0.448,0.276,2.551662706762e-19,"9","RRAGC"
1.64868606609079e-23,0.650854087351072,0.817,0.709,3.16382856082823e-19,"9","C4orf48"
1.87100054977339e-23,1.1515822017971,0.273,0.136,3.59045005501513e-19,"9","GFM1"
1.88293375741858e-23,0.325852758587533,0.957,0.958,3.61334988048626e-19,"9","GTF2A2"
1.91635892958506e-23,0.772932030905591,0.617,0.451,3.67749278587374e-19,"9","IFT57"
2.20810681815541e-23,0.765248063471974,0.71,0.592,4.23735698404022e-19,"9","ARL8B"
2.81477008250499e-23,1.10856479335075,0.293,0.152,5.40154378832707e-19,"9","TCTEX1D1"
3.02900339331328e-23,0.552691672091785,0.836,0.73,5.81265751176819e-19,"9","ADI1"
3.17133061113628e-23,0.613031948135787,0.772,0.655,6.08578344277052e-19,"9","STUB1"
3.19836742382664e-23,0.585433213534139,0.909,0.852,6.13766708632333e-19,"9","ATP6V1F"
3.29319704281517e-23,0.586828478495671,0.844,0.794,6.31964512516231e-19,"9","TFDP1"
3.74736668930262e-23,0.368563122059493,0.957,0.934,7.19119667677173e-19,"9","TCEB1"
3.79942792436807e-23,1.01019211942868,0.691,0.623,7.29110218686232e-19,"9","C1orf228"
4.69095390035535e-23,0.927114206815799,0.494,0.331,9.00194053478192e-19,"9","PTS"
5.05823627315775e-23,0.54607930184174,0.959,0.946,9.70675540818972e-19,"9","CALM1"
5.47090961292359e-23,0.403334579603457,0.922,0.896,1.04986755472004e-18,"9","TXNDC17"
6.35710373787292e-23,1.18361360804669,0.258,0.126,1.21992820729781e-18,"9","DVL3"
6.52577851165671e-23,1.0350239173088,0.368,0.21,1.25229689638692e-18,"9","UBA5"
7.01449044904513e-23,0.288669433699119,0.998,0.996,1.34608071717176e-18,"9","ATP5I"
8.51622151150863e-23,0.822055752244468,0.549,0.381,1.63426290805851e-18,"9","RUVBL1"
1.25553935849434e-22,0.808295468480609,0.549,0.369,2.40938002895064e-18,"9","UBN1"
2.70702687254949e-22,1.26374562502242,0.337,0.194,5.19478456842247e-18,"9","CLU"
2.7131874130986e-22,0.693257813727588,0.901,0.918,5.20660664573621e-18,"9","COTL1"
3.3205403525211e-22,0.433560152580826,0.962,0.958,6.37211693648799e-18,"9","HNRNPA2B1"
3.88455528588552e-22,0.787214844498165,0.667,0.539,7.4544615936143e-18,"9","POLR2H"
4.14970967373506e-22,0.401510600502496,0.893,0.838,7.96329286389758e-18,"9","CMPK1"
4.45229167054157e-22,1.29713224832471,0.278,0.143,8.54394771576927e-18,"9","DOK2"
4.6423250438232e-22,0.273077810442882,0.981,0.985,8.90862175909672e-18,"9","BRK1"
4.86618562739953e-22,1.45552548398277,0.506,0.35,9.3382102189797e-18,"9","TM4SF1"
5.63965118511072e-22,2.55162065360356,0.515,0.409,1.08224906242275e-17,"9","ID2"
5.80632103582056e-22,0.387334736432543,0.935,0.912,1.11423300677397e-17,"9","CBX3"
5.84009546687926e-22,0.816659812392168,0.537,0.376,1.12071432009413e-17,"9","KPNA4"
7.56522991693045e-22,0.659108611387309,0.789,0.692,1.45176762105895e-17,"9","LAPTM4A"
1.01594360186957e-21,0.603514671386363,0.75,0.615,1.94959577198771e-17,"9","DYNLT1"
1.12129367072711e-21,1.15538102410384,0.305,0.163,2.15176255412533e-17,"9","UBE2E2"
1.14033243639047e-21,0.86405369373231,0.41,0.248,2.1882979454333e-17,"9","TOMM70A"
1.41798749302005e-21,1.21365398916518,0.612,0.475,2.72111799910547e-17,"9","SAMSN1"
1.71088625981855e-21,1.00967442597557,0.482,0.323,3.28319073259179e-17,"9","HAGH"
1.71910138504873e-21,1.14638404490334,0.458,0.3,3.29895555790851e-17,"9","FCGRT"
1.74064486049585e-21,0.973028283667624,0.344,0.192,3.34029748729154e-17,"9","CEP63"
2.12856488171668e-21,0.835495560956375,0.373,0.213,4.0847160080143e-17,"9","NMD3"
2.42921850475429e-21,0.462913658427678,0.927,0.882,4.66167031062348e-17,"9","TMEM167A"
2.98093015904972e-21,0.9786943668988,0.404,0.244,5.72040497521642e-17,"9","CCDC14"
3.58810836998616e-21,0.553769257626713,0.797,0.756,6.88557996200344e-17,"9","CCT2"
3.83698852378811e-21,0.513155866484566,0.869,0.841,7.36318097714937e-17,"9","SEPW1"
3.8856516859877e-21,0.651128323142392,0.676,0.531,7.4565655854104e-17,"9","TCF25"
3.89000159787981e-21,0.798543257871299,0.439,0.274,7.46491306633136e-17,"9","EIF2B5"
3.89108755505333e-21,1.0749208874115,0.309,0.169,7.46699701814734e-17,"9","PCYT1A"
4.94096061458245e-21,0.432345012968723,0.919,0.864,9.48170341938372e-17,"9","TMBIM6"
6.12600898996231e-21,1.01713225054468,0.265,0.134,1.17558112517377e-16,"9","C3orf17"
7.6365941042302e-21,0.414475657970187,0.888,0.815,1.46546240860178e-16,"9","NDUFAF3"
7.7491156984358e-21,0.571926390356218,0.772,0.704,1.48705530252983e-16,"9","MRPL42"
8.20154797469088e-21,0.709614443654483,0.571,0.418,1.57387705634318e-16,"9","HSPA14"
1.31862217053316e-20,0.771233348795829,0.49,0.32,2.53043594525313e-16,"9","EIF2AK2"
1.40797729303259e-20,0.806721035094769,0.51,0.351,2.70190842532954e-16,"9","SNAP23"
1.65275815490528e-20,0.477702125790502,0.89,0.823,3.17164289926323e-16,"9","MOB1A"
1.72459406958149e-20,1.14647669548277,0.287,0.155,3.30949601952688e-16,"9","RP11-395A13.2"
1.72743933242684e-20,1.01995668866772,0.388,0.238,3.31495607892711e-16,"9","ATP6V0D1"
1.98157286088542e-20,0.830800121027907,0.595,0.464,3.80263832003913e-16,"9","BASP1"
2.11922890301044e-20,0.593567936471592,0.724,0.613,4.06680026487703e-16,"9","PPA2"
2.30770182018708e-20,0.954083796589005,0.365,0.219,4.42847979293901e-16,"9","CH17-189H20.1"
2.63408511955352e-20,0.673733378328051,0.627,0.466,5.0548093444232e-16,"9","CARD19"
2.82596753328521e-20,1.34494458557995,0.571,0.456,5.42303169637432e-16,"9","TPSAB1"
3.00341529928711e-20,0.333534543845839,0.946,0.929,5.76355395933197e-16,"9","SMDT1"
3.39395328802116e-20,0.261347634596419,0.992,0.994,6.51299635971261e-16,"9","EEF1D"
3.64066490324828e-20,0.724614117482024,0.675,0.547,6.98643594933346e-16,"9","DNAJA1"
3.89075179739607e-20,0.852990704640457,0.614,0.502,7.46635269920306e-16,"9","CENPU"
4.4508219492912e-20,0.595457979886767,0.769,0.709,8.54112732068981e-16,"9","COPS3"
4.47219420855328e-20,0.50029189604338,0.853,0.817,8.58214068621375e-16,"9","SSB"
4.68391550261592e-20,1.19298511999734,0.332,0.196,8.98843384951995e-16,"9","MGLL"
4.75081904356508e-20,1.12520214290768,0.485,0.336,9.11682174460139e-16,"9","CTNNBL1"
6.01517926904724e-20,0.730380445919437,0.691,0.571,1.15431290173017e-15,"9","H1FX"
6.59955460549671e-20,0.867049410872645,0.498,0.343,1.26645452879482e-15,"9","MFSD1"
6.69434679199985e-20,0.484068741995663,0.88,0.806,1.28464514938477e-15,"9","POLE4"
6.69681549127559e-20,0.748611711593729,0.514,0.357,1.28511889277579e-15,"9","TIMMDC1"
7.06811303574116e-20,0.359133957671574,0.997,1,1.35637089155873e-15,"9","ACTB"
7.24525474137159e-20,0.768475398459616,0.566,0.405,1.39036438486921e-15,"9","RAB18"
8.48987313125233e-20,0.95609899368571,0.332,0.188,1.62920665388732e-15,"9","ZNF148"
8.51652234797772e-20,0.339745150263244,0.968,0.953,1.63432063857692e-15,"9","RAC1"
9.02734030167249e-20,0.54958446790212,0.826,0.73,1.73234660389095e-15,"9","SH3GLB1"
9.28154613850752e-20,1.40666705926967,0.309,0.185,1.78112870397959e-15,"9","IGFBP7"
1.00218746299489e-19,1.08064252533985,0.273,0.145,1.9231977414872e-15,"9","GBP4"
1.09013465841079e-19,0.567981087270288,0.85,0.767,2.09196840949031e-15,"9","SELK"
1.34258900046959e-19,0.937165779388073,0.26,0.132,2.57642829190115e-15,"9","GSTM3"
1.36293461240582e-19,1.25017276295791,0.695,0.636,2.61547152120677e-15,"9","TFRC"
1.47555822787405e-19,0.942098532539957,0.499,0.358,2.8315962392903e-15,"9","SNUPN"
1.5658501445771e-19,1.5128734172934,0.303,0.174,3.00486642744346e-15,"9","RGCC"
1.87197974536885e-19,0.873303439469449,0.314,0.172,3.59232913136282e-15,"9","CFAP97"
2.08748483120796e-19,0.419516068606872,0.901,0.85,4.00588339108808e-15,"9","PSMC5"
2.4119787654799e-19,0.633960436311655,0.627,0.486,4.62858725095593e-15,"9","SEC61A1"
2.57317159730537e-19,1.23223597983013,0.271,0.147,4.937916295229e-15,"9","HSBP1L1"
2.60494085683327e-19,0.3406470751638,0.947,0.914,4.99888150426304e-15,"9","ATP5J2"
2.76134586789585e-19,0.528121926088893,0.748,0.647,5.29902272049213e-15,"9","PAK2"
3.13155427743279e-19,0.347331988965222,0.978,0.974,6.00945265839353e-15,"9","CALM3"
3.17554101793162e-19,0.360808734643878,0.936,0.905,6.09386321341079e-15,"9","ATP5C1"
3.31328990554584e-19,0.453079379310833,0.802,0.711,6.35820332874247e-15,"9","DPY30"
3.49909205300921e-19,0.569481611234255,0.699,0.573,6.71475764972468e-15,"9","MED10"
3.85254169330491e-19,0.441670304331292,0.872,0.809,7.39302750945212e-15,"9","MRPL21"
5.00027689055885e-19,0.73853148094617,0.533,0.385,9.59553135298243e-15,"9","ECI2"
6.34424746031622e-19,0.644968439070776,0.663,0.514,1.21746108763468e-14,"9","PRMT2"
6.66820771344086e-19,0.271586208079725,0.992,0.981,1.2796290602093e-14,"9","TBCA"
7.15393595709927e-19,0.414531276299334,1,1,1.37284031016735e-14,"9","B2M"
7.17641823441203e-19,1.4344521347526,0.314,0.183,1.37715465918367e-14,"9","KIT"
8.19442464460065e-19,0.912032822601029,0.308,0.171,1.57251008929887e-14,"9","FAM127A"
1.13919453296883e-18,0.468131887783002,0.839,0.746,2.18611430876719e-14,"9","KDELR2"
1.23551529946177e-18,0.660054445931245,0.678,0.553,2.37095385966714e-14,"9","CBX5"
1.24789262632122e-18,0.600997009102663,0.695,0.567,2.39470594991042e-14,"9","UCHL3"
1.55317431749781e-18,0.926625612913309,0.295,0.163,2.98054151527829e-14,"9","ASB1"
1.88424312684544e-18,0.79399937642475,0.466,0.317,3.6158625604164e-14,"9","WNK1"
1.98102223895703e-18,0.83703725679175,0.424,0.271,3.80158167655854e-14,"9","BCAP29"
2.41456616529521e-18,1.13626006033357,0.274,0.148,4.6335524712015e-14,"9","MARCH2"
2.57696109566307e-18,0.279746102912782,0.978,0.968,4.94518834257743e-14,"9","NDUFC2"
3.44892734367593e-18,0.548575234417443,0.86,0.833,6.61849157251412e-14,"9","LIMD2"
3.71563412122546e-18,0.497174611767233,0.911,0.884,7.13030187863167e-14,"9","SLC25A39"
4.16840276730118e-18,0.693302695022627,0.665,0.559,7.99916491045096e-14,"9","THOC6"
5.58009305366894e-18,1.12129155806102,0.321,0.184,1.07081985699907e-13,"9","RHBDD2"
8.8834084561363e-18,0.905796606313534,0.448,0.306,1.70472608273256e-13,"9","ICAM2"
9.10327567894345e-18,0.452369715782828,0.936,0.949,1.74691860278925e-13,"9","DBI"
9.11176728375542e-18,0.732346767764308,0.53,0.371,1.74854814175266e-13,"9","PPP2R5C"
9.98383131900273e-18,0.728324636053001,0.593,0.446,1.91589723011662e-13,"9","AP1S2"
1.11084708546287e-17,0.922787081130349,0.352,0.216,2.13171555700326e-13,"9","DNAJA2"
1.23993766701169e-17,0.704953235840814,0.518,0.368,2.37944038299544e-13,"9","SP100"
1.27317856983925e-17,0.953530847823688,0.305,0.174,2.44322967552152e-13,"9","SNX2"
1.37460698893202e-17,1.01649319753963,0.292,0.168,2.63787081176054e-13,"9","GSK3B"
1.52396288873435e-17,0.623905982219936,0.753,0.67,2.92448478348123e-13,"9","ARRB2"
1.6548030751404e-17,0.545165663087292,0.919,0.947,3.17556710119443e-13,"9","LDHA"
1.96140502413079e-17,0.359982341954132,0.954,0.93,3.76393624130698e-13,"9","SEC61G"
2.04870090917209e-17,0.5300740735145,0.797,0.714,3.93145704470125e-13,"9","SNRNP25"
2.12115460972547e-17,1.05755791833949,0.279,0.156,4.07049569606318e-13,"9","CMBL"
2.29101654935944e-17,0.751925462539843,0.522,0.369,4.39646075822076e-13,"9","IQGAP1"
2.6922644112279e-17,0.397235304000354,0.893,0.817,5.16645540514634e-13,"9","DAZAP2"
3.03544052802986e-17,0.398388949286327,0.882,0.857,5.8250103732893e-13,"9","CACYBP"
3.87838492632811e-17,1.04285847912873,0.531,0.429,7.44262067362364e-13,"9","INO80C"
3.91300688749777e-17,0.343013193695901,0.912,0.897,7.50906021710821e-13,"9","CAMTA1"
4.65682813718355e-17,0.753307864000563,0.892,0.874,8.93645319525523e-13,"9","MPC2"
4.73168773716909e-17,0.399431563192965,0.856,0.821,9.08010876762749e-13,"9","TPRKB"
5.05135732423073e-17,0.657226281283848,0.592,0.436,9.69355470519877e-13,"9","PPP6C"
5.43091476023669e-17,0.827002119085428,0.38,0.241,1.04219254248942e-12,"9","ADIPOR2"
6.7331574134974e-17,0.944158026660853,0.338,0.204,1.29209290765015e-12,"9","RILP"
8.27315554356951e-17,0.786662053789677,0.424,0.282,1.58761854881099e-12,"9","SFXN1"
9.04870908855749e-17,0.674404997116864,0.51,0.372,1.73644727409418e-12,"9","PPID"
9.47121518196247e-17,1.3071639634371,0.673,0.606,1.8175261934186e-12,"9","TPSB2"
1.16732026223434e-16,0.408746924393488,0.914,0.901,2.2400875832277e-12,"9","YWHAH"
1.53547199902684e-16,0.791256804192585,0.488,0.353,2.94657076613251e-12,"9","GALNT2"
1.59013627771729e-16,0.496601692065425,0.821,0.739,3.05147151693948e-12,"9","UBE2E3"
1.78380756655727e-16,0.733835794270739,0.486,0.342,3.4231267202234e-12,"9","CCDC28A"
1.88699045434138e-16,0.369952836725339,0.907,0.896,3.62113468188111e-12,"9","TXN2"
1.92852793731089e-16,0.50985075962388,0.734,0.623,3.70084511169961e-12,"9","AK3"
1.95442356920345e-16,1.34737264522496,0.514,0.386,3.75053882930142e-12,"9","S100A10"
2.23450297394473e-16,0.698918364035384,0.53,0.388,4.28801120699993e-12,"9","CCNDBP1"
2.47474973648848e-16,0.668929963934363,0.501,0.356,4.7490447443214e-12,"9","TPRA1"
2.87773629193772e-16,0.740774703913472,0.408,0.26,5.52237594422848e-12,"9","SENP5"
2.89324161029575e-16,0.546345248806586,0.764,0.691,5.55213065015754e-12,"9","ZFAND6"
3.23397789954592e-16,0.549110879234762,0.721,0.621,6.20600358922863e-12,"9","NCBP2"
3.24745541675522e-16,0.711220748152187,0.447,0.297,6.23186694475327e-12,"9","ANKRD39"
3.37251570182379e-16,0.943521328983699,0.346,0.218,6.47185763179986e-12,"9","HK1"
3.40493407169412e-16,0.745402058352715,0.432,0.287,6.53406848358102e-12,"9","SLC25A36"
3.50213551042865e-16,0.806921878053106,0.577,0.451,6.72059804451258e-12,"9","SLC39A8"
3.61549205518918e-16,0.658728929055292,0.59,0.441,6.93812925390804e-12,"9","MSRB1"
3.98557996565363e-16,0.389595497914665,0.837,0.787,7.64832795408931e-12,"9","CWC15"
4.35403939296141e-16,0.496718644602854,0.738,0.645,8.35540159509295e-12,"9","GGCT"
4.40185881250602e-16,0.441538880711195,0.856,0.839,8.44716706119906e-12,"9","TAF9"
4.57385500510466e-16,0.706231116783484,0.569,0.434,8.77722775479585e-12,"9","SERINC3"
6.67363438682128e-16,0.890221888342863,0.36,0.229,1.280670438831e-11,"9","KLHL18"
7.04008504685648e-16,0.833295045085679,0.743,0.661,1.35099232049176e-11,"9","LIMS1"
1.1246882459626e-15,0.798172498806099,0.405,0.267,2.15827674400222e-11,"9","SPSB3"
1.2666047717506e-15,0.699503828768572,0.549,0.422,2.4306145569894e-11,"9","CFLAR"
1.39108391594895e-15,0.706201582205957,0.502,0.366,2.66949003470604e-11,"9","HN1L"
1.41012248660531e-15,0.60577757314134,0.612,0.491,2.70602505179558e-11,"9","NUDT21"
1.57745948341422e-15,0.344125256654318,0.88,0.818,3.02714474867188e-11,"9","VPS29"
1.71092112682876e-15,0.651665529231312,0.537,0.397,3.28325764238438e-11,"9","CCNL1"
1.79904600954074e-15,0.886435303799479,0.365,0.231,3.45236929230868e-11,"9","TPD52"
2.11191349833353e-15,0.533954023568944,0.684,0.583,4.05276200330204e-11,"9","FKBP3"
2.36611828049007e-15,0.949759125178276,0.397,0.267,4.54058098026044e-11,"9","CMIP"
2.78302228721252e-15,0.375273064838039,0.915,0.903,5.34061976916083e-11,"9","METAP2"
3.22643280162172e-15,0.279844068084954,0.941,0.937,6.19152454631208e-11,"9","CLTA"
3.28601740772139e-15,0.366072762877963,0.885,0.857,6.30586740541736e-11,"9","BOLA3"
3.33068841877529e-15,0.690930305451807,0.431,0.293,6.39159107562979e-11,"9","HNRNPH2"
3.46520490144839e-15,0.279211783704349,0.947,0.928,6.64972820587945e-11,"9","ROMO1"
3.48262425245249e-15,0.615686864645524,0.515,0.374,6.68315594045633e-11,"9","ACAP2"
4.50770976531557e-15,0.492034569158087,0.694,0.583,8.65029503964057e-11,"9","BUD31"
4.68092839932883e-15,0.58934051547411,0.577,0.439,8.98270159831203e-11,"9","SHKBP1"
4.79376928807456e-15,0.770234320409856,0.469,0.335,9.19924326381508e-11,"9","RAP2B"
5.85570228176066e-15,0.924354730759926,0.25,0.139,1.12370926786987e-10,"9","STAM"
6.03243712422571e-15,0.652977736167344,0.593,0.46,1.15762468413891e-10,"9","IFNGR2"
6.43739069178562e-15,0.861975295968715,0.612,0.534,1.23533527375366e-10,"9","BMP2K"
7.19708575923506e-15,0.498383911296814,0.748,0.676,1.38112075719721e-10,"9","CCT6A"
7.672201830718e-15,0.508423147666689,0.595,0.446,1.47229553131478e-10,"9","NGLY1"
8.47579110884196e-15,0.575994082590546,0.622,0.497,1.62650431378677e-10,"9","LINC00116"
9.18921746827726e-15,0.768656688852076,0.391,0.257,1.76341083216241e-10,"9","TOPBP1"
9.87227517716608e-15,0.569581227009345,0.528,0.381,1.89448960649817e-10,"9","HAT1"
9.98490945379229e-15,1.41331102385005,0.313,0.196,1.91610412418274e-10,"9","HERPUD1"
1.07453154048608e-14,0.675170049276193,0.491,0.348,2.0620260261928e-10,"9","BIN2"
1.13769907263713e-14,0.619807683018059,0.604,0.484,2.18324452039066e-10,"9","ACAT2"
1.19744713601754e-14,0.749395461595199,0.314,0.19,2.29790105401766e-10,"9","STK17A"
1.28555187637598e-14,0.274172738193343,0.928,0.907,2.46697405076551e-10,"9","FAAP20"
1.4424495378223e-14,0.697920502049537,0.464,0.325,2.768060663081e-10,"9","C8orf88"
1.44874818325253e-14,0.89414098520836,0.282,0.166,2.78014776366161e-10,"9","METTL22"
1.5018801635737e-14,0.292398292144449,0.946,0.928,2.88210803389793e-10,"9","NDUFC1"
1.59105246421561e-14,0.284983208396249,0.943,0.943,3.05322967882975e-10,"9","MYEOV2"
2.09735242881911e-14,0.737698117545079,0.451,0.323,4.02481931090388e-10,"9","EIF2A"
3.01161076783219e-14,0.710378093241567,0.458,0.327,5.77928106346997e-10,"9","ECI1"
3.05593536636923e-14,0.657585530150047,0.48,0.349,5.86433996806255e-10,"9","BBX"
3.16396768151719e-14,0.42809207120567,0.783,0.71,6.07165398083148e-10,"9","CDV3"
3.19107100350494e-14,0.484015176437645,0.654,0.565,6.12366525572598e-10,"9","UPF3B"
3.29349401887323e-14,0.852613770101018,0.77,0.724,6.32021502221773e-10,"9","SQSTM1"
3.3660912449261e-14,0.465939404498461,0.772,0.679,6.45952909901319e-10,"9","MMP24-AS1"
3.87679802803142e-14,0.640528618347251,0.483,0.346,7.43957541579229e-10,"9","TSG101"
4.15305742968599e-14,0.635307045287161,0.78,0.715,7.96971720756741e-10,"9","HIGD1A"
4.17360144564794e-14,0.37901317344458,0.911,0.886,8.0091411741984e-10,"9","ITM2B"
4.27829301221202e-14,0.275855032315499,0.967,0.944,8.21004429043486e-10,"9","PPP1CA"
4.53432366221516e-14,0.842574305680003,0.281,0.166,8.7013671077909e-10,"9","ST3GAL1"
4.75137252518143e-14,0.74198118728832,0.448,0.314,9.11788387582317e-10,"9","IL10RB"
5.18214729996952e-14,0.826090820023389,0.282,0.169,9.94454066864152e-10,"9","COPB2"
5.1933746239927e-14,0.869440957767919,0.392,0.271,9.96608590344199e-10,"9","CASP3"
5.26397056052199e-14,0.827126715805921,0.316,0.195,1.01015595056417e-09,"9","MTMR2"
5.29668760932805e-14,0.422597152274012,0.77,0.687,1.01643435223005e-09,"9","CYB5R3"
5.33645534529845e-14,0.393415553168736,0.799,0.701,1.02406578076277e-09,"9","VPS28"
6.48890545071843e-14,0.967584445610111,0.255,0.151,1.24522095599287e-09,"9","RNF144A"
7.15583759555985e-14,0.466193999205124,0.75,0.67,1.37320523458794e-09,"9","ZNF580"
7.45589985872065e-14,0.522306474905129,0.628,0.505,1.43078718288849e-09,"9","CARHSP1"
7.55777135389113e-14,0.32908010248705,0.935,0.916,1.45033632281171e-09,"9","CAPZB"
7.88579780081354e-14,0.399110400556385,0.927,0.909,1.51328459797612e-09,"9","ATP5B"
8.64361721391089e-14,0.721632098848241,0.62,0.77,1.6587101433495e-09,"9","TYROBP"
8.92175967127771e-14,0.543492402230779,0.601,0.471,1.71208568091819e-09,"9","ZFAND2B"
9.51497236931209e-14,0.595230482907579,0.608,0.488,1.82592319767099e-09,"9","TRAPPC2L"
1.14236738715037e-13,0.357418531546109,0.856,0.851,2.19220301594155e-09,"9","SMS"
1.18969826771704e-13,0.667133515492197,0.612,0.512,2.28303097574899e-09,"9","PTPN6"
1.27778599540732e-13,0.462321678144506,0.735,0.668,2.45207132518664e-09,"9","GLRX3"
1.36442846520962e-13,0.645909147582208,0.514,0.386,2.61833822473726e-09,"9","CMC2"
1.38629059551841e-13,0.891953127304915,0.287,0.174,2.66029165279982e-09,"9","OPA1"
1.65758730447053e-13,0.873858179850866,0.526,0.403,3.18091003727894e-09,"9","GOLIM4"
1.69130669683778e-13,0.46641757402577,0.707,0.612,3.24561755123171e-09,"9","PSMD9"
1.72274178666551e-13,0.688757232094569,0.372,0.245,3.30594148861111e-09,"9","RECQL"
2.08990506751672e-13,0.594130266973477,0.531,0.404,4.01052782456459e-09,"9","ACTN1"
2.303544460652e-13,1.0970978631279,0.383,0.27,4.42050181999118e-09,"9","NKG7"
2.44454937313952e-13,0.424177555029555,0.85,0.805,4.69109024705474e-09,"9","HN1"
2.73102485975573e-13,0.731419079176375,0.279,0.165,5.24083670587125e-09,"9","DLG1"
2.90242483532289e-13,0.726533995386225,0.421,0.295,5.56975325898463e-09,"9","TBC1D7"
2.93625134803129e-13,0.455978020315672,0.643,0.541,5.63466633687205e-09,"9","ACBD6"
2.95547054557643e-13,0.750534887896777,0.464,0.346,5.67154797696117e-09,"9","CAPN1"
2.99821430917623e-13,0.75775437643459,0.531,0.406,5.75357325930918e-09,"9","TFPT"
3.20202272984583e-13,0.628217740214979,0.541,0.415,6.14468161857415e-09,"9","NMRAL1"
3.27337236393367e-13,0.418730425279596,0.791,0.741,6.28160156638872e-09,"9","VDAC1"
3.48069078613213e-13,0.36889360313141,0.868,0.819,6.67944561858755e-09,"9","COX20"
3.80724213949569e-13,0.307598533354343,0.935,0.922,7.30609766569223e-09,"9","RBM8A"
3.99597637506545e-13,0.738494767930112,0.864,0.908,7.66827866375059e-09,"9","SERPINB1"
4.15248207560321e-13,0.640820304619627,0.582,0.464,7.96861310308256e-09,"9","SYAP1"
4.24791659449787e-13,0.820224076799028,0.297,0.187,8.15175194484142e-09,"9","MRPL39"
4.79800575690428e-13,0.257724930925603,0.976,0.974,9.20737304749932e-09,"9","LSM4"
5.41122453964301e-13,0.407962233584481,0.71,0.604,1.03841398915749e-08,"9","FUNDC2"
6.04364438129128e-13,1.02638162179858,0.638,0.553,1.1597753567698e-08,"9","H1F0"
6.42299805118011e-13,0.555598186713455,0.558,0.433,1.23257332602146e-08,"9","EXOSC4"
6.44524299535466e-13,0.421349237510596,0.721,0.633,1.23684213080856e-08,"9","TIPRL"
6.63014379839528e-13,0.932226930901805,0.38,0.26,1.27232459491205e-08,"9","TXNIP"
6.98166301417172e-13,0.34528898597963,0.892,0.83,1.33978113241955e-08,"9","VMA21"
7.11634145522587e-13,0.828342238545306,0.25,0.147,1.36562592525784e-08,"9","CEP70"
7.13883695961388e-13,0.697799293909988,0.506,0.394,1.3699428125499e-08,"9","MPHOSPH6"
7.33360982758737e-13,0.631308181053203,0.566,0.457,1.40731972591402e-08,"9","FLYWCH2"
7.55360088600414e-13,0.745974456171203,0.344,0.229,1.44953601002419e-08,"9","BDH1"
9.80104367213883e-13,0.261020024350862,0.949,0.937,1.88082028068344e-08,"9","KRT10"
1.02303236374832e-12,0.745721355241824,0.638,0.545,1.96319910603303e-08,"9","JUNB"
1.10288001470063e-12,0.723606234884652,0.518,0.414,2.11642674821052e-08,"9","PARVG"
1.29798105722474e-12,0.63167130267088,0.389,0.262,2.49082564881429e-08,"9","ARMCX6"
1.45501861512696e-12,0.445050249398551,0.74,0.656,2.79218072242864e-08,"9","XRN2"
1.45723655793545e-12,0.379415093494801,0.786,0.699,2.79643695467812e-08,"9","MRPL54"
1.4718033220058e-12,0.454409083668124,0.695,0.577,2.82439057492913e-08,"9","SNAPIN"
1.51335019476352e-12,0.575713042946192,0.585,0.46,2.90411902375119e-08,"9","CYB5R4"
1.53832250737896e-12,1.0191270987784,0.49,0.399,2.95204089166022e-08,"9","FHL2"
1.54700980259983e-12,1.00263936663399,0.281,0.175,2.96871181118907e-08,"9","FAM89A"
1.59821550827996e-12,0.293826094421934,0.944,0.949,3.06697556038924e-08,"9","MRPL20"
1.78244159666766e-12,0.901071110518276,0.332,0.218,3.42050542400524e-08,"9","PIK3AP1"
1.79256304408752e-12,0.484177945587203,0.608,0.497,3.43992848160396e-08,"9","UTP18"
1.98995549884501e-12,0.569496777173833,0.555,0.43,3.81872460228357e-08,"9","USP15"
2.26186688828882e-12,0.464101104078408,0.785,0.736,4.34052255862624e-08,"9","SYNGR2"
2.3292562007473e-12,0.653540956935774,0.447,0.316,4.46984264923406e-08,"9","CD53"
2.44287430145358e-12,0.890130485035564,0.431,0.31,4.68787578448942e-08,"9","TSPAN13"
2.83846956087647e-12,0.717918547238565,0.329,0.211,5.44702308732195e-08,"9","NSMCE2"
2.90864816817335e-12,0.691068787023764,0.45,0.325,5.58169583472467e-08,"9","LASP1"
2.9884586950331e-12,0.543689266732593,0.675,0.609,5.73485223576852e-08,"9","PSMD7"
3.03204431057254e-12,0.568075914292578,0.477,0.354,5.8184930319887e-08,"9","ERP44"
3.11896046873247e-12,0.471992236522025,0.659,0.569,5.98528513949762e-08,"9","C1D"
3.21015314494619e-12,0.551004179178097,0.461,0.331,6.16028388515173e-08,"9","ACTR10"
3.54568854457046e-12,0.635572935201517,0.498,0.378,6.80417631703072e-08,"9","SARS"
3.58840204081684e-12,0.617726840690183,0.482,0.353,6.88614351632752e-08,"9","SDCCAG8"
3.78069294710634e-12,0.684418476229048,0.466,0.348,7.25514976549707e-08,"9","ATP6V1B2"
3.82208926559367e-12,0.711495745015408,0.376,0.26,7.33458930067426e-08,"9","SCFD1"
3.98528046456051e-12,0.291104739567935,0.885,0.834,7.64775321149161e-08,"9","CDC37"
4.05077244374469e-12,0.544628618903737,0.737,0.663,7.77343231954607e-08,"9","SNCA"
4.13512298732853e-12,0.377635141078088,0.946,0.979,7.93530101268344e-08,"9","PKM"
4.28145579852919e-12,0.392313139675033,0.856,0.795,8.21611367737751e-08,"9","TKT"
4.35877354142299e-12,0.767425738787948,0.268,0.163,8.36448642599072e-08,"9","PDPK1"
4.45454886324085e-12,0.502327993308275,0.603,0.494,8.5482792685592e-08,"9","COPS8"
4.47467315531361e-12,0.737992386784158,0.343,0.226,8.58689778504681e-08,"9","TMEM55A"
5.10692424285242e-12,0.600759004287623,0.643,0.559,9.80018762203379e-08,"9","ASAH1"
5.47515610774298e-12,0.322213215181041,0.812,0.756,1.05068245707588e-07,"9","RPS6KB2"
5.9900391529342e-12,0.66644891567614,0.475,0.354,1.14948851344807e-07,"9","ACOT13"
6.17190899198461e-12,0.822009057835708,0.348,0.236,1.18438933556185e-07,"9","RBMS1"
6.28738989551429e-12,0.397711743230522,0.777,0.695,1.20655012094919e-07,"9","TCEAL4"
6.72754289428067e-12,0.721696767167177,0.413,0.294,1.29101548141246e-07,"9","DEF8"
6.86010427587378e-12,2.74660393215776,0.289,0.206,1.31645401054018e-07,"9","S100A9"
7.13888708358356e-12,0.332189787939327,0.987,0.982,1.36995243133969e-07,"9","CALM2"
7.68024818842254e-12,0.632778755960258,0.38,0.258,1.47383962735828e-07,"9","ABI2"
8.26798900347244e-12,0.670501912932793,0.41,0.286,1.58662708976636e-07,"9","IFNGR1"
9.48040708144962e-12,0.792091164797361,0.333,0.225,1.81929011893018e-07,"9","ANXA4"
9.50925706766006e-12,0.702697250429084,0.415,0.297,1.82482643128397e-07,"9","C6orf1"
1.02582911370407e-11,0.715911755808795,0.293,0.186,1.96856606919812e-07,"9","C9orf85"
1.09285387969206e-11,0.783467256461411,0.356,0.242,2.09718659512906e-07,"9","C1orf21"
1.12309017624865e-11,0.423238356188692,0.671,0.569,2.15521004822116e-07,"9","NUDT1"
1.24354379245451e-11,1.01658532889556,0.282,0.181,2.38636053772021e-07,"9","GCHFR"
1.26225159219688e-11,0.260436289292524,0.949,0.971,2.42226080542581e-07,"9","TAGLN2"
1.29028255802769e-11,0.614760692793748,0.298,0.187,2.47605222885513e-07,"9","MARVELD1"
1.56868801974206e-11,0.759977993201079,0.437,0.333,3.01031230988501e-07,"9","EAF2"
1.72808474187957e-11,0.83019720092484,0.585,0.487,3.31619461966689e-07,"9","UBE2F"
1.78460085106293e-11,0.438848440463155,0.713,0.609,3.42464903318977e-07,"9","DCTN3"
1.83933607491416e-11,0.401753479814328,0.821,0.741,3.52968592776027e-07,"9","BLOC1S2"
1.8939415138289e-11,0.295367022759111,0.963,0.965,3.63447376503767e-07,"9","RHOG"
2.17628953761879e-11,0.656211908028986,0.478,0.374,4.17629962269046e-07,"9","TMBIM1"
2.27173797830652e-11,0.367175297901088,0.85,0.816,4.3594651803702e-07,"9","BCAP31"
2.34015291444979e-11,1.26046689846387,0.276,0.181,4.49075344282914e-07,"9","PLAUR"
2.40098938599619e-11,0.298496085402756,0.935,0.919,4.60749863172669e-07,"9","SARAF"
2.47814524096515e-11,0.546343837053993,0.49,0.368,4.75556071741213e-07,"9","SRP19"
2.61620162708065e-11,0.345869022850377,0.796,0.746,5.02049092236777e-07,"9","ERGIC3"
2.74283272323156e-11,0.36257961947471,0.96,0.964,5.26349599588137e-07,"9","TMEM14B"
3.08033480326470e-11,0.751418911194059,0.321,0.215,5.91116248746497e-07,"9","PSMC2"
3.50313983720734e-11,0.332537286832218,0.892,0.853,6.72252534760089e-07,"9","MYL12B"
3.52548647047938e-11,0.505671533813702,0.678,0.605,6.76540853684992e-07,"9","ACTN4"
3.89001531848243e-11,0.310893048047241,0.853,0.816,7.46493939616778e-07,"9","RER1"
4.07167922077733e-11,0.605759687341692,0.528,0.421,7.81355242467169e-07,"9","C16orf91"
4.09258531798271e-11,0.753280016614768,0.262,0.163,7.85367122520882e-07,"9","ACOT9"
4.09463455774944e-11,0.569450792682565,0.399,0.276,7.85760371632118e-07,"9","IK"
5.78999979898265e-11,0.738891725480769,0.341,0.233,1.11110096142477e-06,"9","PYGL"
5.87491137714711e-11,0.581746763267369,0.472,0.356,1.12739549327453e-06,"9","CASP4"
6.36417775644565e-11,0.745557783603616,0.322,0.216,1.22128571146192e-06,"9","GOLT1B"
6.4381298923894e-11,0.82242386977241,0.257,0.16,1.23547712634953e-06,"9","PDLIM5"
6.47620108837726e-11,0.332137788532864,0.874,0.857,1.2427829888596e-06,"9","SNRPC"
6.81772026815993e-11,0.53098843184027,0.565,0.447,1.30832051945989e-06,"9","SHARPIN"
7.06696546962392e-11,0.340731360561487,0.809,0.778,1.35615067362083e-06,"9","OLA1"
7.44298257457171e-11,0.627172244400169,0.324,0.211,1.42830835606031e-06,"9","MCM2"
7.46759677370239e-11,0.615405170996114,0.396,0.285,1.43303182087349e-06,"9","PRKACB"
7.64581440058815e-11,0.286364793309423,0.989,0.996,1.46723178347287e-06,"9","RAN"
7.66144327605603e-11,0.598692320677433,0.364,0.25,1.47023096467515e-06,"9","ORC4"
7.91868598112447e-11,0.498653480676806,0.638,0.553,1.51959583977779e-06,"9","CHMP5"
8.25258452467314e-11,0.787418768510298,0.349,0.243,1.58367097028478e-06,"9","OPTN"
8.86650662637579e-11,0.809658582621489,0.761,0.693,1.70148262160151e-06,"9","BRI3"
9.41628126005943e-11,0.60745948749149,0.49,0.385,1.80698437380541e-06,"9","MRPL28"
9.61678161514725e-11,0.594026250860798,0.448,0.329,1.84546039194676e-06,"9","RALB"
9.85056659590723e-11,0.356459779219386,0.813,0.77,1.8903237297546e-06,"9","GLO1"
9.98158952468723e-11,0.36407032859772,0.764,0.707,1.91546702978748e-06,"9","BAZ1A"
1.11213598085843e-10,0.56299638823791,0.582,0.488,2.13418894726733e-06,"9","CPSF6"
1.22045187712037e-10,0.610493582925498,0.263,0.161,2.34204715219399e-06,"9","POLE2"
1.22823597740286e-10,0.414583649453639,0.679,0.575,2.35698484063609e-06,"9","MAPRE1"
1.25610007378064e-10,0.684228872188667,0.305,0.199,2.41045604158505e-06,"9","RCL1"
1.36835401556982e-10,0.550402481858115,0.611,0.518,2.62587135587849e-06,"9","NUTM2A-AS1"
1.5768336385532e-10,0.763947606948406,0.268,0.171,3.02594375238358e-06,"9","SARNP"
1.62195470869391e-10,0.726992335915753,0.52,0.431,3.11253108598362e-06,"9","PSTPIP2"
1.74086124744063e-10,0.264907017104052,0.935,0.932,3.34071273383857e-06,"9","DSTN"
1.80598746736211e-10,0.265325588773181,0.898,0.887,3.46568994986788e-06,"9","NDUFB3"
1.90666212106863e-10,0.313056195426296,0.797,0.711,3.6588846103307e-06,"9","TMEM126A"
2.00540736486356e-10,0.267736688946271,0.912,0.874,3.84837673317318e-06,"9","SNF8"
2.04835645636393e-10,1.06849235629639,0.335,0.245,3.93079603976238e-06,"9","MTSS1"
2.05695421917066e-10,0.524932512842767,0.853,0.805,3.9472951465885e-06,"9","GABARAP"
2.06926525140042e-10,0.324503091547507,0.915,0.949,3.9709200174374e-06,"9","PA2G4"
2.08731603418982e-10,0.26502136055516,0.946,0.945,4.00555946961026e-06,"9","SAP18"
2.09178115425033e-10,0.744680029851799,0.258,0.164,4.01412803500638e-06,"9","RPP40"
2.09259996765342e-10,0.360976162288402,0.793,0.721,4.01569933792691e-06,"9","MTCH1"
2.14836788012031e-10,0.708607981835319,0.254,0.156,4.12271796195087e-06,"9","HACD2"
2.31254304260633e-10,0.687206183257497,0.416,0.304,4.43777009876154e-06,"9","GOSR2"
2.33916178636512e-10,0.550389847271641,0.565,0.463,4.48885146803466e-06,"9","PHACTR2"
2.53318197078475e-10,0.767323782682523,0.257,0.165,4.86117620193593e-06,"9","NAALADL1"
2.92981609320568e-10,0.620096769564135,0.738,0.694,5.6223170828617e-06,"9","MRPL16"
2.96765392105416e-10,0.464168675892432,0.601,0.485,5.69492787450293e-06,"9","COMMD8"
3.05765962739245e-10,0.405761937495948,0.872,0.856,5.86764882496611e-06,"9","PGK1"
3.1229380334173e-10,0.372727378572699,0.746,0.673,5.99291808612779e-06,"9","MRPS36"
3.27975053686141e-10,0.856057073956743,0.274,0.181,6.29384128023704e-06,"9","MAP1A"
3.34032230148094e-10,0.466316326771982,0.632,0.54,6.41007849654192e-06,"9","ANXA7"
3.50466919012151e-10,0.512842411759877,0.509,0.386,6.72546017584318e-06,"9","H2AFJ"
3.56735285179061e-10,0.453177435148691,0.614,0.514,6.84575012258618e-06,"9","EMC3"
3.63398488850785e-10,0.544415368679378,0.44,0.319,6.97361700104657e-06,"9","GNL1"
4.0627465333965e-10,0.551565229395074,0.426,0.313,7.79641059758788e-06,"9","CWC27"
4.16002509857907e-10,0.781322475250852,0.44,0.342,7.98308816417324e-06,"9","VPS37B"
4.16087749019094e-10,0.791933465702092,0.273,0.178,7.98472390367642e-06,"9","HIST1H2BN"
4.2902493011685e-10,0.373650530576186,0.957,0.976,8.23298840894236e-06,"9","TPM4"
4.39519470498243e-10,0.718609555091329,0.263,0.17,8.43437863886128e-06,"9","AC007325.4"
4.43793625593714e-10,0.398507051391929,0.681,0.588,8.51639967514337e-06,"9","ASNA1"
4.47775910934707e-10,0.50417545244134,0.469,0.35,8.59281973083704e-06,"9","PCSK7"
4.51443813574322e-10,0.634743524934205,0.463,0.357,8.66320678249124e-06,"9","RPF2"
4.67581853386218e-10,0.634484805466049,0.687,0.618,8.97289576648152e-06,"9","UBAC1"
4.71852260059807e-10,0.563194854782447,0.47,0.353,9.0548448705477e-06,"9","EZR"
4.72201089572092e-10,0.42965333065775,0.738,0.675,9.06153890888845e-06,"9","C8orf59"
4.82421358932683e-10,0.617395461464296,0.418,0.307,9.25766587791819e-06,"9","CINP"
5.05884818535078e-10,0.418932382129769,0.722,0.652,9.70792966768815e-06,"9","NQO2"
5.16414823914393e-10,0.271900179141192,0.82,0.772,9.9100004709172e-06,"9","SEPT2"
5.38127281189344e-10,0.385397724003684,0.75,0.682,1.03266625260235e-05,"9","HSD17B10"
5.82829277160434e-10,0.930368817670132,0.27,0.177,1.11844938287087e-05,"9","MXD1"
6.11677263803265e-10,0.511117479946654,0.694,0.614,1.17380866923847e-05,"9","FLNA"
6.36954295998944e-10,0.591557172915238,0.486,0.372,1.22231529402197e-05,"9","PLGRKT"
6.78759281385509e-10,0.46258436184138,0.624,0.535,1.30253906097879e-05,"9","NAPA"
7.44811737790609e-10,0.467024473194974,0.742,0.68,1.42929372482018e-05,"9","C7orf73"
8.16429064806198e-10,0.334046492874366,0.801,0.755,1.56672737536309e-05,"9","RAB2A"
8.22152036517285e-10,0.6308218597746,0.332,0.226,1.57770975807667e-05,"9","MRPL30"
8.72887191952587e-10,0.552351953476785,0.595,0.496,1.67507052135702e-05,"9","ZSCAN16-AS1"
8.81070193817931e-10,0.360821668455395,0.767,0.702,1.69077370193661e-05,"9","RNH1"
8.98348820895754e-10,0.280844153912231,0.904,0.87,1.72393138729895e-05,"9","NDUFA6"
9.56290721068991e-10,0.817882968999321,0.317,0.222,1.83512189373139e-05,"9","LACTB"
9.63762146768161e-10,0.531036454898605,0.517,0.423,1.8494595596481e-05,"9","NAE1"
9.69683672363956e-10,0.520861988798804,0.528,0.422,1.86082296726643e-05,"9","PPP1R7"
9.71954773029781e-10,0.610309029200051,0.317,0.211,1.86518120944415e-05,"9","RAE1"
9.95637601956678e-10,0.66872224546037,0.665,0.635,1.91062855815487e-05,"9","GALNT1"
1.04707160754771e-09,0.500807545483571,0.486,0.378,2.00933041488405e-05,"9","CDC73"
1.14609458456762e-09,0.286781383355836,0.807,0.756,2.19935550778526e-05,"9","OCIAD1"
1.2151651615582e-09,0.321974916320318,0.742,0.692,2.33190194503018e-05,"9","UBE2A"
1.21517822483419e-09,0.685082098599063,0.325,0.226,2.33192701345681e-05,"9","MORN2"
1.30507329252614e-09,2.12019834377297,0.451,0.392,2.50443564835766e-05,"9","FCER1G"
1.33186091980563e-09,0.554206844408989,0.531,0.438,2.55584110510701e-05,"9","VPS26A"
1.4052151702282e-09,0.309256103073704,0.943,0.99,2.69660791166792e-05,"9","STMN1"
1.44557380547407e-09,0.399438967543148,0.742,0.704,2.77405613270475e-05,"9","NUDT5"
1.49655334423172e-09,0.429871859470427,0.563,0.452,2.87188586758066e-05,"9","TCEAL3"
1.55166554339653e-09,0.483211710737041,0.815,0.772,2.97764617777794e-05,"9","REXO2"
1.58728246349106e-09,0.373295027323006,0.726,0.652,3.04599504743934e-05,"9","SEPT7"
1.60762127892141e-09,0.696303999796428,0.26,0.168,3.08502523425019e-05,"9","ZNF598"
1.64334328209585e-09,0.477438092056161,0.53,0.434,3.15357575834194e-05,"9","MRPL48"
1.65034385894891e-09,0.330507511970105,0.837,0.782,3.16700986532296e-05,"9","NDUFA2"
1.65649339588076e-09,2.82478169931608,0.396,0.312,3.17881082669518e-05,"9","LYZ"
1.98199795113976e-09,0.609874040525744,0.337,0.233,3.8034540682372e-05,"9","DNAJA3"
2.04779567303002e-09,0.691698921466685,0.278,0.183,3.92971989654461e-05,"9","YBEY"
2.07005013260608e-09,0.559030753972667,0.392,0.285,3.97242620447107e-05,"9","UBALD1"
2.30955177401536e-09,0.500755605828091,0.569,0.469,4.43202985433547e-05,"9","GPI"
2.43819565028933e-09,0.482298700356856,0.665,0.601,4.67889745290522e-05,"9","OSBPL8"
2.47933648041268e-09,0.537324516293611,0.565,0.461,4.75784670591194e-05,"9","PLEKHB2"
2.60399293104955e-09,0.334191050798068,0.761,0.695,4.99706243468409e-05,"9","MRPL43"
2.81948216474309e-09,0.480224650484888,0.384,0.271,5.410586274142e-05,"9","TTC14"
3.18056728265361e-09,0.586015801726969,0.348,0.246,6.10350861541227e-05,"9","RPAP3"
3.2620433996107e-09,0.69975229610213,0.327,0.227,6.25986128385293e-05,"9","PKMYT1"
3.4567487509036e-09,0.46038780426256,0.426,0.319,6.63350085298401e-05,"9","C4orf27"
3.81722192456543e-09,0.607601162478174,0.319,0.217,7.32524887324105e-05,"9","GDI1"
3.98295998075163e-09,0.335869835860982,0.718,0.604,7.64330020306238e-05,"9","CCDC109B"
4.14845988780023e-09,0.41274545762796,0.619,0.514,7.96089452468864e-05,"9","COX16"
4.21745997698201e-09,0.329285627080305,0.78,0.706,8.09330569582848e-05,"9","TAF10"
4.22498816056553e-09,0.693220893396262,0.649,0.581,8.10775228012524e-05,"9","NUDT4"
4.25410321943005e-09,0.376670066735025,0.751,0.689,8.16362407808626e-05,"9","SRI"
4.33822025712483e-09,1.0077897080441,0.343,0.252,8.32504467342254e-05,"9","PPP1R14A"
4.6626206532133e-09,0.437137063547611,0.517,0.403,8.94756903351633e-05,"9","RPA1"
4.76110352392349e-09,0.446644854361244,0.695,0.637,9.13655766240917e-05,"9","MBOAT7"
5.0924723865585e-09,0.553143077857743,0.451,0.349,9.77245450980576e-05,"9","LAP3"
5.11768546886448e-09,0.453448141744438,0.632,0.538,9.82083841475094e-05,"9","AC013461.1"
5.30168428088604e-09,0.48247814470966,0.603,0.497,0.000101739321350203,"9","RDX"
5.94206552278584e-09,0.774676991338723,0.314,0.219,0.00011402823738226,"9","ASAP1"
5.98993524001658e-09,0.280325634443555,0.888,0.871,0.000114946857255918,"9","ARPC4"
6.03408040270074e-09,0.501879226203137,0.718,0.661,0.000115794002927827,"9","TBPL1"
6.06213683150929e-09,0.405376592290967,0.813,0.787,0.000116332405796663,"9","ANXA11"
6.4313356994978e-09,0.69325992913929,0.297,0.203,0.000123417332073363,"9","TMEM164"
6.76895574356065e-09,0.749363208741698,0.282,0.192,0.000129896260718929,"9","MBOAT2"
7.40862968477614e-09,0.458787399024206,0.483,0.371,0.000142171603650854,"9","R3HCC1"
7.54849877768702e-09,0.852892887707594,0.485,0.393,0.000144855691543814,"9","NABP1"
7.72256199244185e-09,0.469788403155418,0.413,0.3,0.000148195964634959,"9","LINC00969"
8.48884037351213e-09,0.760979138957862,0.384,0.283,0.000162900846767698,"9","CIR1"
8.66008093388134e-09,0.396505559650397,0.641,0.548,0.000166186953121183,"9","APOPT1"
8.85015365131563e-09,0.284897450052128,0.845,0.814,0.000169834448568747,"9","NDUFS7"
9.08185449029052e-09,0.603026804154343,0.316,0.219,0.000174280787668675,"9","GOLGB1"
9.11132075182076e-09,0.394886741010633,0.805,0.793,0.00017484624522744,"9","CCT8"
9.26559112247953e-09,0.474660570772828,0.415,0.304,0.000177806693640382,"9","ARMCX3"
9.59384812803989e-09,0.514956385174214,0.912,0.898,0.000184105945577086,"9","LGALS1"
9.65303818258077e-09,0.428341446809478,0.66,0.568,0.000185241802723725,"9","MT-ND4L"
9.87736018091685e-09,0.251966212475368,0.947,0.961,0.000189546541871794,"9","FXYD5"
9.91667817592334e-09,0.371956481844614,0.708,0.637,0.000190301054195969,"9","SNRNP27"
9.93019904806098e-09,0.775021553433273,0.922,0.929,0.00019056051973229,"9","SRGN"
1.00433297657276e-08,0.605652520210967,0.407,0.315,0.000192731498204313,"9","PSMC4"
1.0526354888875e-08,0.587857481392559,0.648,0.609,0.000202000750317512,"9","TESC"
1.05448640162999e-08,0.410090042771462,0.627,0.54,0.000202355940472794,"9","SUCLG1"
1.12147974047566e-08,0.765635729952553,0.293,0.202,0.00021521196219728,"9","SELL"
1.13422190237641e-08,0.514335703594875,0.592,0.476,0.000217657183066034,"9","UBE2B"
1.1791085490707e-08,0.504673567384957,0.383,0.278,0.000226270930566668,"9","HAUS2"
1.21651970698393e-08,0.437649153445082,0.496,0.384,0.000233450131770217,"9","RING1"
1.26202010850828e-08,0.941489985740191,0.587,0.553,0.00024218165882274,"9","SLC40A1"
1.38508431317975e-08,0.608193759360453,0.329,0.234,0.000265797679699193,"9","TMEM41A"
1.42991376159035e-08,0.45979472868284,0.692,0.631,0.000274400450849188,"9","FXN"
1.43704630207342e-08,0.258730028610259,0.962,0.963,0.00027576918536789,"9","ARPC5"
1.44639170737956e-08,0.406696772589148,0.622,0.526,0.000277562568646137,"9","TBL1XR1"
1.50645826302276e-08,0.681929704710143,0.337,0.242,0.000289089340674067,"9","LRP10"
1.72957332148898e-08,0.59668391891105,0.266,0.177,0.000331905120393736,"9","BLVRA"
1.74189210884402e-08,0.661920354231411,0.268,0.179,0.000334269095687168,"9","GPAT4"
1.83033137618567e-08,0.374576231318914,0.77,0.717,0.00035124059109003,"9","PDIA3"
1.96851896655118e-08,0.753829577595667,0.282,0.193,0.000377758789681172,"9","RP11-295G20.2"
2.12506386221645e-08,0.575004179100528,0.427,0.328,0.000407799755159336,"9","ABHD2"
2.24006722257017e-08,0.744699578648534,0.633,0.594,0.000429868900011215,"9","GATA2"
2.4640088018147e-08,0.303137349412554,0.758,0.671,0.000472843289068241,"9","DNAJC15"
2.48184202964579e-08,0.656972567574625,0.306,0.215,0.000476265485489027,"9","CHMP1A"
2.82568118117642e-08,0.603606034146719,0.298,0.207,0.000542248218667755,"9","MRPS9"
2.86068339942835e-08,0.272759345585144,0.807,0.748,0.0005489651443503,"9","SMIM10L1"
2.91950505441877e-08,0.460722965321306,0.539,0.43,0.000560253019942961,"9","EIF2AK1"
2.92182021993078e-08,0.306990248272051,0.788,0.746,0.000560697300204716,"9","PDAP1"
3.00489507715677e-08,0.411062558654912,0.491,0.382,0.000576639365306385,"9","MCM5"
3.02557479986424e-08,0.595344298483496,0.344,0.251,0.000580607804093948,"9","SAV1"
3.03955213197072e-08,0.384435014206176,0.703,0.631,0.000583290054125181,"9","LEPROTL1"
3.12227397681631e-08,0.549527949509181,0.541,0.459,0.000599164376151051,"9","PLEKHF2"
3.28276901697894e-08,0.537662212821775,0.475,0.371,0.000629963374358258,"9","REEP3"
3.60184459838371e-08,0.776000416942353,0.373,0.285,0.000691193978429834,"9","CD84"
3.60371417814979e-08,0.583956581722936,0.378,0.281,0.000691552750786945,"9","SELPLG"
3.76371089486631e-08,0.51368119922002,0.357,0.26,0.000722256120724844,"9","TLE3"
3.9280232629833e-08,0.764404498265409,0.289,0.2,0.000753787664166494,"9","MTURN"
4.1119297557328e-08,0.507872465131934,0.357,0.258,0.000789079320125124,"9","SNRNP48"
4.11704644004738e-08,0.277514163388548,0.831,0.824,0.000790061211845092,"9","HSPB11"
4.17005987698965e-08,0.374649837894106,0.839,0.805,0.000800234490394313,"9","DUSP23"
4.17757277783686e-08,0.502041847573061,0.732,0.705,0.000801676216066893,"9","FAM45A"
4.25588225690641e-08,0.548219931891299,0.357,0.26,0.000816703805100341,"9","C10orf11"
4.42576897800276e-08,0.384172813390852,0.56,0.454,0.00084930506687873,"9","MED31"
4.45395043037748e-08,0.285911791656691,0.826,0.781,0.000854713087589438,"9","TMCO1"
4.48170203874908e-08,1.00399915752023,0.313,0.231,0.000860038621235948,"9","C2orf88"
4.59276672760252e-08,0.508541917776687,0.346,0.249,0.000881351935026924,"9","UNC45A"
4.6072214018041e-08,0.30289556391909,0.974,0.955,0.000884125787006207,"9","TSPO"
4.90120150345097e-08,0.584307321466523,0.434,0.339,0.000940540568512241,"9","CBFB"
5.01844483939944e-08,0.511222133504955,0.357,0.26,0.000963039564680753,"9","CTNND1"
5.30942066974878e-08,0.325639979310566,0.927,0.919,0.00101887782652479,"9","APRT"
5.39234360539958e-08,0.33375348992017,0.833,0.839,0.00103479073787618,"9","CCT4"
5.65589892072262e-08,0.579816865097399,0.354,0.26,0.00108536700288667,"9","PEPD"
5.68319099914165e-08,0.402994183099209,0.593,0.499,0.00109060435273528,"9","TERF2IP"
5.70260811773913e-08,0.71230493837259,0.27,0.186,0.00109433049779414,"9","ACER3"
5.72185486458923e-08,0.400657263280635,0.566,0.477,0.00109802394851467,"9","CCNH"
5.73544590192754e-08,0.388921719187337,0.66,0.599,0.0011006320685799,"9","RRP7A"
6.20817301851718e-08,0.430163265196682,0.515,0.415,0.00119134840225345,"9","NELFCD"
6.59579160726536e-08,0.497284678188434,0.378,0.28,0.00126573240943422,"9","NUDT16L1"
6.98928537927698e-08,0.598636036021839,0.321,0.227,0.00134124386428325,"9","GNL2"
7.75982328459597e-08,0.623049451287899,0.301,0.212,0.00148911008831397,"9","ITFG1"
9.03973244374915e-08,0.417666662624234,0.581,0.477,0.00173472465595546,"9","SNX6"
9.06996444900231e-08,0.431457232421571,0.568,0.473,0.00174052617776354,"9","LARP7"
9.09994552422178e-08,0.748844485094618,0.44,0.362,0.00174627954609816,"9","DDIT4"
9.29771896387077e-08,0.593649930829272,0.59,0.512,0.0017842322691668,"9","MCL1"
9.68595435308993e-08,0.282814346409418,0.777,0.713,0.00185873464035796,"9","SNRNP70"
1.0007246010886e-07,0.707215805912866,0.367,0.271,0.00192039050948902,"9","NMB"
1.06045516278172e-07,0.540459082918398,0.268,0.181,0.00203501345737812,"9","TBK1"
1.06485105153191e-07,0.372427758388453,0.555,0.449,0.00204344916788974,"9","ILK"
1.13556473057324e-07,0.322897314332015,0.836,0.778,0.00217914871797005,"9","PET100"
1.14226503152413e-07,1.30706627531761,0.656,0.616,0.00219200659549481,"9","SLC25A37"
1.38953466318049e-07,0.590057344797491,0.309,0.22,0.00266651701864335,"9","FLOT2"
1.44028795134373e-07,0.284675873465649,0.759,0.696,0.00276391257862862,"9","BTF3L4"
1.45508610400765e-07,0.467849759871016,0.4,0.304,0.00279231023359067,"9","AATF"
1.50923301000853e-07,0.325319182128432,0.66,0.601,0.00289621814620637,"9","TK1"
1.59175559931164e-07,0.664548146846712,0.308,0.217,0.00305457899507904,"9","ENG"
1.61706598697921e-07,0.550119786205118,0.26,0.175,0.0031031496290131,"9","ZNF264"
1.66816440905617e-07,0.736230494259559,0.281,0.198,0.00320120750097879,"9","HOXA10-AS"
1.74435741747106e-07,0.393936452035961,0.708,0.631,0.00334742188412697,"9","TMEM9B"
1.80054173313787e-07,0.312159874834647,0.737,0.693,0.00345523958589157,"9","VBP1"
1.83351767799081e-07,0.339153579732067,0.651,0.57,0.00351852042406437,"9","UBE2L6"
1.94813429489509e-07,0.480766046931067,0.426,0.331,0.00373846971190367,"9","RTCB"
1.99692172009246e-07,0.322172405285206,0.63,0.537,0.00383209278085744,"9","GNAI3"
2.03470323325848e-07,0.623664020212285,0.378,0.295,0.00390459550462302,"9","UBR4"
2.1071384682384e-07,0.407986681323288,0.498,0.392,0.00404359872054949,"9","MCM7"
2.12500016102316e-07,0.379107448499411,0.568,0.469,0.00407787530900344,"9","GLRX2"
2.18391354045383e-07,0.466404296849435,0.475,0.374,0.0041909300841309,"9","ATP2B1"
2.21841436551127e-07,0.475199335567138,0.52,0.425,0.00425713716741614,"9","ETF1"
2.22033247164125e-07,0.35178812729067,0.628,0.549,0.00426081801307955,"9","USP16"
2.35152861182707e-07,0.426303482299498,0.541,0.439,0.00451258340609615,"9","COMMD5"
2.37801923601576e-07,0.511277091205197,0.262,0.176,0.00456341891391424,"9","IKBKG"
2.40616360807913e-07,0.461837008704899,0.448,0.353,0.00461742796390384,"9","MSRB2"
2.49471771049099e-07,0.285276212452649,0.722,0.668,0.0047873632864322,"9","RTFDC1"
2.50287029948429e-07,0.467836467264401,0.552,0.463,0.00480300810471035,"9","SIAH2"
2.52510479943955e-07,0.463145243453713,0.373,0.274,0.0048456761101245,"9","DLD"
2.6949591096911e-07,0.258886854503666,0.877,0.852,0.00517162653149723,"9","POLR2J"
2.75943170604191e-07,0.26335108238266,0.753,0.709,0.00529534944389443,"9","ZNF207"
2.81528348907102e-07,0.60259390114274,0.273,0.191,0.00540252901552728,"9","USP33"
3.04142543723932e-07,0.365514063270776,0.726,0.686,0.00583649541406225,"9","ARF4"
3.07538038810924e-07,0.593809369718689,1,1,0.00590165496478163,"9","MALAT1"
3.32969759824098e-07,0.407724003590637,0.565,0.478,0.00638968969102443,"9","KCTD20"
3.35378667279644e-07,0.681718466214472,0.391,0.298,0.00643591662509637,"9","ISG15"
3.44388401341827e-07,0.429296380599291,0.587,0.514,0.00660881342174965,"9","EMC8"
3.57211886262431e-07,0.656373240780102,0.362,0.277,0.00685489609737605,"9","CTR9"
3.57573773530468e-07,0.474731712495161,0.702,0.687,0.00686184071404969,"9","CCT5"
3.71785995892222e-07,0.484852102617159,0.539,0.456,0.00713457326117175,"9","SPPL2A"
3.74814531113235e-07,0.320210245661636,0.603,0.502,0.00719269085206298,"9","EIF2B1"
3.89160062334043e-07,0.468540872633523,0.539,0.453,0.00746798159619029,"9","RNPEP"
3.89541777181838e-07,0.255044971490274,0.842,0.844,0.00747530670411947,"9","ANP32A"
3.97295141746404e-07,0.499050438761604,0.321,0.232,0.00762409377011349,"9","CDK11A"
3.97866046900281e-07,0.514881057075508,0.388,0.297,0.00763504944001638,"9","DYNC1LI1"
4.0623562246898e-07,0.275732971122361,0.801,0.753,0.00779566159517972,"9","ZNF511"
4.28458876578785e-07,0.472260465586601,0.443,0.358,0.00822212584154689,"9","PRPS2"
4.35168691329842e-07,0.350895075864516,0.649,0.57,0.00835088718661966,"9","PAFAH1B1"
4.39204764017759e-07,0.545652322923166,0.262,0.18,0.0084283394215008,"9","DEDD"
4.68089430748892e-07,0.371957798988963,0.579,0.485,0.00898263617607123,"9","AKR1B1"
4.7410742031651e-07,0.678316959811077,0.388,0.304,0.00909812139587383,"9","FNDC3B"
4.99463270556001e-07,0.345427182776787,0.638,0.58,0.00958470016196965,"9","U2SURP"
5.11035903256629e-07,0.596968876331033,0.295,0.212,0.00980677898349471,"9","ANKRD27"
5.29865868014076e-07,0.432647827328945,0.507,0.417,0.0101681260071901,"9","TMOD3"
5.34547997567524e-07,0.525130851021479,0.376,0.295,0.0102579760733208,"9","CASP6"
5.42294376123913e-07,0.263750594044547,0.834,0.794,0.0104066290778179,"9","TBCB"
6.2682015789628e-07,0.451424115108882,0.411,0.319,0.0120286788300296,"9","SRP54"
6.59040991959232e-07,0.400459045520862,0.51,0.426,0.0126469966356977,"9","SRPRB"
6.75429511490524e-07,0.294795951109043,0.673,0.588,0.0129614923255032,"9","DCAF7"
6.81710136741066e-07,0.267184838878359,0.769,0.697,0.0130820175240611,"9","TMEM179B"
7.04470107928698e-07,0.603859581634262,0.676,0.613,0.0135187813711517,"9","FO538757.2"
7.37038480201585e-07,0.306748042256558,0.745,0.708,0.0141437684350684,"9","SMC3"
7.56716090974835e-07,0.448530642622521,0.416,0.328,0.0145213817858071,"9","TSFM"
7.975290792769e-07,0.541022656109468,0.262,0.181,0.0153045830313237,"9","CRYL1"
8.12445234708026e-07,0.376257635133105,0.49,0.397,0.015590824054047,"9","IMMT"
8.3073748037821e-07,0.328877935255964,0.671,0.615,0.0159418522484578,"9","BAD"
1.01442489112351e-06,1.12041542048818,0.274,0.203,0.0194668136606601,"9","MPO"
1.02180511810076e-06,0.532314619714258,0.29,0.207,0.0196084402163536,"9","ZC3H14"
1.02983445829905e-06,0.374151798843268,0.604,0.525,0.0197625232547587,"9","ARIH2"
1.03137117523266e-06,0.37975027204586,0.552,0.449,0.0197920128527147,"9","ORMDL2"
1.0353572135176e-06,0.375882369539214,0.512,0.416,0.0198685049274028,"9","PFDN1"
1.03942481537691e-06,0.511720359273366,0.274,0.194,0.0199465622070829,"9","KIAA1586"
1.11167684572931e-06,0.397729541842011,0.517,0.437,0.0213330786695455,"9","E2F4"
1.15037749300037e-06,0.587943981464839,0.329,0.247,0.0220757440906772,"9","APEX2"
1.15693489129669e-06,0.507783525946306,0.41,0.318,0.0222015805639835,"9","RAB9A"
1.16204431369844e-06,0.324476169136864,0.6,0.518,0.022299630379873,"9","PPIL3"
1.27542894188739e-06,0.333649075270936,0.612,0.539,0.024475481394819,"9","TXNDC9"
1.28854338105342e-06,0.254400368846929,0.962,0.952,0.0247271474824152,"9","CDC42"
1.33136151922414e-06,0.5297591288228,0.368,0.284,0.0255488275539112,"9","IST1"
1.3609819903417e-06,0.470317516761877,0.506,0.409,0.0261172443946572,"9","IDH1"
1.42072353782432e-06,0.361675184870605,0.582,0.498,0.0272636846908487,"9","MCRS1"
1.42433412356338e-06,0.527035905618539,0.386,0.304,0.0273329718311814,"9","PAK1"
1.4297010273594e-06,0.554893804894703,0.338,0.257,0.0274359627150269,"9","CRTC3"
1.44270252310804e-06,0.457263967188064,0.392,0.304,0.0276854614184433,"9","TRMT6"
1.48719797233701e-06,0.385990273274747,0.469,0.381,0.0285393290891472,"9","ZDHHC4"
1.54094836168509e-06,0.31251063256988,0.707,0.673,0.0295707990607368,"9","PSMC3"
1.55439344609131e-06,0.386748658057,0.791,0.826,0.0298288102304923,"9","DNAJC9"
1.56505359248886e-06,0.484806692948025,0.467,0.402,0.0300333784398613,"9","DECR1"
1.62365156190959e-06,0.319909856273538,0.611,0.528,0.031157873473045,"9","IFT20"
1.62910459051688e-06,0.436698524495034,0.443,0.359,0.031262517092019,"9","HDAC3"
1.64210720959602e-06,0.487818357037023,0.325,0.24,0.0315120373521475,"9","SCYL1"
1.66416153771045e-06,0.415487854484378,0.464,0.371,0.0319352599086635,"9","RRAGA"
1.71194412675925e-06,0.439061096615057,0.365,0.274,0.03285220779251,"9","TEX261"
1.72328435272293e-06,0.6061795585722,0.257,0.184,0.033069826728753,"9","EXOSC9"
1.80460066092919e-06,0.25064036232022,0.974,0.978,0.0346302866832312,"9","ATPIF1"
1.83595637657229e-06,0.267624211623255,0.807,0.786,0.0352320028664223,"9","ZNF22"
1.85182158998344e-06,0.446078380303377,0.397,0.306,0.0355364563117822,"9","CLPTM1"
1.88272473041141e-06,0.334376009375048,0.705,0.634,0.0361294875765949,"9","USP48"
1.9051521908239e-06,0.414970514848561,0.494,0.418,0.0365598705419107,"9","RPF1"
2.17423746788748e-06,0.507193580071186,0.501,0.434,0.0417236170087607,"9","MYO1F"
2.21834959909362e-06,0.428231254297569,0.47,0.382,0.0425701288066065,"9","VPS4A"
2.29496421490344e-06,0.360912883445015,0.568,0.485,0.0440403632839971,"9","PUF60"
2.32530445896675e-06,0.26046894483798,0.777,0.753,0.0446225925675719,"9","SLTM"
2.37912852495568e-06,0.293526572839865,0.82,0.807,0.0456554763938995,"9","EIF3D"
2.47447717299241e-06,0.517943417067603,0.285,0.207,0.0474852169497243,"9","PAPSS1"
2.55771114491994e-06,0.429349730890387,0.344,0.263,0.0490824768710137,"9","BEX2"
2.56287189122574e-06,0.251029739054837,0.767,0.729,0.0491815115926219,"9","SF3B2"
2.56891956230184e-06,0.389295387157397,0.504,0.416,0.0492975664005722,"9","RAB1B"
2.60164748756716e-06,0.488495485898367,0.848,0.845,0.0499256152864139,"9","TMEM14C"
2.70541773781127e-06,0.367351673462928,0.364,0.27,0.0519169663885983,"9","RFC2"
2.76378903619074e-06,0.419007126640673,0.486,0.397,0.0530371116045003,"9","RNF145"
2.7737945239934e-06,0.431132298366376,0.475,0.386,0.0532291169154334,"9","GNPAT"
2.83057123945361e-06,0.408595379920353,0.534,0.458,0.0543186620851148,"9","VPS35"
2.96313140403069e-06,0.273112782550486,0.743,0.702,0.0568624916433489,"9","SDHB"
2.9654198787381e-06,0.306581283582916,0.593,0.52,0.0569064074729841,"9","FAM120A"
3.19234417796555e-06,0.53190670074242,0.427,0.357,0.0612610847751589,"9","PPP3R1"
3.19755042118272e-06,0.377534131618614,0.416,0.327,0.0613609925824963,"9","USP14"
3.21277529869519e-06,0.594512384656579,0.431,0.356,0.0616531579819608,"9","JOSD2"
3.23361394379624e-06,0.359475078352906,0.509,0.423,0.0620530515814499,"9","SNAP29"
3.24570273957907e-06,0.399617500387785,0.541,0.458,0.0622850355725224,"9","MCTS1"
3.38566902336758e-06,0.306912468338029,0.662,0.59,0.0649709885584239,"9","MTIF3"
3.41523596190175e-06,1.40447823466652,0.509,0.478,0.0655383781088945,"9","CYTL1"
3.5620934112937e-06,0.342485029581568,0.624,0.562,0.068356572562726,"9","MRPL1"
3.63316775958693e-06,0.399165901316487,0.585,0.503,0.0697204893064733,"9","FAM200B"
3.69917037710337e-06,0.507065860514091,0.322,0.243,0.0709870795366137,"9","FADS2"
3.71852236201794e-06,0.515247605530286,0.348,0.267,0.0713584441271242,"9","DDIT3"
3.77966845393536e-06,0.701936353600287,0.791,0.776,0.0725318376310196,"9","GLRX"
3.96028222656822e-06,0.468141084349072,0.309,0.232,0.0759978159278442,"9","MTRF1L"
4.14236418137094e-06,0.712984048866049,0.308,0.235,0.0794919686405083,"9","RASSF5"
4.24081042097302e-06,0.450100066973413,0.391,0.303,0.0813811519784723,"9","CREB3"
4.38178267200552e-06,0.380398135305278,0.534,0.45,0.0840864094757859,"9","COMMD9"
4.40566036525709e-06,0.498083235548603,0.367,0.284,0.0845446224092835,"9","VCL"
4.4394813406596e-06,0.403654819577407,0.49,0.406,0.0851936469272577,"9","RIC8A"
4.48341476432128e-06,0.545339545265331,0.498,0.419,0.0860367293273254,"9","MAP2K3"
4.51024844396391e-06,0.387078610801679,0.295,0.212,0.0865516676396674,"9","ACD"
4.80809200507158e-06,0.52125166953581,0.262,0.187,0.0922672855773235,"9","FAM20B"
4.81643957729242e-06,0.307080436021043,0.581,0.484,0.0924274754882416,"9","EAPP"
4.94463174477926e-06,0.465576485207554,0.284,0.208,0.0948874831823139,"9","JMJD6"
5.15255610289835e-06,0.586953564316799,0.609,0.552,0.0988775516146192,"9","UROD"
5.29486783919317e-06,0.658651924707463,0.263,0.19,0.101608513834117,"9","ABHD5"
5.39637524445051e-06,0.492002833192148,0.309,0.234,0.103556440941005,"9","COX19"
5.44636402153264e-06,0.964499238818065,0.273,0.206,0.104515725573211,"9","FYB"
5.9752961550105e-06,0.49424276369649,0.352,0.28,0.114665933214651,"9","FH"
5.99744880039545e-06,0.454161534715934,0.293,0.216,0.115091042479589,"9","NEK7"
6.06115071183861e-06,0.507195980222694,0.338,0.254,0.116313482160183,"9","NOL10"
6.16600915717136e-06,0.338458701935599,0.89,0.922,0.118325715726118,"9","LYPLA1"
6.24811334723541e-06,0.453427002422738,0.349,0.264,0.119901295133448,"9","IFT52"
6.96844167306704e-06,0.662489941604689,0.332,0.264,0.133724395706157,"9","HDAC7"
7.21100537061345e-06,0.377017502842041,0.464,0.378,0.138379193062072,"9","PTOV1"
7.31544340348228e-06,0.330490299365538,0.453,0.364,0.140383358912825,"9","TTC1"
7.42369441390528e-06,0.398089457594975,0.715,0.697,0.142460695802842,"9","SSBP1"
7.45086484154162e-06,0.457525979025729,0.33,0.25,0.142982096309184,"9","GPATCH11"
7.71109277835161e-06,0.415799170770383,0.359,0.278,0.147975870416567,"9","CIAPIN1"
7.74309691478478e-06,0.39337749725663,0.458,0.38,0.14859002979472,"9","NRBP1"
7.79596845130515e-06,0.264698172007018,0.742,0.691,0.149604634580546,"9","RBBP7"
7.8412843172691e-06,0.438293235728548,0.254,0.18,0.150474246048394,"9","PGPEP1"
7.89473427711593e-06,0.588228823329092,0.33,0.258,0.151499950777855,"9","GIPC1"
8.01158596610139e-06,0.391519312453878,0.498,0.415,0.153742334689486,"9","PLIN3"
8.16001948525535e-06,0.376411000586376,0.472,0.385,0.15659077392205,"9","TSR2"
8.94780066282779e-06,0.344124547732929,0.713,0.663,0.171708294719665,"9","EFHD2"
9.77043351036799e-06,0.458601514898083,0.419,0.334,0.187494619063962,"9","GARS"
9.88199021573336e-06,0.364133725085226,0.604,0.533,0.189635392239923,"9","FAM177A1"
1.02200559531769e-05,0.285285210829432,0.609,0.523,0.196122873741464,"9","COA5"
1.02558262846466e-05,0.313305121678776,0.665,0.607,0.196809306402368,"9","NELFE"
1.03639377153773e-05,0.398267045397851,0.493,0.408,0.198883964758091,"9","EXOC5"
1.075228258967e-05,0.347132590171703,0.485,0.396,0.206336302895768,"9","PNKP"
1.07996224814561e-05,0.560264459926229,0.319,0.241,0.207244755419142,"9","EML4"
1.10146738288297e-05,0.417438337092482,0.515,0.436,0.211371590775242,"9","R3HDM4"
1.10578912683765e-05,0.402703248314309,0.491,0.411,0.212200933440145,"9","SURF2"
1.12742971467442e-05,0.272918246178214,0.743,0.712,0.216353762246022,"9","DNAJB6"
1.16689548623593e-05,0.429762816698065,0.464,0.389,0.223927243808674,"9","MED8"
1.17720562744596e-05,0.670888855460891,0.293,0.23,0.225905759906879,"9","SQRDL"
1.17771670504675e-05,0.292881192044345,0.743,0.705,0.226003835698471,"9","VIMP"
1.20423645621956e-05,0.317910954103144,0.856,0.84,0.231092975948533,"9","HSBP1"
1.20883321770606e-05,0.802507198029026,0.683,0.636,0.231975094477792,"9","PSAP"
1.22958287538126e-05,0.263681232106181,0.702,0.657,0.235956953785664,"9","NAA20"
1.24081116354123e-05,0.474296167655048,0.37,0.291,0.238111662283562,"9","CD320"
1.2787444913787e-05,0.385612764063419,0.365,0.283,0.245391067895572,"9","SNX1"
1.34336809797133e-05,0.514082585176132,0.255,0.185,0.257792338000699,"9","DIP2B"
1.38952259390823e-05,0.851668709116991,0.281,0.215,0.266649385770988,"9","DUSP14"
1.40001210655912e-05,0.402882339675922,0.544,0.474,0.268662323248695,"9","BCCIP"
1.44292131313686e-05,0.389208242465953,0.37,0.287,0.276896599990963,"9","STX8"
1.46114416587268e-05,0.402483513468446,0.391,0.305,0.280393565430967,"9","ATP6V1H"
1.46437573617827e-05,0.342096103721244,0.431,0.337,0.281013703772611,"9","RBM4"
1.48011624431662e-05,0.368223403742563,0.542,0.457,0.28403430728436,"9","LAMTOR3"
1.48235309206113e-05,0.364816508491899,0.447,0.375,0.284463558366532,"9","WBSCR22"
1.55375284825338e-05,0.442725338404691,0.268,0.195,0.298165171579823,"9","LENG1"
1.56171508879621e-05,0.257999441718834,0.737,0.695,0.299693125539992,"9","RAB11A"
1.62494623625115e-05,0.465117858201294,0.319,0.242,0.311827182736596,"9","LGALS8"
1.62520256013929e-05,0.387133075381933,0.418,0.334,0.311876371290729,"9","GTF2H1"
1.65842428254652e-05,0.354556349638166,0.743,0.737,0.318251619820678,"9","SYNGR1"
1.66077673021539e-05,0.265453387042408,0.729,0.689,0.318703054528334,"9","COPS5"
1.68306957401434e-05,0.462071999383977,0.292,0.218,0.322981051253353,"9","CHCHD6"
1.70062554621527e-05,0.416725001903735,0.297,0.223,0.32635004231871,"9","SERINC1"
1.76244048113901e-05,0.269766630289546,0.671,0.606,0.338212328330576,"9","LSM12"
1.77238672668061e-05,0.270051205511256,0.55,0.456,0.340121012850009,"9","BECN1"
1.78789824973129e-05,0.464525033038339,0.266,0.195,0.343097674123434,"9","SCD"
1.82120173511582e-05,0.349645207587275,0.595,0.528,0.349488612968726,"9","FRG1"
1.84155170185474e-05,0.476679600932462,0.399,0.325,0.353393771585924,"9","UBXN6"
1.9043520691211e-05,0.504389797061035,0.268,0.199,0.365445162064339,"9","WIPF2"
1.9505775671881e-05,0.360136056180489,0.585,0.526,0.374315835143397,"9","NR1H2"
2.02321029458104e-05,0.32913683634476,0.606,0.534,0.388254055530101,"9","MTX2"
2.02337715558944e-05,0.356846211524778,0.293,0.216,0.388286076157614,"9","LACTB2"
2.07560923716169e-05,0.258561891121187,0.746,0.701,0.398309412611329,"9","LYAR"
2.23330372300258e-05,0.42152873358774,0.372,0.297,0.428570984444195,"9","ALDH9A1"
2.29998469265806e-05,0.285145488189783,0.689,0.654,0.441367062521083,"9","PSMD11"
2.30164699693672e-05,0.329218290827355,0.573,0.498,0.441686058712156,"9","UBL4A"
2.33656705640301e-05,0.398479677905888,0.472,0.387,0.448387218123737,"9","ZCCHC9"
2.35865964632543e-05,0.585662890038933,0.258,0.19,0.452626786129849,"9","HSPA4"
2.41007169710149e-05,0.3299677827961,0.601,0.53,0.462492758673776,"9","BORCS7"
2.50040272826075e-05,0.377382256598058,0.389,0.306,0.479827283553237,"9","NME3"
2.68166209604307e-05,0.361175643360735,0.557,0.48,0.514610956230666,"9","PRR34-AS1"
2.71112184026349e-05,0.349219464466736,0.408,0.321,0.520264281146565,"9","ZNF639"
2.73162225644824e-05,0.519838668933324,0.612,0.58,0.524198311012416,"9","CTSC"
2.81510010727182e-05,0.533439522244706,0.786,0.758,0.540217710585463,"9","NPC2"
2.83459889614501e-05,0.335260185816415,0.496,0.411,0.543959528170228,"9","USP8"
2.8476211213491e-05,0.364103420528089,0.746,0.701,0.546458493186892,"9","UROS"
2.91775870876135e-05,0.346235512071845,0.643,0.581,0.559917896211302,"9","NDUFAF6"
2.96184616943988e-05,0.425071853174987,0.265,0.194,0.568378279915513,"9","MORC3"
2.98307064696914e-05,0.467111938421687,0.364,0.288,0.572451257153378,"9","DYNLT3"
3.1213647315354e-05,0.314750027500788,0.426,0.334,0.598989891981644,"9","SIRT7"
3.22282394721457e-05,0.494495194969278,0.482,0.425,0.618459915470475,"9","HENMT1"
3.280114487951e-05,0.256897301278911,0.809,0.8,0.629453970237796,"9","DTYMK"
3.30437447533117e-05,0.502963422130369,0.381,0.304,0.634109461816051,"9","MAP3K2"
3.43360883569697e-05,0.494880749575944,0.254,0.189,0.658909535570248,"9","GBE1"
3.49573762015012e-05,0.30478803113002,0.609,0.541,0.670832049306809,"9","MLST8"
3.50502646955196e-05,0.448118535214401,0.313,0.238,0.672614579507021,"9","DSTYK"
3.57975454840665e-05,0.47287795629489,0.552,0.489,0.686954897839236,"9","FAM195A"
3.61145199876831e-05,0.443039591817572,0.41,0.341,0.693037638563639,"9","FARSB"
3.6666767231471e-05,0.38064268221277,0.38,0.304,0.703635263171929,"9","PSPC1"
3.76142960261261e-05,0.449701330595424,0.262,0.192,0.72181834074136,"9","DRG2"
3.89798731426177e-05,0.446817976584818,0.515,0.448,0.748023765606834,"9","HTRA2"
3.95359240115987e-05,0.283323283654657,0.78,0.778,0.758694381782579,"9","HNRNPH3"
4.04282740111313e-05,0.346733454767427,0.549,0.481,0.77581857827361,"9","MRPL22"
4.07506478092972e-05,0.491261733229127,0.285,0.219,0.782004931460413,"9","MAD2L1BP"
4.12052457722626e-05,0.438603549525943,0.351,0.272,0.790728666369719,"9","PIGS"
4.38254903006893e-05,0.544010882100418,0.325,0.257,0.841011158870227,"9","FOXM1"
4.49923943756641e-05,0.665788555122838,0.337,0.267,0.863404048068994,"9","KLF6"
4.7565644491711e-05,0.81845162518383,0.335,0.279,0.912784717795933,"9","FAM105A"
4.7683847389022e-05,0.387946283424932,0.442,0.361,0.915053031395333,"9","IFNAR1"
4.77832971848182e-05,0.318941035772344,0.927,0.955,0.916961472976662,"9","VAPA"
4.80353092283174e-05,0.378138157481956,0.429,0.351,0.92179758409141,"9","LZIC"
4.84532578777105e-05,0.552457352291725,0.276,0.212,0.929818018673264,"9","SEC23A"
4.97125664298008e-05,0.269339487516701,0.833,0.788,0.953984149787877,"9","ATOX1"
5.01746114374818e-05,0.623481865133255,0.421,0.348,0.962850793485275,"9","GRINA"
5.08109942054969e-05,0.468109884233113,0.36,0.284,0.975062978803486,"9","PTPRC"
5.12272773814714e-05,0.321915039711714,0.699,0.63,0.983051452950436,"9","IFI27L2"
5.12423423823173e-05,0.306542709814735,0.616,0.546,0.983340550316669,"9","ISCA2"
5.15217182824882e-05,0.44554811820201,0.321,0.249,0.988701773840949,"9","FAM210A"
5.17453479976276e-05,0.423061673337825,0.37,0.292,0.992993228074474,"9","RB1"
5.22736328254946e-05,0.396152314822722,0.254,0.184,1,"9","ZNF224"
5.43161261766743e-05,0.415460620455722,0.49,0.414,1,"9","POLR2C"
5.45585940139682e-05,0.464866939300006,0.352,0.282,1,"9","USP10"
5.63387323359942e-05,0.415142125772469,0.317,0.246,1,"9","YY1AP1"
5.64759860554638e-05,0.270259783231841,0.673,0.617,1,"9","MRPS5"
5.76357074838342e-05,0.334035937335771,0.48,0.39,1,"9","CDK11B"
5.8723033684494e-05,0.386635073057532,0.542,0.472,1,"9","NDFIP1"
5.90596659624055e-05,0.422142305785788,0.419,0.349,1,"9","SMAP2"
6.07464655203152e-05,0.469974608383252,0.348,0.28,1,"9","TANK"
6.16219763890195e-05,0.414918252409355,0.435,0.36,1,"9","MTERF4"
6.54619322624431e-05,0.298047479202125,0.608,0.536,1,"9","CRIPT"
6.54979867985902e-05,0.267306530896855,0.7,0.641,1,"9","ELOF1"
6.5672561059991e-05,0.452919842105613,0.297,0.229,1,"9","STAG1"
7.19537076134012e-05,0.288355451447354,0.633,0.566,1,"9","C19orf25"
7.51141804252024e-05,0.302287492970964,0.545,0.465,1,"9","ARPC1A"
7.75321943084064e-05,0.275492410301985,0.869,0.846,1,"9","RAP1B"
7.95426274464667e-05,0.267767322413356,0.762,0.718,1,"9","RAB1A"
8.24072782595708e-05,0.316188863692521,0.491,0.42,1,"9","FAM92A1"
8.2714116979023e-05,0.371874223900296,0.37,0.293,1,"9","SCYL2"
8.3021828605573e-05,0.314155935740086,0.461,0.381,1,"9","IP6K2"
8.47425866177499e-05,0.739011391178385,0.258,0.198,1,"9","QSOX1"
8.51291648201095e-05,0.38808572547332,0.321,0.25,1,"9","PCTP"
8.52293800773807e-05,0.907024479496044,0.27,0.215,1,"9","ESAM"
8.60398887402614e-05,0.393570176724981,0.531,0.469,1,"9","HMGN5"
9.00568290962393e-05,0.391512022123608,0.646,0.596,1,"9","FERMT3"
9.43182605448974e-05,0.40607346712262,0.52,0.458,1,"9","RYBP"
9.97958797100986e-05,0.390817499136855,0.458,0.391,1,"9","DCPS"
0.000104110203034902,0.410720554203451,0.842,0.826,1,"9","VIM"
0.000105176771073748,0.479490441890569,0.38,0.316,1,"9","NRROS"
0.000109430553995989,0.355743126275287,0.488,0.415,1,"9","SDAD1"
0.000110518569781829,0.405370794812159,0.314,0.244,1,"9","RNPEPL1"
0.000110907005066364,0.290155421441071,0.589,0.524,1,"9","COA1"
0.000111074375921518,0.354625320165871,0.539,0.479,1,"9","SNW1"
0.000111391609520329,0.267096946979576,0.625,0.589,1,"9","MRPS10"
0.000115003178839758,0.434090200540101,0.287,0.219,1,"9","C16orf87"
0.000116352559736991,0.546085544098027,0.274,0.213,1,"9","TGFBR2"
0.000118733789898935,0.27178969289723,0.569,0.498,1,"9","TOLLIP"
0.000123104790746686,0.532606532529446,0.265,0.202,1,"9","ARHGAP27"
0.000124704811936713,0.52852594833957,0.383,0.308,1,"9","HTATIP2"
0.000126829377122932,0.341501977290012,0.585,0.521,1,"9","YIF1B"
0.000129118443807485,0.360373445488613,0.284,0.217,1,"9","HOOK3"
0.000130274400087691,0.348888373525158,0.523,0.452,1,"9","PPP1R12A"
0.000130967960229722,0.44008997184278,0.282,0.217,1,"9","NUMB"
0.000137671853547726,0.397730445920674,0.367,0.3,1,"9","GLA"
0.000139064826680392,0.382931315255109,0.673,0.597,1,"9","LAMP1"
0.000141746821533677,0.270966284836947,0.649,0.592,1,"9","MTPN"
0.000143564546996111,0.376691031453968,0.435,0.366,1,"9","SIRT2"
0.000146965576019872,0.363753409039686,0.257,0.192,1,"9","MSANTD3"
0.000147675312975617,0.528692352415218,0.458,0.406,1,"9","KCNK6"
0.000151592184908653,0.363721858564475,0.467,0.399,1,"9","SMNDC1"
0.000154074258105723,0.337161784797588,0.518,0.455,1,"9","HADHB"
0.000159953241285574,0.29203096434765,0.563,0.486,1,"9","USF2"
0.000159968072797328,0.429696174407744,0.352,0.284,1,"9","RHOT1"
0.000166530950833933,0.482956461076551,0.437,0.373,1,"9","NIT2"
0.000166745440527777,0.468819112904308,0.29,0.227,1,"9","MOB3A"
0.000166856631598743,0.387994684096419,0.488,0.422,1,"9","GINS2"
0.000167376376999891,0.380504394550124,0.404,0.333,1,"9","GNPTAB"
0.000168154014335014,0.34974631060461,0.313,0.242,1,"9","DPH7"
0.00017570462094206,0.280817809876038,0.408,0.329,1,"9","U2AF1"
0.000175851029933515,0.282329267783053,0.56,0.488,1,"9","LRRC58"
0.000178593485166195,0.347665465864345,0.391,0.313,1,"9","C3orf38"
0.000185858492120488,0.350134447594217,0.321,0.251,1,"9","RIPK2"
0.000186697820655388,0.402043026883721,0.311,0.246,1,"9","SLC10A3"
0.000191689549384135,0.506448156124898,0.271,0.213,1,"9","RAB8B"
0.000193258716749272,0.517680071012718,0.389,0.329,1,"9","TROAP"
0.000200019349801347,0.327911645699188,0.53,0.46,1,"9","SUGT1"
0.000208303980600477,0.418243981728181,0.526,0.473,1,"9","MECP2"
0.000212198725244123,0.319335723512489,0.309,0.238,1,"9","SPTY2D1"
0.000213583777249009,0.386027903546854,0.553,0.489,1,"9","TMEM208"
0.000217242652997626,0.329206879706778,0.472,0.4,1,"9","STX7"
0.000218586677926819,0.322234334666539,0.514,0.451,1,"9","KPNA3"
0.000224180099421277,0.397745214130281,0.349,0.279,1,"9","SORD"
0.000229256590637356,0.382226011258458,0.589,0.683,1,"9","ATF7IP2"
0.000243122970573373,0.366284014894602,0.506,0.448,1,"9","CENPK"
0.000243250044178715,0.340036853809939,0.319,0.251,1,"9","MICU2"
0.000250188499593341,0.477339648831642,0.443,0.38,1,"9","G6PD"
0.000251951967690811,0.274010360218446,0.502,0.428,1,"9","FAM192A"
0.000262362846081625,0.270932073572589,0.691,0.652,1,"9","TMEM106C"
0.000263734643059961,0.385870496747316,0.38,0.308,1,"9","GSS"
0.000265202991748916,0.420009343565818,0.453,0.389,1,"9","SEC22C"
0.000265795405833689,0.630099731694912,0.298,0.24,1,"9","SLC45A3"
0.000270000643854233,0.316783446744021,0.41,0.339,1,"9","DCTN6"
0.000271160259685385,0.285461074188878,0.545,0.478,1,"9","CPNE1"
0.000285061527070113,0.279158293861542,0.357,0.285,1,"9","PRPF18"
0.000287212724253517,0.320748377925289,0.316,0.249,1,"9","BRE"
0.000287806406300922,0.332821899458134,0.36,0.291,1,"9","PDZD11"
0.000297852000063901,0.421267670817358,0.558,0.512,1,"9","CLEC2B"
0.000302120085999775,0.448417873938791,0.285,0.226,1,"9","COQ10B"
0.000303764531759876,0.394422255212602,0.534,0.476,1,"9","JUND"
0.000310228248079794,0.324440512036112,0.504,0.441,1,"9","TAF7"
0.000317439665617256,0.321081831618199,0.512,0.452,1,"9","PDCL3"
0.000318789883648738,0.354928218135572,0.292,0.227,1,"9","UTP6"
0.000322630252763286,0.526401582428478,0.308,0.253,1,"9","SKAP2"
0.000330819391199036,0.340462438150676,0.419,0.35,1,"9","ADH5"
0.000337065095576437,0.346437767552844,0.268,0.205,1,"9","SNX9"
0.000341383068168154,0.702699827031012,0.37,0.322,1,"9","SPC25"
0.000344527658915235,0.352891863381339,0.97,0.995,1,"9","ENO1"
0.000357333187863261,0.263592642425419,0.553,0.491,1,"9","ZNHIT3"
0.000368521492734452,0.376813051429212,0.421,0.356,1,"9","STXBP5"
0.000369138805384548,0.288641439083006,0.774,0.756,1,"9","MT-ND6"
0.000403333340833033,0.395360784197889,0.313,0.247,1,"9","MSRA"
0.000413730967027373,0.424386876602617,0.273,0.211,1,"9","C8orf76"
0.000438034058610888,0.338734168324019,0.327,0.265,1,"9","NME7"
0.000447872051640542,0.287416743502446,0.78,0.803,1,"9","CCT3"
0.00045804916210659,0.274550235030579,0.665,0.629,1,"9","LSM8"
0.000461645576070739,0.39776531073154,0.375,0.313,1,"9","RNF11"
0.000462678626152321,0.400510660251811,0.383,0.321,1,"9","CDIP1"
0.000464949092791212,0.309599655110149,0.702,0.678,1,"9","MRPS6"
0.000475599901215796,0.316184932853196,0.394,0.33,1,"9","MED19"
0.000482540960417074,0.285377222683528,0.257,0.192,1,"9","GPR108"
0.000484451955844636,0.475930325145483,0.252,0.196,1,"9","TST"
0.00048727834515683,0.257485026198801,0.732,0.702,1,"9","TADA3"
0.000487696811049539,0.441380057216171,0.3,0.243,1,"9","NPRL3"
0.000498716039571252,0.3877646314647,0.34,0.276,1,"9","VAMP4"
0.000521741955843173,0.46915837164314,0.443,0.386,1,"9","BCL2L1"
0.000524173385664036,0.32605542065684,0.391,0.328,1,"9","FAR1"
0.000539560830349047,0.264235962116924,0.63,0.587,1,"9","CSNK2A1"
0.00054098678057971,0.283640446684404,0.351,0.282,1,"9","MRPS31"
0.000541083412310529,0.297560660871589,0.652,0.588,1,"9","ZFAND5"
0.000559571313843817,0.582574494153748,0.36,0.301,1,"9","HMGCS1"
0.00057679582924235,0.309350418124569,0.373,0.301,1,"9","ATG12"
0.000592332706361335,0.296430051286157,0.368,0.297,1,"9","SLC25A38"
0.000596868286189628,0.44372115862475,0.305,0.245,1,"9","INPP1"
0.00061428131659065,0.274124815930191,0.354,0.285,1,"9","OXCT1"
0.000628733193218704,0.364851961159371,0.265,0.205,1,"9","NDUFAF1"
0.000671608941910777,0.285376269364241,0.423,0.352,1,"9","ECE2"
0.000703221256901622,0.387598970086913,0.33,0.271,1,"9","IVNS1ABP"
0.000717235325027845,0.375512785006301,0.293,0.232,1,"9","CLN8"
0.000720602508169405,0.340183804220027,0.303,0.239,1,"9","CPSF3L"
0.000726917763315068,0.255577885856653,0.415,0.343,1,"9","UBAC2"
0.000731154085864928,0.304337804218625,0.322,0.254,1,"9","CNPPD1"
0.000739246256904092,0.345475639710201,0.27,0.208,1,"9","ASXL2"
0.000754629733320597,0.251683926002888,0.724,0.712,1,"9","ADSL"
0.00076107803529401,0.297122471774476,0.528,0.452,1,"9","CTNNB1"
0.000764573865710906,0.422312533832775,0.293,0.235,1,"9","MGRN1"
0.000776242938962422,0.292869553816606,0.357,0.288,1,"9","AP3M1"
0.000787994116583425,0.358011873173494,0.488,0.446,1,"9","STIP1"
0.000792241158980548,0.275899220512092,0.579,0.51,1,"9","ZNF106"
0.000796550152547474,0.335055998586382,0.325,0.263,1,"9","ATF6"
0.000804599897993625,0.295708431078181,0.477,0.416,1,"9","ADK"
0.000807498226723293,0.294838988167187,0.297,0.235,1,"9","ZNF622"
0.000824331730688108,0.341310173675082,0.606,0.551,1,"9","CLTC"
0.000869095345789678,0.262196131523722,0.317,0.248,1,"9","CDK2"
0.000886599143272262,1.25469421921685,0.262,0.212,1,"9","CTSS"
0.000934131166146901,0.251077745165621,0.686,0.638,1,"9","GOLGA7"
0.000958483782368818,0.359564983826836,0.25,0.194,1,"9","CTA-29F11.1"
0.000969752723492981,0.409317695164789,0.281,0.226,1,"9","RAB24"
0.000978333573410113,0.722104664371005,0.504,0.47,1,"9","KPNA2"
0.00100126772659224,0.487255751430382,0.356,0.308,1,"9","USP12"
0.00100361235468324,0.294425663539575,0.456,0.391,1,"9","COPS2"
0.00108054350428799,0.349615263158801,0.352,0.289,1,"9","BSDC1"
0.00109005434521215,0.284096580399774,0.293,0.234,1,"9","TMEM42"
0.00110495286197646,0.307204816087366,0.298,0.239,1,"9","AFF1"
0.00111500616737351,0.521311589349117,0.71,0.719,1,"9","CAT"
0.00117119356655324,0.260596826093015,0.475,0.407,1,"9","CHMP2B"
0.0011749643630169,0.328738657506254,0.373,0.314,1,"9","VTA1"
0.00119151748016275,0.27452446688367,0.616,0.578,1,"9","AP2B1"
0.00120786807258369,0.273734351990869,0.279,0.218,1,"9","EIF2B3"
0.0012685340794326,0.421994420527193,0.313,0.255,1,"9","KLF3"
0.00128726144675888,0.25897507761366,0.558,0.521,1,"9","HACD3"
0.00130066406592707,0.284627883886625,0.419,0.358,1,"9","CREB1"
0.00132284899002984,0.279337692506469,0.404,0.341,1,"9","MRPS28"
0.00133093715169393,0.258867269845519,0.555,0.501,1,"9","WDR61"
0.00134020177216975,0.295058320812038,0.38,0.313,1,"9","SDHA"
0.00135722390422691,0.313947805119811,0.856,0.927,1,"9","FABP5"
0.00135802877807709,0.302784457683948,0.309,0.251,1,"9","GPR89A"
0.00136594725091339,0.312453357515226,0.348,0.287,1,"9","DNAJB12"
0.00137152231729947,0.318907579787583,0.472,0.422,1,"9","RSU1"
0.00139597363118225,0.506263569323244,0.536,0.491,1,"9","STOM"
0.00139679876257039,0.322553738389036,0.868,0.879,1,"9","CKS2"
0.00139832624008552,0.299231838197873,0.301,0.24,1,"9","SEPN1"
0.00146133131889506,0.281905908967242,0.525,0.475,1,"9","OGFOD3"
0.00146796279991969,0.302719418883233,0.384,0.318,1,"9","CIZ1"
0.00149476160146504,0.305256935648389,0.38,0.31,1,"9","NBN"
0.00157388903619732,0.310043845305562,0.408,0.344,1,"9","NXT2"
0.00158966995692009,0.353984441606537,0.367,0.304,1,"9","C9orf40"
0.00168395801766669,0.27353602847096,0.512,0.468,1,"9","EIF4A3"
0.00171628984300804,0.307966826997796,0.284,0.232,1,"9","ZNF677"
0.00176072200736867,0.686533740551399,0.364,0.324,1,"9","CCNB2"
0.00177528627919227,0.411567627021958,1,1,1,"9","TMSB4X"
0.00191036842724784,0.752454738780161,0.362,0.314,1,"9","RGS18"
0.00202594132986629,0.286548326600967,0.351,0.289,1,"9","ANAPC10"
0.00205179160635911,0.250146300320689,0.681,0.663,1,"9","RPN2"
0.00211917355693654,0.294938531235979,0.424,0.367,1,"9","DHRSX"
0.00213865024321313,0.319626716397005,0.349,0.288,1,"9","MICU1"
0.00215142961629844,0.254057835527064,0.372,0.307,1,"9","VRK2"
0.00217711051637969,0.471586855484921,0.346,0.29,1,"9","AHNAK"
0.00219689581652624,0.449883519399743,0.274,0.223,1,"9","USP3"
0.00222456952485851,0.31818195777557,0.777,0.758,1,"9","CKLF"
0.00222722842573273,0.307534875132968,0.314,0.258,1,"9","TMEM39B"
0.0023405731099728,0.254567818111172,0.293,0.239,1,"9","DONSON"
0.00237813831223301,0.366559513640588,0.262,0.212,1,"9","JMJD8"
0.00241166825234033,0.281962370718149,0.375,0.314,1,"9","HGS"
0.00243567053132529,0.519826705752634,0.365,0.318,1,"9","IFI16"
0.00243719114008667,0.316134761693251,0.388,0.334,1,"9","ZBTB7A"
0.00250117344929721,0.279535508052553,0.59,0.556,1,"9","CTSA"
0.00251512471923513,0.378800094183123,0.319,0.266,1,"9","MOB2"
0.00255640936068265,0.309613934244139,0.37,0.31,1,"9","MTIF2"
0.0026185280863103,0.276617056204841,0.386,0.328,1,"9","TERF1"
0.00264256809859412,0.34327491689842,0.445,0.39,1,"9","PIP4K2A"
0.00272357165271421,0.346671927890606,0.282,0.229,1,"9","ARV1"
0.00277727565942696,0.296652204512426,0.324,0.266,1,"9","MNAT1"
0.00294886421005711,0.299443564548666,0.293,0.241,1,"9","FBXO45"
0.00301574767024838,0.274789375176047,0.595,0.556,1,"9","SLC43A3"
0.00302835803915711,0.36869900841652,0.384,0.334,1,"9","FAM110A"
0.00305510256992495,0.33374891060495,0.25,0.2,1,"9","ADAL"
0.00317721080763203,0.286152061464324,0.592,0.555,1,"9","DDA1"
0.00319825575535581,0.433292943868303,0.25,0.205,1,"9","EMILIN2"
0.00320462085116855,0.331210616098874,0.411,0.355,1,"9","YPEL5"
0.00329382445757427,0.269968413653401,0.703,0.667,1,"9","TLN1"
0.00332289229572234,0.324502712923294,0.262,0.211,1,"9","XPO7"
0.00341747859583798,0.260111112768965,0.327,0.27,1,"9","EED"
0.00349297450728814,0.322206044016311,0.496,0.445,1,"9","MKNK1"
0.00363790272705876,0.388967133354813,0.359,0.311,1,"9","NUP37"
0.00368963755372064,0.27260726033127,0.632,0.613,1,"9","PCNA"
0.00374584863058558,0.35023764456416,0.297,0.244,1,"9","TBC1D9B"
0.00375509045292984,0.276871327892514,0.27,0.216,1,"9","FN3KRP"
0.00377429129959353,0.351490220622048,0.314,0.263,1,"9","FES"
0.00387743717964005,0.254854010498492,0.573,0.535,1,"9","BRD7"
0.00389555390712157,0.382780480827228,0.252,0.203,1,"9","NAMPT"
0.00400667900164747,0.369574803491608,0.258,0.209,1,"9","NF1"
0.00402865796589785,0.543474867278296,0.381,0.345,1,"9","TRAPPC6B"
0.00403827629849663,0.286539311355732,0.423,0.376,1,"9","ATP6V0A2"
0.0042419611448449,0.369352897987421,0.306,0.252,1,"9","C16orf72"
0.00434764017051038,0.35155823923081,0.36,0.311,1,"9","SPRYD7"
0.00438663060243756,0.384525967767838,0.255,0.21,1,"9","MAP4K5"
0.00458278594734883,0.279327992763736,0.657,0.615,1,"9","PRKAR1A"
0.00460477585236777,0.293987906328596,0.416,0.364,1,"9","APMAP"
0.00488441404330654,0.328160334736117,0.276,0.224,1,"9","XPNPEP1"
0.00490861156450984,0.287904107390568,0.349,0.292,1,"9","NOB1"
0.0050442477584444,0.311530888053745,0.573,0.545,1,"9","CKAP2"
0.00550388559875184,0.27458180259132,0.265,0.217,1,"9","PPME1"
0.00551438918055586,0.322894514880361,0.346,0.297,1,"9","RAD9A"
0.00594269872528316,0.488983534938087,0.284,0.233,1,"9","ALAS1"
0.00607508445061578,0.459929124997882,0.458,0.431,1,"9","TAL1"
0.00644052138960225,0.254761607062616,0.292,0.241,1,"9","SNX14"
0.00657940947264772,0.31346444797467,0.447,0.398,1,"9","PDRG1"
0.00676599542204995,0.32205117324425,0.372,0.323,1,"9","SUPT20H"
0.00698451054411016,0.413832457731954,0.295,0.247,1,"9","BHLHE40"
0.00713677021369319,0.275317314733743,0.759,0.743,1,"9","UBC"
0.00715781543126782,0.508775727940982,0.544,0.52,1,"9","NINJ1"
0.00775442764059618,0.486469161487376,0.284,0.243,1,"9","PLD3"
0.00784928922125872,0.41254709053907,0.29,0.246,1,"9","C6orf89"
0.00811276733810685,0.300162571488011,0.6,0.565,1,"9","HPCAL1"
0.00843212558833513,0.340940743740603,0.357,0.319,1,"9","SASH3"
0.00871343126058681,0.28890671580204,0.493,0.445,1,"9","ARL2BP"
0.00897341477149528,0.32334015611931,0.399,0.356,1,"9","ARHGAP30"
0.00900524760767317,0.251064097496027,0.675,0.661,1,"9","BUB3"
0.00966763292519011,0.426352772112889,0.364,0.323,1,"9","AKAP13"
0.00978681820355995,0.367319643362307,0.257,0.212,1,"9","EFR3A"
0.00999875356594912,0.304182949957883,0.303,0.259,1,"9","SNX12"
0,5.58567259939705,0.775,0.071,0,"10","CCL5"
0,5.5908077946686,0.62,0.017,0,"10","IL32"
0,6.00850833726748,0.514,0.012,0,"10","TRAC"
0,5.63805372655882,0.507,0.015,0,"10","CD2"
0,4.81827369155353,0.489,0.025,0,"10","GIMAP7"
0,5.35994856993595,0.449,0.012,0,"10","CD3D"
0,6.65382667352713,0.42,0.005,0,"10","IL7R"
0,6.97650990312117,0.366,0.006,0,"10","TRBC1"
0,7.23554116049152,0.359,0.003,0,"10","GIMAP4"
0,6.52990591551071,0.355,0.006,0,"10","CD3E"
0,6.64143579102186,0.322,0.004,0,"10","CD3G"
0,6.32077991030248,0.301,0.005,0,"10","GNLY"
0,6.91560746938791,0.272,0.003,0,"10","RORA"
0,6.67399726247408,0.272,0.004,0,"10","KLRB1"
0,6.31084107303905,0.254,0.005,0,"10","FGFBP2"
1.29603057162581e-295,4.9069065782277,0.275,0.012,2.48708266694992e-291,"10","ARL4C"
4.04233277921113e-267,4.54651552751564,0.286,0.014,7.75723660330616e-263,"10","LCK"
4.93972989561614e-151,3.42706978151967,0.257,0.021,9.47934166968738e-147,"10","JUN"
9.03870426729531e-95,2.47579474440029,0.351,0.056,1.73452734889397e-90,"10","ZFP36L1"
1.27620629884389e-94,3.1641413887099,0.337,0.054,2.44903988748142e-90,"10","CLEC2D"
1.81211546301101e-82,2.73108389506835,0.279,0.042,3.47744957351812e-78,"10","LBH"
1.15163150140252e-64,2.56188530313163,0.333,0.071,2.20998085119144e-60,"10","APOBEC3G"
6.80159564172966e-63,2.17352705259543,0.645,0.269,1.30522620364792e-58,"10","NKG7"
1.60663907396997e-58,1.61403807083339,0.848,0.482,3.08314038294837e-54,"10","TRBC2"
2.18880062482126e-58,0.634890281866396,1,1,4.200308399032e-54,"10","B2M"
5.8386075257158e-55,1.61898373668691,0.529,0.173,1.12042878418486e-50,"10","RGCC"
1.65982563165466e-54,2.58136264586455,0.272,0.056,3.1852053871453e-50,"10","CD48"
5.15439810382072e-54,2.41753079501329,0.283,0.06,9.89128996123197e-50,"10","RARRES3"
1.46782311223371e-44,2.28586071258134,0.348,0.101,2.81675255237648e-40,"10","TRAF3IP3"
9.77700145945271e-42,1.10765993185927,0.924,0.659,1.87620658006898e-37,"10","CD52"
8.54794313702088e-38,1.18750369789694,0.62,0.279,1.64035028799431e-33,"10","CST7"
1.97500305966785e-32,1.27625683135892,0.569,0.259,3.79003087150261e-28,"10","TXNIP"
8.58281696482918e-32,0.833785196128098,0.946,0.756,1.64704257555072e-27,"10","BTG1"
6.945923384238e-31,1.02221113119107,0.703,0.386,1.33292269743527e-26,"10","S100A10"
5.42016961196826e-29,0.532794375583146,0.986,0.96,1.04013054853671e-24,"10","TOMM7"
9.45587498572467e-28,1.70166167192508,0.297,0.1,1.81458240976056e-23,"10","FAM65B"
1.01334845944825e-27,0.468710473435803,1,1,1.94461569368119e-23,"10","TMSB4X"
1.79332961059154e-26,1.75799658505834,0.264,0.086,3.44139952272516e-22,"10","FAM102A"
2.36979894073294e-26,1.81196771313569,0.257,0.082,4.54764416726651e-22,"10","ETS1"
5.18926180552126e-26,0.432468254314665,1,1,9.9581934047953e-22,"10","MALAT1"
1.00672997115648e-25,1.43030534891865,0.424,0.19,1.93191481464929e-21,"10","STK17A"
3.05159024738524e-25,1.37164895973627,0.464,0.219,5.85600168473227e-21,"10","CH17-189H20.1"
3.1844620682994e-25,1.24847347974241,0.543,0.284,6.11098270906655e-21,"10","PTPRC"
9.60591098415795e-25,0.398704070357336,0.308,0.108,1.84337431785991e-20,"10","LAT"
1.02283588037123e-22,1.6613481741614,0.297,0.114,1.96282205443239e-18,"10","FYN"
4.04737863097517e-22,1.26270334555501,0.359,0.151,7.76691959284136e-18,"10","ANXA1"
9.31134601211236e-22,1.01175452243325,0.522,0.266,1.78684729972436e-17,"10","KLF6"
3.63396843606088e-20,0.901056779102483,0.645,0.401,6.97358542880083e-16,"10","EVL"
4.44159874467306e-19,1.18264313430652,0.417,0.206,8.5234279910276e-15,"10","FYB"
4.46072110377529e-19,0.352245958762943,1,0.993,8.56012379814479e-15,"10","MT-CYB"
1.04459380181852e-18,1.07401321067785,0.5,0.272,2.00457550568973e-14,"10","CXCR4"
3.27942414284984e-17,1.01681080746521,0.576,0.372,6.29321493012884e-13,"10","PPP2R5C"
7.44979386377172e-17,1.42407337981331,0.293,0.128,1.42961544245779e-12,"10","ANKRD44"
9.11986812456088e-17,1.06325584883655,0.449,0.243,1.75010269310323e-12,"10","SORL1"
1.85688766632558e-16,0.395032849231001,0.986,0.961,3.56336743167878e-12,"10","HLA-C"
2.05230454308802e-16,1.28488330088379,0.275,0.116,3.93837241818591e-12,"10","HLA-F"
5.63643227620668e-16,1.2867445089279,0.37,0.189,1.08163135380406e-11,"10","BTN3A2"
2.90310172700267e-15,0.593006516868225,0.884,0.738,5.57105221411813e-11,"10","VAMP2"
4.05848241004861e-14,1.01349036145734,0.344,0.173,7.78822774488327e-10,"10","ISG20"
2.39856249041369e-13,0.272764564090382,1,0.995,4.60284141910387e-09,"10","MT-ND4"
1.527610139673e-12,0.478663488312878,0.884,0.772,2.93148385803249e-08,"10","NEAT1"
1.81130239579367e-11,1.01585393274528,0.286,0.144,3.47588929752804e-07,"10","CYTH1"
3.61223566125158e-11,0.252393559490551,1,0.998,6.93188023394179e-07,"10","TMSB10"
4.01162303691335e-11,0.389161954968284,0.913,0.811,7.69830460783672e-07,"10","HLA-E"
5.27535880782587e-11,0.815355685057117,0.493,0.319,1.01234135522179e-06,"10","KIAA1551"
1.14904542623875e-10,0.77121110779432,0.446,0.276,2.20501817295216e-06,"10","TSPAN14"
2.1424384582346e-10,0.679127313992171,0.627,0.475,4.1113394013522e-06,"10","GSTK1"
1.15093078710067e-09,0.998858331961752,0.272,0.145,2.20863618044619e-05,"10","CYTH4"
1.51446912775469e-09,0.731845503970809,0.63,0.507,2.90626625616125e-05,"10","LTB"
2.1687652583042e-09,0.365229767619271,0.931,0.847,4.16186053068576e-05,"10","MT-ND5"
2.9578118656442e-09,0.774917502685406,0.489,0.337,5.67604097017123e-05,"10","PPP1R2"
2.97119610918145e-09,0.955498296219296,0.261,0.137,5.7017253335192e-05,"10","TRIM22"
3.18619852260777e-09,0.367487157330973,0.909,0.815,6.11431496488432e-05,"10","N4BP2L2"
4.55562665154732e-09,0.64013450716597,0.562,0.409,8.74224754431931e-05,"10","RNF213"
5.62723261961568e-09,0.600429656648219,0.449,0.289,0.000107986593970425,"10","AHNAK"
8.79176382551982e-09,0.982366124958369,0.312,0.184,0.000168713947811725,"10","MXD4"
9.10457379609166e-09,0.653410082526654,0.514,0.351,0.000174716771146999,"10","PCSK7"
1.22500298943752e-08,0.912912461802448,0.315,0.186,0.000235078073673061,"10","TBC1D2B"
3.03377126014987e-08,0.357565249032194,0.902,0.802,0.000582180704822761,"10","PNRC1"
3.1246257636212e-08,0.742721405822538,0.348,0.207,0.000599615684038908,"10","ZFP36"
4.13082354481783e-08,0.635652766446835,0.359,0.217,0.000792705038250541,"10","NR3C1"
6.85618574015365e-08,0.575827061561981,0.54,0.38,0.00131570204353549,"10","YPEL3"
7.32941700657927e-08,0.616611295863566,0.377,0.237,0.00140651512356256,"10","RBMS1"
9.12828533585766e-08,0.570719253775509,0.522,0.368,0.00175171795595108,"10","MGEA5"
9.55815129646884e-08,0.792049803966528,0.319,0.195,0.00183420923379237,"10","PAG1"
9.77630514754113e-08,0.510184687543371,0.667,0.512,0.00187607295781314,"10","TNRC6B"
9.91741354020723e-08,0.458837000459049,0.725,0.596,0.00190315165836577,"10","MBNL1"
9.97772121805666e-08,0.825115058534081,0.351,0.223,0.00191472470174507,"10","ATM"
1.00059855032698e-07,0.474683245748106,0.703,0.575,0.00192014861807748,"10","STK4"
1.42212806191886e-07,0.639143040337397,0.464,0.325,0.00272906375082229,"10","ARHGEF1"
2.02415818683639e-07,0.385080438481186,0.88,0.782,0.00388435956053904,"10","RP5-1171I10.5"
2.64609762808187e-07,0.680892521635538,0.395,0.263,0.00507786134828911,"10","ADD3"
2.91741542852673e-07,0.707338466466875,0.391,0.265,0.00559852020734279,"10","SUN2"
4.53288652353692e-07,0.421194836911808,0.714,0.579,0.00869860923866735,"10","AAK1"
8.21652319752991e-07,0.752833414471643,0.366,0.242,0.0157675080160599,"10","EML4"
8.49818760784419e-07,0.467887367853872,0.627,0.494,0.016308022019453,"10","KMT2E"
9.60055639264744e-07,0.76001392819267,0.293,0.182,0.0184234677174904,"10","GCHFR"
9.91936179135063e-07,0.279917899353282,0.935,0.856,0.0190352552776019,"10","PNISR"
1.13082498358494e-06,0.507442253140328,0.565,0.434,0.021700531434995,"10","MYO1F"
1.32351956088991e-06,0.649367024615286,0.529,0.392,0.0253983403734774,"10","OCIAD2"
1.34539512713102e-06,0.775034950863208,0.254,0.149,0.0258181324896442,"10","TRADD"
1.81748918513684e-06,0.660021854886624,0.399,0.275,0.0348776174627759,"10","PDCD4"
2.03670023516565e-06,0.546520636349315,0.413,0.283,0.0390842775128288,"10","ANKRD33B"
2.24811999115196e-06,0.675856349573116,0.42,0.298,0.0431414226302062,"10","BZRAP1"
2.46413874619116e-06,0.437540027700779,0.623,0.476,0.0472868225394084,"10","ITGB1"
2.46704631993725e-06,0.595063164587226,0.391,0.266,0.0473426188795958,"10","LINC00869"
3.29235539507227e-06,0.378822018731999,0.743,0.606,0.063180300031437,"10","CD37"
3.82757616679918e-06,0.55299315537568,0.402,0.281,0.0734511866408762,"10","CAST"
4.8757309020648e-06,0.387288066214967,0.493,0.34,0.0935652760106234,"10","SEPT1"
5.07445826966736e-06,0.558252046220754,0.467,0.337,0.0973788541949166,"10","CTD-3184A7.4"
8.19091023064612e-06,0.449932147733947,0.623,0.496,0.157183567326099,"10","CHST12"
8.34114932273662e-06,0.505739400318507,0.478,0.347,0.160066655503316,"10","PSMB8-AS1"
8.67987605767121e-06,0.382722953342868,0.641,0.52,0.166566821546711,"10","CDC42SE2"
1.06067352609864e-05,0.523738246689438,0.514,0.391,0.203543249658328,"10","RSBN1L"
1.98689217045122e-05,0.424950774640988,0.591,0.47,0.38128460750959,"10","SEPT9"
2.16845510221105e-05,0.594815360386472,0.33,0.224,0.416126534114301,"10","SERINC1"
2.20762017255751e-05,0.275503254154241,0.786,0.662,0.423642311113785,"10","EPB41L4A-AS1"
2.33087451776456e-05,0.479426454592819,0.533,0.409,0.447294819959018,"10","MAN1A1"
2.3901646250647e-05,0.333419860551641,0.674,0.552,0.458672591549915,"10","FAM107B"
2.52479265147936e-05,0.47440721689631,0.457,0.335,0.484507709818888,"10","SIRT7"
3.21472234763179e-05,0.568602531257288,0.268,0.171,0.61690521851054,"10","PACS1"
3.26588381478088e-05,0.521848604243403,0.388,0.275,0.626723104056452,"10","ODF2L"
3.36144474761426e-05,0.348176671072786,0.685,0.566,0.645061247067176,"10","C19orf25"
4.47166705455827e-05,0.65648620549611,0.261,0.17,0.858112907769733,"10","RNF19A"
5.24092148805105e-05,0.290466584847319,0.888,0.818,1,"10","DDX17"
5.66427919192715e-05,0.482230225195964,0.293,0.196,1,"10","MT1X"
5.91174005743221e-05,0.66691753091591,0.261,0.171,1,"10","EHD1"
5.97503482688565e-05,0.325671164578105,0.75,0.678,1,"10","DDX3X"
6.71182502617359e-05,0.312270378770273,0.779,0.702,1,"10","RAB27A"
6.91828427894345e-05,0.752498979852933,0.264,0.177,1,"10","PREX1"
6.95653727181314e-05,0.510868448021349,0.388,0.281,1,"10","GCC2"
7.7088324977022e-05,0.348866519891006,0.674,0.577,1,"10","PSMB9"
8.22643603638858e-05,0.493753408726523,0.395,0.285,1,"10","EVI2B"
8.96084686429721e-05,0.505653425079062,0.355,0.258,1,"10","IRF1"
9.51842967777849e-05,0.592754819326939,0.326,0.229,1,"10","AKNA"
9.52051600169489e-05,0.511199125484655,0.38,0.274,1,"10","SRPK2"
0.000120710572108947,0.576828782651716,0.442,0.348,1,"10","STK17B"
0.000127101533702817,0.546885972703021,0.377,0.279,1,"10","APOBEC3C"
0.000131038891597588,0.439507315293905,0.428,0.323,1,"10","AKAP13"
0.000136248661812583,0.556659294295364,0.283,0.189,1,"10","CLK4"
0.000147419840961303,0.442777967785859,0.297,0.199,1,"10","TMEM243"
0.000147971601276218,0.397287856554698,0.514,0.414,1,"10","WIPF1"
0.000155174525473878,0.609516358995315,0.344,0.248,1,"10","ZFC3H1"
0.00015534471951023,0.374954123539935,0.804,0.706,1,"10","AES"
0.000155389029828695,0.461248093737508,0.362,0.258,1,"10","WDR26"
0.000158226378038204,0.363895631850657,0.627,0.524,1,"10","WDR82"
0.000165372183406021,0.457881315009396,0.384,0.283,1,"10","GLS"
0.000166901982328875,0.47842681171961,0.362,0.255,1,"10","KLF3"
0.0001723512965635,0.504784972991607,0.449,0.352,1,"10","CLDND1"
0.000186296138979266,0.335768365593373,0.62,0.512,1,"10","CLEC2B"
0.000200662111769212,0.319237129317144,0.587,0.465,1,"10","PRKAR2A"
0.000208311479498087,0.436750042845685,0.478,0.372,1,"10","NCKAP1L"
0.000234559948503929,0.474104443314201,0.355,0.255,1,"10","CORO1B"
0.00027843061444775,0.525428460433357,0.366,0.273,1,"10","TTC14"
0.000297120929520032,0.641643039065682,0.257,0.172,1,"10","C5orf56"
0.000301202010565179,0.280666996120748,0.703,0.609,1,"10","ACAP1"
0.000308194595215708,0.298370636922701,0.634,0.531,1,"10","USP34"
0.000309919312076075,0.391373841389127,0.525,0.424,1,"10","CFLAR"
0.000318198924371748,0.432867234966344,0.402,0.305,1,"10","CREBZF"
0.000362188615492044,0.357244398408817,0.478,0.37,1,"10","SP100"
0.000392835750574173,0.397615913946007,0.62,0.53,1,"10","CMC1"
0.000434245946710195,0.537181560160728,0.333,0.241,1,"10","SYNRG"
0.000480927943969012,0.51264243558938,0.395,0.305,1,"10","MAP3K2"
0.000484571110193533,0.47623370723105,0.304,0.216,1,"10","CNOT1"
0.000503442112925617,0.392622323568665,0.417,0.322,1,"10","LENG8"
0.000560139512828284,0.568500306399818,0.275,0.198,1,"10","ADGRE5"
0.000581864815860504,0.305847333274917,0.692,0.612,1,"10","MYH9"
0.000582512047627807,0.531180901370186,0.279,0.197,1,"10","KRCC1"
0.000618423468572907,0.496046834604651,0.29,0.205,1,"10","PJA2"
0.000640034667748895,0.369688909765134,0.453,0.364,1,"10","OFD1"
0.00067998826062724,0.30029433434815,0.685,0.6,1,"10","MBP"
0.000687453237572783,0.366580527195151,0.373,0.282,1,"10","SELPLG"
0.000697630786425206,0.402601612782084,0.384,0.302,1,"10","ANXA2R"
0.000739258732772952,0.374652212267809,0.417,0.323,1,"10","B4GALT5"
0.000786299284994122,0.264403815410732,0.696,0.609,1,"10","CBX6"
0.000833869982204234,0.261901383942575,0.779,0.692,1,"10","MYL12A"
0.000844019743750709,0.360608985592579,0.475,0.375,1,"10","EDEM3"
0.0008830247226948,0.281839110662621,0.75,0.658,1,"10","SH3KBP1"
0.000993443454106395,0.427766199629732,0.388,0.299,1,"10","ISG15"
0.00103293386361271,0.305629210982009,0.464,0.366,1,"10","BIRC6"
0.00109239762214554,0.269704687225867,0.75,0.656,1,"10","STUB1"
0.00111676358856403,0.270016973786636,0.62,0.503,1,"10","ATF6B"
0.00114510656428418,0.446847705738778,0.351,0.27,1,"10","SPSB3"
0.00120163058964222,0.468657034569344,0.341,0.258,1,"10","NFE2L1"
0.00123116649927723,0.318716137455606,0.554,0.467,1,"10","DDX6"
0.00130287655896585,0.286958230110226,0.504,0.397,1,"10","IL2RG"
0.00132946656439623,0.378127850131032,0.504,0.418,1,"10","LYST"
0.00140955955673692,0.471687608148704,0.366,0.278,1,"10","GON4L"
0.00142017015967552,0.47114079272903,0.308,0.225,1,"10","ZNF268"
0.00148573767291833,0.421855193840831,0.395,0.299,1,"10","MAP2K7"
0.00152713949603229,0.43731922473322,0.37,0.286,1,"10","NCK1"
0.00156674996700564,0.450192929414527,0.384,0.303,1,"10","SERINC5"
0.00157729342824032,0.587059296255451,0.272,0.198,1,"10","HERPUD1"
0.0015880803982908,0.357646204838473,0.413,0.328,1,"10","TRAF3"
0.00159802534395742,0.475925530681978,0.257,0.184,1,"10","PTGER4"
0.00161822263725345,0.326085103726059,0.685,0.615,1,"10","FAM46A"
0.00161983778396893,0.47570641579153,0.373,0.289,1,"10","STK10"
0.00171061749547239,0.426016522868417,0.341,0.254,1,"10","CNOT4"
0.00178621895234685,0.354661390593275,0.424,0.335,1,"10","ZBTB7A"
0.00181932863482461,0.35144582297761,0.601,0.52,1,"10","KMT2A"
0.00185606282744353,0.421579557993327,0.438,0.35,1,"10","DOCK8"
0.00200035488759879,0.322862588956675,0.609,0.534,1,"10","ANKRD12"
0.00210751635407824,0.395260000447001,0.406,0.325,1,"10","EIF2A"
0.00217791366452067,0.465267738389267,0.257,0.185,1,"10","POLR1A"
0.00220070678447063,0.37810874754314,0.391,0.311,1,"10","ATPAF1"
0.00222400950828157,0.430718721985412,0.326,0.246,1,"10","FASTK"
0.00229748280374908,0.310832038542826,0.413,0.326,1,"10","C19orf66"
0.00240406409132219,0.272435134132383,0.493,0.399,1,"10","CYP20A1"
0.00250613001573254,0.2925699152508,0.417,0.326,1,"10","PRDM2"
0.00253278053645377,0.378561345082673,0.402,0.31,1,"10","KIAA0430"
0.00255328678830924,0.358346881627158,0.424,0.342,1,"10","CDC42EP3"
0.00256569411800266,0.458833962165884,0.297,0.216,1,"10","RP11-84C10.2"
0.00262287954245175,0.346182538813814,0.435,0.347,1,"10","LNPEP"
0.00264665526605498,0.302639231529596,0.366,0.276,1,"10","ZNF791"
0.00270991248097587,0.487525646692596,0.264,0.194,1,"10","IGF1R"
0.00285642439199007,0.472869944285521,0.25,0.182,1,"10","AKAP11"
0.00304726905748735,0.454810785515679,0.254,0.185,1,"10","PXN"
0.00304785940109697,0.434300656964588,0.283,0.21,1,"10","RAD50"
0.00307627261850096,0.377424864486868,0.638,0.561,1,"10","CELF1"
0.00315486918877567,0.421434149140578,0.315,0.238,1,"10","PSTPIP1"
0.00321346063685501,0.326556663891844,0.438,0.354,1,"10","OGT"
0.00341515330325951,0.504119267142196,0.297,0.229,1,"10","ACSF3"
0.00345974529758142,0.296750353529602,0.42,0.337,1,"10","CARNMT1"
0.0035503245107055,0.468094961724348,0.25,0.181,1,"10","ZNFX1"
0.00355779299987374,0.416059569890408,0.395,0.324,1,"10","ZC3HAV1"
0.0036276964495047,0.266882877010517,0.609,0.533,1,"10","TCF25"
0.00362915045644945,0.390450907475977,0.946,0.929,1,"10","SRGN"
0.00363006861777705,0.372462715988601,0.46,0.391,1,"10","PIP4K2A"
0.00364134199672887,0.32598934095602,0.435,0.352,1,"10","MGAT4A"
0.00369160984610552,0.278691760551728,0.272,0.204,1,"10","MPO"
0.0037300745484945,0.460596768363454,0.348,0.271,1,"10","TRIM56"
0.00374498111021783,0.378066325988396,0.417,0.336,1,"10","CMTM3"
0.00375794318063065,0.411990300021966,0.272,0.199,1,"10","LTBP3"
0.00377824642584343,0.315424946956257,0.438,0.355,1,"10","EZR"
0.0038421008274401,0.540911585482032,0.297,0.226,1,"10","TMEM150A"
0.00385711290743853,0.456493064636959,0.399,0.318,1,"10","IFI16"
0.00387636442544298,0.454075598290107,0.322,0.245,1,"10","OPTN"
0.00388923138017082,0.291428723776294,0.58,0.483,1,"10","TMEM134"
0.00390186703339949,0.258224490203996,0.576,0.489,1,"10","LRRC58"
0.00394722073576198,0.389613233656465,0.257,0.186,1,"10","NBPF19"
0.00402149836652116,0.392352348935314,0.406,0.328,1,"10","EIF3J-AS1"
0.00413198976429078,0.354606457207715,0.402,0.32,1,"10","WNK1"
0.00417953839775966,0.40350054061417,0.322,0.249,1,"10","MTMR4"
0.00426274376620833,0.394462722648756,0.25,0.182,1,"10","NUP43"
0.00428401637285696,0.331020022137789,0.464,0.382,1,"10","FAM215B"
0.00451309511992819,0.547940529129051,0.29,0.221,1,"10","ASAP1"
0.00454812808973827,0.317331297670879,0.507,0.418,1,"10","FRAT2"
0.00455648489534742,0.291979144128054,0.406,0.314,1,"10","OTUD4"
0.00462066917614552,0.409134311472298,0.38,0.303,1,"10","CCDC6"
0.00490104774328824,0.41665447446154,0.399,0.319,1,"10","RAB9A"
0.00500105804956431,0.307018223486781,0.496,0.423,1,"10","PRR14L"
0.00535938060088557,0.351061686175468,0.38,0.304,1,"10","BET1L"
0.00547069194071248,0.458721072178448,0.312,0.243,1,"10","LGALS8"
0.00547857348225541,0.477154834384576,0.283,0.22,1,"10","NCBP1"
0.00590380773982211,0.44783586313789,0.264,0.196,1,"10","NLRC3"
0.00591987812818948,0.26119482045666,0.518,0.42,1,"10","ANKRD13D"
0.00593114466937889,0.405787881778281,0.286,0.213,1,"10","ARRDC3"
0.00603527392049809,0.328388054507429,0.413,0.338,1,"10","CAMKK2"
0.00653118596963487,0.344677459097862,0.359,0.283,1,"10","AGO1"
0.00657061528052066,0.381464251025048,0.319,0.249,1,"10","UTP3"
0.00682520218611902,0.445071688522535,0.264,0.202,1,"10","LRRC8C"
0.00690387080404963,0.367399992855373,0.46,0.374,1,"10","RNASE2"
0.00699742259525013,0.335375800599816,0.5,0.431,1,"10","POGZ"
0.00705006273681746,0.608824286453724,0.257,0.197,1,"10","SLC35E2B"
0.00705751466687892,0.337761193094842,0.304,0.233,1,"10","SNRK"
0.00707499899805501,0.315894312261488,0.399,0.323,1,"10","KANSL1"
0.0071422232812166,0.381886450417242,0.431,0.354,1,"10","CEBPD"
0.00721495472398513,0.277295398060711,0.514,0.427,1,"10","SRPRB"
0.00730566325657405,0.334097436440991,0.402,0.322,1,"10","FAM126B"
0.00730887164443501,0.266139955777761,0.551,0.474,1,"10","SHOC2"
0.0074472669735337,0.269608994603251,0.489,0.422,1,"10","KLF13"
0.00750650340098714,0.449304115611598,0.286,0.224,1,"10","ZNF800"
0.00751968548969305,0.45937828620669,0.275,0.214,1,"10","IL16"
0.00771516249941227,0.301844157645784,0.406,0.329,1,"10","FAR1"
0.00774163130895939,0.290955478357383,0.388,0.307,1,"10","TMC6"
0.00789340956291369,0.424499299873085,0.264,0.202,1,"10","FNDC3A"
0.00823452753035734,0.379226407625457,0.308,0.243,1,"10","PLD3"
0.00836891850578131,0.438773767282287,0.268,0.204,1,"10","DDI2"
0.00856050667970604,0.264355510372849,0.478,0.401,1,"10","EPM2AIP1"
0.00867891241351041,0.361875028571701,0.366,0.3,1,"10","CNOT6L"
0.00873019964921542,0.366925867274742,0.399,0.332,1,"10","ADD1"
0.00926253086783877,0.451862632852583,0.344,0.276,1,"10","KANSL1-AS1"
0.00929791967219301,0.359474266669761,0.315,0.246,1,"10","CPSF4"
0.00932221908721716,0.338330430758981,0.493,0.429,1,"10","FOSL2"
0.00943034065076548,0.268405783215078,0.594,0.498,1,"10","SLC27A5"
0.00984102161525658,0.29417543057074,0.366,0.292,1,"10","CPD"
