"p_val","avg_log2FC","pct.1","pct.2","p_val_adj","gene"
0,-3.12733101012297,0.137,0.636,0,"ANXA2"
0,-1.84535813330859,0.305,0.677,0,"GFI1B"
0,-3.48728887613459,0.061,0.383,0,"PROCR"
0,-1.94851893238693,0.217,0.526,0,"GLIPR1"
0,-1.50617414228788,0.346,0.591,0,"HLA-DQA2"
0,-1.68511501964164,0.729,0.963,0,"VIM"
0,-1.11246623341443,0.513,0.731,0,"CCDC109B"
0,-0.812115160406059,0.799,0.89,0,"C12orf75"
0,-1.15332355302946,0.906,0.983,0,"CD44"
0,-0.746478131721453,0.892,0.965,0,"S100A11"
0,-1.28367929896834,0.881,0.942,0,"LGALS1"
0,-0.792388310405851,0.941,0.968,0,"HLA-DPB1"
0,-0.795224838814601,0.972,0.984,0,"HLA-DRA"
0,-0.869720311484859,0.986,0.996,0,"PRDX1"
0,-0.619898360724312,0.982,0.992,0,"CD74"
0,-0.796173331142374,0.997,0.999,0,"TMSB10"
0,-0.546347471375292,0.999,1,0,"FTH1"
0,-0.74514805461,0.999,1,0,"RPL17"
0,-0.566266653179642,1,1,0,"B2M"
0,0.528584514154817,1,1,0,"FTL"
5.90151796227665e-306,0.31064364581724,1,0.999,1.13250129696089e-301,"YBX1"
3.62598086717193e-302,0.466002225613474,0.993,0.963,6.95825728410293e-298,"ATP5G1"
1.48607617516212e-294,0.616965861923108,0.952,0.849,2.8517801801361e-290,"DCXR"
1.33877097146925e-287,-0.853694075536371,0.907,0.934,2.56910149424949e-283,"LMO4"
6.96296752513551e-284,0.568253402270083,0.979,0.951,1.3361934680735e-279,"AIF1"
1.71988404500886e-282,-1.67066528671441,0.217,0.467,3.30045748237201e-278,"RP11-108M9.4"
3.62861341701148e-281,-0.835430164677066,0.714,0.831,6.96330914724502e-277,"TKT"
1.05761387893599e-279,0.647357083797844,0.931,0.807,2.02956103367816e-275,"NPM3"
1.31494160903047e-272,0.645649474765158,0.932,0.812,2.52337294772947e-268,"CCND2"
7.49985373860246e-272,0.394488891802556,0.995,0.986,1.43922193243781e-267,"GTF3A"
4.35647869709572e-271,0.490364069890771,0.984,0.938,8.36008261972668e-267,"PPP1R14B"
2.35464996967024e-266,0.927476996376007,0.787,0.569,4.5185732917972e-262,"GLUL"
1.02435570775756e-260,-1.22537687877594,0.469,0.67,1.96573860318677e-256,"HLA-DQB1"
4.46009359664656e-260,-1.45248829726789,0.298,0.532,8.55891961196475e-256,"HLA-DQA1"
4.25657898327169e-257,0.36283880981849,0.998,0.997,8.16837506889837e-253,"MT-ND1"
2.99614818497762e-256,0.383735560674847,0.995,0.98,5.74960836697205e-252,"JTB"
4.17627208638928e-256,-0.262661987053411,1,0.999,8.01426613378104e-252,"ATP5L"
3.22922535348386e-255,-0.576175669218487,0.937,0.967,6.19688345333553e-251,"CD164"
3.50221437676159e-254,-0.625472457744466,0.907,0.95,6.72074938900549e-250,"LITAF"
1.99866295655766e-248,0.549511729300355,0.951,0.865,3.83543421363415e-244,"MSN"
4.70145459605824e-248,-1.09489249108395,0.585,0.747,9.02209136983577e-244,"NFKBIA"
2.45803576556658e-246,0.802946559336904,0.898,0.763,4.71697063412227e-242,"IGFBP2"
7.13336052792973e-245,-2.10352428858013,0.107,0.321,1.36889188530971e-240,"TMEM243"
2.7245416972396e-243,0.480139249842552,0.992,0.967,5.22839551700279e-239,"EIF4EBP1"
9.31936141525213e-242,-0.422678814715461,0.926,0.96,1.78838545558688e-237,"DBI"
1.16099829576728e-238,-0.873602413756656,0.677,0.799,2.22795572957741e-234,"SOX4"
5.28650992925991e-238,-0.838828607625569,0.786,0.879,1.01448125542498e-233,"HLA-DRB1"
1.61482201791444e-236,-1.51635325435923,0.214,0.441,3.09884345237782e-232,"CD53"
5.26928430357629e-234,0.416901205871148,0.987,0.956,1.01117565785629e-229,"NDUFB9"
2.48549905571722e-232,0.255181278062119,1,0.998,4.76967268792134e-228,"UQCRH"
4.14604607818338e-230,0.45149372228252,0.987,0.96,7.95626242403391e-226,"ATP6V0B"
2.07527419855431e-224,-5.03227093985059,0.005,0.138,3.98245118702572e-220,"WFDC1"
5.36845932864066e-222,0.509698045489869,0.95,0.855,1.03020734516614e-217,"MRPS12"
8.13749200377158e-221,-2.5103542022664,0.059,0.239,1.56158471552377e-216,"JAML"
1.01075927463569e-220,-1.44105551448749,0.291,0.51,1.93964704802589e-216,"TM4SF1"
1.77317199569726e-219,-4.10111825762594,0.009,0.145,3.40271705974304e-215,"LY96"
3.5753371041342e-219,-0.519840192913914,0.899,0.938,6.86107190283352e-215,"AKR1A1"
1.33682375277589e-217,-3.10858615467184,0.027,0.182,2.56536478157693e-213,"ALOX5"
3.57514602177153e-215,0.441502029139023,0.982,0.952,6.86070521577956e-211,"TMEM147"
2.3576913685802e-213,0.371133231170274,0.997,0.985,4.52440973630541e-209,"ATP5G3"
1.03331867103899e-211,-2.04992282062231,0.116,0.311,1.98293852972383e-207,"CA8"
1.03942133578816e-209,0.417283557442949,0.987,0.966,1.99464954337747e-205,"STOML2"
7.80162074613301e-209,-1.18046817385215,0.315,0.527,1.49713102118292e-204,"S100A10"
3.11280617244418e-208,-5.07709947138188,0.006,0.13,5.97347504492038e-204,"GLYATL2"
1.35034836287261e-207,1.28957561597085,0.581,0.349,2.59131850835253e-203,"CTSG"
3.62944515403132e-206,0.396572788358223,0.991,0.975,6.96490525058611e-202,"ODC1"
1.43066075549146e-204,-3.43482221258535,0.015,0.15,2.74543798978811e-200,"IL1RN"
4.82546947768905e-204,0.411855911483235,0.987,0.964,9.26007592768529e-200,"SRM"
7.44355270224575e-204,0.418689595818454,0.984,0.945,1.42841776356096e-199,"NME1"
1.33953769150379e-202,-0.590947040293158,0.893,0.939,2.57057282999578e-198,"HLA-DPA1"
9.67991710271357e-202,0.376824460292186,0.996,0.987,1.85757609201073e-197,"HMGA1"
7.31918044420688e-201,0.932110495433351,0.704,0.489,1.4045507272433e-196,"FKBP11"
9.96794206162702e-197,-0.700753739336215,0.977,0.969,1.91284808162622e-192,"NME2"
2.17227814451459e-196,0.584223792071604,0.903,0.756,4.1686017593235e-192,"RAC3"
9.61195441277274e-196,0.370892303336593,0.989,0.964,1.84453405181109e-191,"PRR13"
1.39921476705335e-194,-0.568249174271664,0.884,0.935,2.68509313797538e-190,"HHEX"
4.49579623324105e-193,-2.66122114707672,0.045,0.201,8.62743297158958e-189,"CALHM2"
3.01364637223575e-192,-0.414874102639169,0.972,0.984,5.7831873883204e-188,"PKM"
2.05079597489326e-191,0.408246627050979,0.983,0.939,3.93547747582016e-187,"SF3B5"
2.69547856569456e-188,-0.731912583269892,0.693,0.785,5.17262336756785e-184,"NPC2"
8.00235550496894e-185,0.251405856626133,0.999,0.997,1.53565202140354e-180,"CHCHD2"
2.47148166351619e-179,0.390184171679005,0.982,0.936,4.74277331228757e-175,"LAGE3"
3.24128003698102e-178,0.525378935057727,0.903,0.781,6.22001639096658e-174,"ZNF593"
1.89990980758762e-177,-1.12263374226981,0.434,0.602,3.64592692076064e-173,"TPSAB1"
2.21791649332396e-177,0.54471587155354,0.892,0.766,4.25618175068868e-173,"EBNA1BP2"
9.59954985202934e-176,-0.803763793282142,0.545,0.695,1.84215361660443e-171,"LPXN"
2.5977109078116e-175,-0.751105702054802,0.669,0.777,4.98500723209046e-171,"CD47"
5.79915859688908e-175,0.552844351455935,0.877,0.728,1.11285853474301e-170,"LRRC59"
1.62908602087285e-173,-1.2570754105162,0.277,0.468,3.12621607405501e-169,"HLA-DMB"
4.48065594298868e-172,0.364084879589821,0.986,0.955,8.59837875459527e-168,"TRMT112"
7.5893543892659e-172,-2.55361306076331,0.043,0.186,1.45639710730013e-167,"KCTD12"
1.06337354161021e-171,0.31967420246849,0.996,0.983,2.04061382634999e-167,"TIMM13"
2.91009453646831e-170,1.27346721714767,0.402,0.188,5.5844714154827e-166,"RGL4"
1.33012994870653e-169,-4.26728329859224,0.009,0.117,2.55251937156783e-165,"CLEC4A"
9.11161702388313e-167,0.413827553157861,0.965,0.902,1.74851930688317e-162,"MRPL12"
1.09136382748985e-165,0.51206576602622,0.933,0.84,2.09432718495302e-161,"RNASEH2C"
4.19358916692751e-165,0.363303666405347,0.975,0.937,8.04749761133389e-161,"TOMM22"
2.65010247723762e-163,-1.11385257872001,0.31,0.491,5.08554665381899e-159,"IQGAP1"
2.70625870984183e-163,-0.87258380470139,0.478,0.631,5.19331046418647e-159,"GRN"
2.10311930577797e-162,0.487345105881476,0.914,0.798,4.03588594778792e-158,"UBE2M"
1.7957562190248e-161,-0.943894297030482,0.409,0.582,3.44605618430859e-157,"GFI1"
2.09994088986797e-161,0.739233118452731,0.954,0.879,4.02978656765664e-157,"SRGN"
1.04961924026205e-160,-1.15862223744961,0.275,0.46,2.01421932206286e-156,"SNX10"
1.07202303232972e-160,0.516037591951993,0.932,0.837,2.05721219904072e-156,"CHCHD10"
6.12396814879583e-160,0.472807384346077,0.944,0.872,1.17518948775392e-155,"PRSS57"
4.87688353815898e-159,0.274770736614653,0.997,0.992,9.35873950972709e-155,"COX5B"
3.83915727038655e-158,0.557902069060969,0.853,0.702,7.36734280187178e-154,"RASGRP2"
4.37373050924697e-157,-0.349031011232237,0.985,0.99,8.39318884724494e-153,"STMN1"
3.62630725921941e-155,0.415089025119419,0.954,0.879,6.95888363044205e-151,"NME4"
3.79454146368313e-155,0.343563632063146,0.994,0.979,7.28172506880792e-151,"HSPE1"
6.69975139684525e-155,-0.517211944258246,0.982,0.989,1.2856822930546e-150,"METTL9"
2.40615191154888e-154,-3.25044979516319,0.012,0.117,4.6174055182623e-150,"CKAP4"
3.38569844343853e-154,0.484896346559684,0.915,0.8,6.49715531295853e-150,"FAM136A"
2.54375577592033e-153,-0.384888366859988,0.962,0.979,4.88146733399111e-149,"CD99"
2.58502408579589e-152,0.269838084751111,0.997,0.992,4.96066122064232e-148,"PRELID1"
1.02750022789523e-151,-0.606548907662876,0.765,0.842,1.97177293733095e-147,"HLA-DMA"
1.13632252737341e-151,0.307066806136646,0.996,0.981,2.18060293002957e-147,"GADD45GIP1"
1.63285386835291e-151,-0.321747543095752,0.981,0.984,3.13344657336924e-147,"ZNF706"
1.11478310086793e-150,-0.257757309626173,1,1,2.13926877056557e-146,"RPS21"
3.62127172787306e-149,0.263498975199893,0.999,0.998,6.94922044578839e-145,"GSTP1"
1.59233892589928e-148,0.371063189287682,0.971,0.924,3.05569839880072e-144,"SNU13"
1.70282699664682e-148,0.573665272681994,0.84,0.697,3.26772500656525e-144,"LSP1"
1.70403409782173e-148,-0.424638263433208,0.941,0.955,3.2700414337199e-144,"CSTB"
2.9755746366106e-148,0.251574478480789,0.999,0.998,5.71012772765575e-144,"TXN"
1.58361100260933e-147,0.377188266384988,0.983,0.94,3.0389495140073e-143,"MYDGF"
2.61602927318361e-147,-0.958908705626568,0.25,0.443,5.02016017523935e-143,"RAB27B"
3.03279368059494e-147,0.497040871326768,0.899,0.757,5.81993107306169e-143,"SDF2L1"
1.06442129072535e-146,-1.1385746868238,0.275,0.448,2.04262445690194e-142,"STAB1"
1.38145245843381e-146,0.368010534220787,0.992,0.976,2.65100726773447e-142,"ZFAS1"
7.02893863870935e-146,0.433292603898897,0.95,0.878,1.34885332476832e-141,"DDX21"
5.76140168904054e-145,-2.28798132362164,0.025,0.137,1.10561298412688e-140,"ACP5"
1.88072611112978e-144,-0.588473868443007,0.767,0.835,3.60911340725804e-140,"PNRC1"
8.07572147916191e-144,-0.308780902928903,0.983,0.978,1.54973095185117e-139,"COX7A2L"
9.99329764765007e-143,-1.84328909829963,0.083,0.229,1.91771381858405e-138,"AIM1"
2.60130657519025e-142,0.459720850175359,0.896,0.768,4.99190731779008e-138,"LSM10"
2.76871833311807e-142,0.279493706825342,0.995,0.985,5.31317048125358e-138,"NHP2"
3.14398991894796e-142,0.269302893913006,0.999,0.995,6.03331665446113e-138,"MTDH"
3.89209860485961e-141,-2.18330001597914,0.057,0.189,7.46893722272559e-137,"LILRA2"
4.4228530066685e-141,-0.720395068067192,0.569,0.709,8.48745491979685e-137,"MEF2C"
8.2989838128377e-140,0.414154017834785,0.971,0.928,1.59257499368355e-135,"NPW"
1.01467591511922e-139,-0.689142631024082,0.63,0.742,1.94716308111379e-135,"VAMP5"
3.08890378446632e-139,0.510191349386555,0.852,0.713,5.92760636239086e-135,"DCUN1D5"
8.29675235352738e-139,0.433758942168432,0.936,0.86,1.5921467766419e-134,"PSMB3"
2.37837097931899e-138,0.306031347850815,0.992,0.977,4.56409390931314e-134,"CCDC85B"
2.95384812671829e-136,0.412271806034106,0.949,0.881,5.6684345551724e-132,"C9orf78"
7.5735761898697e-136,-1.9777175440934,0.079,0.22,1.453369270836e-131,"C1QTNF4"
1.07698141713253e-135,0.471344496029344,0.889,0.767,2.06672733947732e-131,"MRPL4"
3.47019671221139e-135,-0.924642107621479,0.476,0.612,6.65930749073366e-131,"TPSB2"
2.78674724342978e-134,-0.357509428909088,0.979,0.978,5.34776796014175e-130,"MRPL33"
2.71532898815832e-133,0.370945260751954,0.972,0.933,5.21071632827582e-129,"MAZ"
5.22070075288205e-133,-0.660441287810348,0.191,0.364,1.00185247447807e-128,"CXCL8"
1.22149529460758e-131,0.440894644861058,0.882,0.748,2.34404947035194e-127,"CCDC124"
3.73252132700103e-131,0.671222380476558,0.727,0.558,7.16270842651498e-127,"C10orf54"
1.34412367248753e-130,1.17233357657766,0.29,0.117,2.57937332750357e-126,"GNPDA1"
1.44452156475607e-130,0.60195039029263,0.702,0.499,2.7720368827669e-126,"PYCR1"
5.68579064466903e-130,0.38071690858823,0.955,0.891,1.09110322471199e-125,"TMED9"
7.61421266438583e-129,-1.24741972841949,0.222,0.381,1.46116741029564e-124,"SLC35F6"
2.22533395984881e-128,-0.719207375757283,0.551,0.671,4.27041586894986e-124,"FAM117A"
2.28649461758681e-128,0.293813874692927,0.997,0.992,4.38778317114909e-124,"RAN"
2.81626946959447e-128,0.713137992425119,0.638,0.445,5.4044211121518e-124,"TESC"
4.32480135590164e-128,0.525275011201529,0.803,0.63,8.29929380197524e-124,"NOP16"
4.3339913151639e-128,-0.683432700534598,0.739,0.78,8.31692933379952e-124,"RNASEK"
5.56973657317934e-128,-0.610108611452605,0.673,0.766,1.06883244839312e-123,"PYCARD"
1.25316869075907e-125,0.251794804142883,0.995,0.986,2.40483071756665e-121,"COX6A1"
4.33212588188254e-124,0.440507447103408,0.873,0.749,8.31334956733259e-120,"AK2"
7.99926088828973e-124,0.344998629964104,0.969,0.922,1.5350581644628e-119,"CNPY2"
8.97738299254198e-124,-0.769708246552005,0.554,0.658,1.72275979626881e-119,"RCSD1"
2.20382983998991e-123,0.348100977506485,0.964,0.918,4.22914946294063e-119,"PGAM1"
3.15684188463793e-123,0.3615517618536,0.992,0.98,6.05797957662018e-119,"CALR"
6.30621332073209e-123,-1.12216828234751,0.28,0.435,1.21016233624849e-118,"TNFSF10"
1.13950420001324e-122,-0.366204104567505,0.939,0.946,2.1867085598254e-118,"YWHAZ"
2.03475209211765e-122,0.523522175747156,0.775,0.6,3.90468926477378e-118,"YIF1A"
6.63365224210367e-122,0.373281278678074,0.945,0.867,1.27299786525969e-117,"APRT"
2.45078462442211e-121,0.605793804598539,0.684,0.487,4.70305569426602e-117,"EMG1"
3.52025114979664e-121,0.507392057912737,0.8,0.637,6.75536195645975e-117,"ISOC2"
4.18920100869262e-121,0.307395865380886,0.976,0.942,8.03907673568114e-117,"SPCS1"
5.37059937001452e-121,0.318506523559263,0.968,0.929,1.03061801910579e-116,"NDUFS8"
2.10906093843668e-120,-2.81852702231384,0.023,0.12,4.04728794085998e-116,"ABI3"
1.10825103726539e-119,0.299754445992612,0.985,0.967,2.12673374051229e-115,"PEBP1"
2.80679844439117e-119,-1.64614787027192,0.11,0.249,5.38624621478665e-115,"GPR84"
2.95550487364981e-119,0.331007698030854,0.965,0.908,5.67161385253398e-115,"MRPL20"
3.04026823234127e-119,-1.09746722047743,0.303,0.45,5.8342747378629e-115,"CTSH"
1.60207762801011e-118,-0.54812936061489,0.67,0.762,3.07438696815141e-114,"SOCS2"
4.75031616815908e-118,1.05461217461618,0.362,0.187,9.11585672669728e-114,"BZRAP1"
1.13767703408992e-117,-2.71200732910901,0.022,0.118,2.18320222841855e-113,"GBP1"
1.38751907780401e-117,0.441583115522137,0.874,0.757,2.6626491103059e-113,"TAF9"
2.47805233452332e-117,0.397242506198624,0.9,0.793,4.75538242995025e-113,"CENPV"
2.70096871528562e-117,0.292668500973075,0.984,0.949,5.18315896463311e-113,"NDUFS6"
1.31482300560015e-116,-1.07210780676135,0.278,0.428,2.52314534774668e-112,"SEPT1"
1.66133035962634e-116,0.262835100246238,0.99,0.971,3.18809296012294e-112,"AURKAIP1"
1.69906827770007e-116,0.309409399657087,0.976,0.934,3.26051202490644e-112,"MINOS1"
2.36694677847389e-116,-0.548033068787591,0.626,0.738,4.54217086789139e-112,"CRIP1"
4.45614532833119e-116,0.419618550690583,0.887,0.765,8.55134288506755e-112,"RILPL2"
1.44158106565511e-115,-0.310979878233533,0.99,0.992,2.76639406499216e-111,"HLA-B"
2.44055795487044e-115,0.347881857449112,0.966,0.931,4.68343071539638e-111,"GSPT1"
7.67969594708065e-115,0.460010514537318,0.841,0.71,1.47373365224478e-110,"APOA1BP"
1.96234453812039e-114,0.374810905951732,0.949,0.885,3.76573916865303e-110,"PSMB7"
2.51119061954767e-114,0.625536994601135,0.621,0.425,4.81897479891199e-110,"POLR3H"
2.76704370993245e-114,0.287994863101609,0.988,0.959,5.30995687936037e-110,"EIF5B"
9.31457064531926e-114,0.765028352866166,0.396,0.216,1.78746610683677e-109,"CST7"
2.13652744863791e-113,-1.17936302566599,0.223,0.37,4.09999617393615e-109,"EVI2B"
7.3377667711678e-113,0.424410157732308,0.882,0.762,1.4081174433871e-108,"C20orf27"
1.9657812001979e-112,0.628207008180801,0.609,0.406,3.77233412317977e-108,"PPIF"
9.86225792169225e-112,0.433719375166195,0.899,0.806,1.89256729517274e-107,"TOMM40"
1.72642287023145e-110,0.356772786135458,0.933,0.851,3.31300548797415e-106,"C19orf24"
2.46358526449084e-110,0.360013552803399,0.969,0.912,4.72762012255791e-106,"DCTPP1"
3.94566891103353e-110,0.288264543556722,0.982,0.959,7.57173864027334e-106,"NDUFB8"
4.78726820427865e-110,0.385633564203945,0.924,0.835,9.18676768401072e-106,"NAA10"
1.17348095955367e-109,-0.295344239090544,0.985,0.99,2.25190996138349e-105,"GMFG"
2.44710872436024e-109,-1.35649800344779,0.171,0.312,4.6960016420473e-105,"C1orf21"
5.90221927147949e-109,0.995291437669943,0.365,0.194,1.13263587819691e-104,"MLC1"
3.33512850744872e-108,0.877205408301498,0.411,0.231,6.40011160579409e-104,"TRGC1"
3.39624886813907e-108,0.686477143940268,0.508,0.317,6.51740157795887e-104,"MFSD12"
4.31523459033672e-108,0.388707033707086,0.903,0.81,8.28093517885617e-104,"EI24"
5.71987082652448e-108,0.305840669407333,0.964,0.906,1.09764321161005e-103,"C19orf70"
1.44152764735262e-107,0.287606100404389,0.991,0.979,2.76629155526968e-103,"SF3B6"
1.0687398800286e-106,-0.558529184692795,0.629,0.721,2.05091182977488e-102,"SNCA"
2.12163086384563e-106,-0.748732411315407,0.497,0.605,4.07140962771976e-102,"LTA4H"
3.75195007717053e-106,0.352712081588291,0.921,0.848,7.19999219809025e-102,"MRPS15"
9.93364049918468e-106,0.306732653712575,0.957,0.904,1.90626561179354e-101,"MRPL11"
1.17895216812897e-105,0.323301008846847,0.993,0.979,2.26240921063949e-101,"NCL"
1.56014051941296e-104,0.568485123527623,0.695,0.522,2.99390965675347e-100,"NEK6"
3.17066251166708e-104,0.916949757261855,0.365,0.195,6.08450135988912e-100,"GFOD1"
3.33355747799859e-104,0.415349665466955,0.873,0.755,6.3970968002793e-100,"YDJC"
3.58518822840188e-104,0.381921651812946,0.921,0.825,6.87997621030322e-100,"MLEC"
6.20023678532722e-104,0.67419126902655,0.544,0.353,1.18982543910429e-99,"FAM162A"
1.67018002367161e-103,0.436875189793044,0.834,0.695,3.20507546542581e-99,"C8orf33"
7.81970658044519e-103,-1.20606193706601,0.189,0.328,1.50060169278743e-98,"OPTN"
8.88478356102409e-103,0.412421742270372,0.873,0.76,1.70498996536052e-98,"MRPS26"
2.35992369113336e-102,0.484131089031431,0.758,0.593,4.52869356328492e-98,"RPUSD3"
4.71564822923919e-102,-0.286505016780742,0.993,0.996,9.04932895191001e-98,"HLA-A"
1.47383014792865e-100,-0.664799471037898,0.299,0.452,2.82828005387509e-96,"DDIT4"
2.1335347554109e-100,0.862036051641292,0.407,0.241,4.09425319563352e-96,"CEBPD"
2.72410549643723e-100,0.299115996106582,0.995,0.987,5.22755844766304e-96,"HSP90AA1"
3.95777096695171e-100,0.308823717514618,0.97,0.923,7.59496248558033e-96,"EIF3J"
4.14492620599257e-100,0.477935062486648,0.829,0.681,7.95411338929975e-96,"RP6-159A1.4"
4.91539524691538e-100,-1.20209047053217,0.181,0.318,9.43264347883061e-96,"C19orf38"
1.32803176661605e-99,0.363169679740893,0.907,0.818,2.5484929601362e-95,"COA4"
1.58528557509973e-99,0.383702846608792,0.88,0.772,3.04216301861639e-95,"MKKS"
2.65559165209395e-99,0.488721164698982,0.763,0.611,5.0960803803683e-95,"VAT1"
3.84751197803529e-99,-0.332404816203906,0.959,0.966,7.38337548584973e-95,"HLA-C"
2.14904484618605e-98,0.373228827125855,0.893,0.787,4.12401705983104e-94,"MRPL55"
4.09525546796577e-98,-1.9080329932638,0.051,0.154,7.85879524302631e-94,"BIRC3"
4.3230949803734e-98,0.381679500240529,0.894,0.798,8.29601926733656e-94,"STRA13"
9.43810263532251e-98,-0.344668256578994,0.947,0.954,1.81117189571839e-93,"TMEM123"
1.10596571690034e-97,0.270603424370409,0.984,0.961,2.12234821073176e-93,"PRDX5"
2.7366234871089e-97,0.344783595685679,0.924,0.848,5.25158047176199e-93,"PDCD2"
2.90647523761628e-97,0.427542099559026,0.814,0.673,5.57752598098563e-93,"SIGMAR1"
3.66491749149405e-97,0.30704656427161,0.958,0.908,7.03297666617709e-93,"PHPT1"
6.10086276550407e-96,-0.479546015454598,0.719,0.782,1.17075556470023e-91,"RNF130"
1.61223017994752e-95,0.564535123720511,0.664,0.484,3.09386971531929e-91,"TFRC"
2.31194747890014e-95,0.309861492180997,0.956,0.89,4.43662721200937e-91,"ZC3H15"
2.47574764315671e-95,-0.766677705599019,0.409,0.54,4.75095972721773e-91,"GCSAML"
5.02710661568559e-95,-0.603558223464886,0.611,0.709,9.64701759550066e-91,"ELMSAN1"
5.58428763128705e-95,-0.889960361812647,0.339,0.467,1.07162479644398e-90,"SPTBN1"
5.6990986989274e-95,0.254250892602245,0.985,0.962,1.09365704032417e-90,"EIF2S2"
8.56494575673207e-95,0.452436256349417,0.77,0.614,1.64361309071688e-90,"GPATCH4"
4.74795519408126e-94,-1.66866670180368,0.074,0.184,9.11132601744193e-90,"IL18R1"
5.00151347155837e-94,0.540122747783227,0.65,0.476,9.59790435192051e-90,"GAR1"
5.6134078002785e-94,0.336385186341508,0.931,0.855,1.07721295687344e-89,"CYCS"
1.54375971816613e-92,0.256070752649492,0.987,0.96,2.96247489916081e-88,"C17orf89"
2.67119714569519e-92,-1.06540081724553,0.194,0.332,5.12602732258907e-88,"PPP1R14A"
2.30627796285036e-91,-1.7402852555863,0.069,0.173,4.42574741070984e-87,"MPZL3"
4.30193597221167e-91,0.29263095410684,0.975,0.929,8.25541513067419e-87,"NDUFAB1"
1.249015456418e-90,-0.279547542191142,0.98,0.986,2.39686066086613e-86,"CALM2"
3.53031290664863e-90,0.897753495698295,0.282,0.137,6.77467046785873e-86,"TLCD1"
2.13733935949279e-89,0.444400207351795,0.764,0.616,4.10155423086667e-85,"TMEM126A"
7.4107183318912e-89,-0.905852916255679,0.343,0.469,1.42211684788992e-84,"FCER1G"
1.06257410896571e-88,0.432044361285263,0.789,0.639,2.03907971510519e-84,"FARSA"
1.17429307983074e-88,0.302225404328887,0.946,0.883,2.25346842019519e-84,"FAM96A"
1.75775849325685e-88,-0.672790295198171,0.555,0.632,3.3731385485599e-84,"ETV6"
4.30654518508851e-88,0.483537886133,0.768,0.624,8.26426021018485e-84,"LRPAP1"
4.54975230409593e-88,0.292171501881363,0.962,0.911,8.73097467156009e-84,"EIF4G2"
7.37049464955227e-88,-0.312030241862281,0.974,0.972,1.41439792324908e-83,"EIF3E"
1.04699871647593e-87,0.480628836718364,0.684,0.512,2.0091905369173e-83,"MRPL24"
1.23825759619518e-87,0.282687926648161,0.956,0.901,2.37621632709855e-83,"GLRX5"
1.76691017032598e-87,0.338093726499809,0.914,0.831,3.39070061685555e-83,"NDUFB10"
1.87005194229732e-87,0.286407066783934,0.954,0.897,3.58862967726856e-83,"ELP5"
4.97444180601998e-87,0.288973692736742,0.955,0.898,9.54595382575234e-83,"COX14"
1.97407897414453e-86,0.329446292796624,0.921,0.833,3.78825755138336e-82,"C16orf13"
4.09448909379972e-86,0.377557138720407,0.948,0.897,7.85732457100166e-82,"P4HB"
4.37951134870722e-86,-1.60384847437157,0.076,0.18,8.40428227816915e-82,"ZFHX3"
5.77597118853344e-86,0.514353763555197,0.659,0.488,1.10840887107957e-81,"NABP2"
6.31246903225731e-86,-1.03257339841675,0.245,0.371,1.21136280729018e-81,"TCF4"
1.18153168966324e-85,2.33981388905949,0.157,0.055,2.26735931246377e-81,"LAT"
1.24864515514714e-85,0.719159533013614,0.634,0.491,2.39615005272736e-81,"FAM46A"
5.53069506180234e-85,0.25193022270626,0.982,0.958,1.06134038235987e-80,"COX7B"
1.2008339989887e-84,0.291120161228654,0.961,0.92,2.30440044405932e-80,"PA2G4"
3.35419193451016e-84,0.498700723247022,0.642,0.474,6.43669432232499e-80,"SLC25A19"
5.46016600058237e-84,0.387903932013232,0.84,0.718,1.04780585551176e-79,"MRPL21"
6.50325217900892e-84,0.36391979179881,0.853,0.736,1.24797409315181e-79,"CIB1"
9.62718357439118e-84,-1.9287498556813,0.045,0.134,1.84745652792567e-79,"HLA-DOA"
1.20232055046111e-83,-1.74255674430321,0.074,0.175,2.30725313633487e-79,"RCBTB2"
1.51944493748061e-83,-0.361141385039817,1,1,2.91581483502529e-79,"RPL36A"
1.85328023064841e-83,0.537698832978674,0.539,0.361,3.55644476261429e-79,"FAM195A"
4.53322856184948e-83,0.405515476057351,0.794,0.648,8.69926561018915e-79,"IMP4"
3.14568351062668e-82,0.580982825449854,0.536,0.363,6.0365666568926e-78,"SLC27A5"
2.68815977377436e-81,0.461374140942299,0.682,0.513,5.158578605873e-77,"NOLC1"
3.70791394354821e-81,-0.933578161270272,0.447,0.547,7.11548685766901e-77,"CYTL1"
3.97734927272936e-81,0.349629718318486,0.88,0.772,7.63253325436764e-77,"TMED3"
6.27606725624415e-81,0.464146561248103,0.682,0.514,1.20437730647325e-76,"TIMM44"
6.62850227649798e-81,-0.627754994870571,0.526,0.617,1.27200958685996e-76,"ICAM3"
1.27785704783249e-80,0.262969561013878,0.97,0.929,2.45220767479055e-76,"AP2S1"
2.2423212971398e-80,-0.39708766773018,0.852,0.887,4.30301456921127e-76,"CDCA7"
3.16427601063401e-80,0.274316212862581,0.999,0.996,6.07224566440667e-76,"ALDOA"
3.39515265975838e-80,0.250097879016817,0.967,0.93,6.51529795407633e-76,"TXNL4A"
3.72425230064413e-80,0.314350646212077,0.937,0.867,7.14684016493608e-76,"PFDN2"
6.29952127282826e-80,0.433755275449722,0.762,0.617,1.20887813225574e-75,"CDV3"
7.79541897059556e-80,-0.41843381441122,0.788,0.828,1.49594090045729e-75,"CDK2AP1"
1.72387236726021e-79,-0.529198661699328,0.642,0.707,3.30811107277234e-75,"ANKRD28"
1.7732158494194e-79,0.34821680303272,0.871,0.77,3.40280121503582e-75,"MAPKAPK3"
1.02115343132494e-78,0.348523274472417,0.842,0.719,1.95959343471256e-74,"MRPS7"
4.2952032927817e-78,0.563691856773925,0.534,0.37,8.24249511884808e-74,"HMGN5"
6.17796371724134e-78,0.315955448062547,0.921,0.839,1.18555123733861e-73,"SSR1"
6.99631729611497e-78,0.301861792272197,0.964,0.931,1.34259328912446e-73,"EIF5"
9.56986839684612e-78,0.541984563047561,0.586,0.42,1.83645774535477e-73,"TP53RK"
1.2151671905885e-77,0.4341076981875,0.747,0.602,2.33190583873932e-73,"TMEM141"
1.270416810408e-77,0.41669795881764,0.769,0.619,2.43792985917296e-73,"SLC39A4"
1.56030547746552e-77,-0.721191246635758,0.406,0.513,2.99422621125632e-73,"AP1S2"
1.83374121319634e-77,-0.52711374596368,0.746,0.785,3.51894938812378e-73,"BTG1"
1.86773260289007e-77,-0.329496877920101,0.89,0.905,3.58417886494605e-73,"PSME1"
1.90734674567958e-77,0.571063331054438,0.516,0.354,3.66019840495911e-73,"BASP1"
2.87254489060335e-77,-1.1997735771962,0.132,0.245,5.51241364506783e-73,"SERPINB8"
9.15215491076944e-77,-0.843501381643941,0.36,0.47,1.75629852737666e-72,"YPEL3"
2.25316802464409e-76,0.279501336402152,0.945,0.89,4.32382943929201e-72,"PHB2"
3.04445484404269e-76,-1.28797566019021,0.142,0.253,5.84230884571791e-72,"SELL"
4.37281131103273e-76,0.410560125642679,0.748,0.596,8.39142490587181e-72,"IFRD2"
2.03831339295249e-75,-0.255442254886908,0.959,0.965,3.91152340107582e-71,"EIF3L"
2.26519479318361e-75,0.313973753521788,0.902,0.802,4.34690880811936e-71,"BCL7C"
2.83191828698471e-75,0.414234557562314,0.755,0.607,5.43445119272365e-71,"LYAR"
4.22978884523638e-75,0.513905203753555,0.55,0.382,8.11696479400861e-71,"NCLN"
5.22610452102957e-75,-0.648259325226248,0.496,0.586,1.00288945758558e-70,"CCP110"
1.64390569032344e-74,0.349437132520154,0.838,0.708,3.15465501973068e-70,"TUSC2"
1.72932605733977e-74,0.338303939721931,0.877,0.791,3.31857670403502e-70,"MRPL37"
2.47062354330113e-74,0.285903779801175,0.947,0.886,4.74112657959488e-70,"FKBP2"
2.75115133764247e-74,-0.944033839083627,0.243,0.362,5.27945941693589e-70,"ANXA2R"
3.69085488552161e-74,0.38287649912375,0.809,0.692,7.08275052531596e-70,"PSMD14"
4.04419686466841e-74,0.363336714074988,0.86,0.759,7.76081378329869e-70,"DKC1"
8.9219104679169e-74,-0.817920694332923,0.163,0.283,1.71211461879325e-69,"IGFBP4"
1.91383679917104e-73,-1.08995081492884,0.166,0.279,3.67265281760923e-69,"HOOK3"
3.25681666058334e-73,0.470821856889336,0.645,0.489,6.24983117165942e-69,"RRP7A"
3.91066472395575e-73,-0.687224478482731,0.429,0.535,7.50456560527109e-69,"PHACTR1"
3.95799314084691e-73,-1.21916507286924,0.137,0.246,7.59538883728523e-69,"ST3GAL6"
4.66023835062837e-73,-0.417084724514449,0.732,0.782,8.94299739485585e-69,"DCK"
8.04462250948217e-73,-1.11235870318335,0.184,0.297,1.54376305956963e-68,"CRHBP"
9.78178190208542e-73,-0.442013277913307,0.718,0.763,1.87712394701019e-68,"FDX1"
2.28356146554453e-72,-0.542282551451735,0.648,0.697,4.38215445237995e-68,"TMEM251"
4.09524676674077e-72,-0.919266457772283,0.441,0.539,7.85877854537555e-68,"LTB"
6.76849593630225e-72,0.481652997806492,0.577,0.414,1.2988743701764e-67,"MLST8"
6.8092058414145e-72,0.273495197214554,0.96,0.912,1.30668660096744e-67,"RPS19BP1"
1.83438643297852e-71,-0.669183040396813,0.481,0.582,3.52018756488578e-67,"HELLS"
1.95278933108561e-71,0.305905106309702,0.903,0.814,3.74740272635328e-67,"SFT2D1"
3.43997798547773e-71,-0.902576029670703,0.332,0.433,6.60131775413177e-67,"ITGAL"
3.97148477035272e-71,0.332592824343074,0.892,0.809,7.62127927430687e-67,"NOL7"
4.81328575534734e-71,-0.293386826320429,0.924,0.93,9.23669536451155e-67,"PLP2"
6.05143396171045e-71,0.355141808035223,0.855,0.753,1.16127017725224e-66,"SSB"
1.00914375263489e-70,0.378804166613171,0.752,0.614,1.93654686130635e-66,"TAF10"
1.27777270121858e-70,2.28363748386936,0.108,0.031,2.45204581363845e-66,"TIMP3"
1.31229941638268e-70,-1.07146099117606,0.168,0.281,2.51830258003837e-66,"FUCA1"
1.54409256502959e-70,0.259164678914017,0.955,0.901,2.96311363229178e-66,"LAMTOR2"
1.59422461202082e-70,0.374781852879517,0.809,0.693,3.05931703046796e-66,"EIF6"
1.95625644350324e-70,0.252406506923215,0.98,0.945,3.75405611508271e-66,"DRAP1"
2.0502498087679e-70,0.399685498469569,0.731,0.586,3.9344293830256e-66,"EMD"
2.48646741397789e-70,-1.27816818992365,0.127,0.23,4.77153096742357e-66,"ZNF521"
2.52652365252467e-70,0.470868466074982,0.623,0.461,4.84839888919485e-66,"TIMM50"
2.74360695930616e-70,-0.776471606825973,0.367,0.468,5.26498175490853e-66,"FAM111A"
4.87547627348251e-70,0.436270515830703,0.734,0.586,9.35603896881295e-66,"MARCKSL1"
5.01298152789738e-70,0.309407502482205,0.904,0.825,9.61991155203507e-66,"MRPL36"
1.22520428714381e-69,-0.780703563088743,0.358,0.46,2.35116702702897e-65,"RNF213"
5.37900911371228e-69,0.395833646281527,0.883,0.793,1.03223184892139e-64,"MYC"
7.2291355736364e-69,0.448504451993915,0.627,0.468,1.38727111658083e-64,"MRTO4"
8.51962756619399e-69,0.343858998772533,0.847,0.737,1.63491652995263e-64,"MAD2L2"
1.38541073772355e-68,0.369994204621311,0.81,0.689,2.65860320569148e-64,"SLC1A5"
1.69104967205799e-68,0.42026801677184,0.677,0.528,3.24512432067928e-64,"RNASEH1"
2.049129735603e-68,0.439344088285899,0.652,0.491,3.93227996262216e-64,"DPH3"
4.30933715645918e-68,0.601467129608177,0.409,0.257,8.26961800324517e-64,"ECE2"
5.02380287061513e-68,0.324770295072596,0.889,0.796,9.64067770871043e-64,"SEC11C"
6.31231817343841e-68,0.466914831724284,0.658,0.511,1.21133385748283e-63,"MRPL3"
6.61915051613892e-68,0.284266185789495,0.92,0.844,1.27021498404706e-63,"SS18L2"
6.68081295987545e-68,-0.871420540886977,0.288,0.396,1.2820480070001e-63,"ODF3B"
8.32680748030578e-68,1.04483816355669,0.399,0.266,1.59791435547068e-63,"BEX1"
8.65422171332064e-68,0.253073245216394,0.942,0.884,1.66074514678623e-63,"EMC6"
9.81166531423731e-68,0.260397376831244,0.955,0.911,1.88285857380214e-63,"LY6E"
1.7120649800209e-67,0.480253547015692,0.59,0.434,3.28545269666011e-63,"PDHA1"
1.74980568706081e-67,0.561581939492443,0.47,0.317,3.3578771134697e-63,"PNO1"
1.87803704617676e-67,0.497424389793553,0.539,0.382,3.6039530916132e-63,"NDUFAF4"
3.71333945089031e-67,0.256628780856703,0.952,0.9,7.12589840625851e-63,"POLR2F"
4.79417536965259e-67,0.300915747178215,0.887,0.802,9.20002253436332e-63,"AUP1"
6.23250662907373e-67,0.322227402588591,0.878,0.788,1.19601802211925e-62,"SNRPC"
6.65547073749995e-67,0.454886609803744,0.732,0.611,1.27718483452624e-62,"MEST"
6.95619562159198e-67,-1.01883803552612,0.211,0.317,1.3348939397835e-62,"TIGAR"
8.18329383297294e-67,0.347540765854482,0.801,0.678,1.57037408654751e-62,"PABPC4"
1.2152505925842e-66,0.716117145096029,0.285,0.157,2.33206588716907e-62,"CTNNAL1"
1.27292643503261e-66,-0.950043423894495,0.222,0.33,2.44274582882758e-62,"SSBP2"
1.74442349017842e-66,-0.894403396873596,0.255,0.367,3.34754867765238e-62,"FCGRT"
2.02996591139558e-66,0.639329742977651,0.361,0.22,3.89550458396812e-62,"PLD6"
2.47003450863814e-66,-1.06682918591738,0.174,0.281,4.7399962220766e-62,"TMEM51"
2.8271582013752e-66,0.376863545410984,0.757,0.616,5.425316588439e-62,"SNRNP25"
3.21919333868139e-66,0.413916223062135,0.656,0.498,6.17763201692958e-62,"C21orf59"
5.71857790142918e-66,0.277791396170197,0.931,0.884,1.09739509928426e-61,"CYC1"
1.18772234870135e-65,0.387985377720939,0.732,0.592,2.2792391871579e-61,"TXNDC12"
1.66515345066558e-65,0.388321936969685,0.731,0.593,3.19542947182725e-61,"ZNRD1"
1.6910676939941e-65,0.298179909656302,0.898,0.812,3.24515890477467e-61,"M6PR"
3.69637162362549e-65,0.271591502439029,0.95,0.898,7.09333714573732e-61,"COPE"
5.48853330227338e-65,0.36650355454101,0.835,0.741,1.05324954070626e-60,"LAPTM4B"
8.92030395874139e-65,0.51198306052845,0.485,0.332,1.71180632968247e-60,"HSPBP1"
9.8336352887726e-65,0.501843119774013,0.489,0.333,1.88707461191546e-60,"PES1"
1.03033157560002e-64,0.430756715443969,0.613,0.458,1.97720629357644e-60,"WDR18"
2.46764089043858e-64,-0.312221337459517,0.882,0.902,4.73540286875163e-60,"ITM2B"
5.28230093224618e-64,-1.50903829202289,0.063,0.146,1.01367354889804e-59,"USP53"
5.99079885544325e-64,0.270798441674156,0.927,0.862,1.14963430035956e-59,"MRPL18"
6.16521215429428e-64,0.381268770283887,0.752,0.626,1.18310421240907e-59,"METTL5"
7.44686388459932e-64,-0.527036344343196,0.6,0.659,1.42905317945461e-59,"BPTF"
1.38629937566386e-63,0.445562205714278,0.693,0.552,2.66030850189895e-59,"SRD5A3"
1.72269053375073e-63,0.392576774950765,0.722,0.579,3.30584313426764e-59,"TIMM17A"
2.10710420471786e-63,0.34459670991671,0.807,0.688,4.04353296885358e-59,"RPL7L1"
2.59426352905116e-63,0.298832779423748,0.902,0.838,4.97839171224917e-59,"PSMD8"
3.14270117323486e-63,0.455974049005095,0.628,0.48,6.0308435514377e-59,"CTSC"
3.36826408728931e-63,0.405303230905117,0.682,0.528,6.46369878350818e-59,"PFDN6"
4.84049627123478e-63,0.463329125004927,0.598,0.451,9.28891234449955e-59,"CD68"
5.94115621113392e-63,-0.473143754684894,0.66,0.715,1.1401078769166e-58,"MESDC1"
7.67274509286008e-63,0.394500327967041,0.67,0.517,1.47239978331985e-58,"ZCCHC17"
9.57542091580122e-63,0.379362218996521,0.72,0.579,1.83752327374225e-58,"HSD17B10"
9.73887264995303e-63,0.464611571137759,0.526,0.371,1.86888966152599e-58,"YARS"
1.20134477597304e-62,0.379844044363183,0.742,0.604,2.30538062509226e-58,"BAZ1A"
1.21274648889088e-62,-0.963948685085911,0.244,0.345,2.3272605121816e-58,"GCNT1"
1.36490086024795e-62,0.262625969430813,0.977,0.953,2.61924475081582e-58,"GYPC"
1.40451953557588e-62,-0.370285834801927,0.745,0.801,2.69527298877012e-58,"GABARAP"
1.76281244107192e-62,0.384642103568183,0.771,0.648,3.38283707441702e-58,"ADI1"
2.74259412598061e-62,0.469988840463017,0.531,0.376,5.26303812775678e-58,"SLC5A6"
3.60418947838831e-62,-0.534798473578413,0.578,0.635,6.91643960902717e-58,"COX16"
4.03462078625266e-62,-0.51800714530129,0.608,0.664,7.74243728881886e-58,"FOXP1"
4.593378945488e-62,0.342362653620679,0.8,0.672,8.81469419639147e-58,"RPL26L1"
1.51700628645428e-61,0.406018994121361,0.656,0.509,2.91113506370577e-57,"PTGES2"
3.56048210157088e-61,0.310906746037987,0.806,0.679,6.83256515291451e-57,"SNHG9"
1.10608323550444e-60,0.473498047241616,0.528,0.376,2.12257372893302e-56,"MTX1"
1.16298931926209e-60,0.273765406183944,0.92,0.845,2.23177650366395e-56,"PSMB5"
1.42086602968697e-60,0.498994307007459,0.461,0.311,2.7266419109693e-56,"GRWD1"
1.69388039982421e-60,0.41852163876852,0.666,0.521,3.25055648726266e-56,"ITPA"
1.75549928644065e-60,0.280069163437977,0.891,0.805,3.36880313067961e-56,"CTDNEP1"
1.81851887942392e-60,-1.09187820291256,0.167,0.266,3.48973772961451e-56,"ITPR2"
2.14305212834923e-60,0.372784920993706,0.701,0.56,4.11251703430217e-56,"DUS1L"
2.22871529218058e-60,0.532313093651625,0.828,0.736,4.27690464569453e-56,"HSPA8"
2.61966414146086e-60,0.386136919323384,0.705,0.558,5.0271354874634e-56,"AZI2"
3.1503567661098e-60,-0.294957937648743,0.985,0.984,6.0455346341647e-56,"HMGB2"
3.27795871189415e-60,0.387097482035044,0.675,0.53,6.29040276812488e-56,"DEAF1"
3.79408105452546e-60,-1.06621997796795,0.146,0.244,7.28084154363435e-56,"LRRC8C"
5.82889940349611e-60,0.264966046976078,0.944,0.885,1.1185657955309e-55,"ATF4"
6.85737105736937e-60,3.81213750339786,0.1,0.031,1.31592950590918e-55,"HBD"
1.05232897203806e-59,0.262465573352555,0.92,0.854,2.01941929734103e-55,"SRRM2"
1.42289453073131e-59,0.642649727861904,0.335,0.205,2.73053460447339e-55,"VCL"
2.63847465671653e-59,0.661519593856407,0.319,0.193,5.06323286623902e-55,"NRXN2"
2.79505597554381e-59,0.276075006312038,0.914,0.835,5.36371241706857e-55,"DAD1"
3.15943998718107e-59,0.303295303429427,0.871,0.8,6.06296533540047e-55,"PRDX4"
3.33959660819434e-59,-1.38266984148248,0.077,0.161,6.40868589112493e-55,"NAAA"
4.36296677662735e-59,0.309225365377139,0.824,0.713,8.37253324434788e-55,"TIMM10"
5.750537112957e-59,-0.71639736407119,0.344,0.44,1.10352807197645e-54,"HS6ST1"
6.53743748601397e-59,0.377929919960894,0.723,0.586,1.25453425356608e-54,"RUVBL2"
8.93073317794924e-59,0.892652175392891,0.223,0.117,1.71380769684846e-54,"CLU"
9.20964580939154e-59,0.448212868628495,0.578,0.435,1.76733103082224e-54,"AGTRAP"
1.39859522878842e-58,0.523645424568174,0.42,0.281,2.68390424404498e-54,"RNASE2"
2.5431253621067e-58,0.633351392233648,0.33,0.202,4.88025756988275e-54,"RRP9"
4.18325690563242e-58,0.64218701088898,0.323,0.196,8.02767000190862e-54,"METRN"
5.91247601597023e-58,0.421886368197629,0.604,0.457,1.13460414746469e-53,"MAPK12"
6.50412264503341e-58,0.410392935542938,0.602,0.455,1.24814113558191e-53,"SURF6"
8.39602675525762e-58,0.320606149162907,0.806,0.688,1.61119753433394e-53,"C14orf1"
1.07283592857538e-57,0.523123423155457,0.423,0.281,2.05877214693615e-53,"SHC1"
1.49959581319896e-57,-0.633604669085731,0.386,0.486,2.87772436552881e-53,"BIN1"
1.69329587935547e-57,0.321694303080199,0.817,0.714,3.24943479248315e-53,"FAM207A"
1.91650709989724e-57,0.428411684671414,0.593,0.441,3.67777712470281e-53,"ZPR1"
2.17927286488774e-57,-0.643011803269405,0.352,0.448,4.18202462771957e-53,"CTSB"
5.26630858812217e-57,-0.468469758672093,0.623,0.678,1.01060461806065e-52,"TSTD1"
1.14912621782979e-56,0.461452376654192,0.643,0.505,2.20517321201537e-52,"SPNS1"
1.28528916865127e-56,0.424776381481692,0.582,0.433,2.46646991464178e-52,"RRS1"
2.37612897480276e-56,0.302232333193481,0.822,0.71,4.5597915026465e-52,"TMEM126B"
2.62997274628153e-56,0.930222698227011,0.244,0.139,5.04691770011426e-52,"RP11-84C10.2"
3.29957405613696e-56,0.391622056292781,0.626,0.483,6.33188261372682e-52,"ERI3"
5.95988897784923e-56,0.31055891360127,0.794,0.666,1.14370269484927e-51,"SRP72"
7.2916604342384e-56,-1.3825638115426,0.081,0.162,1.39926963733035e-51,"ANXA5"
7.86554569629903e-56,0.992652851232281,0.167,0.079,1.50939821911978e-51,"RNASE3"
8.60833290368582e-56,0.392435459759161,0.637,0.493,1.65193908421731e-51,"ABHD14B"
9.27924021801042e-56,0.945314479416503,0.202,0.107,1.7806861978362e-51,"RGCC"
1.3286866528354e-55,0.382130472918251,0.623,0.474,2.54974968679112e-51,"RNF114"
1.61862923033802e-55,0.40759346794766,0.622,0.484,3.10614949301866e-51,"PREB"
1.91849169039913e-55,0.556618506239648,0.352,0.222,3.68158555387593e-51,"SLC7A5"
2.54878591963498e-55,-0.731596947425253,0.234,0.335,4.89112017977953e-51,"KLF6"
2.89461453750247e-55,0.424870541015175,0.527,0.381,5.55476529746724e-51,"MTHFD1L"
3.02884239107121e-55,0.362546246391627,0.669,0.519,5.81234854846565e-51,"TIMM8A"
5.32378650444734e-55,0.321411999654227,0.761,0.631,1.02163463020344e-50,"SNRPN"
5.37509984485039e-55,0.423822674949687,0.556,0.41,1.03148166022679e-50,"ERLIN1"
6.0414687361909e-55,0.330916687629506,0.774,0.656,1.15935785047503e-50,"RANGRF"
1.04703386840083e-54,0.252880639217234,0.928,0.861,2.0092579934612e-50,"CANX"
1.14867150201233e-54,-0.542212626692558,0.538,0.614,2.20430061236167e-50,"AP001171.1"
1.31218318249729e-54,0.696572387778792,0.267,0.154,2.51807952721231e-50,"MORN2"
2.98926119210972e-54,-1.65669586052311,0.05,0.12,5.73639222765856e-50,"SPP1"
3.30370258298162e-54,0.391966275203413,0.635,0.491,6.33980525674174e-50,"DNAJC2"
5.89161096862473e-54,0.472374448564893,0.36,0.225,1.13060014487909e-49,"CTC-524C5.2"
5.96414242815868e-54,0.450129776854901,0.48,0.335,1.14451893196365e-49,"YRDC"
7.26189838442238e-54,0.310453773492233,0.838,0.747,1.39355829997065e-49,"PSMG1"
8.12781935757903e-54,-0.660725461188243,0.366,0.457,1.55972853471942e-49,"ERG"
1.5605636357004e-53,0.307375560929258,0.823,0.708,2.99472161690907e-49,"DGUOK"
1.61437923096755e-53,0.344362552793919,0.7,0.556,3.09799374422672e-49,"NDUFV3"
1.91138466493348e-53,-0.58042762253103,0.529,0.583,3.66794717200735e-49,"TRAPPC5"
2.8566870208437e-53,0.288616645794542,0.798,0.686,5.48198239299907e-49,"DPM2"
3.37504485666404e-53,-0.695779471447759,0.367,0.45,6.47671107993829e-49,"GLMN"
4.61745306786262e-53,0.28472882506321,0.836,0.732,8.86089243722837e-49,"ILF3"
4.65072466519999e-53,0.388727105945297,0.685,0.554,8.92474063251879e-49,"CNIH4"
5.96041311131292e-53,0.314523846773384,0.803,0.695,1.14380327606095e-48,"SURF4"
6.10247531490992e-53,0.486077960614735,0.559,0.423,1.17106501293121e-48,"TIMP1"
6.88622160964183e-53,0.268785510955915,0.921,0.85,1.32146592689027e-48,"MRPL41"
7.1454515986905e-53,-0.815329762915808,0.257,0.351,1.37121216178871e-48,"IL4R"
7.74943360762105e-53,0.438530257485469,0.538,0.397,1.48711630930248e-48,"TRAP1"
7.89196774049169e-53,0.358869545090334,0.655,0.512,1.51446860940035e-48,"TARS"
1.12329412301619e-52,0.377007504334862,0.624,0.478,2.15560142206807e-48,"HSPA5"
1.16858008374235e-52,-0.299114010408703,0.897,0.906,2.24250518070157e-48,"YWHAH"
1.31061131868632e-52,0.298566120961446,0.783,0.671,2.51506312055906e-48,"CLN6"
1.61174732991933e-52,0.467401260036366,0.506,0.368,3.0929431261152e-48,"CHST12"
1.85448730206976e-52,0.465168461481111,0.466,0.326,3.55876113267187e-48,"PUS1"
1.94973803688935e-52,0.485381571706842,0.427,0.291,3.74154729279067e-48,"BCS1L"
3.28939791877452e-52,-0.981330744194715,0.176,0.268,6.31235460612831e-48,"TMEM65"
3.41658284404744e-52,-1.3586072232979,0.134,0.221,6.55642247772703e-48,"MCEMP1"
4.0653429194766e-52,0.56826882747778,0.299,0.18,7.80139306247559e-48,"METTL8"
4.89822209319647e-52,0.361710823129344,0.659,0.512,9.39968819684403e-48,"HDLBP"
4.90109821531177e-52,0.497060063431067,0.401,0.269,9.4052074751833e-48,"SLC38A5"
5.25261071929213e-52,0.43032128232085,0.524,0.38,1.00797599703216e-47,"SEC61A1"
1.15584715782804e-51,0.454826983018315,0.467,0.328,2.218070695872e-47,"SRPRB"
1.49753560537584e-51,0.325917215740862,0.781,0.671,2.87377082671624e-47,"SLC39A1"
1.58144719575831e-51,0.305320154990869,0.805,0.685,3.03479716866019e-47,"CRLS1"
1.95835496893464e-51,0.29753430589528,0.826,0.718,3.75808318538557e-47,"MRPS34"
2.28401045557294e-51,0.525968515151332,0.346,0.219,4.38301606424448e-47,"TRMT61A"
2.65858935448588e-51,-1.39483227075941,0.067,0.14,5.1018329712584e-47,"TNFAIP3"
5.69716706434269e-51,0.581068931741181,0.332,0.212,1.09328635964736e-46,"NMB"
6.61780664673534e-51,0.266843294613394,0.856,0.754,1.26995709550851e-46,"TRIAP1"
7.27164607024389e-51,-0.650570418390513,0.353,0.441,1.3954288808798e-46,"IL2RG"
9.72306244535474e-51,0.413381775167695,0.493,0.348,1.86585568326357e-46,"ALG3"
1.2099283439557e-50,0.306126344919973,0.846,0.759,2.32185249205099e-46,"NUDC"
1.26257042212367e-50,0.387823635282093,0.555,0.409,2.42287264005532e-46,"DDX49"
1.31990818557154e-50,0.705151823626454,0.238,0.134,2.53290380811178e-46,"SLA2"
1.74401404734495e-50,0.3806766857804,0.622,0.478,3.34676295685497e-46,"IARS"
2.05352388553529e-50,0.397340676338513,0.562,0.421,3.94071233634222e-46,"FAH"
2.10503139725624e-50,0.337652219353064,0.706,0.572,4.03955525133472e-46,"DNAJC19"
2.17938527393285e-50,0.328732814314776,0.727,0.598,4.18224034067714e-46,"POLR2G"
2.54849347912165e-50,0.260128001658151,0.896,0.822,4.89055898643445e-46,"GRB2"
2.59153780234291e-50,0.600737543140333,0.295,0.181,4.97316104269604e-46,"CD3EAP"
4.2680948504083e-50,0.527442511628531,0.361,0.235,8.19047401793353e-46,"B4GALT5"
5.22502251536286e-50,0.309235490554595,0.805,0.697,1.00268182069813e-45,"POLDIP2"
6.00610520118705e-50,-0.436259340477952,0.664,0.712,1.15257158810779e-45,"MARCH6"
6.55557289036574e-50,0.413080796867495,0.491,0.35,1.25801443766119e-45,"GRPEL1"
7.09636187844734e-50,0.266850803221548,0.869,0.79,1.36179184447404e-45,"DDX18"
7.18576450375405e-50,-0.7647949053166,0.279,0.372,1.3789482082704e-45,"IFI16"
7.32930731483706e-50,0.339837494221861,0.682,0.542,1.40649407371723e-45,"BRI3BP"
7.62633137333909e-50,0.363223840103853,0.656,0.515,1.46349299054377e-45,"NTPCR"
8.0598237932395e-50,0.361352260853578,0.812,0.735,1.54668018592266e-45,"CCND3"
1.72340232926161e-49,0.349374634136725,0.658,0.513,3.30720906985304e-45,"NCBP2"
1.72637617220204e-49,0.299196007252495,0.789,0.675,3.31291587445572e-45,"TMEM261"
1.81354077670826e-49,0.285455421740812,0.873,0.787,3.48018475050315e-45,"SNRPB2"
2.37091220623116e-49,0.274799967473935,0.869,0.795,4.5497805237576e-45,"MORF4L2"
2.70284153230955e-49,-1.24017342152248,0.076,0.151,5.18675290050203e-45,"PLEC"
3.12743063871032e-49,0.343814035231729,0.718,0.591,6.0015393956851e-45,"CCT5"
3.97041321399758e-49,-1.17281570070272,0.12,0.203,7.61922295766135e-45,"GBP4"
4.28109305238182e-49,0.340440543318394,0.731,0.605,8.21541756752071e-45,"SCO2"
5.12643150719576e-49,0.302511515662159,0.813,0.709,9.83762206230865e-45,"NDUFV1"
5.89692580616004e-49,0.419405272307233,0.5,0.36,1.13162006220211e-44,"ESRRA"
6.87640029959977e-49,-0.31233236540747,0.8,0.817,1.31958121749319e-44,"BNIP2"
8.37213495096898e-49,-0.342391968542559,0.745,0.769,1.60661269709095e-44,"PGD"
9.02797215932059e-49,0.347078162596646,0.706,0.58,1.73246785737362e-44,"DLEU1"
9.09449496847915e-49,-0.941222436633182,0.179,0.267,1.74523358445115e-44,"CTSS"
9.48794828094548e-49,-0.449949438513307,0.592,0.649,1.82073727511344e-44,"DYNLT1"
1.10481392799e-48,-1.03951230513979,0.136,0.222,2.1201379278128e-44,"RELB"
1.14608868490646e-48,0.297155376627943,0.762,0.629,2.1993441863355e-44,"ELF1"
1.21175744847496e-48,0.475572906697765,0.359,0.235,2.32536254362345e-44,"WARS"
1.91637321032577e-48,-1.3299884088664,0.079,0.153,3.67752019061515e-44,"ST3GAL5"
2.16656728187457e-48,0.434098055577685,0.42,0.285,4.1576426139173e-44,"WBSCR22"
2.89476960404248e-48,0.286661786749019,0.809,0.705,5.55506287015751e-44,"MRPS23"
3.89690498566639e-48,-1.24483847098065,0.094,0.171,7.47816066749381e-44,"NOG"
4.67957122972381e-48,-0.883718649237564,0.182,0.273,8.98009718983999e-44,"CNFN"
5.34609011700742e-48,0.484243249919208,0.38,0.254,1.02591469345372e-43,"TMEM177"
5.64582952300505e-48,-0.815197630475543,0.272,0.361,1.08343468546467e-43,"SOCS3"
7.58467088898867e-48,-0.769702353370736,0.237,0.328,1.45549834359693e-43,"AHNAK"
7.9437535941792e-48,0.303467894791815,0.769,0.66,1.52440631472299e-43,"RAB8A"
8.31229923261022e-48,0.514269544126779,0.34,0.22,1.5951302227379e-43,"CCDC86"
8.45538544987249e-48,-1.30392444717589,0.085,0.159,1.62258846783053e-43,"CCNG2"
1.17337991756498e-47,0.309076197763471,0.729,0.604,2.2517160618072e-43,"PPIH"
1.25530684280282e-47,-1.10596707506515,0.12,0.201,2.40893383133861e-43,"FBXO21"
1.59235276405697e-47,0.45209455201243,0.265,0.161,3.05572495422533e-43,"MPO"
1.6795887850008e-47,0.357022724781607,0.573,0.428,3.22313087841654e-43,"AP3D1"
2.10537411510465e-47,0.356302859733025,0.67,0.538,4.04021292688583e-43,"FXN"
2.41996182604283e-47,0.421185903767221,0.487,0.352,4.64390674417618e-43,"RRP1"
3.40288974528174e-47,0.402541544022689,0.486,0.346,6.53014542119566e-43,"WDR74"
4.34893962671553e-47,-0.791900393028564,0.234,0.323,8.3456151436671e-43,"RBPMS"
4.52919141858838e-47,0.29091660152047,0.775,0.654,8.6915183322711e-43,"MDH2"
5.18224580572523e-47,-0.582645306972482,0.407,0.489,9.94472970118673e-43,"SMCO4"
5.5286443099164e-47,0.352562193465362,0.697,0.57,1.06094684307296e-42,"TSTA3"
7.14043872430711e-47,-0.536228086851813,0.567,0.612,1.37025019119453e-42,"SMYD3"
9.24145860637796e-47,-1.03239704391263,0.137,0.219,1.77343590656393e-42,"C5orf56"
1.32195202857167e-46,0.274398666909077,0.894,0.812,2.53682594282904e-42,"HEBP2"
1.373773229996e-46,0.312991371174753,0.708,0.574,2.63627082836232e-42,"NARS"
1.39329467130568e-46,0.529540214427302,0.307,0.192,2.67373247423559e-42,"FASN"
1.71311299804347e-46,0.471966197693598,0.419,0.29,3.28746384324542e-42,"FBRSL1"
1.8320577976079e-46,0.411991140123138,0.519,0.381,3.51571891360956e-42,"HSPA9"
2.05401088197373e-46,0.50264522371897,0.361,0.239,3.94164688250758e-42,"GCAT"
2.13375036465515e-46,0.367735889382912,0.621,0.488,4.09466694977322e-42,"MRPL19"
2.55738794715939e-46,0.374495958795377,0.586,0.45,4.90762747059887e-42,"DUSP3"
2.5777082398112e-46,0.412018842496005,0.435,0.299,4.9466221121977e-42,"CCDC58"
3.10074130467589e-46,-0.78145710782891,0.272,0.357,5.95032256367304e-42,"IPO11"
3.84826073734441e-46,0.327151836868915,0.767,0.648,7.38481235496393e-42,"CCT7"
4.24524972726125e-46,-0.413122508979201,0.628,0.67,8.14663422661433e-42,"RNASET2"
6.04696019437786e-46,0.398295872544305,0.539,0.405,1.16041166130111e-41,"PPAN"
6.830485338505e-46,0.348431126635341,0.694,0.57,1.31077013645911e-41,"PTDSS1"
7.20135126337409e-46,0.316485167552678,0.742,0.621,1.38193930744149e-41,"SDHB"
7.2220971375842e-46,0.489334534413783,0.369,0.248,1.38592044070241e-41,"FAM98A"
8.13751454051746e-46,0.327827821430987,0.737,0.624,1.5615890403253e-41,"EMB"
8.23495617080359e-46,0.423504572469882,0.431,0.297,1.58028808917721e-41,"DPH2"
1.19103309829491e-45,0.395659076835259,0.594,0.465,2.28559251562792e-41,"RITA1"
1.27389205890685e-45,0.268319211483301,0.819,0.707,2.44459886104224e-41,"TMCO1"
1.28199326537206e-45,0.415012090363688,0.458,0.329,2.46014507624898e-41,"FTSJ1"
1.33966725262347e-45,0.365413445030224,0.589,0.454,2.57082145778444e-41,"CLPTM1L"
1.77282280166643e-45,0.36178067281314,0.588,0.445,3.40204695639788e-41,"POLR2H"
1.86208318321776e-45,-0.74138398305731,0.229,0.319,3.57333762859488e-41,"RP11-251M1.1"
2.05336904501024e-45,0.336615192483682,0.644,0.508,3.94041519737464e-41,"LTBR"
2.06724420470996e-45,-0.790444792374781,0.249,0.335,3.96704162883841e-41,"DYNLT3"
2.21463177755756e-45,0.385345767394698,0.504,0.368,4.24987838113295e-41,"ZBTB8OS"
3.09152832786482e-45,0.315252303572188,0.719,0.601,5.93264286117258e-41,"COPS5"
3.12210934993041e-45,0.310062108525484,0.763,0.651,5.99132784251646e-41,"VDAC1"
3.70170036557293e-45,0.416318649502594,0.553,0.431,7.10356300153446e-41,"WDR77"
4.42685906849078e-45,0.357307740047518,0.567,0.429,8.49514255243381e-41,"TMX2"
5.81396291738813e-45,0.496760125280241,0.33,0.213,1.11569948384678e-40,"CD320"
5.82115961551629e-45,0.340088572244078,0.629,0.496,1.11708053021758e-40,"MRPS10"
8.15912406915334e-45,-0.450041368478044,0.6,0.642,1.56573590887053e-40,"CBWD2"
8.59512897405916e-45,-1.38967626047957,0.071,0.139,1.64940525012195e-40,"EXD3"
1.03986032019559e-44,0.415760446184932,0.511,0.378,1.99549195445534e-40,"ENDOG"
1.04834147448857e-44,0.332389704362871,0.523,0.379,2.01176728954356e-40,"IGHM"
1.18354699447406e-44,0.322297799828663,0.676,0.543,2.27122668239571e-40,"SSSCA1"
1.67491768449341e-44,0.403820095294077,0.471,0.338,3.21416703654286e-40,"DOHH"
2.27191451295831e-44,0.391972563050061,0.458,0.324,4.359803950367e-40,"C16orf91"
2.28386790875335e-44,0.39293161012076,0.481,0.347,4.38274251689768e-40,"ABHD14A"
2.38719478841472e-44,0.251036142916131,0.867,0.782,4.58102679896784e-40,"BABAM1"
3.15449375155016e-44,0.298461990473217,0.77,0.665,6.05347350922477e-40,"CHMP2A"
3.5898206084331e-44,0.26552040704332,0.919,0.86,6.88886574758311e-40,"ATP5B"
3.89984917642812e-44,0.295427277973718,0.745,0.633,7.48381056956557e-40,"NTMT1"
4.08732252383491e-44,0.402050631723954,0.54,0.407,7.84357192323919e-40,"RNF41"
5.067462685661e-44,0.506256684061031,0.315,0.201,9.72446089378347e-40,"CIAPIN1"
5.77426907246287e-44,0.337679336072521,0.635,0.506,1.10808223500562e-39,"EXOSC3"
5.99258337683144e-44,-1.29177314256756,0.089,0.161,1.14997675001395e-39,"IER3"
6.32042612797611e-44,0.399936136018921,0.443,0.313,1.21288977395862e-39,"EIF3B"
6.64913673455092e-44,-0.375493425839161,0.669,0.707,1.27596933936032e-39,"LBR"
6.80792261542069e-44,0.363704683844557,0.53,0.392,1.30644034989923e-39,"BCCIP"
7.03577129953578e-44,-0.443259862787156,0.574,0.625,1.35016451238092e-39,"TAPBP"
7.71409856480848e-44,0.614602230181414,0.246,0.148,1.48033551458675e-39,"TMEM150A"
9.76565456333763e-44,0.259786245561699,0.858,0.769,1.87402911070449e-39,"TMED10"
9.86120871536072e-44,0.259133207180448,0.834,0.74,1.89236595247772e-39,"EEF1E1"
1.25943121415621e-43,0.487684407815695,0.334,0.219,2.41684849996577e-39,"PGAM5"
1.40708999126945e-43,-0.630080496272265,0.303,0.391,2.70020569324607e-39,"MARCKS"
1.65011943968223e-43,0.295844823601501,0.764,0.648,3.1665792047502e-39,"HM13"
1.71405972385863e-43,-0.708443715852482,0.294,0.375,3.28928061008471e-39,"TIMP2"
2.19521120278953e-43,0.446150141714904,0.453,0.325,4.2126102981531e-39,"ACTN1"
2.53557129039521e-43,-0.575881129198213,0.501,0.571,4.8657613062684e-39,"RMI2"
2.78685490606479e-43,0.34132203195983,0.532,0.394,5.34797456473832e-39,"LARS"
3.73704589048147e-43,0.253980129024961,0.839,0.751,7.17139106383394e-39,"RER1"
3.80475618663759e-43,0.317832827798087,0.746,0.644,7.30132712215753e-39,"AHSA1"
3.85841817749398e-43,-1.27536071467644,0.077,0.145,7.40430448261095e-39,"CYLD"
4.08959044437705e-43,0.333736277810615,0.636,0.501,7.84792406275956e-39,"TOR1A"
4.30764701396949e-43,0.373637939220852,0.75,0.647,8.26637461980746e-39,"CITED2"
4.8909299131136e-43,0.377524834129235,0.52,0.385,9.38569450326499e-39,"AP006222.2"
5.70260821175333e-43,0.358359839476068,0.556,0.423,1.09433051583546e-38,"COA1"
6.09634143430869e-43,-0.399865289431476,0.669,0.699,1.16988792124384e-38,"HSD17B11"
6.53132167118626e-43,0.362788496553024,0.651,0.528,1.25336062870064e-38,"PSMD3"
6.76224374025566e-43,0.267998173938884,0.824,0.728,1.29767457375506e-38,"PSMA5"
9.01972789294991e-43,0.277745251273506,0.763,0.647,1.73088578265709e-38,"ABCF1"
1.05915083015549e-42,0.576981620131174,0.278,0.174,2.03251044306838e-38,"C2orf88"
1.08639776404665e-42,0.367903310158229,0.557,0.423,2.08479730920553e-38,"ZNF330"
1.12633954782242e-42,-0.63232758283436,0.327,0.407,2.16144559227122e-38,"DNASE2"
1.1464370792292e-42,0.554467303780001,0.241,0.143,2.20001275504083e-38,"MYBBP1A"
1.4009349632679e-42,0.254800921641278,0.854,0.767,2.6883941945111e-38,"LMAN2"
1.46855183937012e-42,0.254640021171904,0.853,0.761,2.81815097975126e-38,"PSMB2"
1.64000420094526e-42,0.322652242864584,0.635,0.493,3.14716806161395e-38,"NCBP2-AS2"
2.00706358389263e-42,0.84185638013275,0.152,0.076,3.85155501748995e-38,"ZNF385A"
2.08595676913176e-42,0.269213801612416,0.775,0.666,4.00295103996384e-38,"PDAP1"
2.13529642234348e-42,0.423472532069186,0.416,0.29,4.09763383447713e-38,"FAM189B"
2.31261065626312e-42,-1.06995818167837,0.11,0.185,4.43789984936892e-38,"GAS7"
2.60529850220327e-42,0.457959807682347,0.353,0.236,4.99956782572807e-38,"DIAPH1"
4.88216275741219e-42,-0.451867565890189,0.591,0.634,9.36887033147399e-38,"POLR2J3"
4.93151241384883e-42,-0.497961492955444,0.47,0.53,9.4635723221759e-38,"ZNF106"
6.01333047560524e-42,0.688031933715538,0.201,0.114,1.15395811826865e-37,"CD69"
6.12626356124511e-42,-0.259434471403065,0.837,0.851,1.17562997740294e-37,"MYL12B"
7.31022147585262e-42,0.299233690419494,0.723,0.612,1.40283150121612e-37,"PPP1R11"
7.3170943270195e-42,0.336082064560882,0.661,0.538,1.40415040135504e-37,"SRPK1"
7.80963786598604e-42,0.331724779514723,0.605,0.473,1.49866950648272e-37,"MPDU1"
9.36256289036622e-42,-0.927782244522926,0.169,0.249,1.79667581866128e-37,"RP11-25K19.1"
1.00283825928339e-41,-0.617585200841386,0.382,0.456,1.92444661956482e-37,"CD58"
1.53964472930581e-41,0.437152706598658,0.388,0.268,2.95457823553786e-37,"RPF2"
1.57848750375059e-41,0.319743444657173,0.603,0.472,3.02911751969738e-37,"TIMM10B"
2.06251973744665e-41,0.32242974142076,0.677,0.556,3.95797537616012e-37,"ACADVL"
2.50946475233971e-41,0.28768435093846,0.747,0.634,4.8156628597399e-37,"LMAN1"
3.28711092536982e-41,0.31008030225559,0.676,0.561,6.30796586578469e-37,"TIMM9"
3.62825753664458e-41,0.27303439901103,0.796,0.695,6.96262621282095e-37,"MAP2K2"
3.68000463000769e-41,0.578578184546015,0.243,0.147,7.06192888498476e-37,"OGG1"
3.68074869853908e-41,0.354126587656071,0.563,0.43,7.06335675249649e-37,"SLC52A2"
4.60571844261112e-41,0.366285481055792,0.584,0.456,8.83837369137074e-37,"RIOK1"
5.34850857721169e-41,0.333357245173429,0.605,0.475,1.02637879596692e-36,"PSME3"
5.51376824457577e-41,0.310386961464494,0.654,0.524,1.05809212613409e-36,"PPA2"
5.56176169541169e-41,0.266647548237039,0.808,0.708,1.0673020693495e-36,"AHCY"
5.88985120939651e-41,0.42459546614593,0.385,0.266,1.13026244708319e-36,"GMPPB"
6.07388369545945e-41,0.281420489551191,0.831,0.745,1.16557828115867e-36,"APLP2"
6.88454283818497e-41,0.35536249312726,0.578,0.444,1.3211437706477e-36,"CCDC57"
8.06308480919948e-41,0.291619174747517,0.709,0.58,1.54730597488538e-36,"ISCA1"
1.007244983856e-40,0.320470085989574,0.632,0.501,1.93290312401966e-36,"PPP6R1"
1.03371643100516e-40,-0.813089887641811,0.219,0.3,1.9837018310989e-36,"IRF1"
1.08992578748696e-40,-0.501702119555137,0.473,0.535,2.09156758618747e-36,"CARHSP1"
1.10053701905475e-40,0.299974371628416,0.731,0.617,2.11193053956607e-36,"NIFK"
1.10381582927179e-40,-0.801420134413721,0.246,0.33,2.11822257637256e-36,"CXCR4"
1.34242658358803e-40,0.432999275442786,0.349,0.236,2.57611661390542e-36,"FNDC3B"
1.34642503347211e-40,0.420954173011286,0.418,0.298,2.58378963923297e-36,"SRRD"
1.46186522130859e-40,0.311500772931909,0.802,0.7,2.80531935969118e-36,"ST3GAL4"
1.52749762133412e-40,0.282506373359096,0.793,0.687,2.93126793534018e-36,"NDUFA8"
1.99377347320677e-40,0.371574364703755,0.57,0.444,3.82605129508378e-36,"SLC48A1"
2.05504491957799e-40,0.451216633178737,0.294,0.189,3.94363120067016e-36,"HCK"
2.08750977447297e-40,0.33377676755563,0.528,0.396,4.00593125721363e-36,"GTPBP4"
3.14809510331402e-40,0.317963496932561,0.475,0.34,6.04119450325961e-36,"DDX41"
3.41597794275013e-40,-0.479020631077051,0.069,0.135,6.5552616721375e-36,"HPGD"
3.48389063374319e-40,0.340668247242686,0.565,0.432,6.68558612615317e-36,"CHID1"
3.61942544138026e-40,-0.985074632527271,0.133,0.207,6.94567742200872e-36,"PRKACA"
3.95546075170234e-40,0.326444304440937,0.738,0.637,7.5905291825168e-36,"SYNGR1"
4.7649838083152e-40,0.317065109047836,0.673,0.548,9.14400392815687e-36,"SH3KBP1"
4.92717765938345e-40,1.08828604321867,0.102,0.043,9.45525392835684e-36,"CEACAM4"
5.29130679665168e-40,-0.409513067623508,0.643,0.665,1.01540177427746e-35,"CD81"
5.78314361930995e-40,0.269232615035571,0.774,0.662,1.10978526054558e-35,"RTN3"
7.00936264908077e-40,0.358862338238683,0.485,0.358,1.3450966923586e-35,"NR2F6"
8.26823922203517e-40,-0.630397183832523,0.364,0.438,1.58667510670855e-35,"OCIAD2"
9.25682771674783e-40,0.47753181535257,0.287,0.183,1.77638523884391e-35,"RP4-728D4.2"
9.32651454898578e-40,0.289100352452894,0.661,0.537,1.78975814195037e-35,"PSMG3"
9.39173591144115e-40,-1.11947752919729,0.1,0.17,1.80227412140556e-35,"YPEL1"
1.11424072315348e-39,0.49798663888654,0.269,0.17,2.13822794773152e-35,"PFAS"
1.49839018281466e-39,-0.287316728614357,0.797,0.813,2.87541076082133e-35,"CHPT1"
1.6405839395721e-39,-1.26491371384454,0.078,0.143,3.14828058003887e-35,"HLA-DRB5"
1.84343305618404e-39,0.2529836183986,0.824,0.724,3.53754803481718e-35,"AK6"
2.53291761204347e-39,0.448613704019451,0.314,0.205,4.86066889751143e-35,"NIP7"
2.55240935240683e-39,-0.257780197726567,0.885,0.89,4.89807354726871e-35,"CD82"
2.8219157927736e-39,0.360325685026781,0.465,0.337,5.41525640633255e-35,"ETF1"
2.84964209545963e-39,-0.760426607545086,0.254,0.328,5.46846318118704e-35,"CEP55"
3.03819214521021e-39,0.359588053505862,0.459,0.33,5.83029072665839e-35,"FLAD1"
3.53328280117372e-39,-0.571408203922722,0.359,0.436,6.78036969545236e-35,"DAPK1"
3.7830001101023e-39,0.322946643895925,0.591,0.464,7.25957721128632e-35,"PRADC1"
4.18863848517343e-39,-0.738991686507381,0.253,0.331,8.03799725304781e-35,"SPTAN1"
4.33842374090159e-39,0.596035749030452,0.202,0.117,8.32543515879016e-35,"AEN"
4.38475127509293e-39,0.310599368050766,0.618,0.489,8.41433769690333e-35,"HDDC3"
5.12244010321412e-39,0.280345331670319,0.845,0.759,9.8299625580679e-35,"PCMT1"
5.15450896908088e-39,-0.734893830684597,0.276,0.351,9.89150271166622e-35,"ZNF609"
6.87923724999818e-39,-0.649441091026372,0.39,0.454,1.32012562827465e-34,"FOSL2"
7.85527938911011e-39,0.29829346304302,0.587,0.455,1.50742811477023e-34,"MRPL1"
8.34558639869866e-39,0.395860437524241,0.383,0.266,1.60151802991027e-34,"LTB4R"
8.72763917165669e-39,0.417127177388771,0.306,0.199,1.67483395704092e-34,"RP11-400F19.6"
8.7621832239601e-39,0.333188151665842,0.545,0.416,1.68146296067794e-34,"IMPAD1"
9.76986660683346e-39,0.397092334700634,0.416,0.296,1.87483740185134e-34,"MRPS30"
1.04899789894402e-38,0.42689425127718,0.383,0.27,2.01302696807358e-34,"FUT4"
1.29188137753852e-38,0.502168048453907,0.28,0.181,2.47912036349642e-34,"HYOU1"
1.34015956731204e-38,0.332155014594134,0.588,0.454,2.5717662096718e-34,"BLOC1S4"
1.53584611531794e-38,0.400744581818476,0.452,0.33,2.94728869529512e-34,"GADD45A"
1.56228806655876e-38,0.319336921109709,0.809,0.713,2.99803079972625e-34,"RPL22L1"
1.56824358703935e-38,0.398580946611111,0.38,0.264,3.00945944352851e-34,"LTV1"
1.79087748208277e-38,0.385824139188697,0.443,0.324,3.43669388811683e-34,"TMEM138"
1.8896492595739e-38,0.371811120030596,0.468,0.344,3.62623692912231e-34,"TCEB3"
1.90478752814308e-38,-0.273568387418688,0.806,0.823,3.65528726650657e-34,"TYMP"
2.03271037465876e-38,0.279866328975748,0.716,0.596,3.90077120897016e-34,"ALYREF"
2.08374347509417e-38,0.270073964309375,0.713,0.588,3.9987037287057e-34,"POLD2"
2.14199994881602e-38,0.276335670776019,0.739,0.617,4.11049790177794e-34,"C8orf59"
2.43216851876307e-38,0.612127060185318,0.21,0.124,4.66733138750633e-34,"HIPK2"
2.67691177669666e-38,0.331471376560925,0.553,0.426,5.1369936994809e-34,"ACIN1"
2.80994388605476e-38,0.395799950252307,0.385,0.268,5.39228231733909e-34,"TIMMDC1"
3.48431433323389e-38,0.63341561845654,0.182,0.103,6.68639920547584e-34,"NOL6"
3.61870549459599e-38,-0.515365894951722,0.405,0.472,6.9442958441297e-34,"BNIP3L"
3.70517670493762e-38,0.268696708973511,0.763,0.646,7.1102340967753e-34,"GCSH"
3.70576950140043e-38,0.352490139950899,0.491,0.366,7.11137167318742e-34,"DYRK4"
3.89368911084131e-38,0.400178717067547,0.404,0.286,7.47198940370447e-34,"APMAP"
4.1981272390438e-38,0.49500073406877,0.28,0.181,8.05620617172505e-34,"SLC43A1"
4.82469662598499e-38,0.659253103731436,0.169,0.092,9.25859282526519e-34,"RPS6KL1"
5.23875629075581e-38,0.265799797415895,0.761,0.645,1.00531733219604e-33,"MRPS14"
6.78542590454039e-38,0.318549342874159,0.651,0.535,1.3021232310813e-33,"PRPF19"
7.14492916079171e-38,0.347482807561934,0.488,0.361,1.37111190595593e-33,"YIPF2"
8.72207594332195e-38,0.276469666297937,0.687,0.556,1.67376637352348e-33,"PPCS"
9.95580630692693e-38,0.467484723912591,0.294,0.192,1.91051923029928e-33,"BYSL"
1.06371443051335e-37,0.312419098436185,0.689,0.572,2.04126799215512e-33,"PSMD11"
1.11460895660293e-37,-0.682821566691299,0.264,0.342,2.13893458772102e-33,"HEXB"
1.17664762778517e-37,0.259321397113141,0.816,0.711,2.25798679771973e-33,"THAP7"
1.42100467220466e-37,0.341950524566821,0.54,0.417,2.72690796596075e-33,"EXOSC7"
1.55238925707476e-37,0.37261253105162,0.456,0.332,2.97903498432646e-33,"QDPR"
1.75345353952963e-37,0.429039327501514,0.398,0.283,3.36487734235737e-33,"C8orf82"
1.91260910690251e-37,0.289534788483894,0.737,0.623,3.67029687614591e-33,"TADA3"
2.29847486659388e-37,0.316499186898058,0.624,0.5,4.41077326899366e-33,"RFXANK"
2.58240751378311e-37,0.357501536104991,0.478,0.352,4.95564001894979e-33,"ATAD3A"
2.63162642852154e-37,0.330943185361338,0.584,0.46,5.05009111633283e-33,"IRAK1"
2.65332350960735e-37,0.300485346031377,0.662,0.53,5.09172781493649e-33,"BAD"
2.74254060931132e-37,0.339770922336815,0.53,0.403,5.26293542926843e-33,"CCDC137"
3.20538594366028e-37,0.327383689813104,0.517,0.386,6.15113562588408e-33,"DHX33"
3.66247418717407e-37,0.391876423302605,0.374,0.259,7.02828796518705e-33,"EIF4G1"
4.04721711841285e-37,-0.598062629710597,0.401,0.463,7.76660965023426e-33,"NTAN1"
4.05086928035473e-37,-1.30822775163586,0.049,0.104,7.77361814900072e-33,"SHE"
5.78925494104625e-37,0.279774002918658,0.696,0.582,1.11095802318677e-32,"EPB41L4A-AS1"
5.89576706406776e-37,-0.382021524521445,0.898,0.906,1.1313976995946e-32,"HIST1H4C"
6.26307939792026e-37,-0.836849377085924,0.141,0.215,1.2018849364609e-32,"HERC5"
6.85149243435388e-37,0.294705261001251,0.714,0.604,1.31480139815251e-32,"SSBP1"
7.36021363783521e-37,0.337144707941775,0.617,0.491,1.41242499710058e-32,"NUDT4"
7.54053016122478e-37,0.50204658578475,0.242,0.15,1.44702773793903e-32,"DPCD"
8.80155889479676e-37,1.60492528088285,0.1,0.044,1.6890191519115e-32,"HBB"
9.8513840401017e-37,-0.577712981526499,0.326,0.4,1.89048059729552e-32,"ARHGAP30"
1.10890776076117e-36,-0.39377967349247,0.563,0.613,2.12799399290068e-32,"HOXB2"
1.25522859386736e-36,0.805697271355905,0.141,0.073,2.40878367163146e-32,"PVRL1"
1.32243441074242e-36,0.767878588684114,0.298,0.206,2.5377516342147e-32,"GMPR"
1.7056479643635e-36,-0.692166228634421,0.282,0.355,3.27313844361356e-32,"RB1"
2.53846508399187e-36,0.436499792923644,0.332,0.227,4.8713144961804e-32,"EXOSC2"
2.58834944210386e-36,0.400036024493727,0.371,0.258,4.96704257939732e-32,"SDCCAG3"
2.67910341584269e-36,0.34016987262845,0.538,0.41,5.14119945500212e-32,"TMEM208"
2.81430861132362e-36,0.275263452768264,0.678,0.557,5.40065822513004e-32,"MANF"
2.92568284756701e-36,0.293726728184339,0.852,0.772,5.6143853844811e-32,"HSP90B1"
3.17636167853718e-36,0.283739096877666,0.662,0.534,6.09543806111286e-32,"REXO4"
3.75850096625658e-36,0.463434553479432,0.246,0.153,7.21256335424637e-32,"UTP14A"
4.12393135559455e-36,-0.361055256976405,0.638,0.675,7.91382427138594e-32,"IDS"
4.16603661897272e-36,0.383409762329135,0.382,0.269,7.99462427180865e-32,"GGA2"
4.25930027902324e-36,0.251085344714243,0.796,0.694,8.17359723544559e-32,"EIF3I"
4.29667253335961e-36,0.286379067533253,0.662,0.544,8.24531459151708e-32,"EIF2S1"
4.36076214573591e-36,0.251340100820044,0.736,0.621,8.36830255766722e-32,"POP7"
4.54783451207145e-36,0.359283701264406,0.446,0.327,8.72729442866512e-32,"KATNB1"
5.09525709245852e-36,0.649348956671303,0.178,0.101,9.7777983604279e-32,"AC002454.1"
5.26484337550039e-36,0.354760895612347,0.512,0.39,1.01032344375853e-31,"GLRX2"
5.41576878060632e-36,0.447585998804413,0.347,0.242,1.03928602899835e-31,"PSMC4"
5.62492888884906e-36,0.431317711868772,0.334,0.228,1.07942385377013e-31,"COA7"
6.17241819004977e-36,0.441786556132344,0.331,0.226,1.18448705067055e-31,"PRR7"
6.29016658014358e-36,0.276118200542369,0.752,0.655,1.20708296672955e-31,"PRMT1"
8.92691423026793e-36,-1.36363908424479,0.059,0.115,1.71307484078842e-31,"TRAF3IP2"
9.26316012729797e-36,-0.250647344434797,0.875,0.88,1.77760042842848e-31,"ARF6"
9.70750173277446e-36,0.3011209529412,0.629,0.514,1.86286958251942e-31,"PYM1"
1.03911378603353e-35,0.275771647410864,0.751,0.645,1.99405935539835e-31,"XRCC6"
1.07379911449743e-35,-0.270646837734552,0.84,0.835,2.06062050072056e-31,"PNRC2"
1.10559083364756e-35,0.466954065751658,0.274,0.179,2.12162880976967e-31,"LONP1"
1.49062757669357e-35,0.348069814586016,0.511,0.393,2.86051431967496e-31,"PXN-AS1"
1.62058375211467e-35,0.257480391511964,0.758,0.656,3.10990022030805e-31,"TDG"
1.83053153299693e-35,0.317258141793743,0.617,0.499,3.5127900118211e-31,"CDK6"
1.99367647493494e-35,0.334565056257878,0.42,0.3,3.82586515540015e-31,"TSR1"
2.35156441079898e-35,-0.303750668871894,0.798,0.81,4.51265210432324e-31,"HLA-E"
2.75046848331934e-35,0.465078097000722,0.388,0.284,5.27814901948981e-31,"TSLP"
2.81230417183405e-35,0.399304638051008,0.294,0.192,5.39681170574954e-31,"NAT10"
3.07193960868374e-35,0.316839050532624,0.533,0.41,5.89505210906409e-31,"STOM"
3.68248362457752e-35,-0.440796861389227,0.512,0.562,7.06668607556427e-31,"PAN3"
3.8090971774932e-35,0.591369315675617,0.25,0.162,7.30965748360944e-31,"ALAS1"
5.58044294179323e-35,-0.422957192807938,0.528,0.577,1.07088700053012e-30,"HOXB4"
5.72052614772269e-35,-0.618118926387343,0.471,0.505,1.09776896774798e-30,"C11orf98"
6.44182832648122e-35,0.35847946804849,0.413,0.297,1.23618685585175e-30,"MARS"
7.3626290114436e-35,-0.539739811185799,0.303,0.38,1.41288850729603e-30,"BTG2"
8.33144545071089e-35,0.347208834104124,0.611,0.493,1.59880438199142e-30,"RASGRP3"
1.08724669538155e-34,0.30240524541992,0.663,0.545,2.08642640843719e-30,"SLC2A4RG"
1.09012211900726e-34,0.836988190088611,0.138,0.074,2.09194434637494e-30,"RHOU"
1.127954550692e-34,0.330222142546838,0.548,0.426,2.16454478277795e-30,"BRIX1"
1.1516813577827e-34,-0.442434064447228,0.592,0.632,2.21007652558501e-30,"LYSMD2"
1.65368549965666e-34,0.318248384006168,0.557,0.438,3.17342247384114e-30,"CTSA"
1.74941286905033e-34,0.407508162069312,0.344,0.238,3.35712329570757e-30,"PRMT5"
1.79159606400591e-34,0.36512936326739,0.466,0.35,3.43807284682733e-30,"NAE1"
1.95286810912239e-34,0.48699558081625,0.246,0.157,3.74755390140586e-30,"LRFN4"
2.10786075571898e-34,0.513703955334755,0.189,0.111,4.04498479022473e-30,"RRP12"
2.16665895021477e-34,-0.259910149719915,0.947,0.949,4.15781852546215e-30,"CDC42"
2.25439236832175e-34,-0.47654402959544,0.417,0.481,4.32617895480943e-30,"RHOC"
2.37343308397138e-34,0.287791848118239,0.585,0.457,4.55461808814107e-30,"GEMIN7"
2.54849626566998e-34,0.503360158568634,0.234,0.146,4.89056433382069e-30,"C6orf120"
2.67718494943363e-34,0.3104890870619,0.525,0.402,5.13751791796313e-30,"RPP25L"
2.70234855774982e-34,0.402061699822067,0.288,0.191,5.1858068823219e-30,"SELPLG"
3.2484593580824e-34,0.274511693469417,0.671,0.548,6.23379350816013e-30,"TYW3"
4.16086998214971e-34,-0.418113677259303,0.503,0.558,7.98470949574529e-30,"IMPA2"
4.35479926119373e-34,-0.361538280076507,0.668,0.694,8.35685978223077e-30,"ZNF580"
5.19780042054805e-34,-0.470750371359372,0.438,0.5,9.97457900703171e-30,"AKR1B1"
5.993313129766e-34,0.328149703448975,0.472,0.354,1.1501167896021e-29,"PSTPIP2"
6.69401528151204e-34,0.333235526172222,0.417,0.302,1.28458153252216e-29,"ECHDC1"
6.90971887124129e-34,0.40841799326827,0.246,0.158,1.3259750513912e-29,"PSAT1"
9.11948915950873e-34,0.285138974558509,0.661,0.537,1.75002996970972e-29,"AIMP1"
1.22890440910945e-33,0.423745804243986,0.437,0.331,2.35826756108103e-29,"SMIM24"
1.43237407811998e-33,0.360104610653798,0.377,0.266,2.74872585591224e-29,"SNAP23"
1.49400174763541e-33,0.302250572545577,0.589,0.464,2.86698935371236e-29,"GALK1"
1.71334154949425e-33,-1.13618022663377,0.083,0.143,3.28790243347947e-29,"GCNT2"
1.74188464418602e-33,-1.17958189277667,0.072,0.129,3.34267663219298e-29,"RP1-244F24.1"
1.75916560663046e-33,0.46409135009274,0.237,0.149,3.37583879912385e-29,"JMJD8"
1.90378093378876e-33,0.446869114334118,0.261,0.169,3.65335561194062e-29,"MAFG-AS1"
1.91213710393216e-33,0.388448738985319,0.359,0.253,3.66939110244581e-29,"BOP1"
1.97508355026837e-33,0.335334401005228,0.433,0.318,3.790185332965e-29,"WDR46"
2.16789449622572e-33,-0.676377343216018,0.278,0.347,4.16018953825716e-29,"TGFBR1"
2.22586837235275e-33,-0.996761595988848,0.104,0.168,4.27144140654492e-29,"RP11-437B10.1"
2.30842036206508e-33,0.278894005316227,0.628,0.507,4.4298586748029e-29,"FAM216A"
2.37181184637256e-33,0.381490898679734,0.324,0.221,4.55150693318894e-29,"AC093323.3"
2.44983544352652e-33,-0.424237077039661,0.443,0.512,4.7012342161274e-29,"GPAT3"
2.546146780344e-33,0.369226477809085,0.391,0.279,4.88605567148013e-29,"C12orf29"
2.96771876908738e-33,0.273466598746619,0.709,0.597,5.69505231787868e-29,"C14orf119"
3.18641898648447e-33,0.253819329026438,0.731,0.614,6.1147380350637e-29,"RNH1"
3.47255386905045e-33,0.251924184454547,0.716,0.599,6.6638308747078e-29,"UROS"
4.04012511723444e-33,0.341403243713831,0.48,0.361,7.75300009997288e-29,"ACO2"
4.45553713807046e-33,-0.970086567415749,0.139,0.206,8.55017576795721e-29,"SEPHS2"
4.6830882519883e-33,-0.418789204005309,0.559,0.597,8.98684635556554e-29,"CSRP1"
5.71564255350959e-33,0.381800751400515,0.343,0.238,1.09683180601849e-28,"TRMT6"
6.02002116189603e-33,0.288989872539225,0.649,0.531,1.15524206096785e-28,"ALG5"
6.60275787641705e-33,0.362685013865058,0.447,0.332,1.26706923648443e-28,"PQLC1"
7.19720090593067e-33,0.35501320549676,0.404,0.292,1.3811428538481e-28,"PDDC1"
7.95112923712318e-33,-0.66373583727693,0.24,0.313,1.52582170060394e-28,"MYCT1"
8.61119169457458e-33,0.265693390653118,0.648,0.524,1.65248768618886e-28,"DGKZ"
9.72755667258372e-33,0.356637694712632,0.34,0.236,1.86671812546882e-28,"POLR1C"
1.09651059194293e-32,0.315987780751753,0.515,0.395,2.10420382593848e-28,"SF3A3"
1.12145315870465e-32,0.358901209284426,0.363,0.254,2.15206861155423e-28,"C9orf114"
1.2808622156048e-32,0.339053347530777,0.484,0.37,2.45797459174561e-28,"TWISTNB"
1.61186476165989e-32,-1.11570626398286,0.079,0.137,3.09316847762534e-28,"CFAP161"
1.95240346625307e-32,-0.58849770387012,0.372,0.431,3.74666225173964e-28,"CALCOCO2"
2.01136644749773e-32,0.34194514553945,0.373,0.265,3.85981221274814e-28,"RPUSD1"
2.3180750857538e-32,0.384471659129286,0.384,0.279,4.44838608956155e-28,"ZBTB16"
2.35985081421923e-32,0.276046422092599,0.604,0.477,4.52855371248669e-28,"ISG20L2"
2.40051107336309e-32,0.324021390843311,0.495,0.378,4.60658074978376e-28,"RPS6KA1"
2.86887368545519e-32,0.255220092017901,0.643,0.519,5.50536860238851e-28,"CSNK2A1"
3.2913589922631e-32,0.480413867858557,0.209,0.129,6.31611790615288e-28,"TXNDC5"
3.51355053464997e-32,0.272036239189214,0.782,0.688,6.74250347599329e-28,"GLRX"
3.52320200329982e-32,-0.709571395289127,0.241,0.31,6.76102464433236e-28,"TRPS1"
4.55061066440919e-32,0.3680660509989,0.365,0.259,8.73262186500124e-28,"EIF1AD"
4.64724118156718e-32,0.294325175365215,0.553,0.43,8.91805582742741e-28,"COASY"
5.56738839259933e-32,0.251082274507698,0.774,0.68,1.06838183253981e-27,"ORAI1"
5.57658727749504e-32,0.489373240150074,0.28,0.191,1.0701470985513e-27,"F12"
5.86975810422028e-32,0.35871959159909,0.357,0.253,1.12640658019987e-27,"KARS"
6.99646959539699e-32,0.365964167960817,0.307,0.209,1.34262251535668e-27,"STK10"
7.31148526508806e-32,0.321025995777714,0.553,0.44,1.4030740223704e-27,"VPS25"
8.33088344699656e-32,-0.255124251492619,0.869,0.866,1.59869653347864e-27,"TAOK3"
8.53597417943231e-32,0.259325281286959,0.592,0.465,1.63805344503306e-27,"CDK12"
1.08333957080526e-31,0.321896884919889,0.471,0.358,2.0789286363753e-27,"ROGDI"
1.0975980814936e-31,0.300674878437902,0.529,0.409,2.10629071838621e-27,"WDR5"
1.32988176447081e-31,0.322808509047273,0.527,0.409,2.55204310601948e-27,"SFXN4"
1.35384717502881e-31,0.363359004549662,0.417,0.309,2.59803272888029e-27,"PPID"
1.36060989241807e-31,0.312065833635813,0.435,0.32,2.61101038355027e-27,"PEMT"
1.37060951769369e-31,0.342600416192271,0.469,0.354,2.63019966445419e-27,"FAM173A"
1.46394539324007e-31,0.642030318630169,0.156,0.088,2.80931120962769e-27,"HAGHL"
1.50886020251275e-31,-0.798024306656508,0.196,0.263,2.89550272862197e-27,"SQRDL"
1.53091687461264e-31,0.285082824706313,0.578,0.455,2.93782948238165e-27,"UROD"
1.53210782477477e-31,-0.497921874946313,0.787,0.77,2.94011491574278e-27,"FO538757.2"
1.57195673061095e-31,-1.26126965053576,0.053,0.103,3.01658496604241e-27,"IQCK"
1.74880691570138e-31,0.362067922543454,0.372,0.267,3.35596047123094e-27,"FEM1A"
1.79146620108792e-31,-0.625836500243421,0.271,0.342,3.43782363988772e-27,"RPS6KA5"
2.04898231866974e-31,-0.347172265501151,0.587,0.634,3.93199706952723e-27,"TNFSF13B"
2.07785109664942e-31,0.259010510370421,0.615,0.495,3.98739625447024e-27,"UCHL3"
2.10572137563005e-31,0.376855423113191,0.332,0.231,4.04087931983407e-27,"ATAD3B"
2.17148697853073e-31,0.322911192497515,0.387,0.277,4.16708351180048e-27,"APTX"
2.4455368933695e-31,0.507338933532937,0.197,0.121,4.69298529837608e-27,"TMEM161A"
2.91573153899276e-31,-0.498498731699679,0.484,0.524,5.59528882332711e-27,"KMT2A"
3.03890954360041e-31,0.285904119176992,0.53,0.408,5.83166741416919e-27,"RNASEH1-AS1"
4.19915669794173e-31,0.359849129362516,0.339,0.238,8.05818170335018e-27,"PROSER1"
4.2872780013482e-31,0.289373326125118,0.552,0.432,8.2272864845872e-27,"MRPL2"
4.4422630307391e-31,0.281456110381032,0.602,0.485,8.52470275598834e-27,"NSFL1C"
4.47404796995254e-31,0.320543165970471,0.51,0.399,8.58569805433893e-27,"XPOT"
5.49845773812823e-31,0.292759263748331,0.504,0.384,1.05515403994681e-26,"B4GALT7"
5.80277784809671e-31,0.272198207643021,0.601,0.482,1.11355306904976e-26,"SNAPC5"
6.23739564538432e-31,0.338158068238682,0.445,0.337,1.19695622434925e-26,"PAK1IP1"
6.8776996129298e-31,0.323660788673686,0.477,0.365,1.31983055572123e-26,"STIP1"
7.42606341392596e-31,0.394935225957065,0.329,0.231,1.42506156913239e-26,"STK11"
8.52099267585303e-31,0.321426769099585,0.425,0.315,1.6351784944962e-26,"MRPL28"
8.77291627167635e-31,-0.704071302141375,0.224,0.292,1.68352263253469e-26,"PRKAR2B"
9.9856428351127e-31,0.278805968708347,0.573,0.455,1.91624486005813e-26,"ARFIP2"
1.1334287312015e-30,0.38364771925634,0.294,0.2,2.17504973517568e-26,"NOC3L"
1.16228993699798e-30,0.284750404508139,0.631,0.516,2.23043438909912e-26,"CHCHD3"
1.23074518791374e-30,0.352973718419407,0.33,0.23,2.36180001560647e-26,"METTL1"
1.25529538588584e-30,0.350304611795364,0.375,0.268,2.40891184551493e-26,"TUBGCP4"
1.26205889445906e-30,0.290008309075434,0.512,0.393,2.42189101846693e-26,"PDZD8"
1.29970508439935e-30,0.310143775991705,0.411,0.298,2.49413405696235e-26,"QTRT1"
1.49553026616082e-30,0.254160770070504,0.662,0.549,2.86992258076261e-26,"PWP1"
1.91253034969098e-30,0.280619864645933,0.493,0.375,3.67014574105698e-26,"HSPH1"
1.94221936036712e-30,-1.11144020009769,0.08,0.136,3.72711895254451e-26,"AC007246.3"
2.07464408340539e-30,-0.690753684738869,0.239,0.305,3.98124199605494e-26,"CAST"
2.21824423074101e-30,0.307718179276067,0.428,0.318,4.256810678792e-26,"ECSIT"
2.23178162642614e-30,-0.454751666254885,0.46,0.509,4.28278894111176e-26,"LRRC58"
2.67305399072134e-30,-0.26178079105291,0.567,0.629,5.12959060819425e-26,"GATA2"
2.84553249120849e-30,0.388452657920908,0.286,0.194,5.46057685062909e-26,"MAK16"
2.99503972282146e-30,-0.279491197669961,0.86,0.864,5.74748122809438e-26,"PPP1CB"
3.19078487496614e-30,0.260708599276831,0.664,0.547,6.12311617506002e-26,"POLR2A"
3.29155474071062e-30,0.34821320986407,0.403,0.296,6.31649354742368e-26,"THAP4"
3.6518177738249e-30,0.29639148753079,0.783,0.705,7.00783830796999e-26,"EIF1B"
3.95810872182355e-30,0.439904271618855,0.258,0.172,7.5956106371794e-26,"PLAGL2"
4.16675678363464e-30,0.430952055882366,0.26,0.172,7.99600626779488e-26,"CLUH"
5.17469720397558e-30,0.363817628498478,0.339,0.24,9.93024393442913e-26,"VRK3"
5.56135232269588e-30,0.563827588823878,0.195,0.121,1.06722351072534e-25,"TRGC2"
7.65671486506926e-30,-0.253261662181812,0.782,0.801,1.46932358260679e-25,"CAPG"
1.2038505861068e-29,0.301754560903724,0.379,0.272,2.31018927473896e-25,"GUF1"
1.31419141023195e-29,0.406095404673679,0.307,0.215,2.52193331623511e-25,"SORD"
1.53054025342982e-29,0.299928076587776,0.537,0.423,2.93710674633182e-25,"TIMM22"
1.55041595194541e-29,0.269945186059535,0.684,0.577,2.97524821178323e-25,"KIF22"
1.83285305595292e-29,0.449071600113254,0.235,0.153,3.51724501437365e-25,"OXNAD1"
1.93727815318304e-29,0.263511906679867,0.625,0.515,3.71763677595826e-25,"CYHR1"
1.94046718069879e-29,0.277706053082846,0.597,0.484,3.72375651976097e-25,"LYRM5"
1.96937120453627e-29,-0.342879389643388,0.58,0.621,3.77922334150511e-25,"RHOH"
2.04277888258681e-29,0.269205517559044,0.685,0.574,3.92009267568409e-25,"MPC1"
2.12692147257874e-29,0.420412510271903,0.224,0.143,4.08156230587859e-25,"MRM1"
2.12984484335626e-29,0.279406714802109,0.498,0.384,4.08717225440066e-25,"NOL8"
2.22285120629452e-29,0.277555753653383,0.512,0.398,4.26565146487919e-25,"PUM3"
2.34976099390633e-29,0.299943959110958,0.453,0.338,4.50919134730624e-25,"ICT1"
2.50590835096241e-29,-0.944710006653853,0.12,0.18,4.80883812549687e-25,"TNFRSF1B"
2.552895011144e-29,-0.390439360367517,0.556,0.599,4.89900552638533e-25,"PSMB9"
2.62249075623513e-29,0.30150026861509,0.458,0.343,5.03255976121521e-25,"PET117"
2.76291590909249e-29,0.360393718154275,0.37,0.27,5.30203562954849e-25,"PXK"
3.54654447362448e-29,-0.602869136091437,0.32,0.377,6.80581884488537e-25,"FBXL5"
4.14675045099023e-29,-0.402077637826079,0.558,0.596,7.95761411545024e-25,"PPP3CA"
4.20041635275171e-29,0.332785818343174,0.346,0.245,8.06059898093053e-25,"BCAT1"
4.73780588121285e-29,-0.797157264024551,0.177,0.241,9.09184948604746e-25,"IL16"
5.09068458371076e-29,0.32386260809179,0.389,0.286,9.76902371614096e-25,"NOP14"
5.53087649318691e-29,0.502968798702237,0.19,0.117,1.06137519904257e-24,"MON1A"
6.17398059496675e-29,0.37813178708721,0.3,0.211,1.18478687617412e-24,"DDIT3"
7.89046846398611e-29,0.29497022834277,0.46,0.349,1.51418089823893e-24,"CHAMP1"
8.06825381344077e-29,0.482243155727031,0.215,0.138,1.54829790679928e-24,"IFT46"
8.49604797118982e-29,0.373581847676415,0.385,0.282,1.63039160567133e-24,"ATF5"
8.56954647341546e-29,0.28028634370728,0.565,0.447,1.64449596824843e-24,"RHBDD3"
8.91963997415767e-29,0.359951467190943,0.32,0.225,1.71167891104086e-24,"PPCDC"
8.93679547219426e-29,0.31043642042649,0.458,0.346,1.71497105111408e-24,"AKT1S1"
1.00456602837658e-28,0.474278140921188,0.187,0.115,1.92776220845467e-24,"ADGRG5"
1.03454384787358e-28,-0.552039890773547,0.321,0.382,1.9852896440694e-24,"TMX4"
1.04750686860439e-28,0.265236161448871,0.6,0.483,2.01016568085183e-24,"AP2B1"
1.15051730558991e-28,0.327248764620012,0.65,0.55,2.20784270942704e-24,"SLC16A3"
1.15313990407182e-28,0.392436941407601,0.26,0.175,2.21287547591382e-24,"ELAC2"
1.18152824957586e-28,0.304388594706634,0.549,0.444,2.26735271093607e-24,"MATK"
1.21553227192124e-28,0.377326580069932,0.224,0.144,2.33260642981687e-24,"VARS"
1.2357875737081e-28,0.294026356482124,0.622,0.526,2.37147635394584e-24,"KIAA0125"
1.24225780018925e-28,0.316472819928321,0.356,0.255,2.38389271856318e-24,"CETN2"
1.24349815349087e-28,0.266817080022209,0.58,0.461,2.38627295654898e-24,"PRRC2A"
1.25263103025751e-28,0.317851937521662,0.682,0.589,2.40379894706417e-24,"PAGR1"
1.3157070991693e-28,0.382304739520386,0.277,0.188,2.52484192330588e-24,"UBXN8"
1.5074142188652e-28,0.35532157698197,0.325,0.23,2.89272788600232e-24,"KLF16"
1.56572505946029e-28,0.266862669978067,0.473,0.358,3.00462638910429e-24,"B3GNTL1"
1.63066681601451e-28,0.304904071771474,0.46,0.348,3.12924961993185e-24,"C12orf45"
1.63821045287384e-28,0.503111550245813,0.27,0.186,3.14372585906491e-24,"PIM2"
1.83966233844126e-28,0.401743715829531,0.282,0.194,3.53031202746877e-24,"NSUN5"
2.10872540180313e-28,0.252881081108622,0.587,0.47,4.04664404606022e-24,"NOC2L"
2.18190868728221e-28,0.27416556911165,0.571,0.464,4.18708277089456e-24,"G6PC3"
2.2935489274887e-28,0.305786990202339,0.485,0.375,4.40132039185081e-24,"MRPS18A"
2.67422506029803e-28,0.312038339725023,0.436,0.326,5.13183789071191e-24,"NMRAL1"
2.69666101579206e-28,0.253160577459469,0.686,0.582,5.17489248930497e-24,"SMAD2"
3.20038737277637e-28,0.289230284329962,0.519,0.405,6.14154336835785e-24,"FAM217B"
3.74562833002276e-28,0.306061833156015,0.47,0.36,7.18786076531367e-24,"RRP36"
4.17455367944219e-28,-0.990142927215985,0.08,0.134,8.01096851084956e-24,"UPP1"
4.47860781757065e-28,0.282408090947768,0.506,0.393,8.59444840191807e-24,"POLR3E"
4.71549956070741e-28,0.285541738058359,0.466,0.356,9.04904365699752e-24,"RPF1"
5.95615793809906e-28,0.303117441063333,0.413,0.305,1.14298670832121e-23,"MPHOSPH6"
7.09041529387506e-28,-0.959931533369125,0.128,0.187,1.36065069489462e-23,"NFAT5"
7.77627019775279e-28,0.258229863457953,0.649,0.542,1.49226625094876e-23,"PGP"
8.40282753998411e-28,0.360579879482072,0.323,0.23,1.61250260492295e-23,"AARSD1"
8.5145067289521e-28,-1.07423875518395,0.082,0.135,1.63393384128591e-23,"TRAF5"
8.56925740338202e-28,0.271932425779532,0.476,0.363,1.64444049570901e-23,"TARBP2"
8.92430489191269e-28,0.411516337709708,0.275,0.189,1.71257410875805e-23,"DNAAF3"
1.00004711342808e-27,0.251931768332697,0.571,0.453,1.91909041066849e-23,"SDHAF1"
1.0671616990937e-27,0.426414792615284,0.246,0.164,2.04788330056081e-23,"COLGALT1"
1.11114907387467e-27,0.317148339160825,0.367,0.268,2.13229507276549e-23,"RBFA"
1.16336807392352e-27,0.294251247464287,0.444,0.335,2.23250333385923e-23,"BAK1"
1.18287621757921e-27,0.374793954091548,0.388,0.289,2.2699394615345e-23,"RGS18"
1.43131800997195e-27,0.264468603946267,0.554,0.44,2.74669926113616e-23,"APOPT1"
1.69197330524073e-27,-0.881382284200927,0.127,0.186,3.24689677275697e-23,"GATSL3"
1.69612813617496e-27,-0.876359755304571,0.151,0.211,3.25486989331975e-23,"TCF15"
1.9912180543243e-27,0.587258521774795,0.157,0.094,3.82114744624834e-23,"RP11-386G11.10"
2.04399578869494e-27,0.254165248484699,0.708,0.621,3.9224279185056e-23,"CCT6A"
2.37773952343018e-27,-0.434334592499361,0.451,0.504,4.56288214546252e-23,"DUSP6"
2.54966269419765e-27,0.294181596552199,0.461,0.353,4.89280271016529e-23,"PGRMC2"
2.6384404465763e-27,0.434261546984769,0.205,0.131,5.06316721697992e-23,"MSTO1"
2.92341004855418e-27,-0.978430461805195,0.089,0.143,5.61002388317547e-23,"C9orf72"
3.06117017641982e-27,0.274158368245163,0.451,0.34,5.87438556854964e-23,"CYB561D2"
3.31644601360168e-27,0.305041339255117,0.376,0.276,6.36425990010162e-23,"EIF2B4"
3.34166101193645e-27,-0.527447947305108,0.359,0.418,6.41264748190605e-23,"CCPG1"
3.49160257392048e-27,0.347795636453157,0.29,0.201,6.7003853393534e-23,"FAM229B"
3.87363020992362e-27,-0.520004320953242,0.408,0.451,7.43349637284342e-23,"CYB5B"
3.97405820406168e-27,0.417507212126262,0.25,0.168,7.62621769359436e-23,"CNBD2"
4.02526056819931e-27,0.269631771654579,0.446,0.335,7.72447503037447e-23,"KIAA2013"
4.22077558068973e-27,0.540574277130102,0.175,0.109,8.0996683393436e-23,"GRB10"
4.90519178862116e-27,-0.301148858884597,0.627,0.67,9.41306304236402e-23,"C1orf228"
5.32252301686045e-27,0.317340110589699,0.342,0.245,1.02139216693552e-22,"PMPCA"
5.38732859373995e-27,-0.486055219029074,0.376,0.433,1.0338283571387e-22,"MCMBP"
5.84783415199148e-27,0.333675092163903,0.346,0.252,1.12219937376717e-22,"CWC27"
7.48029589688805e-27,0.278430047711387,0.46,0.351,1.43546878261282e-22,"TAX1BP1"
7.92908885745159e-27,-0.822115554661872,0.142,0.202,1.52159215174496e-22,"MAGEF1"
8.26477363151104e-27,-1.03162241575368,0.168,0.229,1.58601005988697e-22,"HGF"
8.92603454625632e-27,0.379898988647986,0.259,0.175,1.71290602942659e-22,"RPUSD2"
1.08215037248542e-26,0.361719592247275,0.336,0.243,2.07664656479952e-22,"GSN"
1.14159613612327e-26,0.31279879151499,0.431,0.329,2.19072298522055e-22,"ALKBH3"
1.17905590099281e-26,0.428533676508762,0.215,0.14,2.2626082740052e-22,"HPDL"
1.27806308389242e-26,-0.918445379811743,0.099,0.154,2.45260305798955e-22,"HACD4"
1.33471942512787e-26,0.359289000060171,0.26,0.175,2.56132657682037e-22,"ZNF622"
1.34743768587295e-26,-0.261757996227402,0.746,0.758,2.58573291919019e-22,"PTEN"
1.37428022226595e-26,0.580709459342615,0.144,0.084,2.63724374652836e-22,"GPSM1"
1.43252565163029e-26,0.300343011247836,0.343,0.246,2.74901672547852e-22,"MRPL35"
1.44941239165539e-26,0.250839274267894,0.618,0.504,2.78142237958669e-22,"NAA50"
1.4656156156393e-26,-0.846441156436759,0.191,0.254,2.81251636641181e-22,"IL1B"
1.61739781139015e-26,0.26943204076838,0.439,0.336,3.10378640005771e-22,"ZNF768"
1.85369716581767e-26,0.260622286593909,0.562,0.449,3.5572448612041e-22,"B3GAT3"
1.96767346037915e-26,0.260973847939993,0.538,0.423,3.77596537046758e-22,"ARMC6"
2.01608836859362e-26,0.258433475488746,0.404,0.3,3.86887357933115e-22,"PUSL1"
2.06984675401979e-26,0.449633957339379,0.199,0.127,3.97203592096397e-22,"CCNYL1"
2.08914569846169e-26,-0.693065173845333,0.25,0.307,4.00907059534799e-22,"MRPS24"
2.10346830849869e-26,-0.763079210948021,0.178,0.239,4.03655568400899e-22,"NR3C1"
2.27158492283747e-26,0.385375487228118,0.276,0.191,4.3591714669251e-22,"CTU1"
2.50828270847527e-26,0.257537423630598,0.51,0.399,4.81339451756405e-22,"RABEPK"
2.65410203566415e-26,0.325048915387493,0.385,0.285,5.09322180643951e-22,"JOSD1"
2.84190258720678e-26,0.506331273963551,0.158,0.096,5.45361106484982e-22,"EEF2KMT"
3.01786716383894e-26,0.445954572128669,0.299,0.215,5.79128708740693e-22,"CD84"
3.05337441898488e-26,0.392775520101689,0.255,0.175,5.85942551003199e-22,"FBXO6"
3.05686238598438e-26,0.315654844740588,0.281,0.194,5.86611891870402e-22,"NOP2"
3.35286777063165e-26,-0.461923674460679,0.402,0.453,6.43415325184214e-22,"SHKBP1"
3.38301955542578e-26,-0.818240411120467,0.088,0.141,6.49201452686207e-22,"CDKN1A"
3.42891215978792e-26,0.261962869975829,0.645,0.535,6.58008243463302e-22,"DCTD"
3.44328860491196e-26,0.361722569001874,0.302,0.213,6.60767083282606e-22,"PTRH1"
3.82666662782008e-26,0.287642883674349,0.424,0.319,7.34337325878673e-22,"CHCHD4"
4.25879574172809e-26,0.271439669354674,0.491,0.382,8.1726290283762e-22,"PLPP5"
4.27380590561872e-26,-1.16588255773974,0.059,0.105,8.20143353288232e-22,"TMSB15B"
4.67504450884989e-26,0.301995774518149,0.424,0.323,8.97141041248294e-22,"DCPS"
4.94821240237738e-26,0.254201050868063,0.642,0.533,9.4956196001622e-22,"UBAC1"
5.64142633973227e-26,0.332241525810641,0.282,0.196,1.08258971459462e-21,"ACSL5"
5.78157527115055e-26,0.289440019079485,0.511,0.402,1.10948429453379e-21,"AAMP"
6.21648012805079e-26,0.353456907707947,0.401,0.305,1.19294253657295e-21,"SDSL"
6.3695891895132e-26,0.357227362079821,0.302,0.214,1.22232416546758e-21,"NUDT16L1"
6.56690177276521e-26,0.297294867769468,0.355,0.26,1.26018845019364e-21,"ANKRD54"
8.39708189238132e-26,-0.867128639424576,0.117,0.174,1.61140001514798e-21,"CYTH1"
8.65313719434842e-26,0.296091502762659,0.429,0.325,1.66053702759546e-21,"MINCR"
9.16886337771073e-26,0.544353167989209,0.15,0.09,1.75950488218269e-21,"CAPN15"
9.28398456926397e-26,0.256368685073924,0.581,0.472,1.78159663884176e-21,"NAA15"
9.29244566194129e-26,0.251712408091583,0.506,0.393,1.78322032252653e-21,"RABL6"
9.36897437290548e-26,-0.465415807668969,0.401,0.452,1.79790618216056e-21,"KCNK6"
9.42557882671298e-26,0.308722588950124,0.376,0.277,1.80876857684622e-21,"SLC25A26"
9.94202482470833e-26,-0.979483035136508,0.077,0.127,1.90787456386153e-21,"TRG-AS1"
1.04194556605777e-25,0.311136197796654,0.339,0.244,1.99949354126486e-21,"MBD1"
1.16440480213709e-25,0.415626346703768,0.237,0.161,2.23449281530109e-21,"SNTB1"
1.19880992494145e-25,0.285758362914638,0.344,0.249,2.30051624596264e-21,"TMEM99"
1.20560839803236e-25,0.3088171308459,0.405,0.306,2.31356251582411e-21,"ZMYND19"
1.45220397126152e-25,0.326604051952931,0.303,0.216,2.78677942085085e-21,"RNF141"
1.55725739499535e-25,0.300636983169368,0.408,0.306,2.98837694099607e-21,"POP4"
1.62500860152854e-25,-0.984403624407372,0.078,0.129,3.11839150633327e-21,"CMC4"
1.65330446759589e-25,0.290522648443501,0.445,0.34,3.17269127331651e-21,"COPS7A"
1.69194697901989e-25,0.437891448162759,0.174,0.108,3.24684625273917e-21,"CCNJ"
1.74127058201131e-25,0.276012862990369,0.466,0.361,3.3414982468797e-21,"SURF2"
1.96893819346479e-25,0.25785146072295,0.492,0.387,3.77839239325893e-21,"PIGH"
2.19131361776542e-25,0.274508996351625,0.452,0.347,4.20513083249185e-21,"NME6"
2.3623261828204e-25,0.252606285285432,0.523,0.412,4.53330394483234e-21,"WDR61"
2.36926552640585e-25,-0.612021216002447,0.243,0.304,4.54662054517282e-21,"FAM105A"
2.47897881162351e-25,0.318795059778898,0.321,0.231,4.75716033950551e-21,"NCOR2"
2.49426399810936e-25,0.37336139886075,0.196,0.126,4.78649261237186e-21,"KIT"
2.62776326854503e-25,0.299635706554624,0.302,0.213,5.04267771233792e-21,"TUBE1"
2.72308385700534e-25,-0.901219786141663,0.117,0.172,5.22559792159324e-21,"APOLD1"
2.76014682339999e-25,0.273890094583044,0.474,0.37,5.29672175410458e-21,"OGFOD3"
2.9002443717957e-25,-0.317936673600937,0.65,0.668,5.56556894947595e-21,"A1BG"
2.90035198854114e-25,0.324719034617017,0.297,0.21,5.56577546601045e-21,"LAS1L"
2.97614855114894e-25,0.608279016847295,0.135,0.079,5.71122906965482e-21,"PARP8"
3.22000599218375e-25,0.26100041951984,0.527,0.418,6.17919149900062e-21,"ZNF787"
3.56584487623568e-25,0.412365165703395,0.197,0.127,6.84285631749627e-21,"L3MBTL2"
3.90997898140037e-25,0.429829250607882,0.189,0.121,7.50324966530732e-21,"DHX37"
4.29107274649533e-25,0.31308339828497,0.384,0.288,8.23456860052453e-21,"ASCC3"
4.63314984716497e-25,0.411315457876128,0.245,0.168,8.89101455670957e-21,"FYB"
4.72729908488852e-25,0.269297808159706,0.447,0.341,9.07168694390106e-21,"GPS1"
4.91512017574873e-25,-0.553073995973564,0.324,0.38,9.43211561726181e-21,"PPFIBP1"
4.9429881939585e-25,0.287281502531502,0.357,0.263,9.48559434420635e-21,"RANGAP1"
5.24769816094719e-25,0.270066157950329,0.48,0.372,1.00703327708577e-20,"TACO1"
5.77891209913308e-25,0.400252731255671,0.197,0.127,1.10897323182364e-20,"PLXND1"
5.8352351744596e-25,0.272079985343983,0.41,0.31,1.1197816299788e-20,"CDCA7L"
6.29319756969877e-25,-0.298472654118175,0.68,0.686,1.20766461362519e-20,"BRI3"
7.06568037477352e-25,0.269372048058827,0.452,0.348,1.35590406391904e-20,"COMMD9"
8.17224077721563e-25,0.625618692028193,0.126,0.073,1.56825300514768e-20,"C11orf21"
8.19287898776053e-25,0.346990753076609,0.319,0.231,1.57221347775125e-20,"CHKA"
8.20813456889683e-25,-0.530987331794769,0.318,0.374,1.5751410237713e-20,"EZR"
8.24945083138863e-25,0.270313555196834,0.483,0.377,1.58306961454348e-20,"FUOM"
8.75992240950269e-25,0.253386913569485,0.455,0.349,1.68102911038357e-20,"N6AMT2"
9.53491193411406e-25,0.275613582207263,0.325,0.234,1.82974960015649e-20,"KAT2A"
9.63512134657731e-25,0.278447100873435,0.448,0.346,1.84897978640819e-20,"C7orf49"
9.69664291723611e-25,0.336237058076554,0.266,0.184,1.86078577581761e-20,"DUSP2"
1.02480515323993e-24,-0.394821580861947,0.385,0.442,1.96660108906743e-20,"ID2"
1.04786544623413e-24,0.254796120657327,0.511,0.404,2.01085379132329e-20,"DNAJB11"
1.11744944066177e-24,0.390667190163404,0.312,0.226,2.14438547662994e-20,"TM7SF2"
1.12431400309502e-24,0.401890960026916,0.222,0.149,2.15755857193935e-20,"FCF1"
1.26551435320336e-24,0.263699409217127,0.385,0.286,2.42852204379726e-20,"SCO1"
1.31101595588535e-24,0.270457602024917,0.451,0.346,2.51583961934399e-20,"RNF40"
1.60046184415607e-24,-0.647977935200708,0.213,0.272,3.07128627893549e-20,"C10orf11"
1.64386579510514e-24,0.257505064282294,0.505,0.4,3.15457846080676e-20,"MALSU1"
1.66732030329775e-24,-0.365614807394041,0.552,0.578,3.19958766202838e-20,"C17orf49"
1.79459173556049e-24,0.285232365967651,0.344,0.252,3.44382154054059e-20,"BCL2"
1.79951137697043e-24,-0.971136840029101,0.088,0.139,3.45326233240626e-20,"ABLIM1"
1.99090669211873e-24,0.299019823043231,0.43,0.332,3.82054994217584e-20,"SH3BP1"
2.03636007108313e-24,0.417789376165938,0.204,0.133,3.90777497640852e-20,"DHRS11"
2.05739754931717e-24,0.429348399270351,0.26,0.181,3.94814589713966e-20,"TRIB3"
2.17762737910893e-24,0.319421756676102,0.325,0.236,4.17886694051004e-20,"GSS"
2.3185784379523e-24,0.372477826784098,0.247,0.17,4.44935202243047e-20,"JMJD4"
2.54546886289967e-24,0.252909135473039,0.428,0.325,4.88475474790447e-20,"CTD-2336O2.1"
2.66339329009678e-24,0.434312182526112,0.203,0.133,5.11105172369572e-20,"PINX1"
2.74315673781619e-24,0.2806708102193,0.454,0.35,5.26411777986927e-20,"CDC34"
2.89357865400238e-24,0.253435119486854,0.599,0.491,5.55277743703057e-20,"PSMC1"
3.02489838932257e-24,0.274715495201675,0.446,0.345,5.80478000911e-20,"PLA2G12A"
3.07350741905309e-24,0.376864907595577,0.234,0.159,5.89806073716289e-20,"ATP13A1"
3.2220657522367e-24,0.411114987933657,0.201,0.132,6.18314417854223e-20,"ZFAND2A"
3.44236415595005e-24,0.301834139660428,0.327,0.237,6.60589681526815e-20,"ARHGAP1"
3.68565631690607e-24,-0.35978595198332,0.892,0.887,7.07277447214276e-20,"HNRNPH1"
3.80305661870164e-24,0.345177268666208,0.256,0.177,7.29806565128845e-20,"METTL13"
3.89505321354647e-24,0.264118028072856,0.445,0.343,7.47460711679568e-20,"C11orf57"
4.10337061678141e-24,0.298002621876052,0.357,0.266,7.87436821360353e-20,"TMEM167B"
4.29466786464902e-24,0.447942945043203,0.174,0.111,8.24146763226148e-20,"ZNF584"
4.32386732366126e-24,0.258385442297388,0.453,0.351,8.29750139410596e-20,"PPM1K"
4.44333527374462e-24,0.305597960207209,0.287,0.202,8.52676039031593e-20,"ZNF263"
4.64133815345616e-24,0.311481940175705,0.306,0.219,8.90672791648237e-20,"C15orf39"
5.03720021251351e-24,0.359033019576116,0.251,0.173,9.66638720781342e-20,"KCNN4"
5.30638547716313e-24,-0.906113488236643,0.111,0.164,1.0182953730676e-19,"ABHD3"
5.47743782355388e-24,0.323387907048458,0.266,0.186,1.05112031833999e-19,"MAN2A2"
6.37294274700827e-24,0.511694966652366,0.148,0.09,1.22296771315089e-19,"NCF2"
6.54228748684225e-24,-0.626902245348151,0.208,0.268,1.25546496872503e-19,"GNB5"
7.21019095375912e-24,0.308847964514407,0.271,0.189,1.38363564402637e-19,"NACC1"
7.71344667604695e-24,0.368505507551542,0.253,0.176,1.48021041713341e-19,"GMPPA"
8.04950825771908e-24,0.33193060306923,0.285,0.203,1.54470063465629e-19,"NFRKB"
8.06108414748554e-24,0.304082326740408,0.342,0.252,1.54692204790248e-19,"SLC17A9"
8.92435591838464e-24,0.272693619944591,0.419,0.321,1.71258390073801e-19,"MED8"
9.36052849426422e-24,-0.451942104706982,0.428,0.471,1.7962854180493e-19,"ITM2C"
9.79958964867929e-24,0.34130707203475,0.265,0.186,1.88054125358156e-19,"RFT1"
1.00150833522844e-23,0.276263679891463,0.369,0.274,1.92189449530337e-19,"PCID2"
1.00996534040174e-23,0.298672297529363,0.348,0.256,1.93812348823095e-19,"ECI1"
1.03109611043762e-23,0.256909407885125,0.446,0.342,1.9786734359298e-19,"DDX54"
1.04861359318761e-23,0.259431520845894,0.422,0.32,2.01228948532702e-19,"UTP23"
1.09178161688017e-23,-0.818182086524362,0.169,0.225,2.09512892279305e-19,"TFPI"
1.10297902477373e-23,0.281057861229027,0.357,0.264,2.11661674854079e-19,"RPN1"
1.11553294456547e-23,-0.47486340032294,0.424,0.464,2.14070772062113e-19,"AC004381.6"
1.21210991205532e-23,0.335610284505023,0.324,0.236,2.32603892123417e-19,"NAT14"
1.36068415672223e-23,0.292397834453884,0.378,0.285,2.61115289674995e-19,"LZIC"
1.41297508779639e-23,0.412022585358025,0.214,0.144,2.71149919348127e-19,"SCD"
1.59566833325027e-23,0.31860447811508,0.276,0.195,3.06208753150726e-19,"AGPAT3"
1.64157965927385e-23,0.484086284963117,0.179,0.115,3.15019136614653e-19,"RPP40"
1.67212496729367e-23,0.293589826847133,0.365,0.271,3.20880781223655e-19,"FASTKD3"
1.7082761611093e-23,0.310307640696161,0.276,0.194,3.27818195316874e-19,"CAD"
1.81406693220018e-23,0.316100813472806,0.334,0.247,3.48119444289214e-19,"ARMCX3"
1.90715599357811e-23,0.290523258280805,0.308,0.22,3.65983235167639e-19,"SLC9B2"
1.91194501911212e-23,0.271040306455145,0.351,0.257,3.66902249167616e-19,"CDIP1"
2.14387117306445e-23,0.563883569447957,0.143,0.088,4.11408878111067e-19,"MCU"
2.19633687788513e-23,-0.427027991503485,0.466,0.51,4.21477046866157e-19,"PTPRE"
2.31520772150403e-23,0.347281017915031,0.246,0.169,4.44288361756624e-19,"MTFR1"
2.37345128417869e-23,0.288405046608792,0.422,0.325,4.5546530143389e-19,"TMBIM1"
2.43156545141068e-23,0.337264958407561,0.258,0.18,4.6661741012571e-19,"ZNHIT2"
2.44323347176769e-23,0.283715634918696,0.398,0.301,4.6885650323222e-19,"PPIL1"
2.68577047797161e-23,0.26863731035573,0.421,0.321,5.15399354722752e-19,"MEN1"
2.69281082795354e-23,0.51826257274659,0.146,0.089,5.16750397884285e-19,"GPR160"
2.74137074421407e-23,0.296392863167881,0.298,0.214,5.26069045814679e-19,"CCDC51"
2.91541386915019e-23,0.522457367525419,0.124,0.072,5.59467921489922e-19,"EARS2"
2.92656531825606e-23,0.415836760710331,0.209,0.14,5.61607884573338e-19,"DNAJC11"
3.33075845509351e-23,0.252831888369385,0.411,0.311,6.39172547532445e-19,"DOK1"
3.5369940997529e-23,-0.38626542654625,0.582,0.615,6.78749167742582e-19,"TK1"
3.87022071175633e-23,0.3020471109538,0.375,0.28,7.42695354586039e-19,"PSMD2"
4.10768187574181e-23,0.309324818895131,0.262,0.183,7.88264151954853e-19,"HGH1"
4.16428411397053e-23,0.330723406777317,0.233,0.159,7.99126121470944e-19,"PPRC1"
4.4282474828024e-23,0.370443060747182,0.208,0.139,8.49780691949781e-19,"C10orf2"
4.66682227530726e-23,-0.297332213613262,0.654,0.669,8.95563194631463e-19,"LAIR1"
4.85244426171735e-23,0.342355683558964,0.323,0.237,9.31184053823559e-19,"AATF"
5.11164157149216e-23,0.264584396711055,0.362,0.269,9.80924017569345e-19,"DYNLL2"
5.13163267910975e-23,0.374692945389193,0.214,0.144,9.84760311121161e-19,"GCN1"
5.18034427806954e-23,0.288112142490689,0.522,0.426,9.94108066961545e-19,"CCNH"
5.65727981492849e-23,0.315271240444871,0.285,0.202,1.08563199648478e-18,"TBRG4"
5.99284938035594e-23,0.271855566916735,0.353,0.26,1.1500277960903e-18,"LRRC41"
6.09491971655701e-23,0.322274128116965,0.28,0.199,1.16961509360729e-18,"THUMPD3"
7.14653333183536e-23,0.252270268764866,0.62,0.516,1.37141974637921e-18,"SLC3A2"
7.36151652822395e-23,0.530681102483197,0.16,0.102,1.41267502176618e-18,"PLTP"
7.48549726508061e-23,0.356647582920094,0.245,0.17,1.43646692516897e-18,"UBA5"
7.68684215486381e-23,-0.386443944982955,0.512,0.543,1.47510500951836e-18,"RP11-126K1.6"
7.71642344853426e-23,0.297542869774935,0.332,0.245,1.48078165977372e-18,"CXorf38"
8.09949922528277e-23,0.289062424949237,0.391,0.299,1.55429390133176e-18,"ITGA5"
8.22138240167673e-23,0.456445698592,0.197,0.131,1.57768328288176e-18,"SLC2A1"
8.81721033066107e-23,0.265402554783492,0.408,0.309,1.69202266245386e-18,"TXLNA"
9.166682139571e-23,-0.852653477918213,0.108,0.16,1.75908630258367e-18,"SETD7"
1.01866095008375e-22,0.25806651430402,0.458,0.358,1.95481036321071e-18,"UCK2"
1.05123806757016e-22,0.288937268928159,0.29,0.207,2.01732585166713e-18,"GPATCH11"
1.11768890722881e-22,0.295754136124624,0.295,0.211,2.14484501297209e-18,"TEX261"
1.25910824675051e-22,0.354580784010491,0.219,0.15,2.41622872551422e-18,"QSOX1"
1.31494959760797e-22,0.470584002552095,0.148,0.091,2.52338827780969e-18,"RBM38"
1.33133771594232e-22,-0.368664432938166,0.485,0.524,2.5548370768933e-18,"ERO1A"
1.51996216609808e-22,0.253845183917102,0.338,0.248,2.91680739674221e-18,"IVD"
1.53811447730129e-22,0.283698474002958,0.273,0.192,2.95164168194118e-18,"TCTN3"
1.56995056063226e-22,0.328608384349786,0.254,0.178,3.01273512585331e-18,"PGAP2"
1.70199356328922e-22,-0.49017661627179,0.389,0.429,3.26612564795202e-18,"NFKB1"
1.8475447744952e-22,0.342972380574353,0.253,0.179,3.54543842225629e-18,"BCYRN1"
1.91954378753315e-22,-0.796156174167393,0.12,0.173,3.68360452827611e-18,"CLOCK"
1.9310499792935e-22,-0.447770416510396,0.442,0.479,3.70568491026423e-18,"STAT1"
1.93533539668887e-22,0.263721362666483,0.394,0.298,3.71390862624594e-18,"C2orf74"
1.96124807836423e-22,0.285139727496667,0.366,0.274,3.76363506238096e-18,"CCNK"
2.004251939562e-22,0.272562248766781,0.434,0.337,3.84615947201949e-18,"TPMT"
2.01849972795202e-22,0.509324335697798,0.131,0.079,3.87350097793993e-18,"PDCD2L"
2.03209214495669e-22,-0.562177606480807,0.324,0.373,3.8995848261719e-18,"FOXN3"
2.12653848499223e-22,0.290382928313918,0.362,0.271,4.08082735270008e-18,"C1orf216"
2.14619801526977e-22,-0.720304728017962,0.182,0.237,4.1185539913027e-18,"ESCO2"
2.33002845220839e-22,-1.06123114659085,0.058,0.101,4.4713245997879e-18,"VASH1"
2.3541568618095e-22,-0.48906329626772,0.34,0.39,4.51762701781242e-18,"MPZL1"
2.52187230502023e-22,-0.510907667907585,0.326,0.377,4.83947295333382e-18,"SDCCAG8"
2.52311277380209e-22,-0.992530997941163,0.08,0.126,4.84185341292621e-18,"GPR85"
2.56103570305213e-22,0.263485781374265,0.44,0.342,4.91462751415704e-18,"STX4"
2.8193713832458e-22,0.421334985169529,0.159,0.101,5.41037368444869e-18,"TRIP6"
2.85280439123547e-22,0.25173173747528,0.597,0.502,5.47453162678086e-18,"PSMD6"
2.87184485165671e-22,0.430861296125971,0.163,0.103,5.51107027032923e-18,"HIC2"
3.01267931235818e-22,0.372147079175806,0.189,0.124,5.78133160041534e-18,"UBE2D4"
3.53591961974879e-22,0.313887372486877,0.277,0.198,6.78542975029793e-18,"SLC25A22"
3.69640684368033e-22,-0.602602982344299,0.242,0.295,7.09340473302256e-18,"ABI2"
3.77605749893052e-22,0.29104662121961,0.357,0.267,7.24625434044767e-18,"TOMM34"
4.02997300476119e-22,0.269077867949869,0.339,0.251,7.73351819613673e-18,"C9orf69"
4.1173888483156e-22,0.311156061464803,0.33,0.244,7.90126919991764e-18,"ICAM2"
4.17866089696505e-22,0.264791783463919,0.444,0.346,8.01885026127593e-18,"MIEF1"
4.30120220747958e-22,0.256965572199693,0.439,0.339,8.25400703615332e-18,"ZNF37A"
4.34581559113636e-22,0.370201379477736,0.253,0.18,8.33962011939068e-18,"DHCR7"
4.67106313986658e-22,0.260191023914189,0.453,0.355,8.96377016540396e-18,"SNHG21"
5.01246191011619e-22,0.350532341158466,0.24,0.168,9.61891440551297e-18,"DBN1"
5.03459752983243e-22,0.293936945354667,0.266,0.189,9.66139265974843e-18,"WDR3"
6.37200196472564e-22,0.386341655952238,0.185,0.123,1.22278717703085e-17,"PALM"
6.3866027903584e-22,0.283470055477586,0.346,0.257,1.22558907546978e-17,"SRRT"
6.72570240159827e-22,0.282614219512871,0.285,0.205,1.29066229086671e-17,"UNC13D"
6.81850598190146e-22,0.290555995828147,0.311,0.226,1.30847129792689e-17,"DNAJC25"
6.882206852015e-22,0.292682319108536,0.304,0.224,1.32069549490168e-17,"CPD"
7.50506001727504e-22,-0.375040928968344,0.537,0.561,1.44022101731508e-17,"NHLRC3"
7.5107178081011e-22,-0.900615700111675,0.111,0.161,1.4413067473746e-17,"TBC1D10A"
7.90006656966308e-22,0.266336462638766,0.372,0.281,1.51602277471835e-17,"IBTK"
8.43418746073693e-22,0.425022844566922,0.169,0.109,1.61852057371542e-17,"UTP15"
8.78554506597407e-22,-0.604009377585263,0.288,0.337,1.68594609816042e-17,"QPRT"
9.21099432864206e-22,0.30955572728043,0.233,0.16,1.76758981166641e-17,"TRIM16"
1.02145390873878e-21,0.409680463118352,0.181,0.119,1.96017005086971e-17,"MXI1"
1.13978473210895e-21,-0.71031231330585,0.081,0.129,2.18724690091707e-17,"CCL2"
1.24173703605473e-21,0.331845978893618,0.223,0.153,2.38289337218903e-17,"POM121"
1.31704513871206e-21,-0.252730506883718,0.686,0.697,2.52740962118844e-17,"MYL12A"
1.32732167873593e-21,0.630247057399209,0.119,0.071,2.54713030149425e-17,"FAM19A2"
1.3708660047129e-21,0.266926012498269,0.271,0.193,2.63069186304406e-17,"ZCCHC7"
1.72619359464424e-21,0.300817663636654,0.306,0.223,3.3125655081223e-17,"GSTM4"
1.73103606746868e-21,0.310689068882103,0.284,0.206,3.3218582134724e-17,"PBX2"
1.73400618235434e-21,0.444727214464215,0.127,0.076,3.32755786393798e-17,"C19orf73"
1.91659923620469e-21,0.34729861461592,0.225,0.156,3.6779539342768e-17,"IRF2BP1"
1.93561927178951e-21,-0.57452104824758,0.241,0.295,3.71445338256406e-17,"ITGA6"
2.00529847487705e-21,0.393764213457612,0.177,0.116,3.84816777328906e-17,"MRPS22"
2.04758350241676e-21,-0.381820874389385,0.478,0.511,3.92931274113776e-17,"VMP1"
2.04835134755616e-21,0.302270986360565,0.3,0.219,3.93078623596027e-17,"TXLNG"
2.129391004561e-21,0.269718993958929,0.292,0.21,4.08630133775256e-17,"DPP3"
2.15486158295084e-21,0.318450623136199,0.269,0.192,4.13517937768266e-17,"C6orf106"
2.17797543751967e-21,-0.893731447754281,0.095,0.143,4.17953486460024e-17,"HLA-F"
2.1832551762049e-21,-0.725952005526211,0.157,0.21,4.18966668313721e-17,"DUSP10"
2.46612040707891e-21,0.427289984500737,0.151,0.095,4.73248506118443e-17,"COX10"
2.46641160495481e-21,0.325473335855668,0.265,0.19,4.73304386990828e-17,"DSTYK"
2.48911237098074e-21,-0.640815518306305,0.183,0.237,4.77660663991203e-17,"RUNX2"
2.50684610065441e-21,0.320101323926425,0.275,0.198,4.81063766715582e-17,"ERN1"
2.67952887613989e-21,0.312056438625298,0.245,0.172,5.14201591331245e-17,"SCARB1"
3.02714173729309e-21,0.262907789753801,0.319,0.235,5.80908499386543e-17,"TRUB2"
3.20967802334934e-21,-0.744199017289726,0.162,0.214,6.15937212680739e-17,"CPNE8"
3.47046068129877e-21,0.346881108188766,0.241,0.169,6.65981404741234e-17,"MPI"
3.54151673756255e-21,0.258300461749362,0.45,0.353,6.79617061938253e-17,"C11orf1"
3.85528555508986e-21,0.592087781992928,0.112,0.065,7.39829298021745e-17,"TTC27"
4.07063045491027e-21,0.544035019671821,0.112,0.065,7.81153984297281e-17,"DVL1"
4.23336057912192e-21,-0.372539529254935,0.547,0.571,8.12381895133497e-17,"NUSAP1"
4.74836392953814e-21,0.254285615658835,0.393,0.3,9.1121103807837e-17,"KIF9"
4.93464276646725e-21,0.41331822418747,0.158,0.101,9.46957946885065e-17,"ANXA3"
4.94051213444197e-21,-0.811715995425255,0.123,0.173,9.48084278599413e-17,"SYNJ2BP"
5.03895168060979e-21,0.253233090886549,0.365,0.275,9.66974827509018e-17,"FARSB"
5.24617756725985e-21,0.272003978979019,0.565,0.464,1.00674147515717e-16,"FAM107B"
5.26829763099294e-21,-0.530051154519266,0.221,0.278,1.01098631538755e-16,"SLA"
5.76984692951462e-21,0.481219745983449,0.111,0.064,1.10723362577386e-16,"AVPI1"
6.10071223549578e-21,0.405407074590094,0.168,0.11,1.17072667799164e-16,"ZBTB7B"
6.17084441795342e-21,0.343826958384364,0.217,0.15,1.18418504380526e-16,"IRS2"
6.26921359805636e-21,0.302891913182893,0.298,0.219,1.20306208946702e-16,"SLC25A51"
6.2837111252888e-21,0.375957588241935,0.206,0.14,1.20584416494292e-16,"MFN2"
6.28957321804091e-21,0.258098039011641,0.373,0.283,1.20696910054205e-16,"CARNMT1"
6.36362294514173e-21,0.346724934809074,0.247,0.175,1.2211792431727e-16,"POLR1E"
6.41183282983722e-21,0.271954857144541,0.27,0.193,1.23043072004576e-16,"COQ9"
6.57921095545349e-21,0.250069115313042,0.308,0.225,1.26255058235153e-16,"CHERP"
6.81756930841589e-21,0.36035045064842,0.217,0.149,1.30829155028501e-16,"RBM19"
8.22611470193069e-21,0.340915019639922,0.248,0.176,1.5785914113005e-16,"FGFBP3"
8.91433802892446e-21,-0.556917563393794,0.307,0.355,1.7106614677506e-16,"CDC42EP3"
9.10941680706318e-21,0.604390434941468,0.106,0.061,1.74809708527542e-16,"TTC38"
9.97977467058474e-21,0.372639453602172,0.217,0.151,1.91511875928521e-16,"TMEM170B"
1.01600820419581e-20,0.260845392436673,0.463,0.367,1.94971974385176e-16,"FRA10AC1"
1.06493114450698e-20,0.296249084256203,0.297,0.219,2.04360286630889e-16,"GIPC1"
1.06644170476465e-20,0.27311144943071,0.262,0.186,2.04650163144337e-16,"NLN"
1.07607576104731e-20,0.279263888987431,0.353,0.267,2.0649893854498e-16,"MPV17L2"
1.12327443656039e-20,0.260713738445078,0.366,0.277,2.15556364375939e-16,"MFAP1"
1.16348194172667e-20,-0.260023456985278,0.679,0.689,2.23272184617347e-16,"COMMD3"
1.17423186724231e-20,0.318618165462193,0.191,0.127,2.25335095323799e-16,"MVD"
1.20827389063126e-20,0.256484704607108,0.399,0.307,2.31867759612139e-16,"CABIN1"
1.24443273405027e-20,0.297088998244755,0.269,0.193,2.38806641664247e-16,"NOL10"
1.35835044738468e-20,0.279874766527139,0.337,0.253,2.6066745085312e-16,"CAMKK2"
1.46123379892527e-20,-0.5235247567159,0.277,0.328,2.8041076601376e-16,"MB21D1"
1.56745911840098e-20,0.478363989833977,0.136,0.084,3.00795404821149e-16,"THRA"
1.6123066888355e-20,0.5531936994179,0.11,0.064,3.09401653587532e-16,"SNAPC4"
1.6285827732999e-20,-0.820878113886835,0.101,0.149,3.12525034196252e-16,"ERAP2"
1.66874618013917e-20,0.256230370476562,0.399,0.306,3.20232391968707e-16,"C1orf109"
1.77690013724574e-20,0.307697660277018,0.266,0.192,3.40987136337458e-16,"FBXO45"
1.82946078665312e-20,0.477282771018034,0.123,0.074,3.51073524958735e-16,"FBXO44"
1.87967799558811e-20,-0.496749303374435,0.324,0.376,3.60710207353359e-16,"FAM213A"
1.90506091681069e-20,0.281083506045908,0.301,0.22,3.65581189935972e-16,"DGAT1"
1.91772087632374e-20,0.297105076026439,0.282,0.204,3.68010636166526e-16,"SNX12"
2.04040047406883e-20,0.289075753323209,0.337,0.254,3.91552850973809e-16,"HNRNPA1L2"
2.07892336128402e-20,0.283889640787665,0.331,0.247,3.98945393030403e-16,"GTPBP3"
2.07958220204279e-20,0.250969894583169,0.421,0.332,3.99071824572012e-16,"MMAB"
2.0815015096226e-20,0.256471482663037,0.326,0.242,3.99440139696578e-16,"TMEM199"
2.1681895320945e-20,-0.579874436088805,0.312,0.356,4.16075571208934e-16,"KIAA1551"
2.188963897401e-20,-0.945275058264248,0.087,0.132,4.20062171911251e-16,"ANKRD26"
2.24293152042251e-20,-1.01181061280027,0.067,0.109,4.3041855876908e-16,"FAM65B"
2.37871223758052e-20,-0.271500250008796,0.633,0.656,4.56474878391701e-16,"ETS2"
2.64648360202214e-20,-0.756498057369791,0.154,0.205,5.07860203228049e-16,"NAALADL1"
3.54157614624565e-20,-0.300166305643373,0.632,0.642,6.79628462464541e-16,"CD33"
3.78939316647091e-20,-1.04390414045835,0.066,0.107,7.27184548645768e-16,"PIK3C2B"
4.04620623764677e-20,0.252323469631387,0.597,0.49,7.76466977004415e-16,"SAT1"
4.92280834790973e-20,0.421399580305661,0.176,0.118,9.44686921963877e-16,"MFAP2"
4.97868364617318e-20,0.327098459127909,0.231,0.162,9.55409391700634e-16,"SIRPA"
5.20088151454884e-20,0.331404516512227,0.225,0.158,9.98049162641922e-16,"NEU3"
5.30835432007897e-20,0.477022541023937,0.179,0.122,1.01867319402315e-15,"CITED4"
5.83814607198573e-20,-0.647401415569351,0.203,0.254,1.12034023121406e-15,"ELK3"
6.23671125783762e-20,0.403812489575445,0.154,0.099,1.19682489037904e-15,"PITRM1"
6.38288139101012e-20,0.340525705745972,0.19,0.128,1.22487493893484e-15,"OGFOD1"
6.72618349967017e-20,0.26054264650922,0.297,0.217,1.2907546135867e-15,"PIGS"
6.85171408647594e-20,0.28263386122607,0.296,0.218,1.31484393319473e-15,"KIAA1715"
6.8746095874415e-20,-0.697133741465989,0.165,0.214,1.31923757983002e-15,"DUSP22"
7.23514053032319e-20,0.275252400083505,0.34,0.256,1.38842346776902e-15,"PDSS1"
8.19904404846955e-20,0.344069101441537,0.179,0.12,1.57339655290131e-15,"INO80B"
8.53500475841356e-20,-0.290876092733034,0.607,0.632,1.63786741313956e-15,"LYN"
8.72299271994556e-20,0.260772184590459,0.275,0.199,1.67394230295755e-15,"METTL16"
8.73805516255506e-20,0.351475155799112,0.171,0.113,1.67683278569432e-15,"TRIM16L"
9.16593289988525e-20,0.250315520464216,0.304,0.225,1.75894252348798e-15,"SLC37A4"
1.00417872260749e-19,0.314280337604823,0.233,0.166,1.92701896868377e-15,"NOM1"
1.18106957293022e-19,0.315919494157608,0.221,0.154,2.26647251045309e-15,"MECR"
1.18323394930636e-19,0.385729687726777,0.162,0.106,2.27062594871891e-15,"CLPB"
1.23199253758566e-19,-0.394618765203254,0.529,0.548,2.36419367962689e-15,"NUDT14"
1.24028083559993e-19,0.329253661186347,0.209,0.145,2.38009892351626e-15,"POLR1B"
1.25461501700461e-19,-0.522656099281087,0.315,0.358,2.40760621763185e-15,"MRPL53"
1.29366858296631e-19,0.299013221456803,0.279,0.204,2.48255001071236e-15,"KRI1"
1.35128692534559e-19,0.311040730168979,0.248,0.178,2.59311960973818e-15,"FURIN"
1.38118575199328e-19,-0.728231207317847,0.167,0.216,2.65049545807511e-15,"CCSER2"
1.47241880016914e-19,0.256879215056235,0.392,0.303,2.82557167752458e-15,"METAP1"
1.69910233510988e-19,0.255042337383975,0.378,0.292,3.26057738107586e-15,"MRS2"
1.71198804936437e-19,-0.356356180176462,0.511,0.533,3.28530506673023e-15,"MAPK14"
1.76322123895416e-19,0.256288993449968,0.328,0.246,3.38362155755304e-15,"SPNS2"
1.88473617482389e-19,0.345319444094489,0.177,0.118,3.61680871948704e-15,"SIRT5"
2.0109759544252e-19,0.424660215798377,0.124,0.076,3.85906285654196e-15,"CYB5D1"
2.05271783265467e-19,0.25940419141932,0.265,0.191,3.93916552086432e-15,"CLN8"
2.13751921307728e-19,-0.525891182953187,0.243,0.295,4.1018993698953e-15,"CTSZ"
2.14202185297142e-19,0.305571360317456,0.449,0.363,4.11053993585215e-15,"CDC20"
2.24348336484891e-19,0.371350241168619,0.207,0.145,4.30524457714506e-15,"POLR1A"
2.57003758331925e-19,0.251763801585721,0.344,0.26,4.93190212238965e-15,"MRRF"
2.61396986518618e-19,0.426127804646811,0.151,0.098,5.01620817129228e-15,"PYCRL"
2.64579948439825e-19,0.251373237308807,0.332,0.251,5.07728921056024e-15,"SBF1"
2.73843410330043e-19,0.252508335055395,0.449,0.357,5.25505504423353e-15,"EPRS"
2.82967611823277e-19,0.260008807599669,0.365,0.282,5.43014847088868e-15,"PRR5"
2.87914152134027e-19,-0.666835734450601,0.234,0.28,5.52507257945198e-15,"MAST4"
2.9617479794943e-19,0.261529343353773,0.836,0.771,5.68359437264956e-15,"UBE2S"
3.18100714564141e-19,0.298002061863904,0.235,0.167,6.10435271248587e-15,"RP11-115C21.2"
3.27801688353067e-19,0.25306713360879,0.282,0.205,6.29051439949535e-15,"TNFAIP8L2"
3.36278139990128e-19,0.335457152020437,0.186,0.126,6.45317750641055e-15,"STK40"
3.46217557036518e-19,0.44140765899967,0.16,0.106,6.64391491953079e-15,"NFS1"
3.74697274824967e-19,-0.826564212227374,0.097,0.142,7.19044070389112e-15,"SAMD8"
3.77884659169468e-19,0.312963169270714,0.256,0.187,7.25160660946208e-15,"TRAF7"
3.78539308485355e-19,0.28241002142205,0.314,0.237,7.26416932983396e-15,"NFATC3"
3.87126334095736e-19,0.298830022549504,0.22,0.154,7.42895435129717e-15,"TFB2M"
3.87796649692073e-19,0.363111238028424,0.162,0.107,7.44181770759088e-15,"ANKRD16"
4.06989983427468e-19,0.255648454055163,0.322,0.242,7.81013778197311e-15,"RBM28"
4.14797660220461e-19,-0.894329769768706,0.075,0.117,7.95996709963065e-15,"EHD2"
4.55690435188215e-19,-0.576962284059118,0.283,0.329,8.74469945126185e-15,"MXD3"
4.82066936289705e-19,-0.593278452627636,0.24,0.289,9.25086450739943e-15,"PROM1"
4.91613635736956e-19,0.272393902250631,0.346,0.262,9.43406566979219e-15,"C12orf73"
5.28952053509345e-19,0.36091976394802,0.163,0.107,1.01505899068443e-14,"UQCC1"
5.62935794440122e-19,0.250488928628989,0.261,0.189,1.08027378953059e-14,"GRAMD4"
6.39765453558624e-19,0.345946072337016,0.221,0.158,1.227709905379e-14,"ADGRE5"
6.40201554227152e-19,-0.462971874081295,0.313,0.36,1.22854678256191e-14,"TUBB6"
7.08316407657931e-19,0.37025572262894,0.157,0.103,1.35925918629557e-14,"LINC01268"
7.24421834144669e-19,0.425316764703241,0.14,0.089,1.39016549972362e-14,"DDX28"
7.78259653041433e-19,0.354739222386353,0.215,0.152,1.49348027418651e-14,"CTA-29F11.1"
9.51503026548597e-19,-0.674571122992004,0.155,0.204,1.82593430794676e-14,"JUP"
9.66927861457165e-19,0.278306262389103,0.266,0.195,1.8555345661363e-14,"LYPLAL1"
9.78410360902635e-19,-0.827809409363617,0.116,0.161,1.87756948257216e-14,"TRIM22"
1.02068346697948e-18,-0.421574735464268,0.354,0.398,1.95869157313362e-14,"PHF11"
1.05895587431405e-18,-0.954571114046668,0.062,0.101,2.03213632280866e-14,"SMIM14"
1.11197768925995e-18,0.387937414148605,0.177,0.12,2.13388518568985e-14,"KBTBD6"
1.16892501967388e-18,0.27975617585701,0.212,0.148,2.24316711275418e-14,"CHCHD6"
1.17066398604051e-18,0.333299807807508,0.213,0.149,2.24650418921173e-14,"SLC35A2"
1.18627943940239e-18,-0.583540669461957,0.222,0.272,2.27647024421318e-14,"MTSS1"
1.33798226686603e-18,-0.407312223168226,0.396,0.435,2.56758797011591e-14,"MAP4K4"
1.34047745139245e-18,0.307661116633881,0.173,0.116,2.57237622922212e-14,"AC007325.4"
1.55528710104744e-18,-0.275107018764931,0.711,0.702,2.98459594691004e-14,"H2AFX"
1.65058317285781e-18,0.294972536358479,0.21,0.147,3.16746910871415e-14,"SCAP"
1.75644041928448e-18,-0.724350528719893,0.144,0.19,3.37060916460693e-14,"IGFLR1"
1.76618598400832e-18,0.370095880602867,0.149,0.098,3.38931090331197e-14,"BCL2A1"
1.98774781459607e-18,0.323035030199951,0.229,0.164,3.81448805620985e-14,"UBQLN4"
2.27225697916314e-18,0.407262578390085,0.131,0.082,4.36046114301407e-14,"SLC27A4"
2.35197465538792e-18,-0.285154190816995,0.899,0.89,4.51343936368942e-14,"ARL6IP1"
2.36063199283524e-18,0.283170711155066,0.224,0.158,4.53005279425083e-14,"RELT"
2.51670999202904e-18,0.29781457420849,0.297,0.223,4.82956647470373e-14,"MNAT1"
2.62683850020682e-18,0.379819213250296,0.168,0.113,5.04090308189688e-14,"RBMS2"
2.68335627081655e-18,0.361478093073705,0.176,0.12,5.14936068369696e-14,"LDB1"
2.69579595950192e-18,0.344165869578278,0.191,0.132,5.17323244628418e-14,"UTP20"
2.86795144013331e-18,0.250834251670137,0.284,0.211,5.50359881361582e-14,"SEC24D"
2.92744953974785e-18,0.32901368809502,0.185,0.127,5.61777566677612e-14,"PIK3R5"
3.00216104638344e-18,0.253458761417909,0.226,0.159,5.76114704800982e-14,"RPS6KA4"
3.02597618285536e-18,0.263034971716185,0.329,0.249,5.80684829489943e-14,"FAM168B"
3.16459839259602e-18,0.341970152064723,0.189,0.131,6.07286431539177e-14,"INPPL1"
3.68574047465992e-18,-0.538318486650824,0.266,0.311,7.07293597087239e-14,"MMD"
4.06591373275463e-18,0.458395969664845,0.137,0.089,7.80248845315614e-14,"PIGB"
4.26802175212465e-18,0.255355465219056,0.304,0.229,8.1903337423272e-14,"PTK2B"
4.37632783229525e-18,0.281373513026523,0.295,0.221,8.39817311017459e-14,"TOE1"
4.40175194855148e-18,0.281121641988509,0.203,0.141,8.44696198927028e-14,"NLE1"
5.43156650319865e-18,-0.62477138137127,0.196,0.244,1.04231761196382e-13,"MFGE8"
5.52817807088504e-18,-0.494329442331362,0.298,0.344,1.06085737180284e-13,"FOXO3"
5.64460440948234e-18,-0.476465111198595,0.306,0.353,1.08319958617966e-13,"POLD3"
5.67874828775445e-18,0.27889627528178,0.238,0.171,1.08975179642008e-13,"GEMIN2"
5.80964460845355e-18,0.263171947273173,0.342,0.263,1.11487080036224e-13,"GARS"
6.09481592058249e-18,0.430181416546896,0.146,0.096,1.16959517515978e-13,"GNL3L"
6.58824760835796e-18,0.338263022944456,0.153,0.101,1.26428471604389e-13,"CHST10"
7.47109011911247e-18,0.5200736458173,0.111,0.068,1.43370219385768e-13,"PTPN22"
7.65548776236263e-18,0.25617475616245,0.277,0.204,1.46908810159739e-13,"CHAC2"
7.73801928135904e-18,-0.457238996646807,0.403,0.44,1.4849259000928e-13,"WBP5"
7.77427317035663e-18,0.424965857109365,0.116,0.072,1.49188302139144e-13,"TRAF3IP3"
8.36755618534266e-18,0.251556553362466,0.271,0.201,1.60573403196726e-13,"ATG13"
8.62289614695689e-18,-0.319517192242081,0.576,0.598,1.65473377060103e-13,"H1FX"
8.89295578036685e-18,0.322836264050422,0.2,0.14,1.7065582142524e-13,"DARS2"
8.95898949923203e-18,0.285943274251227,0.225,0.162,1.71923008490263e-13,"AP5B1"
9.7390769836173e-18,0.53532024328388,0.121,0.076,1.86892887315616e-13,"MMP2"
1.0088150306254e-17,0.253388748205115,0.268,0.199,1.93591604377015e-13,"DEF6"
1.0619760051082e-17,0.332528795748344,0.201,0.142,2.03793195380264e-13,"CARS"
1.10264804738244e-17,0.294922414313403,0.201,0.141,2.11598160292689e-13,"AVEN"
1.13342492827467e-17,-0.322229711933726,0.568,0.582,2.17504243735909e-13,"BMI1"
1.20784374758893e-17,0.288406580185033,0.192,0.133,2.31785215162317e-13,"DOT1L"
1.2508612424893e-17,-0.864669378658917,0.084,0.125,2.40040272433697e-13,"RP5-821D11.7"
1.26945700077601e-17,0.258650030687897,0.21,0.148,2.43608798448916e-13,"GSR"
1.39555262274396e-17,0.450908901763621,0.127,0.081,2.67806548304565e-13,"KLHDC8B"
1.52388397379739e-17,-0.437009112969187,0.404,0.444,2.92433334571718e-13,"TOP1MT"
1.54498941211186e-17,0.255942973056726,0.253,0.185,2.96483468184266e-13,"PAQR3"
1.6084429630714e-17,0.419338930818521,0.248,0.185,3.08660204613402e-13,"PTP4A3"
1.63374852523183e-17,0.283453420133051,0.207,0.146,3.13516341991987e-13,"POM121C"
1.69877545777266e-17,-1.55780929240752,0.092,0.134,3.25995010346574e-13,"RP11-1143G9.4"
2.0708522321506e-17,0.370938580273946,0.142,0.093,3.973965433497e-13,"TEX2"
2.35552676576785e-17,0.347780344033258,0.207,0.147,4.5202558635085e-13,"CTSW"
2.37357107333015e-17,-0.475727773162135,0.339,0.381,4.55488288972055e-13,"STK17B"
2.55100471862243e-17,-0.861173518620618,0.075,0.115,4.89537805503644e-13,"SYCE1L"
2.55596038860257e-17,0.257989242514776,0.26,0.189,4.90488798572834e-13,"RUFY1"
2.6262602315922e-17,0.258672012076659,0.218,0.154,5.03979338442544e-13,"RNF14"
2.63753010901117e-17,0.345925674553804,0.183,0.127,5.06142027919244e-13,"MTOR"
2.81676266387365e-17,-0.45895811114352,0.349,0.391,5.40536755197354e-13,"MAP2K1"
2.91045364751996e-17,0.325140617489892,0.123,0.077,5.58516054959081e-13,"TAMM41"
2.95621423773598e-17,-0.903310150369689,0.074,0.113,5.67297512221535e-13,"NBPF26"
2.99743839338427e-17,0.436738135721052,0.112,0.069,5.75208427690441e-13,"RDH13"
3.01994512502923e-17,0.373808315205078,0.153,0.102,5.79527469493109e-13,"TRAF3IP1"
3.53789070536864e-17,-0.886707645363937,0.069,0.107,6.78921226360242e-13,"FLJ27354"
3.72898166665499e-17,0.346251086728717,0.186,0.129,7.15591581831093e-13,"VWA1"
4.08774102212917e-17,0.312072138546664,0.226,0.164,7.84437502146588e-13,"STK17A"
4.08775928203194e-17,0.251329151530014,0.254,0.186,7.84441006221929e-13,"RAB11FIP2"
4.37514568115332e-17,-0.49682064884138,0.272,0.319,8.39590456213323e-13,"LINC00969"
4.48823891981785e-17,0.334068882224885,0.228,0.165,8.61293048713046e-13,"FBXL19"
4.61763693989023e-17,0.441816904058902,0.126,0.081,8.86124528764936e-13,"KIF3B"
4.62794907873014e-17,0.252992369447661,0.222,0.159,8.88103428208313e-13,"RNMTL1"
4.6986068344111e-17,-0.405831935025785,0.431,0.463,9.01662651523489e-13,"HIST3H2A"
4.78518201926432e-17,0.314285937281684,0.18,0.125,9.18276429496824e-13,"PIK3CD"
4.99093134031718e-17,0.452552257803493,0.149,0.1,9.57759724206867e-13,"RP11-792A8.4"
5.0139949604727e-17,-0.394275843011941,0.536,0.552,9.62185632914712e-13,"SOD2"
5.07644151041098e-17,-1.0400536133313,0.091,0.131,9.74169125847867e-13,"TNF"
5.58683356364172e-17,0.271009199766924,0.203,0.143,1.07211336086285e-12,"PIGL"
5.67332836538032e-17,-0.450838501691796,0.308,0.354,1.08871171331648e-12,"HTATIP2"
5.69461256119576e-17,0.325991648197359,0.184,0.128,1.09279615049347e-12,"ZNF761"
5.77514409045458e-17,0.304151253425739,0.175,0.12,1.10825015095823e-12,"ZNF598"
5.94747889199719e-17,0.347622344695986,0.162,0.11,1.14132119937426e-12,"RP11-708J19.1"
5.94762323285247e-17,-0.266251717886023,0.644,0.647,1.14134889838439e-12,"LRRFIP2"
5.95046611345498e-17,-0.45858523646426,0.355,0.39,1.14189444717201e-12,"VEZF1"
6.93465582701221e-17,0.273738871293001,0.226,0.162,1.33076045320364e-12,"TMEM184C"
7.98552047437109e-17,0.329780235578239,0.182,0.127,1.53242137903181e-12,"EP400NL"
8.50943573717427e-17,0.253991975579498,0.268,0.2,1.63296071796374e-12,"SEC16A"
8.51224693924022e-17,-0.864844306587689,0.077,0.116,1.6335001876402e-12,"FNBP1L"
9.49079877671666e-17,-0.560368698736329,0.243,0.289,1.82128428525193e-12,"SLC2A6"
1.25001328563514e-16,0.271758666402033,0.252,0.186,2.39877549513384e-12,"GNB1L"
1.30929472800159e-16,0.59177712013019,0.11,0.069,2.51253658303505e-12,"BACE2"
1.40397916742145e-16,-0.569280004567192,0.243,0.289,2.69423602228176e-12,"AC011043.1"
1.43177596855715e-16,0.277727175509868,0.241,0.177,2.74757808366117e-12,"NPRL3"
1.46936441754745e-16,0.260716111006588,0.219,0.157,2.81971031727355e-12,"ZNF189"
1.69430636118273e-16,-0.389046664526532,0.446,0.475,3.25137390710966e-12,"ASF1B"
1.78837265362872e-16,-0.450579958767417,0.297,0.34,3.43188712231352e-12,"DGKE"
1.9339744404871e-16,0.287102239635098,0.242,0.179,3.71129695129475e-12,"RGS14"
2.15090219640222e-16,0.32518799855459,0.173,0.12,4.12758131489586e-12,"ARFGAP1"
2.32093921643807e-16,-0.65616942797985,0.133,0.178,4.45388235634466e-12,"KIF13A"
2.34960404927835e-16,0.375665671873534,0.163,0.112,4.50889017056515e-12,"GADD45B"
2.5932879267892e-16,0.276750497601062,0.193,0.136,4.97651953150847e-12,"POLR3A"
3.0629936496598e-16,-0.689669447728371,0.153,0.196,5.87788481369716e-12,"YBEY"
3.13334224180735e-16,0.302581336952452,0.161,0.11,6.0128837620283e-12,"UMPS"
3.15962483018466e-16,0.342444371432376,0.169,0.117,6.06332004912437e-12,"BORA"
3.35301694880424e-16,0.341546580786843,0.151,0.103,6.43443952475534e-12,"PIK3CB"
3.71650154978927e-16,0.329481182956946,0.161,0.11,7.1319664740456e-12,"URB1"
3.78336960455411e-16,0.291187947293452,0.181,0.126,7.26028627113933e-12,"MBTPS1"
3.95707983543843e-16,-0.48754416621279,0.311,0.349,7.59363620420635e-12,"SASH3"
4.32485800383612e-16,-0.269657462827487,0.596,0.61,8.29940250936151e-12,"BLOC1S6"
4.46243803781155e-16,-0.404283534097036,0.481,0.501,8.56341859456037e-12,"TNRC6B"
4.5765829120723e-16,-0.781087679479532,0.096,0.136,8.78246260826675e-12,"RP11-367G6.3"
4.84687762251873e-16,-0.699817964492749,0.145,0.189,9.30115815761344e-12,"RP11-841O20.2"
4.91784961585736e-16,0.343771063323196,0.164,0.113,9.43735341283027e-12,"DFFB"
5.0004095050714e-16,-0.333848993611003,0.525,0.54,9.59578584023202e-12,"AC013461.1"
5.561496496581e-16,0.304504538231579,0.184,0.13,1.06725117769389e-11,"MAN1B1-AS1"
6.37600653652692e-16,-0.790400035752826,0.098,0.137,1.22355565435952e-11,"CASP7"
8.90807638552054e-16,0.275991305393514,0.224,0.164,1.70945985838139e-11,"KLHL12"
9.15341549841849e-16,0.298342367438815,0.196,0.14,1.75654043414651e-11,"THOC5"
9.77509303315506e-16,-0.530305281738363,0.269,0.31,1.87584035306246e-11,"NNT-AS1"
1.02632992110217e-15,-0.682168843830779,0.103,0.145,1.96952711859507e-11,"ARID5B"
1.06113927704539e-15,0.280054071986881,0.182,0.129,2.03632627265011e-11,"ZNF74"
1.10971822226486e-15,0.291965183937342,0.136,0.09,2.12954926852627e-11,"XXbac-B135H6.18"
1.12233351795967e-15,-0.766802104639444,0.083,0.121,2.15375802096461e-11,"GXYLT2"
1.15256947152977e-15,0.407475887567932,0.11,0.07,2.21178081586562e-11,"CTU2"
1.18161171164078e-15,-0.419738598842614,0.352,0.386,2.26751287463865e-11,"RASSF2"
1.19538482105515e-15,-0.391465312630535,0.404,0.436,2.29394347160484e-11,"DCUN1D3"
1.25836965790342e-15,0.256147518508058,0.47,0.387,2.41481137351666e-11,"MPP1"
1.42804336559658e-15,0.313171510642942,0.138,0.092,2.74041521857984e-11,"IPO4"
1.55452564374921e-15,0.41322422132514,0.129,0.085,2.98313471035473e-11,"RAPGEF2"
1.66347855451136e-15,-0.407134129127637,0.382,0.416,3.1922153461073e-11,"STX7"
1.81169316109738e-15,-0.632707438661673,0.146,0.189,3.47663917614588e-11,"SORT1"
1.87930740118035e-15,0.345269309658176,0.135,0.089,3.60639090286509e-11,"GHDC"
1.96521307023839e-15,-0.523877528757734,0.243,0.286,3.77124388178747e-11,"HOXB3"
2.11056486051079e-15,-0.388667065213344,0.417,0.444,4.05017396732021e-11,"AGFG1"
2.13718366930107e-15,0.324482840764278,0.137,0.091,4.10125546138875e-11,"ZNF487"
2.14826572000757e-15,0.319281481776829,0.142,0.096,4.12252191669452e-11,"YTHDF3-AS1"
2.21187727551938e-15,0.303672119364562,0.225,0.166,4.24459249172169e-11,"TMEM164"
2.23206980288733e-15,-0.252594612499923,0.654,0.66,4.28334195174078e-11,"PLEKHO1"
2.32036651998456e-15,-0.467869702527418,0.396,0.423,4.45278335185038e-11,"MSI2"
2.36576559155881e-15,-0.467957193260435,0.34,0.376,4.53990417020136e-11,"HOXA9"
2.61742035083112e-15,0.277782480301298,0.207,0.149,5.02282965324491e-11,"MAP2K4"
2.63321373473216e-15,0.28645195295837,0.678,0.615,5.05313715695102e-11,"CD52"
2.65521652842851e-15,0.310226212281131,0.137,0.092,5.09536051805432e-11,"PUS7"
2.74599642243964e-15,0.258653498533656,0.205,0.148,5.26956713466166e-11,"PXN"
2.9177892226139e-15,0.496142497623208,0.11,0.07,5.59923751819608e-11,"IGLL1"
2.9677521139863e-15,-0.328753067707686,0.553,0.567,5.69511630673971e-11,"ATAD2"
2.99495047350167e-15,-0.446915683658723,0.338,0.371,5.74730995864970e-11,"REL"
3.01141651818384e-15,0.370578472906034,0.265,0.204,5.77890829839478e-11,"OSM"
3.21974512195473e-15,0.380356451745195,0.111,0.07,6.17869088903112e-11,"SLC38A6"
3.7419334179494e-15,0.328091430359863,0.131,0.087,7.18077022904491e-11,"RAB29"
3.7845641757702e-15,0.285753009968926,0.229,0.17,7.26257865330302e-11,"YKT6"
3.80022728130839e-15,0.396625782341395,0.19,0.138,7.2926361528308e-11,"MAP1A"
4.12982079413032e-15,-0.316017641456831,0.534,0.552,7.92512610393608e-11,"FLOT1"
4.354781881821e-15,0.290871075446141,0.14,0.094,8.35682643121449e-11,"C10orf95"
4.60184797912092e-15,-0.71735545807866,0.157,0.198,8.83094627193304e-11,"SMAD3"
4.6419794470941e-15,-0.771274287581024,0.097,0.135,8.90795855897358e-11,"ZNF217"
4.70052555180646e-15,0.259500537197356,0.238,0.177,9.0203085339166e-11,"THAP3"
5.37600483200613e-15,0.253999285755113,0.188,0.134,1.03165532726198e-10,"DDX51"
5.63591622803581e-15,-0.81144039020825,0.099,0.137,1.08153232416007e-10,"CTD-2035E11.3"
5.91330866137257e-15,0.350146520289458,0.126,0.083,1.1347639321174e-10,"NSMF"
6.22667413442915e-15,0.264205576085138,0.192,0.138,1.19489876639695e-10,"WDR75"
6.37969614094309e-15,0.261587778686466,0.623,0.552,1.22426368944698e-10,"HOPX"
6.51073990084461e-15,-0.420688864932556,0.38,0.413,1.24941098697208e-10,"DPYSL2"
6.96782104600508e-15,-0.621342153428741,0.17,0.212,1.33712485872838e-10,"CYSLTR1"
7.28799995527084e-15,0.435112129041871,0.114,0.074,1.39856719141647e-10,"IKZF4"
7.60744584287136e-15,-0.262619555564109,0.674,0.668,1.45986885724701e-10,"SMC4"
7.99743721509822e-15,-0.312972297095081,0.504,0.521,1.53470820157735e-10,"GCLM"
8.0903795709781e-15,-0.761586106572694,0.115,0.155,1.5525438396707e-10,"TRAM2"
8.16941100815277e-15,0.347240427451326,0.173,0.123,1.56770997246452e-10,"RP11-395A13.2"
8.23958828575647e-15,0.38522362648548,0.124,0.082,1.58117699203667e-10,"GS1-124K5.4"
8.39171527083315e-15,0.300042984708219,0.254,0.194,1.61037016047288e-10,"DLGAP3"
1.08450995120054e-14,0.30173239538649,0.155,0.107,2.08117459635383e-10,"POFUT1"
1.1098554646786e-14,0.297950301999573,0.153,0.106,2.12981263671824e-10,"TSPAN31"
1.11126312670307e-14,-0.613025248076778,0.166,0.209,2.13251394014319e-10,"SLC16A1-AS1"
1.24987670806247e-14,0.358948851544524,0.122,0.081,2.39851340277188e-10,"TYW1"
1.31567592873837e-14,0.305172679272615,0.174,0.124,2.52478210724893e-10,"INPP5F"
1.509812880626e-14,0.368477047392975,0.128,0.086,2.89733091792129e-10,"COG7"
1.5676695736766e-14,0.334145557101991,0.117,0.077,3.0083579118854e-10,"KIF21B"
1.69722059033574e-14,-0.764379251356959,0.115,0.154,3.25696631285428e-10,"FRMD4B"
1.78210257660056e-14,-0.803720568433972,0.079,0.114,3.41985484449648e-10,"TTLL7"
1.79566460490903e-14,0.400664949147377,0.116,0.076,3.44588037682043e-10,"ATG4A"
1.89696230463442e-14,0.325716939583565,0.114,0.074,3.64027066259346e-10,"PUS3"
1.90942547313096e-14,-1.01258439361892,0.288,0.331,3.66418748293832e-10,"LYZ"
2.06202077844682e-14,-0.289272072064827,0.581,0.587,3.95701787383945e-10,"SYPL1"
2.07604119937604e-14,-0.331718905893896,0.527,0.536,3.98392306160261e-10,"CCDC88A"
2.26136396265748e-14,-0.679137870537814,0.133,0.173,4.3395574443397e-10,"GLIDR"
2.29864772869152e-14,0.335728611434599,0.132,0.089,4.41110499135902e-10,"TET1"
2.30249008767087e-14,-0.364087281272766,0.224,0.272,4.41847847824039e-10,"SLC45A3"
2.48343131215706e-14,0.368061980774556,0.124,0.082,4.7657046880294e-10,"DYNC2LI1"
2.57839998001793e-14,-0.859978145609314,0.076,0.11,4.94794956165441e-10,"SGPL1"
2.67728829858471e-14,-0.508227216412042,0.253,0.293,5.13771624498405e-10,"JAK3"
2.71558085865163e-14,0.279403638828337,0.384,0.312,5.21119966775247e-10,"STXBP5"
2.78997148430961e-14,0.260450092782885,0.176,0.126,5.35395527839015e-10,"ELP3"
2.87052291172884e-14,-0.503799828642367,0.267,0.305,5.50853346760764e-10,"KIAA1033"
3.02516832559631e-14,0.360405709301292,0.111,0.072,5.80529801681933e-10,"OXSM"
4.17209002981684e-14,-0.741982428490387,0.104,0.141,8.00624076721851e-10,"TBC1D4"
4.49475157524908e-14,-0.651260973912795,0.158,0.198,8.62542827290298e-10,"CIITA"
5.22197654894546e-14,0.358844978903076,0.131,0.089,1.00209729974263e-09,"IKBKAP"
5.25345706722266e-14,0.32199261048358,0.146,0.101,1.00813841120003e-09,"PHRF1"
5.41973310613171e-14,-0.760927559752615,0.107,0.145,1.04004678306668e-09,"CD109"
5.4594392552682e-14,0.269464757188733,0.163,0.115,1.04766639308597e-09,"SPIDR"
5.46885287752399e-14,0.288397948342773,0.16,0.112,1.04947286719685e-09,"APOBR"
5.71941105645511e-14,0.325880581499749,0.169,0.121,1.09755498173374e-09,"ZMYM3"
6.1147828365587e-14,0.275486822109842,0.191,0.139,1.17342682633561e-09,"SHCBP1"
6.12435670653568e-14,0.273898150684876,0.177,0.127,1.1752640519842e-09,"UNKL"
6.29835710895616e-14,-0.790779755223018,0.122,0.159,1.20865472920869e-09,"RPGR"
6.60420523236972e-14,-0.512473407834904,0.241,0.28,1.26734698409175e-09,"TMEM263"
7.42646928821327e-14,0.271894986057025,0.181,0.13,1.42513945640813e-09,"PPT2"
7.59348048220139e-14,0.431414039976012,0.103,0.067,1.45718890453445e-09,"RCOR2"
8.77085339464311e-14,0.269543483831038,0.193,0.142,1.68312676643201e-09,"ZC3H7B"
8.79095855780623e-14,0.284582117262375,0.176,0.127,1.68698494724301e-09,"BAHCC1"
8.85339288939143e-14,0.269532277560267,0.142,0.098,1.69896609547421e-09,"PROSER2"
9.22230059023987e-14,0.350626710868257,0.16,0.114,1.76975948326703e-09,"GOT1"
1.00947610882947e-13,-0.358663079968705,0.422,0.447,1.93718465284376e-09,"HNRNPLL"
1.01290645628152e-13,0.317499139167292,0.154,0.109,1.94376748960424e-09,"NOP9"
1.09568235008403e-13,-0.36513276466844,0.456,0.477,2.10261442981126e-09,"ARL6IP6"
1.13105926318875e-13,0.290757019566021,0.166,0.119,2.17050272605921e-09,"KDM1B"
1.14121659929451e-13,-0.306955323978513,0.524,0.535,2.18999465404616e-09,"CTDSP2"
1.15696603920574e-13,0.269326841743954,0.183,0.132,2.22021782923581e-09,"SLC8B1"
1.35198833660429e-13,-0.34090837329579,0.433,0.458,2.59446561794364e-09,"CSNK1E"
1.35251049698316e-13,0.287111825987323,0.171,0.122,2.59546764371068e-09,"EMC1"
1.42887024136274e-13,0.294211098393957,0.133,0.091,2.74200199317509e-09,"AARS"
1.49235586361909e-13,0.299124464177394,0.144,0.1,2.86383090228503e-09,"TET3"
1.55295749020807e-13,0.262014481610398,0.17,0.121,2.98012542370928e-09,"TMEM110"
2.01546344509177e-13,0.406151915797008,0.106,0.07,3.8676743511311e-09,"PSTK"
2.19436701770351e-13,-0.266056043704877,0.518,0.54,4.21099030697304e-09,"GSDMD"
2.29427225231538e-13,0.253906100262964,0.154,0.108,4.40270845219321e-09,"ZSCAN32"
2.31112172042763e-13,0.396516356589638,0.104,0.068,4.43504258150063e-09,"NAB2"
2.41415953533001e-13,0.307690150606863,0.136,0.094,4.63277214829828e-09,"SMPDL3B"
2.66141750260119e-13,0.571226376920001,0.107,0.072,5.10726018749169e-09,"AIG1"
2.74937667570643e-13,-0.457996394379776,0.302,0.337,5.27605384068063e-09,"FRYL"
2.83523392901631e-13,-0.500890874215978,0.268,0.303,5.4408139097823e-09,"MTG1"
2.90415587124588e-13,0.259134798321222,0.136,0.094,5.57307511692084e-09,"SLC35C1"
2.9497208108229e-13,-0.63028369467856,0.146,0.184,5.66051423596915e-09,"RNF125"
3.01048537859899e-13,0.274885695873509,0.152,0.107,5.77712144153146e-09,"TOMM40L"
3.08075609965005e-13,0.367788455501503,0.111,0.074,5.91197095522845e-09,"PLEKHA4"
3.49170701347036e-13,-0.522429785509008,0.201,0.241,6.70058575884962e-09,"TGFBR2"
3.52966767132956e-13,-0.525515193172467,0.233,0.27,6.77343226128144e-09,"RECQL"
3.7168976844919e-13,-0.608259170343579,0.157,0.196,7.13272665653995e-09,"FAM198B"
3.72021340483028e-13,-0.289733802230605,0.536,0.551,7.13908952386931e-09,"CYB5A"
3.85930327531839e-13,-0.586769369955448,0.168,0.208,7.40600298533598e-09,"PAG1"
4.10100356973472e-13,0.271463601155547,0.179,0.131,7.86982585032093e-09,"PCYT1A"
4.12958149564711e-13,0.262541125103888,0.149,0.105,7.9246668901468e-09,"VPS33A"
4.14978605732145e-13,0.294355973650708,0.127,0.087,7.96343944399986e-09,"FDXACB1"
4.5609098807817e-13,0.273518261942958,0.138,0.096,8.75238606122008e-09,"MKS1"
4.67904307766685e-13,0.27787217511387,0.206,0.154,8.97908366604268e-09,"ANKRD52"
5.28660726302992e-13,-0.838266099587185,0.076,0.108,1.01449993377544e-08,"SCPEP1"
5.35726473467462e-13,-0.68600027652181,0.169,0.207,1.02805910258406e-08,"IRF2BPL"
5.44719591765215e-13,-0.856909028726235,0.092,0.128,1.04531689659745e-08,"TNFRSF4"
5.88524177194797e-13,0.250384441331014,0.214,0.161,1.12937789603681e-08,"SMG5"
6.45936639862898e-13,0.276051009698274,0.168,0.121,1.2395524118969e-08,"PPP2R1B"
6.51290797894901e-13,-0.512292160890189,0.233,0.27,1.24982704116031e-08,"KLHL5"
6.65233659863651e-13,0.282976114688149,0.132,0.091,1.27658339327835e-08,"FAM86C1"
7.01300407542073e-13,0.256029223470078,0.169,0.122,1.34579548207324e-08,"ZNF202"
7.31026492282796e-13,-0.445456327754969,0.236,0.275,1.40283983869068e-08,"SLC44A1"
7.35911818135672e-13,0.316078599107109,0.156,0.112,1.41221477900236e-08,"THAP2"
8.06978315418609e-13,0.268674505811226,0.149,0.105,1.54859138728831e-08,"TYK2"
8.36598806717614e-13,-0.353059764052632,0.432,0.453,1.6054331100911e-08,"IFNGR2"
1.03529481081653e-12,-0.562902334942472,0.204,0.241,1.98673074195691e-08,"PIP5K1B"
1.07374112986383e-12,0.39061607178759,0.111,0.074,2.06050922820869e-08,"RP11-783K16.5"
1.13336121894869e-12,0.259983463610398,0.157,0.112,2.17492017916253e-08,"RP11-156K23.3"
1.16311085976117e-12,-0.332385943643883,0.511,0.522,2.23200973988169e-08,"RAD51AP1"
1.18387436060804e-12,0.287108090433183,0.144,0.102,2.27185489800683e-08,"USP20"
1.21561794091478e-12,-0.314166224213259,0.498,0.511,2.33277082861546e-08,"CDC42SE2"
1.31484883272682e-12,-0.312490946551089,0.483,0.5,2.52319491000277e-08,"ZNF292"
1.36188409493987e-12,0.316301613897703,0.126,0.086,2.6134555781896e-08,"PNPO"
1.37933478649781e-12,0.31819346294726,0.103,0.068,2.64694345528929e-08,"SPTLC1"
1.67828659749872e-12,0.288109438698247,0.134,0.094,3.22063198060005e-08,"CIPC"
1.71882846801887e-12,0.282033960610261,0.154,0.11,3.29843183012821e-08,"IPO13"
1.77571496282532e-12,0.297963656683498,0.153,0.11,3.4075970136618e-08,"SEMA4A"
1.80693375969731e-12,-0.360323772558658,0.428,0.451,3.46750588485913e-08,"FAM219B"
1.87238681261831e-12,0.265859692310292,0.185,0.138,3.59311029341454e-08,"GBF1"
1.92358691808746e-12,0.254841691228134,0.169,0.123,3.69136329580983e-08,"UBE2E2"
1.94315972180968e-12,0.316245547442316,0.154,0.111,3.72892350615278e-08,"CRCP"
1.94720112228927e-12,0.323004325643948,0.12,0.082,3.7366789536731e-08,"CWF19L1"
2.01049821581178e-12,-0.278842666751224,0.539,0.548,3.8581460761428e-08,"CCDC117"
2.01068814960959e-12,-0.415390621651982,0.225,0.264,3.8585105591008e-08,"RASSF5"
2.12467204564678e-12,0.260486073131025,0.19,0.142,4.07724565559616e-08,"C20orf196"
2.17036745874611e-12,0.366574964232464,0.171,0.126,4.16493515333378e-08,"DOK2"
2.20184099792406e-12,-0.560032903654183,0.235,0.269,4.22533287501627e-08,"CKAP2L"
2.34715082156469e-12,0.286598853712773,0.137,0.096,4.50418242658264e-08,"PPFIA3"
2.48197402171052e-12,0.304870793743309,0.132,0.092,4.76290814766249e-08,"UTP4"
2.5954560731546e-12,0.322877301288616,0.111,0.075,4.98068020438368e-08,"ELL"
2.72132142414611e-12,0.261573541403886,0.163,0.118,5.22221581293638e-08,"YIPF1"
2.83271377874753e-12,-0.749906634109749,0.095,0.128,5.4359777414165e-08,"BAZ2B"
2.91042924991909e-12,-0.644636032944824,0.105,0.14,5.58511373059474e-08,"DTX3"
2.9427567805959e-12,0.270042822934403,0.153,0.11,5.64715026196353e-08,"KDM6B"
3.19464613369429e-12,-0.599483130152384,0.141,0.177,6.13052593055935e-08,"ALDH2"
3.54243153288401e-12,0.258647963657172,0.142,0.1,6.79792611160441e-08,"MFSD3"
3.6129012349782e-12,-0.6094654225025,0.15,0.187,6.93315746992316e-08,"PARP14"
4.27800824292776e-12,0.251353359561679,0.117,0.079,8.20949781817836e-08,"PCCB"
4.90606572877161e-12,0.270140333300406,0.161,0.118,9.41474013351273e-08,"SMCR8"
4.99090598940871e-12,-0.405866030040328,0.322,0.354,9.57754859367531e-08,"PICALM"
5.0731005136435e-12,-0.491528057253098,0.257,0.289,9.73527988568187e-08,"RGP1"
5.61083665891982e-12,0.287592111430782,0.126,0.087,1.07671955484671e-07,"SCLY"
5.69529140115128e-12,0.294552953927489,0.114,0.078,1.09292641988093e-07,"SLC9A1"
5.90374746318867e-12,0.286553768193833,0.146,0.104,1.13292913818591e-07,"RP11-473M20.16"
5.92657953726416e-12,0.386209939031629,0.103,0.069,1.13731061320099e-07,"ZNF175"
5.97743876897535e-12,0.332175526998529,0.113,0.077,1.14707049976637e-07,"ENKD1"
6.2566357422472e-12,-0.337862050205205,0.455,0.478,1.20064839893724e-07,"AURKB"
6.69197403507714e-12,-0.628918245556547,0.105,0.139,1.2841898173313e-07,"STX3"
6.80834653908629e-12,-0.685050449161704,0.1,0.133,1.30652170085066e-07,"TP53I3"
6.9028736995462e-12,-0.66140460949891,0.107,0.141,1.32466146294292e-07,"TRIM69"
7.28299145944249e-12,0.295348083942268,0.133,0.093,1.39760606106701e-07,"ZNF583"
7.80140885020751e-12,0.257655559706854,0.154,0.112,1.49709035835482e-07,"NUFIP1"
7.91936607147905e-12,-0.344964848786093,0.405,0.433,1.51972634911683e-07,"GTSE1"
8.04683213006887e-12,-0.35148170084325,0.417,0.434,1.54418708576022e-07,"CTDSPL2"
8.26956385593457e-12,-0.543987404509102,0.193,0.23,1.58692930395384e-07,"TPD52"
8.66634627581799e-12,0.339390062448948,0.102,0.068,1.66307185032947e-07,"ZNF408"
8.77756539928853e-12,0.287672399615592,0.137,0.098,1.68441480012347e-07,"KPTN"
8.94009168258655e-12,0.359048955809568,0.113,0.077,1.71560359388836e-07,"TMEM25"
9.98203288075637e-12,-0.470990654683398,0.262,0.294,1.91555210981715e-07,"CRLF3"
1.08264454069417e-11,0.28321028012353,0.15,0.108,2.07759487359211e-07,"SLC7A6OS"
1.11542991220379e-11,-1.00656395099017,0.202,0.236,2.14051000151907e-07,"S100A9"
1.20125067533664e-11,-0.466640805985456,0.271,0.301,2.30520004597102e-07,"TRIOBP"
1.21178646742225e-11,0.276209203930699,0.124,0.087,2.32541823098329e-07,"ZC3H3"
1.21813276900414e-11,-0.622262428468412,0.109,0.143,2.33759678371894e-07,"SLC25A24"
1.2341154471092e-11,-0.548689683556959,0.156,0.192,2.36826754300255e-07,"RXRA"
1.24428508725015e-11,-0.694351850302883,0.11,0.144,2.38778308243305e-07,"PTGIR"
1.32310727257654e-11,-0.481211748184147,0.136,0.173,2.53904285607439e-07,"ALOX5AP"
1.33255003284985e-11,0.263156341317329,0.131,0.092,2.55716351303886e-07,"ZNF778"
1.3642160555853e-11,0.256041376783604,0.116,0.08,2.61793061066818e-07,"PIGQ"
1.39544895617529e-11,-0.447804547100022,0.27,0.303,2.67786654690038e-07,"RICTOR"
1.42032384512318e-11,0.278082540733726,0.123,0.086,2.72560145879138e-07,"DHX34"
1.51724075865452e-11,-0.396517957086999,0.376,0.402,2.91158501585802e-07,"TMEM237"
1.74781874554458e-11,-0.796430318542559,0.075,0.105,3.35406417270005e-07,"EMP1"
1.76498156546064e-11,-0.319902720481275,0.445,0.459,3.38699962411896e-07,"SAT2"
1.87708624434558e-11,-0.645737200465497,0.104,0.137,3.60212850289916e-07,"LINC00623"
2.06362502088832e-11,0.290119876306335,0.121,0.084,3.96009641508469e-07,"GRIK5"
2.12555614680741e-11,-0.325233122910676,0.557,0.565,4.07894224572342e-07,"MDM4"
2.65148791956982e-11,0.274080013757229,0.156,0.114,5.08820531765448e-07,"TSPAN32"
2.66198838230717e-11,-0.271454238683143,0.615,0.629,5.10835570564746e-07,"TOP2A"
2.67940387927356e-11,0.253834542709437,0.158,0.116,5.14177604432596e-07,"PLK3"
2.70975853057238e-11,-0.610194367757948,0.15,0.184,5.2000266201684e-07,"TRIM26"
2.83780507869498e-11,0.279194764346145,0.125,0.088,5.44574794601566e-07,"C12orf66"
2.83951779312441e-11,0.302983530302256,0.116,0.081,5.44903464500574e-07,"TBL2"
2.86628790091846e-11,-0.747889209152874,0.088,0.119,5.50040648186253e-07,"RP11-382A20.3"
3.00410890355941e-11,0.278234002210902,0.124,0.087,5.7648849859305e-07,"WDR55"
3.5252437699411e-11,-0.533476801048435,0.172,0.207,6.76494279451697e-07,"NPM2"
3.59674614454961e-11,-0.524736685851324,0.179,0.216,6.90215585139071e-07,"DMC1"
3.61746929535297e-11,-0.311228082132938,0.456,0.473,6.94192357778236e-07,"ATRX"
3.88135491991628e-11,-0.264822616480663,0.575,0.574,7.44832009131934e-07,"ITGB3BP"
3.98188498381086e-11,0.261493865847097,0.1,0.067,7.64123728393304e-07,"NAGPA"
4.10501177003605e-11,0.317154126455659,0.106,0.073,7.87751758669918e-07,"INTS1"
4.4534867754589e-11,-0.400140558679644,0.346,0.374,8.54624112210563e-07,"CLK1"
4.71838866831539e-11,-0.812331763789018,0.112,0.142,9.05458785449724e-07,"TRIP4"
5.27457531314991e-11,-0.712212494368597,0.084,0.114,1.01219100259347e-06,"RRAS"
5.43553923154401e-11,-0.523391140224453,0.22,0.253,1.0430799785333e-06,"CPPED1"
5.84951541901766e-11,-0.418496807309107,0.306,0.333,1.12252200890949e-06,"UBE4A"
5.84998100851173e-11,-0.405634950037713,0.336,0.365,1.1226113555334e-06,"DOCK5"
6.15540796155511e-11,-0.497764167087012,0.229,0.261,1.18122278782242e-06,"HTT"
6.22382641748695e-11,-0.34145994597448,0.487,0.494,1.19435228951575e-06,"SEC22B"
6.35737643878622e-11,-0.605837184464143,0.163,0.196,1.21998053860308e-06,"KLF10"
7.77319978949567e-11,-0.709452437469964,0.108,0.139,1.49167703960422e-06,"NAIP"
7.8301957104554e-11,0.276363486541771,0.128,0.091,1.50261455683639e-06,"TRMT12"
7.95582209101429e-11,0.300843400241224,0.115,0.08,1.52672225926564e-06,"SLC25A25"
7.97221408217591e-11,-0.632480336190254,0.115,0.148,1.52986788236956e-06,"MYL9"
8.08330854622704e-11,-0.79302607778613,0.074,0.103,1.55118691002097e-06,"KDELC2"
8.34622001708075e-11,-0.509304607115423,0.163,0.199,1.6016396212778e-06,"KRCC1"
9.00019227439652e-11,0.320326939094187,0.162,0.121,1.72713689745669e-06,"RGS16"
9.40397794003364e-11,-0.567351262194723,0.126,0.16,1.80462336669246e-06,"CXCL3"
9.42028027182504e-11,0.279691567450314,0.108,0.074,1.80775178416323e-06,"CYYR1"
9.4272139289858e-11,0.309230093244774,0.113,0.079,1.80908235297237e-06,"RPAP1"
9.49317911966545e-11,0.319012866170918,0.417,0.353,1.8217410730638e-06,"FHL2"
9.58500824021248e-11,0.26573202763178,0.146,0.107,1.83936308129677e-06,"GYS1"
9.81209507996474e-11,0.293577906265587,0.126,0.091,1.88294104584523e-06,"PLEKHG4"
1.01922062643049e-10,-0.557954580574665,0.159,0.193,1.95588438212011e-06,"SNX20"
1.06395062111551e-10,0.263974293147513,0.112,0.078,2.04172124192067e-06,"TMCC1-AS1"
1.10047833015008e-10,0.30246947840334,0.159,0.118,2.111817915558e-06,"ACSL4"
1.16222323077771e-10,-0.760858594846387,0.091,0.121,2.23030637986242e-06,"ADAM8"
1.19795915256298e-10,0.250590347132093,0.119,0.084,2.29888361376835e-06,"SPATA2"
1.2837348746007e-10,-0.656255949616682,0.109,0.14,2.46348722435874e-06,"ANKRD44"
1.34811282051446e-10,-0.654278382423087,0.1,0.131,2.58702850256726e-06,"MAN2B1"
1.37879385077959e-10,-0.610541813207947,0.118,0.15,2.64590539964603e-06,"CDC42BPB"
1.39040319597633e-10,-0.288800655785229,0.444,0.463,2.66818373307857e-06,"PLEKHF2"
1.44563278971657e-10,0.275521933098105,0.113,0.079,2.7741693234661e-06,"ZNF813"
1.53812966011426e-10,0.270806806742103,0.102,0.07,2.95167081775926e-06,"PYROXD1"
1.57433456348062e-10,-0.253016254042001,0.615,0.607,3.02114802731931e-06,"PRKAR1A"
1.5965879517207e-10,-0.554516182035213,0.182,0.215,3.06385227935202e-06,"NAB1"
1.61757414799756e-10,0.272851712948893,0.176,0.133,3.10412479000731e-06,"PLEKHA2"
1.65719661645893e-10,-0.656327597021649,0.112,0.144,3.18016030698468e-06,"ECHDC2"
1.68421534736048e-10,-0.437982042021931,0.242,0.275,3.23200925158476e-06,"PRNP"
1.72951469475864e-10,0.391857266333334,0.143,0.106,3.31893869924183e-06,"TSC22D3"
2.27654588906515e-10,-0.382274788751043,0.335,0.361,4.36869156111602e-06,"PRKD3"
2.70331461430469e-10,0.309172251049931,0.331,0.275,5.1876607448507e-06,"CSF2RB"
2.92500271089805e-10,0.257822887057785,0.147,0.109,5.61308020221336e-06,"TCEB3-AS1"
3.14498262679794e-10,-0.291151350560245,0.093,0.125,6.03522166082524e-06,"CYTIP"
3.64737529347944e-10,-0.705801866137897,0.111,0.142,6.99931318818705e-06,"SMAGP"
3.75913886472202e-10,-0.678407898128241,0.11,0.14,7.21378748140156e-06,"DHRS12"
3.89074017312665e-10,-0.587541865424126,0.135,0.167,7.46633039223004e-06,"IKZF2"
4.15704992623468e-10,0.260958947574187,0.163,0.123,7.97737880844435e-06,"PEX26"
4.25970630693202e-10,-0.756152890053731,0.082,0.111,8.17437640300255e-06,"ACVR1B"
5.47100093550232e-10,-0.72068720669991,0.073,0.1,1.04988507952289e-05,"AKT3"
6.32708320385389e-10,-0.58942707930711,0.114,0.144,1.21416726681956e-05,"RFFL"
6.73544176494169e-10,-0.407298655698537,0.297,0.324,1.29253127469231e-05,"AKAP13"
6.83178623990903e-10,-0.558904969132456,0.176,0.208,1.31101977943854e-05,"LIMK2"
6.8350417722309e-10,0.304261978444226,0.102,0.071,1.31164451609111e-05,"NCDN"
7.12353226321089e-10,0.254624962030212,0.112,0.08,1.36700584131017e-05,"DDX31"
7.18668496950827e-10,0.364496907557418,0.189,0.145,1.37912484564864e-05,"KLF1"
8.22327371691585e-10,-0.589291225199728,0.17,0.201,1.57804622627615e-05,"ZC3H12C"
8.25439727266903e-10,0.255310660653478,0.104,0.073,1.58401883662519e-05,"ZNF582-AS1"
9.2739909671195e-10,-0.343016077887594,0.373,0.391,1.77967886659023e-05,"SFT2D2"
1.03735615200439e-09,-0.764340468990115,0.075,0.101,1.99068645569643e-05,"ETS1"
1.0609561599539e-09,0.261844162065259,0.11,0.078,2.03597487095153e-05,"FNTB"
1.08346411356268e-09,-0.348230459258157,0.379,0.4,2.07916763392678e-05,"BTG3"
1.44038542740077e-09,-0.256246338217669,0.585,0.579,2.76409963518208e-05,"JAK1"
1.47855316218514e-09,-0.404813018660328,0.324,0.348,2.83734351823329e-05,"EPB41"
1.75882275720367e-09,0.332664191172554,0.103,0.074,3.37518087107384e-05,"FAM46C"
1.76400070049795e-09,-0.43013212276909,0.273,0.303,3.38511734425557e-05,"ATP1B1"
1.86313484310926e-09,-0.289745577850188,0.495,0.501,3.57535576392668e-05,"NRIP1"
2.40293092637694e-09,0.25191641238975,0.125,0.092,4.61122444771735e-05,"ENTPD5"
2.41259079794969e-09,-0.455031148132173,0.232,0.261,4.62976174126546e-05,"MBD2"
2.50445274614122e-09,0.256191990105726,0.106,0.075,4.806044819845e-05,"WDR90"
2.54878017024404e-09,0.296514312648324,0.109,0.078,4.89110914669831e-05,"RP11-347C12.10"
2.58996516911676e-09,-0.384747796580477,0.338,0.359,4.97014315953507e-05,"PRIM1"
2.99576015986164e-09,-0.44749111370604,0.235,0.265,5.74886374677448e-05,"TRIM8"
3.02776648401495e-09,0.269210367303185,0.107,0.076,5.81028388282468e-05,"NSDHL"
3.12129693494928e-09,-0.275468444929029,0.486,0.493,5.98976881816766e-05,"TTC39C"
3.15289300098344e-09,-0.48069168713583,0.201,0.23,6.05040166888721e-05,"SCAI"
3.27398217791631e-09,-0.528550996732041,0.203,0.231,6.28277179942141e-05,"NCAPG"
3.58320538336947e-09,-0.342095819858375,0.407,0.42,6.87617113068601e-05,"STK24"
3.62168374270469e-09,-0.491629546490181,0.161,0.192,6.95001110225031e-05,"APOL6"
3.62711403974711e-09,0.259261747042544,0.106,0.076,6.96043184227471e-05,"KBTBD4"
3.66267159424625e-09,-0.475155074093385,0.251,0.276,7.02866678935855e-05,"ZNF749"
3.70467483914324e-09,-0.26840340516841,0.516,0.515,7.10927101631587e-05,"DNAJC4"
4.2634258119636e-09,0.283450728891708,0.101,0.072,8.18151413315815e-05,"AP001462.6"
4.38286585210806e-09,-0.578019389523844,0.171,0.201,8.41071957019538e-05,"FAM64A"
4.40035117382856e-09,-0.565493708363627,0.125,0.155,8.444273902577e-05,"CCDC92"
4.52105202002303e-09,-0.399477533409037,0.249,0.278,8.6758988264242e-05,"HDAC7"
4.52126107989607e-09,-0.420807313191697,0.238,0.266,8.67630001232055e-05,"SYNRG"
4.70366908717652e-09,0.28328415969485,0.105,0.075,9.02634097829173e-05,"MPND"
4.77344711812911e-09,-0.505550926232457,0.192,0.222,9.16024501968976e-05,"LRRK1"
5.12840618993946e-09,-0.52615755444006,0.143,0.173,9.84141147849382e-05,"HSBP1L1"
5.47252459651042e-09,-0.253739998808787,0.549,0.549,0.000105017747007035,"CBX5"
6.00004153150757e-09,-0.553987312852532,0.152,0.181,0.00011514079698963,"DENND5A"
6.35204326110181e-09,-0.265578773952364,0.517,0.522,0.000121895710180544,"MUM1"
6.60769259916101e-09,-0.313057300773899,0.402,0.419,0.0001268016209779,"CD59"
7.10467619420575e-09,-0.436439023423039,0.244,0.271,0.000136338736166808,"NISCH"
7.31188262320903e-09,0.264391602664239,0.115,0.084,0.000140315027539381,"C11orf49"
7.34948153886896e-09,-0.616176594399564,0.105,0.133,0.000141036550730895,"ERO1B"
7.36651662894008e-09,-0.529202593777271,0.202,0.229,0.00014136345410936,"KIFC1"
7.38626459888986e-09,0.360921708325256,0.133,0.1,0.000141742417652696,"ABCC4"
7.44175528724281e-09,-0.454237116337671,0.204,0.233,0.000142807283962189,"COL4A3BP"
7.93355637137527e-09,-0.268274690998795,0.515,0.514,0.000152244946766691,"ARID4B"
8.06073432642753e-09,-0.548211476359389,0.188,0.216,0.000154685491724144,"GALM"
8.06958494468888e-09,0.250213414850222,0.124,0.092,0.00015485533508858,"SERINC2"
8.14609213992036e-09,-0.703515709463311,0.084,0.109,0.000156323508165072,"RWDD3"
8.50422848807251e-09,-0.736231647951417,0.084,0.109,0.000163196144686111,"FAM171B"
9.6945008021106e-09,-0.591866898679004,0.104,0.132,0.000186037470392502,"GSTM1"
1.00243756993777e-08,-0.514617439616912,0.199,0.228,0.000192367769671057,"ARRDC3"
1.01365745772429e-08,0.265220742749263,0.103,0.074,0.000194520866137292,"AMDHD2"
1.03013782624386e-08,-0.708444322346026,0.094,0.121,0.000197683448856198,"FCGR1A"
1.11618848067001e-08,-0.480686025911573,0.223,0.249,0.000214196569440575,"TAP1"
1.11817714081574e-08,0.283973546928176,0.112,0.082,0.000214578193322541,"SESN2"
1.13915470557585e-08,-0.481554092753832,0.205,0.231,0.000218603788000006,"LACTB"
1.16952797895371e-08,0.253986810758151,0.131,0.099,0.000224432419161217,"SS18L1"
1.19108138410015e-08,-0.625078209725872,0.075,0.1,0.000228568517608818,"CYSTM1"
1.24402028849805e-08,-0.374627923880136,0.344,0.362,0.000238727493362776,"BOD1L1"
1.44947335472031e-08,-0.424864607587093,0.26,0.284,0.000278153936770828,"KIF11"
1.57200644321855e-08,0.308458261002432,0.107,0.079,0.000301668036453641,"ABHD17C"
1.5831940790589e-08,-0.410713479893621,0.307,0.327,0.000303814943771402,"ABHD17B"
1.59398929243383e-08,-0.638644693588402,0.087,0.113,0.000305886545218052,"FLVCR1-AS1"
1.90378233587143e-08,-0.332445188227728,0.377,0.393,0.000365335830253728,"PSMA6"
1.94911611572205e-08,0.294619934953176,0.104,0.076,0.000374035382607061,"RALY-AS1"
2.2207860525862e-08,0.260100899259926,0.103,0.074,0.000426168843491291,"TTLL4"
2.3936563573677e-08,-0.277631913368739,0.463,0.467,0.000459342654978861,"CCDC18"
2.42281203506773e-08,-0.722572760343362,0.093,0.118,0.000464937629529497,"NBPF15"
2.77971175747685e-08,-0.500504020697892,0.188,0.215,0.000533426686259808,"HERC1"
3.39294860154907e-08,-0.541524281458458,0.14,0.168,0.000651106836637266,"CMBL"
3.52874775345794e-08,-0.253286683867747,0.474,0.485,0.000677166693888578,"CBX1"
3.74545222009026e-08,-0.276719725765386,0.455,0.464,0.000718752281035321,"TSPYL1"
3.78724659249468e-08,-0.425857661280039,0.23,0.256,0.000726772621099729,"OSER1"
3.98452122213121e-08,-0.313347200546566,0.462,0.466,0.00076462962252698,"RASSF1"
4.00902403794786e-08,-0.560005561704334,0.118,0.145,0.000769331712882195,"LDLRAD4"
4.32758686667439e-08,-0.530237397974122,0.128,0.156,0.000830463919714816,"CYTH4"
4.33525224985249e-08,-0.387540016979157,0.287,0.308,0.000831934906746693,"PELI2"
4.9188403282109e-08,-0.442389752596979,0.207,0.234,0.000943925458983672,"RAB8B"
5.41806118305866e-08,-0.41470164384081,0.25,0.275,0.00103972594102896,"CSGALNACT2"
5.47337948660744e-08,-0.516814995935589,0.17,0.197,0.00105034152347997,"MDFIC"
5.48744608327124e-08,-0.35818285097791,0.331,0.349,0.00105304090337975,"PSMB8-AS1"
5.56305112760519e-08,-0.627565278990264,0.078,0.102,0.00106754951138744,"POLR2J2"
5.96189469727546e-08,-0.366626897847402,0.171,0.201,0.00114408759240716,"SLC27A2"
6.43045145084772e-08,-0.332266973142749,0.256,0.286,0.00123400363341768,"LINC00869"
6.47390894023513e-08,-0.25948425270729,0.561,0.554,0.00124234312563112,"PHIP"
6.52834331749985e-08,-0.418156042298594,0.238,0.266,0.00125278908262822,"CD55"
6.82973425651935e-08,-0.394018549004767,0.272,0.296,0.00131062600382606,"TAGAP"
7.03749814786257e-08,-0.554109507718679,0.123,0.149,0.00135049589457483,"DACH1"
7.77463450406496e-08,-0.422649518685798,0.097,0.124,0.00149195236133007,"KLHDC7B"
8.30294886646682e-08,-0.423361406124471,0.286,0.307,0.00159333588747498,"EAF1"
8.66596735807907e-08,-0.421540287112596,0.224,0.25,0.00166299913601537,"CEP135"
8.97486595423298e-08,-0.513060730356322,0.171,0.198,0.00172227677661731,"CLIP1"
9.43500735775739e-08,-0.4331380228656,0.248,0.27,0.00181057791195364,"ATG16L2"
1.02559946645874e-07,-0.656584671799276,0.096,0.121,0.00196812537613431,"ZFAND4"
1.07547119971463e-07,0.279147014929037,0.103,0.076,0.00206382923225237,"INTS5"
1.40010723876203e-07,-0.414116422002127,0.229,0.254,0.00268680579118433,"DDB2"
1.57583110972434e-07,-0.421988910550112,0.206,0.231,0.00302401989956101,"LRRC61"
1.72353977260091e-07,-0.639837373522237,0.078,0.101,0.00330747282362116,"ARMT1"
1.7389985567331e-07,-0.465181057246187,0.226,0.249,0.00333713823037082,"ZNF516"
1.88872291620237e-07,-0.375907248701812,0.29,0.311,0.00362445927619235,"RP11-500C11.3"
1.88969788095576e-07,-0.591607059365959,0.136,0.161,0.0036263302335541,"CEP70"
1.89689382539738e-07,-0.692619143052691,0.084,0.107,0.00364013925093757,"MRC2"
2.43598584230623e-07,-0.523599129186692,0.136,0.161,0.00467465683138566,"ZBED3"
2.66536328000495e-07,-0.651442437991797,0.101,0.124,0.00511483213432951,"HEATR5A"
2.67480744883744e-07,-0.317831833270317,0.369,0.383,0.00513295549431904,"RNF168"
3.04126022241687e-07,-0.358634658887415,0.332,0.345,0.00583617836681797,"CEP170"
3.06182566023793e-07,-0.26160259353461,0.469,0.474,0.00587564344199658,"SORBS3"
3.23678579915408e-07,-0.380144489582589,0.306,0.323,0.00621139194857667,"SSH2"
3.36447903142526e-07,-0.597820400529066,0.097,0.12,0.00645643526130508,"SGMS1"
3.36888725637346e-07,-0.251010285758301,0.477,0.477,0.00646489464498068,"VPS51"
3.78661762133863e-07,-0.282920635888176,0.377,0.39,0.00726651921534883,"CORO1C"
3.96152295343241e-07,-0.436900415930053,0.19,0.216,0.0076021625476368,"NLRC3"
4.32731308622195e-07,-0.390882639790491,0.284,0.304,0.00830411381245993,"PTPRC"
4.7399062121516e-07,-0.39142960413981,0.242,0.263,0.00909588002111891,"ERBB2IP"
4.75814686106506e-07,-0.319636863679848,0.346,0.36,0.00913088382638384,"NRM"
4.88682283194554e-07,-0.610001594813912,0.08,0.103,0.00937781301450349,"SEMA6B"
5.62710409110814e-07,-0.545904316306092,0.136,0.16,0.0107984127508365,"TM6SF1"
5.7626846143467e-07,-0.385706464106474,0.242,0.263,0.0110585917749313,"UBE2V1"
6.08317846562348e-07,-0.258554101661764,0.521,0.519,0.0116736194755315,"ZNF302"
6.73756313890859e-07,-0.603119538851513,0.092,0.114,0.0129293836635656,"DSE"
7.05639090854746e-07,-0.587556921271202,0.101,0.125,0.0135412141535026,"MDFI"
7.36940209041736e-07,-0.351681515459753,0.302,0.319,0.0141418826115109,"UBL3"
7.42369711204594e-07,-0.424518703544343,0.118,0.143,0.0142460747580162,"TRIM54"
7.77614238342596e-07,-0.621177654001603,0.107,0.13,0.0149224172337944,"TCF7L2"
8.75049739627614e-07,-0.628106317677347,0.111,0.135,0.0167922045034539,"TRIM47"
9.26237183145212e-07,-0.372951600366423,0.283,0.303,0.0177744915445566,"FAR2"
1.04834201562165e-06,-0.551432125000978,0.119,0.141,0.0201176832797794,"HYLS1"
1.05903605793426e-06,-0.588781594393951,0.096,0.119,0.0203229019517585,"ACAD8"
1.11200766498568e-06,-0.289368112373797,0.445,0.447,0.0213394270910752,"ITGA4"
1.12369906588281e-06,-0.548868714850063,0.158,0.179,0.0215637850742912,"KCTD6"
1.16064681803678e-06,-0.593266201782647,0.146,0.168,0.0222728124381258,"CD200"
1.16096485865962e-06,-0.311877835808842,0.385,0.394,0.0222789156376781,"CREBBP"
1.34285035987219e-06,-0.342609583643426,0.337,0.349,0.0257692984059474,"SMAP2"
1.39156824180769e-06,-0.261375405875761,0.45,0.451,0.0267041945602895,"SMARCA2"
1.49070259613478e-06,-0.342376969396674,0.317,0.332,0.0286065828198263,"XYLT1"
1.74265664451138e-06,-0.650071867519037,0.097,0.118,0.0334415810081735,"PRR5L"
1.81610758357288e-06,-0.499461735958983,0.185,0.207,0.0348511045287635,"ISG20"
1.82121280930482e-06,-0.340941386057307,0.273,0.293,0.0349490738105594,"TMEM19"
1.82437062421882e-06,-0.451976264127163,0.187,0.21,0.0350096722787591,"MORC3"
1.83530780509314e-06,-0.338594718280979,0.342,0.351,0.0352195567797373,"IFNAR1"
1.89462220055658e-06,-0.538439808625353,0.123,0.146,0.0363578000286808,"TMEM106A"
1.94316588477226e-06,-0.341344985122797,0.363,0.372,0.0372893533287796,"VHL"
2.01326350581951e-06,-0.291285765426519,0.407,0.413,0.0386345266766765,"UBA6"
2.08857299906964e-06,-0.348557379794685,0.265,0.285,0.0400797158521464,"STK38"
2.0907810454406e-06,0.310099367797418,0.219,0.183,0.0401220882620051,"PLPP1"
2.28766385541287e-06,-0.604756431135983,0.133,0.153,0.0439002693853729,"LINC01116"
2.40048591160603e-06,-0.444426138181447,0.2,0.222,0.0460653246437196,"EIF4E3"
2.56433057869431e-06,-0.566585249794726,0.09,0.111,0.0492095038051438,"ZFYVE16"
2.58371741808743e-06,-0.409974084280792,0.205,0.226,0.0495815372530979,"RAB37"
2.65439363387267e-06,-0.471258365436913,0.207,0.227,0.0509378138340165,"CTD-2020K17.1"
2.95590216349538e-06,-0.38781531324917,0.215,0.237,0.0567237625174763,"C21orf58"
2.97106528046353e-06,-0.364614191597888,0.242,0.263,0.0570147427320951,"HCG11"
3.05518043428925e-06,-0.348380539377206,0.337,0.346,0.0586289125340107,"PRICKLE4"
3.39337337946682e-06,-0.279077318344046,0.426,0.428,0.0651188351519682,"FMNL1"
3.5755555465924e-06,-0.342418816783103,0.433,0.435,0.0686149109391082,"ASPM"
3.64749233069699e-06,-0.290941791079936,0.411,0.415,0.0699953778260753,"SPIN1"
3.64849379109883e-06,-0.337451750373471,0.327,0.34,0.0700145958511865,"NBPF14"
3.7997936780926e-06,-0.476252394940099,0.118,0.141,0.072918040682597,"APOL2"
4.20547323004194e-06,-0.608295341638631,0.092,0.112,0.0807030312845048,"PRDM16"
4.30812079859792e-06,-0.379703662357096,0.228,0.249,0.0826728381250942,"BCL3"
4.4481696416912e-06,-0.453192847266787,0.148,0.17,0.0853603754240541,"TMEM154"
4.48179312726643e-06,-0.344037054793231,0.252,0.271,0.0860056101122428,"STAT6"
4.62373703948961e-06,-0.333055125251214,0.322,0.333,0.0887295137878057,"CHD2"
4.65549071083085e-06,-0.414267125427062,0.203,0.224,0.0893388667408441,"ARHGAP5"
4.88688637768235e-06,-0.556983249805764,0.099,0.12,0.0937793495877243,"NAV1"
5.24344788352807e-06,-0.624118558064318,0.086,0.106,0.100621764884904,"SMAD1"
5.43036120512036e-06,-0.311234340624694,0.373,0.38,0.10420863152626,"GPATCH8"
5.68244582884193e-06,0.280357854122643,0.566,0.506,0.109046135455477,"SLC40A1"
5.82761311091378e-06,-0.332257965141059,0.318,0.328,0.111831895598435,"EIF2A"
5.94352250512951e-06,-0.576668789418362,0.099,0.119,0.114056196873435,"SVIL"
6.33130011506359e-06,-0.468400195858639,0.159,0.181,0.12149764920807,"FAM89A"
6.46851133468812e-06,-0.51854237376031,0.124,0.145,0.124130732512665,"SDC4"
6.71713859264827e-06,-0.476136160426945,0.166,0.188,0.12890188959292,"CXorf21"
6.77708618162335e-06,-0.391565496013491,0.246,0.263,0.130052283825352,"PDHX"
6.8446251838677e-06,-0.546398051183345,0.101,0.122,0.131348357278421,"SERAC1"
6.96979189162725e-06,-0.598811827041924,0.102,0.122,0.133750306400327,"TNFSF12"
7.21559683023937e-06,-0.34571845535047,0.255,0.273,0.138467303172294,"CTNND1"
8.05392740610777e-06,-0.264566136436869,0.382,0.393,0.154554866923208,"CTNNBIP1"
8.37712358927426e-06,-0.418209154324628,0.187,0.208,0.160757001678173,"RINL"
9.067594690473e-06,-1.07680365617876,0.133,0.154,0.174007142110177,"RETN"
9.45449513593799e-06,-0.614360848039342,0.134,0.156,0.18143176165865,"CXCL2"
9.86891429817112e-06,-0.440828453544738,0.18,0.2,0.189384465381904,"RRM2B"
9.96489563075179e-06,-0.441994432540218,0.168,0.189,0.191226347154127,"LDLR"
9.98947883217217e-06,-0.325393999218854,0.389,0.393,0.191698098789384,"TDP2"
1.22468062008053e-05,-0.454557408997342,0.173,0.194,0.235016210993454,"FHL1"
1.22613325997301e-05,-0.435732092255794,0.198,0.216,0.23529497258882,"C2CD5"
1.34492640897737e-05,-0.361233337748395,0.252,0.268,0.258091377882757,"STX11"
1.34882097024152e-05,-0.257924037798452,0.431,0.432,0.258838744189348,"HSCB"
1.66526885306527e-05,-0.450237829985122,0.211,0.228,0.319565092903225,"MAP1S"
1.80355876303651e-05,-0.533943351725463,0.104,0.123,0.346102926626707,"RABGAP1"
1.95535331081121e-05,-0.282412268618374,0.231,0.253,0.37523230034467,"BHLHE40"
1.96987875031823e-05,-0.424535564909566,0.186,0.207,0.378019732186069,"LTC4S"
2.28046470089588e-05,-0.440835182828418,0.143,0.163,0.43762117610192,"NOA1"
2.47631244027081e-05,-0.513393764971547,0.141,0.161,0.475204357287969,"CTC-246B18.10"
2.6721804350581e-05,-0.452393696837412,0.196,0.213,0.51279142548765,"CH17-189H20.1"
2.74782923271257e-05,-0.524261632830928,0.105,0.123,0.527308429757543,"CCDC71L"
3.20299690074264e-05,-0.279289832676996,0.343,0.354,0.614655105252512,"WDFY2"
3.27579575680636e-05,-0.445583487591244,0.167,0.186,0.628625205731141,"RTKN2"
3.46378547558652e-05,-0.371534888564888,0.193,0.213,0.664700432765052,"CD79B"
3.483944471413e-05,-0.289406456363503,0.346,0.352,0.668568944064154,"OTULIN"
3.60275472615897e-05,-0.515391235560588,0.108,0.127,0.691368631949906,"DDX60L"
3.61028114794595e-05,-0.275128672994459,0.456,0.454,0.692812952290828,"TRBC2"
3.7869073703422e-05,-0.43519150208847,0.151,0.17,0.726707524368668,"CENPQ"
3.79261714046939e-05,-0.312994257022779,0.342,0.349,0.727803229256076,"DOCK8"
3.93224882221619e-05,-0.258384368878994,0.359,0.368,0.754598548983288,"FBXO5"
4.02557997745111e-05,-0.547961069440977,0.089,0.107,0.772508797672868,"PRIMPOL"
4.11240838198789e-05,-0.275336611618592,0.351,0.361,0.789171168503477,"STRN3"
4.46589001458277e-05,-0.427837304062323,0.226,0.24,0.857004293798434,"C22orf34"
4.46618018523545e-05,-0.50475464193302,0.104,0.122,0.857059977546684,"FGD5"
4.55294221167627e-05,-0.325465036883195,0.255,0.27,0.873709610420676,"CHST14"
4.57358531593187e-05,-0.318422622168981,0.344,0.352,0.877671022127326,"ATP6V1B2"
4.5956057263915e-05,-0.49028445861885,0.13,0.149,0.88189673889453,"NEURL1B"
4.79257749262584e-05,-0.487793566890685,0.141,0.16,0.919695620834899,"SLC11A2"
4.8617103922479e-05,-0.374821583187636,0.448,0.445,0.932962224272372,"CTNNB1"
5.62055919952813e-05,-0.340364931769082,0.238,0.253,1,"SCMH1"
5.6629808262411e-05,-0.271018834665396,0.38,0.385,1,"EVL"
5.736237095363e-05,-0.323063843494756,0.284,0.297,1,"GPSM2"
5.73989425254039e-05,-0.333516549445393,0.3,0.31,1,"ARID2"
6.01450876348786e-05,-0.429043690382564,0.218,0.233,1,"LL22NC03-2H8.5"
6.12305138586497e-05,-0.453780930875839,0.193,0.209,1,"CERS4"
6.16373101803834e-05,-0.506344267640453,0.108,0.126,1,"RP11-545E17.3"
6.51266885242354e-05,-0.257010280739732,0.434,0.431,1,"DCTN2"
6.76923471635506e-05,-0.446272545619746,0.16,0.177,1,"VSIG10"
6.81039916553674e-05,-0.482701260850859,0.157,0.175,1,"F2RL1"
7.02224052867096e-05,-0.272484778912409,0.095,0.113,1,"SMOX"
7.04391451884478e-05,-0.32925576023185,0.247,0.263,1,"ORAI3"
7.12531383809547e-05,-0.406428640421231,0.178,0.195,1,"USP6NL"
7.12647777845099e-05,-0.444598968576317,0.187,0.205,1,"FAM76A"
7.41544928147847e-05,-0.404881103923914,0.111,0.13,1,"E2F2"
7.58170590288717e-05,-0.521320712405744,0.089,0.106,1,"LRP6"
8.104360601695e-05,-0.439290278874237,0.154,0.172,1,"PGPEP1"
9.5243477323689e-05,-0.477720499791517,0.117,0.135,1,"LY75"
0.000103256238389639,-0.364682276773167,0.226,0.242,1,"DONSON"
0.000106548154624338,-0.492181300540765,0.119,0.137,1,"BMPR2"
0.000113293580179498,-0.29249861619059,0.354,0.359,1,"CASP4"
0.000137354973145671,-0.325139666403344,0.221,0.237,1,"STAG1"
0.000138025488637203,-0.465949001466287,0.145,0.162,1,"CNKSR3"
0.00014657972501015,-0.60655734608332,0.096,0.113,1,"MEGF9"
0.000147255627561665,-0.489127198347008,0.096,0.113,1,"USP49"
0.000151538373337092,-0.455912697085412,0.128,0.146,1,"ANKS1A"
0.000157687975597191,-0.479589458484182,0.095,0.111,1,"PBX3"
0.000161887261387447,-0.287611604936776,0.349,0.355,1,"ITGB2"
0.000163475008126284,-0.377730130803433,0.21,0.226,1,"ZNF367"
0.000165516581285107,-0.289316244765655,0.277,0.291,1,"HOXB5"
0.00016684745893191,-0.394900067126676,0.187,0.204,1,"TST"
0.000169842813934915,-0.416396068994706,0.177,0.192,1,"SUSD6"
0.000182616202087114,-0.434654083960917,0.192,0.205,1,"PDIK1L"
0.000189977511574776,-0.326533953363983,0.189,0.207,1,"KCNMB1"
0.00019236908543269,-0.393202548147162,0.217,0.232,1,"CERK"
0.000196376929236444,-0.417778845963173,0.195,0.209,1,"FLOT2"
0.000205778687162325,-0.542857120259473,0.088,0.104,1,"C1orf54"
0.000217125078616812,-0.26020289383004,0.441,0.437,1,"BCL11A"
0.000219252987315697,-0.31837526361468,0.276,0.289,1,"SYNJ2"
0.000219391472060244,-0.275810314528044,0.405,0.4,1,"CCNL1"
0.000245964877001427,-0.53016156966321,0.099,0.114,1,"HIVEP3"
0.000283186252371372,-0.392037530526079,0.182,0.197,1,"IRF7"
0.000286861584901526,-0.440421426685766,0.146,0.161,1,"ZBTB25"
0.000287666048905289,-0.255296134633815,0.414,0.417,1,"LYST"
0.000292820953814958,-0.398047706140545,0.107,0.124,1,"RHPN1"
0.000314727231793809,-0.273628581948234,0.357,0.361,1,"ARID1B"
0.000341752157451581,-0.263715740815639,0.398,0.394,1,"PDS5B"
0.000354416037387079,-0.300830222071014,0.314,0.323,1,"EFCAB2"
0.000364843279811388,-0.438201189313232,0.139,0.155,1,"ATF7IP"
0.000371262034420239,-0.417577725853739,0.173,0.187,1,"ZDHHC21"
0.000372623947132619,-0.426547053371203,0.147,0.163,1,"GNA12"
0.000391685391396904,-0.361914199823405,0.171,0.187,1,"FAM127A"
0.000415760882337499,-0.30844100566031,0.295,0.304,1,"STARD10"
0.000429942132630858,-0.316321117125532,0.246,0.258,1,"ARID4A"
0.00043987968429626,-0.379464557667036,0.23,0.24,1,"BICD1"
0.000459237313718785,-0.404276509753523,0.183,0.198,1,"SOAT1"
0.00048360500266386,-0.371231824872427,0.194,0.208,1,"DUSP14"
0.000539548396382145,-0.334420604985054,0.235,0.246,1,"CDKN2C"
0.000553515871046685,-0.376670328892708,0.216,0.229,1,"THEM6"
0.000595257605932552,-0.363902480069537,0.246,0.258,1,"TLE3"
0.000627888519003237,-0.403611583156076,0.217,0.228,1,"LPIN1"
0.000641375112638092,-0.306952351631907,0.279,0.288,1,"FLJ37453"
0.000641633636673544,-0.357616518220051,0.22,0.233,1,"RGL2"
0.00064661237711672,-0.479108008451428,0.094,0.109,1,"PMS2"
0.000648008470303958,-0.410987693540084,0.136,0.151,1,"B4GALT6"
0.000672218273245718,-0.420930351280368,0.202,0.213,1,"FAIM"
0.000672529550420681,-0.273471853151444,0.319,0.326,1,"NR6A1"
0.000741339408289116,-0.406019784547925,0.189,0.202,1,"RIMKLB"
0.00075794205649471,-0.344500843244314,0.237,0.25,1,"RASSF3"
0.000770257085077178,-0.390926666562803,0.168,0.182,1,"SLC31A1"
0.000845635431357069,-0.298673450439928,0.328,0.329,1,"GBAS"
0.000846562392713311,-0.261753701120701,0.348,0.35,1,"CDC25B"
0.000862152908749941,-0.420877746307071,0.105,0.119,1,"AGO4"
0.000865367665808801,-0.27556011757853,0.279,0.287,1,"C18orf32"
0.00090076899415045,-0.327011788813076,0.18,0.194,1,"ATE1"
0.000984782381274934,-0.45897824255074,0.121,0.135,1,"KIAA1147"
0.00100037845740348,-0.440196749210553,0.102,0.117,1,"GALNT6"
0.00100155488749359,-0.395865507229238,0.204,0.214,1,"CCDC77"
0.00100211109137379,-0.491360225624684,0.11,0.125,1,"UBR5-AS1"
0.00101038863763545,-0.387043853887699,0.209,0.22,1,"PDK1"
0.00104406654049385,-0.35164889058801,0.252,0.259,1,"ZMYM2"
0.00104796411366681,-0.291212176197467,0.267,0.276,1,"TRIM56"
0.00105434954844371,-0.450063719078667,0.128,0.142,1,"CALN1"
0.00108670629822077,-0.287339563221701,0.317,0.321,1,"KANSL1"
0.00111007469945708,-0.416064476249954,0.16,0.173,1,"NBPF1"
0.0011178968215329,-0.273712578158288,0.317,0.322,1,"EIF2AK2"
0.0011200269758159,-0.310752452718417,0.295,0.303,1,"RP11-294J22.6"
0.00113969953736745,-0.445607521063863,0.11,0.124,1,"ERAP1"
0.00115068605701266,-0.412787684835668,0.14,0.154,1,"SP140L"
0.00122768361621915,-0.414302210789303,0.138,0.152,1,"SCARF1"
0.00122971895885836,-0.439991903818392,0.098,0.112,1,"UBA7"
0.00123794479185406,-0.381979251222349,0.207,0.219,1,"FAM43A"
0.00135271860453741,-0.332647525323367,0.239,0.248,1,"LOXL1"
0.00137288338402912,-0.371345798077136,0.176,0.188,1,"MAP3K3"
0.00138540368597787,-0.355453809567493,0.177,0.191,1,"FUT7"
0.00147181214956442,-0.414617656688583,0.141,0.155,1,"MARCH2"
0.00150876687985297,-0.312671791865749,0.282,0.287,1,"ABCD4"
0.00155512374581703,-0.301774388751373,0.326,0.33,1,"LRBA"
0.00167904947170139,-0.437911224397164,0.119,0.133,1,"ZNF662"
0.00172465164331452,-0.446718098594956,0.097,0.11,1,"AP001055.6"
0.00175593010829655,-0.392945495622218,0.184,0.197,1,"MXD4"
0.00177629784689378,-0.384284749266355,0.144,0.156,1,"B3GAT2"
0.00178211874082157,-0.269084047219598,0.322,0.326,1,"CASP2"
0.00180762954618173,-0.314278349667452,0.316,0.318,1,"IL10RB"
0.00181411538208191,-0.399993694886492,0.149,0.161,1,"RANBP17"
0.00190787384095286,-0.386963567221966,0.165,0.177,1,"PTGER4"
0.00200018273640565,-0.339323568408018,0.249,0.256,1,"COMMD2"
0.00202800448582332,-0.435923978428575,0.128,0.141,1,"MSH5"
0.00207701472505732,-0.360906606352086,0.207,0.218,1,"RNF149"
0.00216784143412753,-0.281599468531142,0.317,0.319,1,"IL27RA"
0.00227654586772744,-0.298329254074962,0.265,0.272,1,"NUP155"
0.00228755057368815,-0.397035181318029,0.159,0.172,1,"TRIO"
0.00231938299761637,-0.37518455266997,0.179,0.191,1,"IRF2"
0.00233239984325463,-0.364948154184078,0.166,0.178,1,"CDKN1B"
0.00240372344468195,-0.347651828200274,0.139,0.152,1,"SEZ6L2"
0.00241125681715991,-0.443608685986954,0.091,0.104,1,"AC093818.1"
0.00241458466516611,-0.393251334701642,0.12,0.133,1,"ZNF618"
0.00253231176556389,-0.326620872216751,0.223,0.234,1,"ATM"
0.00258084797718172,-0.395466777469846,0.176,0.186,1,"SKIL"
0.00261953629531868,-0.388575188496225,0.187,0.197,1,"SNX9"
0.00268446540121216,-0.277158572898523,0.302,0.306,1,"RPS6KA3"
0.0027071040642406,-0.289778541937009,0.4,0.391,1,"RALA"
0.00271044116023334,-0.314795638132597,0.262,0.269,1,"CCDC82"
0.00279362134316368,-0.294356793876262,0.244,0.253,1,"CRTC3"
0.00282615554021479,-0.295645463045034,0.287,0.29,1,"TIFA"
0.00288649540236235,-0.336558869687799,0.266,0.273,1,"MIR155HG"
0.00288814491874768,-0.272694472123509,0.266,0.273,1,"NXPE3"
0.00298661877765293,-0.437368965291572,0.105,0.117,1,"C11orf54"
0.00302775000444208,-0.28449841605841,0.3,0.303,1,"PAK1"
0.00310619980557569,-0.493192919379795,0.095,0.107,1,"TGIF1"
0.00332638293809756,-0.414024039143446,0.116,0.129,1,"IL6ST"
0.00343417627452759,-0.251618411542091,0.403,0.395,1,"NFKBIE"
0.00352853424215472,-0.385516696272746,0.238,0.242,1,"TAB2"
0.00357351102939265,-0.381896890119924,0.205,0.213,1,"BCL10"
0.00358882281245392,-0.274641807423538,0.305,0.307,1,"RP11-345J4.5"
0.00368005683605901,-0.424856694183381,0.117,0.129,1,"ZMAT3"
0.00371409246905483,-0.342978025697039,0.217,0.225,1,"GUCY1A3"
0.00377475762794402,-0.383212428307638,0.174,0.185,1,"VEGFB"
0.00380578858837397,-0.377714813289274,0.119,0.132,1,"NDC80"
0.00380829071031904,-0.49685617264889,0.127,0.138,1,"VPS45"
0.0039613528489378,-0.325809700687144,0.184,0.196,1,"GCHFR"
0.00401709082650352,-0.385898989095908,0.135,0.146,1,"ANKRD13C"
0.00402497359309397,-0.256212201073859,0.314,0.32,1,"CCNB2"
0.00406208581269878,-0.274917534539783,0.283,0.286,1,"FAM76B"
0.00409707479277767,-0.400603417661995,0.14,0.152,1,"AGTPBP1"
0.00415068105987335,-0.460386771735957,0.099,0.111,1,"MASTL"
0.00419915641458016,-0.349332076084434,0.166,0.177,1,"KLHL8"
0.00428429190910822,-0.357107231637663,0.16,0.172,1,"PTPN9"
0.00528707278153411,-0.44999421954142,0.095,0.106,1,"HMGA2"
0.00539141150291068,-0.43054608511782,0.12,0.131,1,"TOB1"
0.00544515452100586,-0.3569415215639,0.2,0.209,1,"ZFP36"
0.00559078035961251,-0.275345076714697,0.309,0.312,1,"C19orf81"
0.00568178678476418,-0.354910931270014,0.202,0.211,1,"HIST2H2AC"
0.00635750490548003,-0.301394445583682,0.297,0.297,1,"PIP5K1A"
0.00638330369762773,-0.278299910269043,0.236,0.244,1,"MOAP1"
0.00655852814757947,-0.41222777872829,0.147,0.157,1,"PCMTD2"
0.00681012896775909,-0.347305672728406,0.151,0.162,1,"ZEB1-AS1"
0.0071722271631356,-0.390289121235932,0.185,0.192,1,"MELK"
0.00720723087001449,-0.36627295707273,0.142,0.153,1,"TRIM38"
0.0072907392510306,-0.255878794403512,0.315,0.316,1,"CIDEB"
0.00756881565655123,-0.437144356506495,0.128,0.139,1,"EFHC1"
0.00793072208168431,-0.350782808137834,0.118,0.129,1,"ATP8A1"
0.00850937505098551,-0.297031579412382,0.33,0.334,1,"C1orf56"
0.00851189850532057,-0.326357068319701,0.133,0.144,1,"HLTF"
0.00884191231494488,-0.427543673213723,0.121,0.132,1,"RAB33B"
0.00901473955841615,-0.323649475686884,0.187,0.196,1,"GPR108"
0.00901668659954759,-0.281334457077515,0.317,0.315,1,"RBM5"
0.00903778163875953,-0.375020782428564,0.126,0.137,1,"FHIT"
0.00906493807831719,-0.446188966269892,0.098,0.109,1,"SLC35G1"
0.00949738106317217,-0.351195349200901,0.131,0.142,1,"ZNF44"
0.0105368270923516,-0.329089622456356,0.206,0.213,1,"RP11-488L18.10"
0.0107642408272327,-0.283941907041189,0.268,0.272,1,"FBXL3"
0.0110716773295132,-0.325754957094763,0.161,0.17,1,"CRYL1"
0.0110764308053839,-0.420118520181227,0.122,0.131,1,"DNASE1L1"
0.0119795524418705,-0.339359069695857,0.17,0.179,1,"PKD2"
0.0126378145361918,-0.264029843301604,0.276,0.281,1,"SFXN1"
0.012894272246788,-0.452945414766873,0.098,0.108,1,"MYD88"
0.0131741654111174,-0.276064725091243,0.22,0.226,1,"SGK3"
0.0138967979679089,-0.286413476093785,0.243,0.249,1,"MANBA"
0.0141181417683971,-0.436454148861845,0.092,0.102,1,"MLH3"
0.0141658816113545,-0.270367226562704,0.146,0.157,1,"NCOA3"
0.0143723798640635,-0.316456440194876,0.19,0.199,1,"GPCPD1"
0.0145506068416883,-0.329836854352051,0.179,0.187,1,"MOK"
0.0145915149478631,-0.417908676071027,0.146,0.154,1,"DDHD1"
0.0151687107601255,-0.284296440944963,0.315,0.312,1,"TNFAIP8L1"
0.0153222636480389,-0.280570080204817,0.207,0.215,1,"RILP"
0.0153937298996478,-0.296229879045132,0.204,0.211,1,"SLC1A4"
0.0164334326767243,-0.362837271714529,0.116,0.125,1,"CLDN7"
0.0164863131026725,-0.29373243514044,0.235,0.241,1,"FBXO11"
0.0178266103867321,-0.284666110210336,0.225,0.231,1,"FBXW9"
0.0181586775257451,-0.368270672091156,0.124,0.133,1,"NFATC2"
0.0185157022446002,-0.315710317720625,0.203,0.209,1,"SEC23A"
0.0185717129551488,-0.303663079844628,0.208,0.213,1,"PLK4"
0.0186000011134581,-0.326671934641753,0.193,0.2,1,"HAUS5"
0.0194217870809384,-0.269858770794508,0.182,0.191,1,"CLK4"
0.0199222007359806,-0.3879745420926,0.143,0.151,1,"KIF15"
0.020277657319931,-0.338058346541993,0.18,0.186,1,"CHKB"
0.0206657650693303,-0.324183228653139,0.184,0.191,1,"SFR1"
0.0207737490871902,-0.314428680465227,0.167,0.175,1,"BIVM"
0.022414558550556,-0.302296075543258,0.219,0.224,1,"NEK7"
0.0230417170360321,-0.282608333656143,0.25,0.251,1,"CTB-58E17.1"
0.0232751871225017,-0.372844580523546,0.126,0.135,1,"TNRC6C"
0.0234681344754039,-0.40464223606869,0.118,0.127,1,"TP53I11"
0.0236302898686607,-0.389084744668459,0.152,0.159,1,"AC113189.5"
0.0240187239406979,-0.395437458273916,0.124,0.132,1,"ZNF585A"
0.0244986754660454,-0.334101382071641,0.194,0.2,1,"NBPF19"
0.0245071837942979,-0.304640741999846,0.187,0.193,1,"FMR1"
0.0252621861497836,-0.284886370565677,0.234,0.237,1,"CCDC88C"
0.0260069448064778,-0.311958660370784,0.133,0.141,1,"FNIP2"
0.0261114239042417,-0.278398805089037,0.202,0.208,1,"RP11-262H14.4"
0.0264415741133528,-0.278266159043181,0.259,0.26,1,"PLSCR1"
0.026649084828132,-0.395748994576983,0.111,0.119,1,"DHTKD1"
0.0266954691656649,-0.313332656420152,0.125,0.134,1,"RP11-195F19.5"
0.0267729775337692,-0.270520558437754,0.162,0.171,1,"TCTEX1D1"
0.0276298554678369,-0.282928309291317,0.106,0.116,1,"CAMK1D"
0.0277530591249562,-0.261580517461929,0.273,0.272,1,"CASC5"
0.0282260641635674,-0.391999654525517,0.122,0.13,1,"PNPLA8"
0.0291593546234873,-0.311788914293618,0.212,0.216,1,"N4BP2"
0.0294000869071162,-0.263119907026366,0.22,0.227,1,"MUTYH"
0.0294571768938885,-0.301669699980768,0.233,0.235,1,"FLVCR1"
0.03188058840144,-0.365912919411444,0.116,0.124,1,"MCTP1"
0.0328298062373307,-0.31517905092723,0.137,0.144,1,"AP1AR"
0.0330186548174766,-0.310763370506521,0.207,0.213,1,"GIGYF1"
0.0332347324305748,-0.260062951794497,0.254,0.256,1,"RALGAPA2"
0.0334294947217477,-0.357561560518364,0.151,0.159,1,"MYLIP"
0.0337807627147493,-0.352294292348246,0.148,0.155,1,"RAB3IP"
0.0339058302726785,-0.250894508953254,0.261,0.261,1,"TMEM107"
0.034156335712913,-0.302650612624368,0.206,0.21,1,"UBXN11"
0.0342305860581705,-0.321600009174961,0.134,0.142,1,"ARMCX1"
0.0347606536513618,-0.33116661400082,0.124,0.132,1,"MGAT5"
0.0351612802513163,-0.257704198563031,0.238,0.242,1,"HJURP"
0.0357191939757992,-0.324194662968365,0.148,0.156,1,"SRGAP2C"
0.036292498532991,-0.251915100098848,0.285,0.285,1,"DCP2"
0.0362929207593937,-0.390478356750653,0.117,0.125,1,"MAML3"
0.0370001364003023,-0.300228868133531,0.161,0.168,1,"CTC-260E6.6"
0.0372295492110883,-0.392471793941398,0.117,0.124,1,"FBXO30"
0.0377042926286438,-0.379847170251784,0.127,0.135,1,"TTC28"
0.0377476048183265,-0.268808370628943,0.278,0.277,1,"RBBP8"
0.0409164990070044,-0.362368149129189,0.098,0.105,1,"FBXO43"
0.0411832661289477,-0.402760176585832,0.129,0.135,1,"DNA2"
0.041912500073094,-0.270981537248476,0.233,0.235,1,"CMIP"
0.0423441404934786,-0.330963371914691,0.126,0.133,1,"GKAP1"
0.0425396740737712,-0.282800948571194,0.227,0.23,1,"PPWD1"
0.043814135215145,-0.280269831960934,0.244,0.244,1,"RABEP2"
0.0481784343399109,-0.252581582127378,0.125,0.134,1,"ANKRD65"
0.0492773794734497,-0.301682700002594,0.196,0.2,1,"NAA16"
0.0509974814805547,-0.324803746373625,0.112,0.119,1,"ARHGAP21"
0.0511504670491628,-0.342196086944826,0.135,0.142,1,"CCNE1"
0.0515536814585221,-0.396631475397711,0.095,0.102,1,"ARNTL2"
0.0526556640153694,-0.391218196042046,0.1,0.107,1,"RASA2"
0.0579854763774208,-0.385110104725829,0.104,0.111,1,"ZNF362"
0.0589980999203344,-0.31780209568753,0.144,0.151,1,"RP11-301G19.1"
0.0592688292642534,-0.275072013593937,0.183,0.188,1,"CEP295"
0.0597990509675813,-0.273315697801434,0.233,0.234,1,"HOXA7"
0.0657016898971227,-0.383014226608667,0.126,0.132,1,"ZBTB10"
0.0720698879756933,-0.260178407976204,0.256,0.256,1,"BCOR"
0.0734124686832678,-0.272813206475525,0.245,0.244,1,"REV3L"
0.0801620538940125,-0.342712064945091,0.154,0.159,1,"USP11"
0.0805739199290486,-0.407885994504442,0.098,0.104,1,"PAQR4"
0.0821235215111447,-0.262480440059728,0.211,0.213,1,"MAP4K5"
0.0869938959018318,-0.281921935356666,0.176,0.18,1,"TRAF3IP2-AS1"
0.0870752425949975,-0.276980440540252,0.101,0.108,1,"NDRG1"
0.0873410199168388,-0.38241837405737,0.103,0.108,1,"NCOA2"
0.0897677829361314,-0.262251912560779,0.231,0.23,1,"PMPCB"
0.09039812104323,-0.26770587155763,0.101,0.108,1,"GTSF1"
0.0927601531290508,-0.251973261175848,0.226,0.226,1,"HERC4"
0.0964527131272047,-0.320042210446764,0.147,0.151,1,"ARL17A"
0.0970700153456428,-0.309969499525633,0.187,0.189,1,"CCNE2"
0.0971074306416383,-0.252122255293738,0.218,0.219,1,"NEDD1"
0.0971333324458906,-0.375117556617171,0.138,0.142,1,"CLCN3"
0.098092269452388,-0.282703339327204,0.226,0.225,1,"CTD-3252C9.4"
0.101009842324673,-0.360214036494047,0.108,0.113,1,"RASAL3"
0.101104679384186,-0.266751103978551,0.233,0.232,1,"CHD6"
0.102546885378901,-0.287590098705568,0.16,0.163,1,"CTAGE5"
0.102732823914226,-0.31814477305048,0.123,0.128,1,"SUPT3H"
0.102876536215952,-0.265136081244727,0.273,0.27,1,"WDR76"
0.104279479841586,-0.294631828508154,0.153,0.158,1,"AC074117.10"
0.106067074672798,-0.282058433930569,0.204,0.205,1,"PECAM1"
0.109208635508234,-0.398259257318826,0.128,0.133,1,"NSUN3"
0.109488062603336,-0.3311996776571,0.229,0.229,1,"AFMID"
0.110655297741937,-0.289534708794979,0.201,0.202,1,"ERV3-1"
0.113263541016578,-0.267829739573264,0.237,0.235,1,"SP1"
0.113655999196016,-0.372676624778428,0.102,0.107,1,"E2F8"
0.113895735199441,-0.301491966014729,0.139,0.144,1,"CDK17"
0.117090673916549,-0.377393610955052,0.109,0.114,1,"SAMD9"
0.119190887582731,-0.316763980885536,0.173,0.175,1,"PTBP2"
0.12144090773255,-0.269418410673182,0.182,0.185,1,"SLFN11"
0.128114844308905,-0.27955862162249,0.266,0.259,1,"TVP23B"
0.133078902031124,-0.294911948989381,0.122,0.127,1,"MFAP3L"
0.136411030777049,-0.257879476775619,0.282,0.275,1,"PGS1"
0.138165223343512,-0.295732541777799,0.15,0.153,1,"CUL4B"
0.139047976935014,-0.294489366079613,0.133,0.138,1,"ZNF85"
0.141209912070705,-0.372402265558303,0.103,0.108,1,"FAM161A"
0.141356092297268,-0.377716159680866,0.11,0.114,1,"KLHL28"
0.143469026817437,-0.266829422064829,0.18,0.182,1,"APITD1-CORT"
0.144186686018812,-0.310511817777112,0.188,0.189,1,"DEDD2"
0.146585579223133,-0.291950870124308,0.147,0.151,1,"XRCC1"
0.1514985345775,-0.303070606966733,0.128,0.133,1,"NT5DC1"
0.153745580360808,-0.291151892485745,0.205,0.205,1,"PIK3AP1"
0.162493133487723,-0.268555831161875,0.251,0.247,1,"CUX1"
0.165335655692064,-0.322093801189941,0.108,0.112,1,"KRBOX4"
0.166665749213911,-0.271762332198255,0.203,0.203,1,"TCTEX1D2"
0.170645121062646,-0.254411937150119,0.243,0.24,1,"SH3RF1"
0.17175592165958,-0.253082403945628,0.263,0.256,1,"EXOC6"
0.175152222153112,-0.299470003658032,0.143,0.146,1,"ZBTB8A"
0.175718568746346,-0.276369747938352,0.125,0.129,1,"RP11-544A12.8"
0.181554948042367,-0.337049942487949,0.108,0.112,1,"KLHL6"
0.181649869398647,-0.310711941314329,0.113,0.117,1,"LINC01560"
0.182388357781164,-0.31600847511305,0.136,0.139,1,"TRAPPC13"
0.185336741941663,-0.322032097566819,0.112,0.116,1,"TTBK2"
0.185508935084133,-0.272355916020428,0.17,0.172,1,"AMN1"
0.187784016268271,-0.265059127174321,0.155,0.157,1,"HIST1H1D"
0.189276310861094,-0.330600521591744,0.117,0.121,1,"RP11-73E17.2"
0.189762607829402,-0.292335238775075,0.143,0.146,1,"PLAU"
0.19256421992829,-0.252108209927482,0.188,0.189,1,"USP32"
0.193398742885465,-0.373491134939722,0.119,0.122,1,"ASPHD2"
0.193850148340036,-0.40272480777116,0.127,0.13,1,"IGHD"
0.199149624564,-0.288305520234751,0.135,0.138,1,"KIAA1524"
0.199593406656409,-0.32984616356807,0.12,0.123,1,"LIN9"
0.200498661093002,-0.263658945964977,0.123,0.127,1,"ARHGEF12"
0.216792247052925,-0.281659955932742,0.111,0.115,1,"HELB"
0.217203783292412,-0.365615504673363,0.097,0.1,1,"KHK"
0.22343575226667,-0.29924424000338,0.111,0.115,1,"PACS2"
0.225957066528949,-0.259765307990166,0.228,0.223,1,"NPTN"
0.229198901904198,-0.260535482357327,0.155,0.158,1,"ING4"
0.232417132101144,-0.251778575194172,0.292,0.281,1,"CRYZL1"
0.233782748917061,-0.27716559484524,0.185,0.185,1,"RP4-816N1.6"
0.234539812574705,-0.264721662690533,0.101,0.105,1,"TBCD"
0.238055892060567,-0.29616729546122,0.185,0.184,1,"RNF170"
0.238315408677142,-0.266456369443033,0.145,0.147,1,"DOCK10"
0.238736881873596,-0.269632672591631,0.155,0.157,1,"MOSPD3"
0.241862132815712,-0.265060313210666,0.167,0.168,1,"MEIS1"
0.245812515023228,-0.287642481886532,0.164,0.164,1,"PRR11"
0.248839290728674,-0.268072213869765,0.16,0.161,1,"ADCY7"
0.251097062869163,-0.265774269315147,0.184,0.184,1,"INTS8"
0.251212761909085,-0.303942708135329,0.146,0.147,1,"P2RX4"
0.256608366728451,-0.330344657222699,0.13,0.132,1,"KLHL2"
0.256735291195459,-0.290325554609139,0.117,0.12,1,"IL15RA"
0.258066655271614,-0.297502470299635,0.103,0.106,1,"KIAA1958"
0.259053314169706,-0.339453447483507,0.154,0.154,1,"KHDC1"
0.260216247941675,-0.323300028859653,0.102,0.105,1,"HECTD4"
0.262889577432669,-0.28504321776288,0.14,0.142,1,"CEP68"
0.263020798337431,-0.297993027442672,0.115,0.118,1,"CCDC102A"
0.264537445669542,-0.300579690425785,0.1,0.103,1,"CACNA1A"
0.266434892383821,-0.282722327136267,0.131,0.133,1,"PTPN4"
0.267413682769513,-0.250612355687425,0.102,0.106,1,"PHC3"
0.277025687245659,-0.255473604674912,0.207,0.205,1,"PAPSS1"
0.278383738086179,-0.252490226740775,0.218,0.215,1,"SLC12A5"
0.28100361687981,-0.272551281849319,0.181,0.18,1,"RAP2A"
0.282194376675273,-0.350798641263027,0.105,0.107,1,"IFIT5"
0.284341786326523,-0.309817527204538,0.14,0.141,1,"CH507-154B10.1"
0.284589789418346,-0.274544909823956,0.163,0.163,1,"ZNF793-AS1"
0.293331150202491,-0.251129213605785,0.104,0.107,1,"POLQ"
0.294519620394361,-0.279567252932495,0.098,0.101,1,"RP11-74E22.3"
0.295529421527665,-0.31893116856151,0.125,0.127,1,"GK"
0.295609520802238,-0.3062153592345,0.14,0.141,1,"PDCD4-AS1"
0.295684651094658,-0.272211688829032,0.155,0.156,1,"PREX1"
0.2982719691467,-0.275263648509965,0.16,0.16,1,"FAAH"
0.327811822446271,-0.283337951180747,0.106,0.108,1,"SV2A"
0.332496274600457,-0.261856924533226,0.166,0.165,1,"NUDT11"
0.345265890435115,-0.268675363663118,0.118,0.12,1,"FAM8A1"
0.346954139004689,-0.25556519394148,0.313,0.302,1,"FANCD2"
0.353747808751752,-0.27717259363938,0.115,0.117,1,"ST8SIA4"
0.357280467197162,-0.289985998193026,0.139,0.139,1,"FAM21C"
0.359996876753282,-0.284891057108492,0.107,0.108,1,"UBR3"
0.369996438221685,-0.300962928767478,0.133,0.133,1,"SNX16"
0.376725236406176,-0.252853955999101,0.291,0.279,1,"SYNC"
0.379652611874627,-0.283272054081875,0.146,0.146,1,"ZNF519"
0.391457375319072,-0.26526991844956,0.143,0.144,1,"RBL1"
0.406642234441187,-0.251821159050401,0.103,0.105,1,"DTX3L"
0.410845562436142,-0.262994443144671,0.143,0.144,1,"SKAP1"
0.420875795031934,-0.267196977383258,0.162,0.16,1,"PEA15"
0.425264880275655,-0.294901927405106,0.119,0.121,1,"USP51"
0.434249651513894,-0.273947233031903,0.137,0.137,1,"CIT"
0.43573605038875,-0.261700192899622,0.141,0.141,1,"UTRN"
0.439498358289748,-0.322657004420634,0.108,0.109,1,"SPATA20"
0.470273576385756,-0.308223398640857,0.108,0.109,1,"NLRP2"
0.472993062339081,-0.298171399924618,0.106,0.107,1,"ZNF124"
0.474528261222775,-0.261033703585855,0.206,0.2,1,"FANCL"
0.490042043717816,-0.281516518747772,0.121,0.121,1,"ABTB1"
0.493196371420239,-0.270282296068936,0.101,0.102,1,"PLEKHO2"
0.495155558722282,-0.269452646157878,0.114,0.114,1,"SRD5A1"
0.497845779469301,-0.250460400409783,0.226,0.218,1,"RMI1"
0.509276015443546,-0.285288430835312,0.139,0.138,1,"ARSA"
0.510292821697462,-0.325466953390592,0.145,0.142,1,"HIBADH"
0.51564455694016,-0.285304900807694,0.128,0.127,1,"EXOG"
0.525388771276908,-0.267005725739328,0.114,0.114,1,"KIFC3"
0.527110052453055,-0.252770650962439,0.131,0.13,1,"DHX32"
0.531882761893801,-0.262946478609331,0.17,0.167,1,"FAM84B"
0.538853821179878,-0.272007954928426,0.12,0.12,1,"AMPD3"
0.542660560318607,-0.270289774947892,0.148,0.146,1,"HAUS3"
0.555105468278666,-0.279208893954904,0.106,0.106,1,"NIPSNAP1"
0.567622817353793,-0.258075270639108,0.187,0.182,1,"ITPRIPL1"
0.58515123050731,-0.261239134935028,0.109,0.108,1,"RUFY3"
0.594139563384169,-0.267838495740686,0.107,0.107,1,"GNPTG"
0.599674034095582,-0.261410720822915,0.13,0.129,1,"MFHAS1"
0.602264045348011,-0.257044190003818,0.145,0.144,1,"ADGRE2"
0.627999235214716,-0.354320363872091,0.101,0.101,1,"FMNL3"
0.630968837068182,-0.289457901443968,0.114,0.113,1,"FBXO8"
0.647751307866813,-0.266433308212441,0.102,0.102,1,"IDNK"
0.658786512129055,-0.279583031584045,0.138,0.136,1,"CA11"
0.667547935183494,-0.259256237210264,0.271,0.257,1,"NKG7"
0.679508675438773,-0.29929199464722,0.106,0.105,1,"AK9"
0.688085018117604,-0.279207692086959,0.131,0.129,1,"ICA1"
0.760588164077972,-0.291918832144548,0.181,0.175,1,"BTN3A2"
0.772092734046413,-0.274633484312584,0.172,0.166,1,"DPY19L4"
0.788194733720985,-0.258190519139866,0.1,0.096,1,"CTNNA1"
0.793103235514875,-0.267788571774625,0.126,0.12,1,"DIAPH3"
0.805602508987127,-0.282083651102293,0.131,0.128,1,"ZBTB21"
0.834578498926856,-0.29184706449814,0.108,0.106,1,"N4BP1"
0.836223452885046,-0.260913051153535,0.101,0.1,1,"SESN1"
0.860116174455175,-0.293668190909179,0.109,0.104,1,"INTS4"
0.86552603672426,-0.302005709003548,0.106,0.104,1,"RAB2B"
0.928881358090231,-0.264834271741993,0.131,0.127,1,"ZNF254"
0.941657796464348,-0.251716871375961,0.12,0.116,1,"GSPT2"
0.957907821470142,-0.253418621866953,0.151,0.146,1,"SFI1"
0.967444753820867,-0.261448770975659,0.163,0.157,1,"HSPA1A"
0.969732044264667,-0.250592361931227,0.105,0.102,1,"RP11-35G9.3"
0.99241201091368,-0.265642842461693,0.114,0.111,1,"ETV3"
0.99939912894848,-0.264646315072814,0.123,0.119,1,"RFX1"
