"p_val","avg_log2FC","pct.1","pct.2","p_val_adj","gene"
0,-3.17561166847623,0.137,0.688,0,"ANXA2"
0,-1.79889412219177,0.305,0.704,0,"GFI1B"
0,-2.15601247234812,0.217,0.613,0,"GLIPR1"
0,-3.13070764324199,0.079,0.414,0,"C1QTNF4"
0,-3.35558998152999,0.061,0.394,0,"PROCR"
0,-1.76238375971547,0.476,0.807,0,"TPSB2"
0,-1.66239388940373,0.298,0.614,0,"HLA-DQA1"
0,1.15095186785937,0.739,0.432,0,"RNASEK"
0,1.43613159765062,0.787,0.498,0,"FO538757.2"
0,-1.30344144193129,0.478,0.758,0,"GRN"
0,-1.38069765653941,0.469,0.729,0,"HLA-DQB1"
0,-1.77378503513779,0.729,0.979,0,"VIM"
0,-1.07808680241355,0.513,0.76,0,"CCDC109B"
0,-1.17221730821081,0.704,0.945,0,"EEF1G"
0,1.31184616688594,0.851,0.622,0,"IFITM1"
0,-1.10138670920957,0.526,0.752,0,"ICAM3"
0,2.06012978958304,0.98,0.779,0,"AC090498.1"
0,-1.20358954918775,0.714,0.906,0,"TKT"
0,-0.865073744719226,0.745,0.91,0,"GABARAP"
0,-0.935028059968568,0.693,0.857,0,"NPC2"
0,1.01944566968952,0.977,0.828,0,"NME2"
0,0.750370780107665,0.914,0.779,0,"UBE2M"
0,-0.865075317305773,0.765,0.894,0,"HLA-DMA"
0,0.9004498715206,0.955,0.831,0,"TOMM5"
0,-0.778075571880554,0.799,0.909,0,"C12orf75"
0,-1.03695549935315,0.906,0.984,0,"CD44"
0,-0.930417105303337,0.881,0.954,0,"LGALS1"
0,-0.800854633274354,0.893,0.958,0,"HLA-DPA1"
0,-0.689540201772237,0.899,0.963,0,"AKR1A1"
0,-0.713298763484709,0.907,0.97,0,"LITAF"
0,-1.00229025779118,0.941,0.978,0,"HLA-DPB1"
0,-0.579549790987855,0.959,0.983,0,"EIF3L"
0,-0.682046154128062,0.974,0.994,0,"SNHG25"
0,-0.878796607758491,0.972,0.991,0,"HLA-DRA"
0,-0.764204370891524,0.982,0.995,0,"CD74"
0,-0.953955598240379,0.986,0.998,0,"PRDX1"
0,-0.66872132031952,0.997,0.999,0,"TMSB10"
0,-0.557940521747795,0.995,0.997,0,"EEF2"
0,-0.512471921837598,0.999,1,0,"HNRNPA1"
0,0.978680043272141,1,0.999,0,"MIF"
0,0.268469231802691,1,1,0,"RPL37"
0,-0.284542583904615,1,1,0,"RPS10"
0,-0.503370591809605,1,1,0,"RPL36A"
0,-0.560045190152172,1,1,0,"B2M"
0,0.259821855974335,1,1,0,"RPL38"
0,-0.259714528498726,1,1,0,"RPS21"
0,0.305361847379942,1,1,0,"RPL36"
0,0.656166257739425,1,1,0,"FTL"
5.59802102775139e-307,0.606194360212692,0.966,0.913,1.07426023522549e-302,"KRTCAP2"
8.79103751026294e-298,-5.44237093037255,0.006,0.177,1.68700009821946e-293,"GLYATL2"
5.79818111961898e-290,-0.615027452228287,0.892,0.972,1.11267095685488e-285,"S100A11"
3.91136782198486e-287,-0.506574925822005,0.99,0.996,7.50591485038895e-283,"HLA-B"
1.46339060413781e-276,1.59938820715949,0.471,0.179,2.80824656934045e-272,"C11orf98"
1.60483513833642e-275,-0.510488959783196,0.972,0.992,3.07967863046759e-271,"PKM"
1.90097346033207e-270,-1.33174439256072,0.346,0.595,3.64796807037724e-266,"HLA-DQA2"
3.21982330296954e-266,-1.4306995621884,0.277,0.538,6.17884091839854e-262,"HLA-DMB"
9.07607766431036e-266,-1.5357042137882,0.214,0.471,1.74169930378116e-261,"CD53"
6.13093864036769e-263,-3.1477297940808,0.027,0.21,1.17652712508656e-258,"ALOX5"
7.07410479663942e-260,-0.270431796462067,1,1,1.3575207104751e-255,"EEF1A1"
1.0414777508196e-259,-0.440116541966683,0.926,0.974,1.99859580382282e-255,"DBI"
6.25880536673004e-259,0.500404262065642,0.984,0.948,1.2010647498755e-254,"PPP1R14B"
1.35549559154429e-257,-0.456023308299989,0.985,0.993,2.60119604017349e-253,"STMN1"
1.43006257525944e-257,-1.16743575461066,0.585,0.765,2.74429008192287e-253,"NFKBIA"
3.86245585510502e-257,-2.04127021763839,0.107,0.338,7.41205278594654e-253,"TMEM243"
1.45432282279154e-252,-0.641620213840049,0.982,0.994,2.79084549693696e-248,"METTL9"
4.64823672624529e-247,-3.62812251313043,0.012,0.168,8.9199662776647e-243,"CKAP4"
6.55927087030898e-246,-0.538860509679592,0.914,0.966,1.25872408001229e-241,"SPINT2"
8.58725034274528e-242,-4.087630263693,0.009,0.159,1.64789334077282e-237,"LY96"
1.27036550318652e-241,-1.44870750395839,0.217,0.465,2.43783140061494e-237,"RP11-108M9.4"
3.24039356803235e-239,-2.50166886025484,0.059,0.256,6.21831525705408e-235,"JAML"
1.09829692093724e-236,1.75533561220624,0.382,0.13,2.10763179127857e-232,"PAM16"
1.20046465452854e-236,0.452562617926966,0.986,0.961,2.30369167204028e-232,"TRMT112"
1.13769068918835e-235,-2.57656422255922,0.025,0.19,2.18322843255244e-231,"ACP5"
5.1324830076211e-232,-0.487305592952625,0.974,0.983,9.8492348916249e-228,"EIF3E"
1.24728641789896e-225,-0.340923915028588,0.998,0.998,2.39354263594809e-221,"SLC25A6"
1.04927892902016e-224,-0.369575092927764,0.999,1,2.01356626478969e-220,"FTH1"
1.68270184346807e-222,-3.4214093943694,0.015,0.162,3.22910483761523e-218,"IL1RN"
3.18775613275377e-222,-1.23349431691355,0.275,0.519,6.11730401875448e-218,"SNX10"
7.12913441166586e-221,-1.41652921759349,0.244,0.473,1.36808089359868e-216,"GCNT1"
4.04486327459823e-219,-4.48842578034333,0.009,0.145,7.76209262395399e-215,"CLEC4A"
2.18416153561546e-215,1.04049095382464,0.704,0.497,4.19140598684607e-211,"FKBP11"
4.486451316451e-214,0.589644775600827,0.932,0.856,8.60950007626946e-210,"CCND2"
4.47820826255611e-213,-0.527923246394577,0.937,0.974,8.59368165584518e-209,"CD164"
6.80713952214046e-212,0.570059222519229,0.931,0.851,1.30629007429875e-207,"NPM3"
5.40002134582894e-211,-0.595691560338868,0.809,0.907,1.03626409626457e-206,"RAP1B"
4.19595710333286e-210,0.42717782650238,0.99,0.975,8.05204168129576e-206,"SLIRP"
2.85602002765461e-209,-2.62451704749532,0.045,0.215,5.4807024330692e-205,"CALHM2"
1.94789795908304e-207,-0.423913566593803,0.962,0.989,3.73801618348035e-203,"CD99"
1.22173874133414e-205,-0.782395030251662,0.677,0.825,2.34451664462022e-201,"SOX4"
1.36058195869863e-205,-0.389938192036611,0.979,0.991,2.61095677874267e-201,"SLC25A5"
4.82125535775192e-197,0.437159756080677,0.992,0.979,9.25198903152593e-193,"ZFAS1"
1.16264106307926e-195,0.436649504140257,0.982,0.968,2.2311082000491e-191,"TMEM147"
8.72666191150631e-195,0.337218984730165,0.995,0.988,1.67464642081806e-190,"JTB"
1.12785726825783e-193,-0.259033266591663,0.999,1,2.16435809778678e-189,"COX6B1"
1.9226376861267e-193,-0.483209026376858,0.918,0.963,3.68954171967714e-189,"RBMX"
1.47513134424486e-188,-0.929913872949517,0.409,0.625,2.83077704960588e-184,"GFI1"
7.81160388647039e-188,-0.870888976066617,0.567,0.725,1.49904678581367e-183,"SMYD3"
2.4963127508397e-187,-0.715116161881567,0.642,0.789,4.79042416886139e-183,"ANKRD28"
1.68745748192423e-185,-1.16105466354811,0.275,0.493,3.2382309078126e-181,"STAB1"
1.07915487579172e-183,0.56739819261724,0.933,0.858,2.07089820664431e-179,"RNASEH2C"
3.59632044649272e-180,0.56508003676648,0.903,0.805,6.90133893681953e-176,"ZNF593"
5.12023966247468e-180,-3.0631741494874,0.023,0.157,9.82573991228892e-176,"ABI3"
1.03260554997153e-177,0.374838933415844,0.987,0.971,1.98157005039537e-173,"NDUFB9"
2.79725475436012e-177,0.406342486419761,0.987,0.968,5.36793187361707e-173,"ATP6V0B"
1.10482709674714e-176,-3.12788724709284,0.023,0.154,2.12016319865777e-172,"SH3BP5"
1.79644404338789e-176,-4.70736356795841,0.005,0.114,3.44737611926136e-172,"WFDC1"
1.22304949412333e-174,-1.27662107595265,0.441,0.628,2.34703197922267e-170,"LTB"
1.66909763473792e-174,-2.4168928001508,0.043,0.193,3.20299836106206e-170,"KCTD12"
1.36351326678585e-171,-1.41357245457244,0.181,0.379,2.61658195896205e-167,"C19orf38"
1.56634908525923e-171,-0.676547837890653,0.907,0.942,3.00582389461246e-167,"LMO4"
5.7802113831163e-171,-1.8106208483075,0.116,0.296,1.10922256442002e-166,"CA8"
3.11614562199082e-170,0.463017133346941,0.952,0.895,5.97988344860039e-166,"DCXR"
4.82017654476112e-169,0.303748161048552,0.998,0.995,9.24991878939658e-165,"ATP5I"
1.30851505831119e-168,0.296847581602935,0.997,0.995,2.51104039689918e-164,"PRELID1"
5.48962637986081e-167,-0.596705905855636,0.718,0.837,1.05345930229529e-162,"FDX1"
5.61145194329462e-167,-1.83935014395548,0.083,0.252,1.07683762791824e-162,"AIM1"
5.85659485936954e-167,-0.719595570114122,0.63,0.782,1.12388055351301e-162,"VAMP5"
1.71852328856745e-166,-1.6718841652849,0.11,0.29,3.29784619076093e-162,"GAS7"
1.17716175107689e-165,1.00749187169598,0.396,0.175,2.25897340031655e-161,"CST7"
4.1894423060218e-165,-0.331301572699036,0.983,0.991,8.03953978525584e-161,"COX7A2L"
4.01008595506397e-163,0.43297833055514,0.979,0.968,7.69535494776776e-159,"AIF1"
2.02371414617211e-160,-3.95671379329359,0.007,0.109,3.88350744650428e-156,"LRRC25"
7.29683803189409e-158,-0.858972285188395,0.497,0.66,1.40026321832048e-153,"LTA4H"
5.345624950442e-157,-0.488947243331511,0.884,0.946,1.02582542798982e-152,"HHEX"
2.87010934920408e-156,0.436658841764755,0.951,0.907,5.50773984112263e-152,"MSN"
2.54143827329503e-152,0.41214255907698,0.972,0.947,4.87702004645316e-148,"MAZ"
1.05674005228192e-151,-0.733491697725836,0.551,0.712,2.02788416032901e-147,"FAM117A"
2.46827482626536e-150,0.379329122005931,0.982,0.951,4.73661939160322e-146,"LAGE3"
5.00026747574239e-149,-0.760934641997319,0.503,0.671,9.59551328594965e-145,"IMPA2"
3.17684086806954e-148,-0.262022047987214,0.998,0.999,6.09635762582545e-144,"FKBP1A"
7.14943018198138e-146,0.289399703106278,0.995,0.991,1.37197565192223e-141,"GTF3A"
7.44343795842808e-146,-1.09870143468025,0.28,0.469,1.42839574422235e-141,"TNFSF10"
7.73747359371647e-145,-1.36427987065174,0.168,0.347,1.48482118263419e-140,"FUCA1"
8.91150890906648e-144,0.564324968034627,0.841,0.729,1.71011855964986e-139,"APOA1BP"
2.4200725175919e-143,0.635356072909696,0.898,0.818,4.64411916125885e-139,"IGFBP2"
9.42948082156939e-143,0.340670717593488,0.988,0.971,1.80951736965917e-138,"EIF5B"
5.0404555056452e-142,0.321746309312728,0.996,0.993,9.67263411533314e-138,"HMGA1"
1.40881769418001e-141,0.543629589977303,0.899,0.769,2.70352115513143e-137,"SDF2L1"
8.3637940662541e-141,0.310323474746827,0.993,0.986,1.60501208131416e-136,"ATP5G1"
2.49639089867328e-140,-2.07370944624198,0.057,0.193,4.79057413455402e-136,"LILRA2"
5.47046982738375e-140,-1.48621296630277,0.142,0.311,1.04978315987494e-135,"SELL"
8.62169008943567e-140,0.618201433207629,0.829,0.682,1.65450232816271e-135,"RP6-159A1.4"
6.37395756052005e-139,-0.63332386508292,0.628,0.76,1.2231624558638e-134,"RNASET2"
8.98944104298846e-139,-0.849339806582493,0.315,0.506,1.72507373614949e-134,"S100A10"
4.35380820213605e-138,-2.79182332599487,0.022,0.132,8.35495793989908e-134,"GBP1"
5.22063478120747e-138,0.252203201095466,0.999,1,1.00183981451371e-133,"TXN"
3.54959099823745e-137,-0.88151164866731,0.386,0.569,6.81166512561766e-133,"BIN1"
3.9428877763759e-136,-0.397967025280289,0.941,0.965,7.56640164286536e-132,"CSTB"
5.85314967328103e-136,0.393063315985102,0.957,0.918,1.12321942230263e-131,"ROMO1"
2.45120538912308e-135,-1.35845139221539,0.171,0.344,4.70386314172718e-131,"C1orf21"
9.88881593519287e-135,0.339602039310437,0.993,0.984,1.89766377796351e-130,"SNHG8"
2.10857610090787e-134,0.300288949636993,1,0.999,4.0463575376422e-130,"SH3BGRL3"
4.44538075669719e-134,-1.07848290614739,0.303,0.479,8.53068567210191e-130,"CTSH"
1.43130353235902e-133,-0.542433757105619,0.767,0.863,2.74667147859697e-129,"PNRC1"
3.57865191526721e-133,-0.504427352041127,0.682,0.825,6.86743302539777e-129,"PAGR1"
1.11206968268061e-131,-0.589544789206261,0.673,0.795,2.13406172106409e-127,"PYCARD"
1.89050785468138e-131,-0.525240670651007,0.67,0.8,3.62788457313357e-127,"SOCS2"
4.86922874392306e-131,-1.04755474449134,0.264,0.442,9.34404995958836e-127,"HEXB"
7.38458937188925e-131,0.302390268452192,0.989,0.98,1.41710270046555e-126,"PRR13"
3.20135252659893e-130,-0.519320678249013,0.719,0.824,6.14339549854334e-126,"RNF130"
3.35184543059882e-130,-0.868347446380869,0.365,0.541,6.43219138131913e-126,"HAUS4"
5.1847707970529e-129,0.781688356495043,0.618,0.43,9.94957515954452e-125,"NT5DC2"
1.50425934345584e-128,-0.974066778651291,0.31,0.486,2.88667368009176e-124,"IQGAP1"
2.15777997343964e-127,-0.916418288160612,0.327,0.502,4.14077976903067e-123,"DNASE2"
1.13335970602012e-126,0.292599924732834,0.994,0.992,2.17491727585261e-122,"IFITM2"
1.30480475906093e-124,0.327516662131375,0.984,0.966,2.50392033263792e-120,"PRDX5"
1.30871439274839e-124,-0.778721294411445,0.429,0.596,2.51142291968417e-120,"PHACTR1"
4.09257172638309e-124,1.16325741758645,0.626,0.464,7.85364514292914e-120,"CRIP1"
5.21288517163287e-124,-0.29839817781685,0.984,0.993,1.00035266443635e-119,"SLC25A3"
1.45074653488455e-122,-0.878079439473575,0.339,0.511,2.78398260044345e-118,"SPTBN1"
1.06671321882712e-121,0.320273917782009,0.987,0.98,2.04702266692924e-117,"SRM"
1.59335380265769e-121,-1.09417409598992,0.291,0.463,3.05764594730011e-117,"TM4SF1"
2.33262165368601e-121,-2.07817691589898,0.045,0.162,4.47630095342346e-117,"HLA-DOA"
1.29147726433228e-120,0.612356394586744,0.787,0.653,2.47834487025365e-116,"GLUL"
2.99418900702839e-120,-0.628005579110266,0.6,0.727,5.74584870448748e-116,"BPTF"
4.1615777711618e-120,0.405044484402441,0.943,0.882,7.98606774285949e-116,"C12orf57"
6.50514461494747e-118,0.30370235269862,0.981,0.959,1.24833725160842e-113,"MRPL23"
3.16952926430819e-117,-1.94476639606955,0.051,0.17,6.08232665820741e-113,"BIRC3"
9.99939521294985e-117,0.65532303066451,0.705,0.548,1.91888394136508e-112,"AZI2"
1.43840272330606e-116,-2.43431271738545,0.023,0.12,2.76029482602434e-112,"CD48"
2.73494908211221e-115,-0.574091271441054,0.569,0.725,5.24836728857332e-111,"MEF2C"
2.16785115546955e-114,-0.278463207867611,0.981,0.99,4.16010636734607e-110,"ZNF706"
4.73506817174784e-114,-0.268529926393004,0.999,0.999,9.0865958215841e-110,"ACTG1"
1.97852385697754e-113,-0.47404399827642,0.752,0.84,3.79678728153989e-109,"NDUFA7"
2.14952838234361e-113,-0.833221451603172,0.382,0.539,4.12494496571738e-109,"CD58"
3.75554516181088e-113,-0.860677538448947,0.349,0.513,7.20689116551508e-109,"ITGB2"
8.1675292507899e-112,-1.09803838153258,0.222,0.383,1.56734886322658e-107,"SLC35F6"
2.86954867898897e-111,-0.969166559403053,0.276,0.436,5.50666391497983e-107,"ZNF609"
3.55353572170176e-111,0.46087801018986,0.873,0.787,6.81923504994567e-107,"MRPS26"
9.79825202777825e-111,0.798537183618198,0.523,0.336,1.88028456413065e-106,"IGHM"
1.09263742319248e-110,0.375216263616293,0.954,0.916,2.09677121510637e-106,"NME4"
2.02393298277815e-110,-1.26168493998999,0.167,0.318,3.88392739395127e-106,"ITPR2"
2.14049768502853e-110,-0.292842212691683,0.969,0.981,4.10761505756975e-106,"GLTSCR2"
2.64394589066709e-110,-0.306467610997144,0.965,0.975,5.07373216419014e-106,"EIF3F"
8.87633350246532e-110,-0.980942504727053,0.278,0.44,1.7033683991231e-105,"SEPT1"
1.42677092689248e-109,-0.333836530532062,0.947,0.97,2.73797340870667e-105,"TMEM123"
1.05917527357977e-108,1.35392566362447,0.25,0.1,2.03255734999957e-104,"MRPS24"
1.42368115205911e-108,0.441744200795424,0.865,0.771,2.73204413080143e-104,"COX20"
2.47410133040606e-108,-1.04827498292399,0.255,0.415,4.74780045304922e-104,"FCGRT"
3.25574556394361e-108,-1.06518599651583,0.223,0.381,6.24777573720779e-104,"EVI2B"
7.64561799487618e-108,-1.0072168799516,0.194,0.356,1.46719409321674e-103,"PPP1R14A"
7.98144095166299e-108,0.266530621493776,0.996,0.989,1.53163851862413e-103,"GADD45GIP1"
1.49079064913102e-107,0.36658667229028,0.945,0.894,2.86082725568243e-103,"APRT"
5.46328414558273e-107,0.347974227235124,0.95,0.905,1.04840422753733e-102,"MRPS12"
7.40660629056041e-107,-1.44159189577896,0.11,0.248,1.42132774715854e-102,"GPR84"
8.039725289391e-107,0.597687260966535,0.954,0.906,1.54282328303413e-102,"SRGN"
9.48403400398297e-107,-1.25895795720171,0.146,0.293,1.81998612536433e-102,"LRRC8C"
2.4756425005665e-106,1.17219821357321,0.303,0.142,4.75075795858712e-102,"DNLZ"
5.2489582021339e-106,0.622539719378398,0.809,0.704,1.0072750789895e-101,"RPL22L1"
5.70145366358633e-106,-1.03268192331455,0.222,0.379,1.09410895804222e-101,"SSBP2"
7.54772714517142e-106,-0.856982106551933,0.324,0.482,1.4484088391584e-101,"FOXN3"
3.10247308054954e-105,0.298251390586946,0.982,0.958,5.95364584157458e-101,"UQCRQ"
5.18003264167869e-104,0.29819120428787,0.976,0.959,9.94048263938141e-100,"SPCS1"
6.11035228059066e-103,0.405949223597554,0.896,0.815,1.17257660264535e-98,"LSM10"
1.1298279612054e-102,0.328563844747915,0.954,0.918,2.16813985755317e-98,"ELP5"
3.34613089872465e-102,0.405424488433718,0.893,0.805,6.42122519465261e-98,"MRPL55"
7.83260475969404e-102,-1.60592720987603,0.076,0.196,1.50307685338529e-97,"ZFHX3"
1.39259963266865e-101,-0.294591498788138,0.973,0.987,2.67239869509114e-97,"TPM4"
1.5814286700222e-101,-0.804372650562059,0.396,0.545,3.03476161777261e-97,"MSI2"
1.06895038056353e-100,-0.317485604466454,0.924,0.957,2.05131578030141e-96,"PLP2"
2.2341056965023e-100,-1.12754292167223,0.166,0.312,4.28724883158792e-96,"HOOK3"
2.27851220727221e-100,-0.826177159979105,0.468,0.6,4.37246492575538e-96,"DLK1"
1.86301279598952e-99,-0.677334344292705,0.299,0.465,3.57512155550389e-95,"DDIT4"
1.92207814490735e-99,0.344594007323689,0.956,0.918,3.68846796007721e-95,"ZC3H15"
6.50120911699773e-99,0.362306109097997,0.933,0.879,1.24758202955186e-94,"C19orf24"
9.93190096852227e-99,0.27669695772892,0.984,0.967,1.90593179585942e-94,"NDUFS6"
3.48587069996349e-98,-0.77725530573965,0.358,0.509,6.68938587322995e-94,"RNF213"
2.13501475270837e-97,1.0467751579275,0.388,0.227,4.09709331044737e-93,"TSLP"
7.11816599134271e-97,0.259961590117215,0.985,0.972,1.36597605373867e-92,"MRPL51"
4.94097910612267e-96,-0.51541796948687,0.654,0.759,9.48173890464941e-92,"LAIR1"
8.41699939399529e-96,-1.09197605664849,0.189,0.334,1.6152221837077e-91,"OPTN"
1.40571152237938e-94,0.277235526486686,0.994,0.991,2.69756041144604e-90,"HSPE1"
3.8479232946325e-94,-0.576208958346481,0.545,0.676,7.38416480239977e-90,"LPXN"
2.83935863915397e-93,-0.807856978749061,0.313,0.463,5.44872922853646e-89,"TUBB6"
2.94536352478249e-93,0.279495003107279,0.984,0.973,5.65215260405761e-89,"NME1"
8.27138356492044e-93,-1.53018878856161,0.079,0.195,1.58727850610823e-88,"ST3GAL5"
8.91764901234271e-93,0.390816705372364,0.921,0.869,1.71129684546857e-88,"MRPL41"
1.9033571133591e-91,-0.578686487331656,0.574,0.693,3.65254230053612e-87,"TAPBP"
2.32543767287534e-91,0.326440461497393,0.936,0.886,4.46251489424777e-87,"MRPS16"
1.0121444381011e-90,0.374101310541113,0.903,0.837,1.942305176716e-86,"SFT2D1"
1.06633118363461e-90,0.510283571416778,0.763,0.65,2.04628954139482e-86,"VAT1"
1.11903470363972e-90,0.323039326435752,0.96,0.931,2.14742759628463e-86,"RPS19BP1"
1.31011770405054e-90,0.436194908649775,0.853,0.77,2.51411587407299e-86,"RASGRP2"
5.17948137502827e-90,0.306570335854977,0.953,0.923,9.93942475867926e-86,"NDUFC1"
8.0854322389544e-90,0.302421644166437,0.97,0.946,1.55159444665535e-85,"EIF3J"
1.15829861763796e-89,-0.344013370680531,0.89,0.935,2.22277504724724e-85,"PSME1"
1.38566334248823e-89,0.340600420237425,0.949,0.919,2.65908795423491e-85,"C9orf78"
1.52878969293794e-89,-0.383488424049114,0.852,0.914,2.9337474207479e-85,"CDCA7"
1.74942065392937e-89,0.949236316641926,0.337,0.18,3.35713823489045e-85,"PRICKLE4"
2.81208651683187e-89,-0.604911871926184,0.591,0.692,5.39639402580036e-85,"POLR2J3"
4.4316145698731e-89,-0.719255578316355,0.402,0.541,8.50426835958647e-85,"SHKBP1"
2.4320774966954e-88,-1.62209735612763,0.074,0.184,4.66715671615847e-84,"RCBTB2"
3.18754220286869e-88,-0.323258355304361,0.904,0.925,6.11689348730502e-84,"SEC11A"
2.64714162493586e-87,-0.264796146835659,0.96,0.977,5.07986477825192e-83,"H2AFY"
2.71147084262191e-87,0.351406657562892,0.937,0.893,5.20331254699145e-83,"PFDN2"
3.39075325935629e-87,0.272720480685828,0.987,0.981,6.50685550470473e-83,"STOML2"
5.19175970004504e-87,-0.469532835269946,0.629,0.746,9.96298686438643e-83,"SNCA"
6.21352345270243e-87,-0.528884688060097,0.608,0.713,1.1923751505736e-82,"FOXP1"
1.1608336491179e-86,-1.20694885405423,0.132,0.259,2.22763977265726e-82,"SERPINB8"
1.28086482402825e-86,0.813892929123158,0.432,0.27,2.45797959731022e-82,"PSMB10"
2.59346049293921e-86,0.293556505518028,0.989,0.981,4.97685068595035e-82,"LYL1"
3.81580114026211e-86,-0.682516928262841,0.352,0.499,7.32252238816299e-82,"CTSB"
4.12263169673932e-86,-1.04398958996728,0.211,0.345,7.91133022604275e-82,"TIGAR"
6.17654224392101e-86,0.340565165156647,0.92,0.875,1.18527845660844e-81,"SRRM2"
1.40034320353875e-85,0.289929860921733,0.956,0.929,2.68725860759086e-81,"GLRX5"
3.18690699921189e-85,0.358822629002534,0.914,0.866,6.11567453148761e-81,"NDUFB10"
3.68051116958585e-85,0.954586862147729,0.332,0.182,7.06290093443525e-81,"NMB"
5.40657851936946e-85,0.279809184944878,0.968,0.949,1.037522417867e-80,"NDUFS8"
4.45396322739151e-84,-0.425730453681096,0.702,0.791,8.5471554333643e-80,"PTPMT1"
5.6080040544264e-84,-0.810292351709879,0.355,0.493,1.07617597804443e-79,"EIF5AL1"
8.78120891993235e-84,-0.591600571029941,0.559,0.668,1.68511399173502e-79,"CSRP1"
1.87415249641502e-83,-0.324028541841383,0.907,0.941,3.59649864062043e-79,"CAPZB"
1.89009853326908e-83,-0.539923799028382,0.191,0.333,3.62709908534336e-79,"CXCL8"
2.46458532571608e-83,-0.358059073860804,0.885,0.924,4.72953924004915e-79,"CD82"
2.60189291816559e-83,0.284327670964085,0.965,0.94,4.99303250995976e-79,"MRPL20"
2.86537942830141e-83,-0.489684289067256,0.649,0.744,5.49866312291041e-79,"CHST11"
5.34382018537164e-83,1.02906860136377,0.282,0.142,1.02547909357282e-78,"TLCD1"
4.07808794805227e-82,-0.870659030695142,0.241,0.379,7.8258507723123e-78,"ITGA6"
1.11956674581075e-81,1.28185572652028,0.205,0.084,2.14844858521083e-77,"HMGN4"
5.76659650009929e-81,-0.382220129371929,0.809,0.873,1.10660986836905e-76,"GNA15"
1.18848623911305e-80,0.302152917399574,0.946,0.903,2.28070509285794e-76,"FAM96A"
5.48937518481096e-80,-0.504998538124181,0.592,0.699,1.05341109796522e-75,"QARS"
7.36987764577698e-80,-0.482721959693619,0.633,0.731,1.4142795202246e-75,"ETS2"
8.42416845037224e-80,0.89229246421019,0.362,0.214,1.61659792562643e-75,"BZRAP1"
9.88052632901749e-80,-0.29076970031699,0.938,0.95,1.89607300253846e-75,"EIF3H"
1.06610845031704e-79,-1.47758480483829,0.063,0.163,2.04586211615841e-75,"USP53"
3.78323896736445e-79,-0.9473487027664,0.245,0.376,7.26003557837238e-75,"TCF4"
1.56849034059997e-78,-1.42078873614876,0.06,0.157,3.00993296361134e-74,"PITPNC1"
2.32934387474296e-78,-0.653500945555541,0.427,0.556,4.47001089563174e-74,"SEPT9"
7.47567271073929e-78,-1.24183426609717,0.092,0.202,1.43458159319087e-73,"PRDM16"
8.18728610225135e-78,-0.420061083852328,0.473,0.617,1.57114020302203e-73,"S100A4"
1.01224700413252e-77,2.49629586642522,0.157,0.056,1.94250200093031e-73,"LAT"
1.04283824769563e-77,0.368858106209525,0.894,0.818,2.00120659732792e-73,"STRA13"
1.99172911993212e-77,0.388292051015577,0.852,0.765,3.82212818114973e-73,"DCUN1D5"
2.61842536546071e-77,0.317105978701129,0.92,0.864,5.02475827631911e-73,"SS18L2"
3.05251683102932e-77,-0.582919300967368,0.481,0.618,5.85777979874526e-73,"HELLS"
3.53394027053736e-77,-2.24225544082888,0.026,0.1,6.78163137916119e-73,"GPR146"
4.90520137186262e-77,0.516054185907551,0.652,0.499,9.41308143260437e-73,"DPH3"
4.91127953831337e-77,-0.283432926590035,0.926,0.958,9.42474543402335e-73,"HNRNPA0"
8.74706541411433e-77,-1.32912662076551,0.076,0.179,1.67856185296854e-72,"PLEC"
1.6059471844772e-76,0.303074664555166,0.937,0.893,3.08181264701174e-72,"NDUFA3"
1.64522415502227e-76,0.449938702178967,0.775,0.662,3.15718515348774e-72,"YIF1A"
2.90239942693624e-76,-0.689139718621409,0.428,0.549,5.56970450029064e-72,"ITM2C"
3.84256220308027e-76,-0.604431332418474,0.438,0.563,7.37387686771104e-72,"AKR1B1"
4.00496457172708e-76,0.309682179404332,0.958,0.921,7.68552701314427e-72,"SEC61G"
1.25200162149186e-75,-0.296547658471255,0.909,0.933,2.40259111164288e-71,"ATP5A1"
1.26500748368456e-75,0.523507145064255,0.684,0.56,2.42754936119066e-71,"EMG1"
1.33657303263939e-75,-1.02797476020906,0.174,0.298,2.564883649635e-71,"TMEM51"
2.41244417595982e-75,0.443410881785862,0.762,0.644,4.6294803736669e-71,"CDV3"
3.03629952021624e-75,-0.752937998420997,0.303,0.437,5.82665877929496e-71,"MARCKS"
7.38393457856765e-75,0.299246136183436,0.947,0.907,1.41697704562713e-70,"FKBP2"
1.95418217261239e-74,-0.393565494827448,0.786,0.84,3.75007558924317e-70,"EIF3D"
4.55001275067182e-74,0.346437758124569,0.915,0.862,8.73147446853922e-70,"FAM136A"
8.43287027949175e-74,0.500829311296717,0.734,0.607,1.61826780663447e-69,"MARCKSL1"
1.10555705518587e-73,0.30569806787021,0.971,0.945,2.12156398890169e-69,"NPW"
2.42658173216316e-73,-0.740434255809456,0.344,0.469,4.65661034402111e-69,"HS6ST1"
2.57586821543519e-73,-0.464624209746836,0.669,0.752,4.94309110542013e-69,"HSD17B11"
4.1266014617769e-73,-0.362585455243755,0.786,0.877,7.91894820514987e-69,"HLA-DRB1"
4.38942106560688e-73,0.372595410621156,0.932,0.894,8.42329902489959e-69,"CHCHD10"
5.15781471799841e-73,-0.557725343275961,0.443,0.575,9.89784644383895e-69,"GPAT3"
5.30212166648611e-73,0.903605749276232,0.29,0.156,1.01747714779868e-68,"GNPDA1"
1.10799792106082e-72,-0.851789010549516,0.239,0.368,2.1262480105157e-68,"CAST"
1.35156500041132e-72,-0.7072558995916,0.372,0.496,2.59365323578932e-68,"CALCOCO2"
1.40260226193069e-72,-0.80726342981103,0.237,0.368,2.691593740645e-68,"AHNAK"
1.45332176910164e-72,-1.3037340880147,0.094,0.198,2.78892447490605e-68,"NOG"
2.94311864982971e-72,1.03965583034782,0.251,0.126,5.64784468902321e-68,"ZNF749"
4.31476670946343e-72,-1.40432644182669,0.074,0.172,8.28003731546033e-68,"IL18R1"
8.98890341074447e-72,-1.17046878056007,0.12,0.231,1.72497056452186e-67,"TNFRSF1B"
9.79512061952822e-72,-0.686691527793749,0.353,0.479,1.87968364688747e-67,"IL2RG"
1.47493494285007e-71,-0.895068553948043,0.208,0.334,2.83040015532929e-67,"GNB5"
5.44884928862827e-71,-0.648852646187067,0.406,0.528,1.04563417848777e-66,"AP1S2"
6.81402546263064e-71,0.400416722104325,0.803,0.705,1.30761148627882e-66,"NOP16"
1.34645911922783e-70,-0.708355790676843,0.404,0.525,2.5838550497982e-66,"TOP1MT"
2.30145986535248e-70,0.276378214958503,0.953,0.919,4.41650148161141e-66,"KRT10"
3.26317527768082e-70,0.266524882019605,0.994,0.992,6.2620333578695e-66,"CLIC1"
3.56476050382768e-70,-0.805607430053324,0.221,0.349,6.84077540684532e-66,"SLA"
5.56201773216409e-70,-1.30120056854091,0.077,0.175,1.06735120280229e-65,"NAAA"
8.11878402187794e-70,-0.813561864685987,0.257,0.385,1.55799465379838e-65,"IL4R"
1.47335533570965e-69,-1.5238093864424,0.069,0.161,2.82736888922682e-65,"MPZL3"
3.83154721137646e-69,-0.544831724140979,0.518,0.632,7.35273909863143e-65,"GSDMD"
1.06645866744905e-68,-0.353413957438949,0.782,0.852,2.04653418283473e-64,"CAPG"
2.55805958867849e-68,-1.13676257517662,0.136,0.248,4.90891635067402e-64,"RELB"
4.40468871013152e-68,-0.789809993863083,0.343,0.467,8.45259763474239e-64,"FCER1G"
4.72493722916213e-68,0.293836500884608,0.95,0.916,9.06715454276213e-64,"DDX21"
5.88697866897779e-68,-0.882993379059025,0.243,0.367,1.12971120657684e-63,"ANXA2R"
6.90248961209742e-68,0.64539976747653,0.463,0.317,1.3245877565615e-63,"CCDC18"
8.59627528408921e-68,0.437104372077348,0.769,0.658,1.64962522701672e-63,"SLC39A4"
9.16895632711716e-68,-0.397484850007379,0.745,0.804,1.75952271917378e-63,"PGD"
1.46450322893666e-67,0.43389034839641,0.589,0.46,2.81038169632945e-63,"ID1"
5.30616787054993e-67,0.424759846508362,0.764,0.663,1.01825361435853e-62,"TMEM126A"
6.63206716027929e-67,-0.827559803481696,0.249,0.374,1.2726936880576e-62,"DYNLT3"
1.3806554413826e-66,-0.338723910027089,0.81,0.873,2.64947779201321e-62,"CD34"
1.96729883185085e-66,-0.38303757901807,0.729,0.809,3.77524645832178e-62,"PSMA2"
2.41188424118985e-66,0.679189586686588,0.411,0.268,4.62840585884333e-62,"TRGC1"
4.00468723816891e-66,0.402058279400749,0.791,0.691,7.68499481004614e-62,"MAFG"
4.31071141566245e-66,0.256028979989676,0.983,0.962,8.27225520665624e-62,"MYDGF"
1.35387791568109e-65,-0.586731798796862,0.484,0.589,2.59809172019202e-61,"KMT2A"
1.45931385475575e-65,0.313010309965104,0.913,0.873,2.80042328727627e-61,"PTPN7"
2.07306386110846e-65,0.259723478765587,0.962,0.935,3.97820954946714e-61,"EIF4G2"
2.11903648618715e-65,0.499463291585087,0.836,0.76,4.06643101699314e-61,"UBE2S"
3.57161446544832e-65,0.288474548700191,0.931,0.893,6.85392815919533e-61,"CYCS"
7.03142196099319e-65,-0.870998239165453,0.143,0.258,1.34932987431459e-60,"GNG7"
1.21598238083651e-64,0.329509401062108,0.873,0.808,2.33347018882527e-60,"AK2"
1.34161327724861e-64,-1.00969064174149,0.157,0.268,2.57455587904009e-60,"SMAD3"
1.52165667488016e-64,-1.59926813565627,0.051,0.132,2.92005915909503e-60,"SLC18B1"
1.80792268833354e-64,0.302968445446755,0.907,0.856,3.46940363891206e-60,"COA4"
2.68625679122559e-64,0.338897706340007,0.874,0.816,5.15492678236191e-60,"TAF9"
2.69968520282204e-64,-0.49154105902553,0.648,0.721,5.1806959042155e-60,"TMEM251"
3.94847868884294e-64,-1.23748469206941,0.1,0.199,7.57713060388961e-60,"YPEL1"
1.81880407943886e-63,-0.682352415107605,0.34,0.46,3.49028502844317e-59,"MPZL1"
2.41919791905869e-63,0.580322579622476,0.517,0.375,4.64244080667363e-59,"RPP21"
2.83124205805007e-63,0.555448211064543,0.57,0.434,5.43315350939808e-59,"SLC48A1"
3.99595706788739e-63,-0.769438524538348,0.279,0.401,7.6682416132759e-59,"IFI16"
4.28219109734356e-63,0.386727802532656,0.752,0.648,8.2175247158023e-59,"TAF10"
1.15956308035649e-62,0.761152985788577,0.388,0.252,2.2252015512041e-58,"RGS18"
1.30633375268007e-62,-0.90805990886496,0.195,0.308,2.50685447139305e-58,"GNG10"
2.28548858206204e-62,0.303333124308641,0.9,0.841,4.38585258897705e-58,"CENPV"
2.66728959724945e-62,0.730623097382163,0.407,0.279,5.1185287371217e-58,"CEBPD"
4.12540309798689e-62,0.35044367110304,0.847,0.771,7.91664854503685e-58,"MAD2L2"
1.32399566216932e-61,-0.478932649401006,0.592,0.689,2.54074767570292e-57,"LYSMD2"
3.16883666073133e-61,-0.328438064811567,0.884,0.922,6.08099755194342e-57,"LYRM1"
4.06994883397635e-61,-0.537261924562961,0.473,0.586,7.81023181240062e-57,"CARHSP1"
4.48048121234332e-61,-0.709005949413445,0.306,0.426,8.59804344648683e-57,"POLD3"
5.34675496975709e-61,0.277279908822928,0.918,0.879,1.02604227869639e-56,"TXNDC17"
8.710413049226e-61,-0.413750358901234,0.669,0.753,1.67152826414647e-56,"CD47"
1.91572911948689e-60,-1.29256080317974,0.085,0.175,3.67628418029534e-56,"CCNG2"
2.00340375503608e-60,-0.352632186173323,0.798,0.856,3.84453180591424e-56,"HLA-E"
2.25198145310127e-60,-1.76431562042343,0.041,0.113,4.32155240850135e-56,"RASSF4"
2.32992455345056e-60,0.326413191050382,0.889,0.821,4.47112521807163e-56,"SEC11C"
3.55281759690425e-60,0.469198169716225,0.659,0.537,6.81785696845926e-56,"NABP2"
3.59549699107009e-60,0.380385963260931,0.77,0.683,6.8997587258635e-56,"ARF5"
6.46273284733208e-60,-0.291503856894479,0.837,0.891,1.24019843340303e-55,"MYL12B"
8.80517824655286e-60,-0.537404135038754,0.451,0.566,1.68971370551349e-55,"DUSP6"
1.45172229635867e-59,0.448567394066286,0.643,0.51,2.78585508671228e-55,"CD81"
5.71502960910283e-59,-0.377519044584975,0.691,0.774,1.09671418198683e-54,"MTFP1"
6.13189588098098e-59,-1.07093566281308,0.123,0.223,1.17671081956025e-54,"SYNJ2BP"
6.2829785266384e-59,0.365587631328613,0.77,0.669,1.20570357926191e-54,"GPATCH4"
6.37230415505271e-59,-1.23607052787624,0.088,0.179,1.22284516735461e-54,"ABLIM1"
6.56962633647931e-59,-0.319038301607303,0.819,0.874,1.26071129397038e-54,"PSIP1"
2.20911068195497e-58,-1.32595231700253,0.081,0.168,4.23928339867159e-54,"ANXA5"
2.79968276093465e-58,1.11489627015576,0.169,0.075,5.37259121823359e-54,"RPS6KL1"
3.96010144246163e-58,-0.877838026275011,0.178,0.287,7.59943466808387e-54,"NR3C1"
4.75763266223474e-58,0.440810583466062,0.65,0.527,9.12989707882846e-54,"GAR1"
4.97544699180407e-58,0.353950869031718,0.821,0.732,9.54788277727202e-54,"SMIM4"
5.04000303559197e-58,-0.893750791305748,0.141,0.244,9.67176582530099e-54,"HERC5"
5.65962675149825e-58,-0.59728995961241,0.376,0.493,1.08608237361251e-53,"MCMBP"
5.70200643771556e-58,0.434265722200832,0.702,0.592,1.09421503539762e-53,"PYCR1"
6.47735751612244e-58,1.9583593569033,0.108,0.035,1.2430049073439e-53,"TIMP3"
8.93110700114453e-58,-0.399467213878387,0.671,0.747,1.71387943351964e-53,"CHMP4B"
1.45531286210713e-57,-0.43899646120277,0.25,0.38,2.79274538238358e-53,"RAB27B"
1.50533205206404e-57,-0.929942064427792,0.169,0.276,2.88873220791089e-53,"RP11-25K19.1"
1.79781578968842e-57,0.300060543873045,0.887,0.825,3.45000850041208e-53,"RILPL2"
2.12537706990352e-57,0.400294681678606,0.752,0.658,4.07859859714486e-53,"METTL5"
2.46599237917724e-57,1.09026842585698,0.195,0.095,4.73223937564113e-53,"TRGC2"
2.75319296997465e-57,-1.33472029304892,0.067,0.15,5.28337730938135e-53,"FAM65B"
3.12849746851022e-57,-0.520820663544828,0.501,0.598,6.00358664207111e-53,"NUBP1"
3.56342205911276e-57,0.292576187758921,0.914,0.87,6.83820693143739e-53,"DAD1"
4.16971536476097e-57,-1.01858853699175,0.133,0.232,8.00168378497629e-53,"LINC01116"
4.41569964721631e-57,0.521238693208038,0.586,0.456,8.47372762300811e-53,"TP53RK"
4.66167939314608e-57,-0.445249765162713,0.6,0.679,8.94576275544733e-53,"CBWD2"
6.61102262890506e-57,-0.250011874914285,0.913,0.939,1.26865524248688e-52,"IDH2"
1.48896534919093e-56,-0.325443456981563,0.778,0.838,2.85732450509739e-52,"ESD"
1.89803008970642e-56,0.294808045727865,0.904,0.856,3.64231974214662e-52,"MRPL36"
2.67641070263448e-56,-1.50856664526939,0.051,0.125,5.13603213835556e-52,"POU2F2"
3.61725397902517e-56,0.264654909742688,0.964,0.95,6.9415103857493e-52,"EIF5"
3.71809977915802e-56,0.287056951397791,0.882,0.814,7.13503347620424e-52,"CCDC124"
3.7527861509312e-56,0.296233643708974,0.88,0.83,7.20159662363698e-52,"MKKS"
3.97481312070502e-56,0.299602170926691,0.892,0.85,7.62766637863293e-52,"EBNA1BP2"
4.00036366689389e-56,-1.84046922686083,0.05,0.124,7.67669787676937e-52,"SPP1"
4.24962341968141e-56,-1.32335186546059,0.067,0.148,8.15502734236862e-52,"TNFAIP3"
6.0157813997626e-56,-1.05067957175355,0.099,0.191,1.15442845061444e-51,"HACD4"
7.0427288338578e-56,-0.615173285100756,0.408,0.508,1.35149966321731e-51,"CYB5B"
7.36872133675715e-56,0.484061415882215,0.598,0.473,1.4140576245237e-51,"CD68"
2.30738942006966e-55,-1.02962233167523,0.137,0.235,4.42788029711368e-51,"ST3GAL6"
2.8059436753204e-55,-0.426018278024071,0.595,0.678,5.38460591293985e-51,"HADHA"
3.08915570059839e-55,0.318013894506013,0.886,0.833,5.92808978944831e-51,"MTHFD2L"
3.76243330310397e-55,-0.511462185123121,0.47,0.571,7.22010950865651e-51,"ZNF106"
5.41598874529774e-55,-0.517286173631856,0.405,0.516,1.03932824022264e-50,"BNIP3L"
6.28758172007131e-55,0.85221161151132,0.28,0.167,1.20658693208168e-50,"F12"
6.53906440039475e-55,0.284620919357708,0.902,0.842,1.25484645843575e-50,"BCL7C"
1.36433536572686e-54,0.978236633523473,0.195,0.096,2.61815956682985e-50,"SOX18"
2.38463867877212e-54,0.726882257069726,0.365,0.243,4.57612162456369e-50,"GFOD1"
2.50390325825926e-54,-0.723629374360274,0.258,0.369,4.80499035259952e-50,"ERGIC1"
2.70595741267602e-54,-0.549893061275975,0.385,0.496,5.19273227492529e-50,"POLD4"
4.65298645481625e-54,-1.00563466568744,0.127,0.223,8.92908100679238e-50,"GATSL3"
1.07942836859969e-53,0.507274193689101,0.516,0.387,2.07142303934281e-49,"BASP1"
1.60291747810013e-53,-0.339966661749054,0.746,0.795,3.07599864047414e-49,"PTEN"
2.18497000456609e-53,-0.607506976061146,0.163,0.27,4.19295743876233e-49,"IGFBP4"
3.51123690062803e-53,-0.340351425771344,0.753,0.809,6.73806361230519e-49,"NMT1"
4.23607267055691e-53,0.373949743076351,0.758,0.67,8.1290234547987e-49,"RPUSD3"
4.71160945001977e-53,-0.786578733300933,0.213,0.319,9.04157853458794e-49,"C10orf11"
7.34492247995462e-53,-0.311684922176673,0.791,0.852,1.40949062390329e-48,"PSME2"
7.63155649659379e-53,0.300474174347655,0.892,0.844,1.46449569169635e-48,"NOL7"
9.77691925866069e-53,0.28101308079985,0.899,0.853,1.87619080573699e-48,"SHFM1"
1.00507527587959e-52,-0.701147722354826,0.307,0.411,1.92873945441293e-48,"CDC42EP3"
1.24271530654472e-52,0.707502135845155,0.323,0.204,2.38477067325932e-48,"METRN"
2.61029639244708e-52,-0.787455303941923,0.219,0.325,5.00915877710595e-48,"IRF1"
3.28312879498211e-52,-0.598395957770044,0.36,0.463,6.30032415757067e-48,"CTC-524C5.2"
3.41070983068855e-52,-0.629579460843014,0.326,0.434,6.54515216509132e-48,"ARHGAP30"
3.68718840773826e-52,0.341056747903481,0.815,0.733,7.07571455444972e-48,"CDK2AP2"
5.29884939287753e-52,-0.427842345424371,0.611,0.709,1.0168491984932e-47,"ELMSAN1"
7.81539235924754e-52,0.357565652904064,0.774,0.691,1.4997737937396e-47,"RANGRF"
7.83602558861411e-52,0.517338344646891,0.544,0.422,1.50373331045505e-47,"FAM162A"
8.63746003107947e-52,-0.843078076697927,0.187,0.287,1.65752857996415e-47,"MRPL38"
1.09153798427712e-51,-0.335341804664569,0.788,0.833,2.0946613918278e-47,"CCT8"
1.1830962702571e-51,-0.513142375837459,0.477,0.568,2.27036174262338e-47,"VPS51"
1.6233333557825e-51,-0.304556727747704,0.848,0.879,3.11517670974662e-47,"DNMT1"
1.64198162080764e-51,-1.02604770906392,0.12,0.211,3.15096273032987e-47,"FBXO21"
2.03065700094181e-51,0.507126010025558,0.611,0.495,3.89683078480733e-47,"RASGRP3"
2.057853392633e-51,0.486129063185999,0.593,0.468,3.94902066046272e-47,"SNHG12"
2.49228653725915e-51,0.260100326522521,0.916,0.882,4.7826978650003e-47,"ORMDL1"
2.50992736955613e-51,-0.740055034547839,0.234,0.34,4.81655062217822e-47,"RBPMS"
5.22524252881914e-51,-0.41901443569499,0.61,0.687,1.00272404128039e-46,"NARF"
6.28359876259709e-51,-0.607040032313638,0.315,0.423,1.20582260254238e-46,"DYM"
6.42743743763346e-51,0.419842262165306,0.651,0.532,1.23342524428186e-46,"MT-ND4L"
6.81996275954185e-51,0.402042732472037,0.661,0.55,1.30875085355608e-46,"PSMG3"
7.0872391617534e-51,-0.490326257494238,0.43,0.536,1.36004119514048e-46,"ACOT7"
7.98650329499569e-51,0.266245834219649,0.924,0.881,1.53260998230967e-46,"NAA10"
9.95052538245159e-51,0.297787946149307,0.873,0.814,1.90950582089246e-46,"YDJC"
1.55969086078545e-50,0.364318967502108,0.727,0.624,2.99304676184728e-46,"POLR2G"
1.84640575799538e-50,-0.582003182493502,0.401,0.501,3.54325264959313e-46,"NTAN1"
3.336330855054e-50,-0.557275570042145,0.38,0.486,6.40241891084862e-46,"DPYSL2"
3.38608784310792e-50,-0.518713203117462,0.407,0.516,6.4979025709241e-46,"SMCO4"
4.61887947301659e-50,-0.696609194559843,0.272,0.375,8.86362970871885e-46,"IPO11"
4.84788980450093e-50,-0.514718179654289,0.582,0.658,9.30310053483728e-46,"TK1"
7.05436355822524e-50,-1.35976177538126,0.053,0.123,1.35373236682342e-45,"IQCK"
7.85817237854161e-50,0.309258122959307,0.87,0.81,1.50798327944214e-45,"DPM3"
8.34607305600639e-50,-0.71433892605712,0.224,0.328,1.60161141944763e-45,"PRKAR2B"
1.39018406882862e-49,-0.597222182272113,0.349,0.455,2.66776322808211e-45,"MAP2K1"
1.49511557961407e-49,0.264390865645275,0.921,0.868,2.86912679727939e-45,"C16orf13"
1.76495070920117e-49,0.613379782226129,0.265,0.157,3.38694041095705e-45,"MPO"
2.02745416073426e-49,-0.614936351638416,0.324,0.436,3.89068453444904e-45,"FAM213A"
2.05560419602334e-49,3.32748527975502,0.1,0.034,3.94470445216879e-45,"HBD"
2.82981056556579e-49,-0.649330553014129,0.332,0.433,5.43040647532074e-45,"ITGAL"
3.08764056954296e-49,-0.601175339506047,0.318,0.424,5.92518225295294e-45,"EZR"
4.79227982213778e-49,0.420986227971108,0.685,0.592,9.19638497868241e-45,"CNIH4"
5.26895524969434e-49,0.339793603196222,0.744,0.647,1.01111251241634e-44,"CBWD5"
8.31498678682993e-49,-0.480213161533911,0.512,0.601,1.59564596439266e-44,"PAN3"
1.15037703988069e-48,-1.13629354573714,0.087,0.168,2.20757353953104e-44,"ANKRD26"
1.59441709013466e-48,0.257487171538989,0.932,0.895,3.05968639596842e-44,"NOP56"
2.63676357007501e-48,-0.340446450498703,0.711,0.774,5.05994929097394e-44,"HPRT1"
3.04238504575732e-48,-0.833159901296987,0.179,0.274,5.8383369028083e-44,"CTSS"
5.17848766723903e-48,-0.759226573733649,0.184,0.281,9.9375178334317e-44,"CRHBP"
6.35906168801074e-48,-0.94832645471973,0.133,0.222,1.22030393792926e-43,"PRKACA"
9.67579549348121e-48,0.708691579962483,0.335,0.222,1.85678515519904e-43,"VCL"
1.27921232755569e-47,0.288797076421157,0.903,0.844,2.45480845657937e-43,"RAC3"
2.4042312606458e-47,0.298924004648701,0.894,0.846,4.61371978917928e-43,"HEBP2"
2.69203512740965e-47,-0.394649512417271,0.664,0.74,5.16601540949912e-43,"CST3"
3.00371454437723e-47,0.289562514845355,0.838,0.75,5.76412821065991e-43,"SPCS3"
3.54203411836476e-47,0.388535493220297,0.812,0.761,6.79716347314197e-43,"CCND3"
3.90006124815886e-47,-0.834045226355609,0.177,0.272,7.48421753521686e-43,"IL16"
4.25026624259556e-47,0.463325110946734,0.539,0.414,8.15626091954089e-43,"FAM195A"
6.20396697770661e-47,-0.706855867579999,0.288,0.386,1.1905412630219e-42,"QPRT"
6.61504508498336e-47,-1.2201581745683,0.062,0.133,1.26942715180831e-42,"SMIM14"
1.02605481888526e-46,0.70079807519368,0.285,0.177,1.96899919744081e-42,"CTNNAL1"
1.18548667434673e-46,-0.448037851116079,0.528,0.614,2.27494892807138e-42,"HOXB4"
1.75751872222545e-46,-0.680853108588744,0.243,0.344,3.37267842795064e-42,"CTSZ"
2.28739936924762e-46,-0.878178506395766,0.128,0.218,4.38951938958618e-42,"CALN1"
2.6529394575913e-46,-0.253960436374987,0.882,0.92,5.09099081911771e-42,"ITM2B"
5.50463013048687e-46,-0.361965951963348,0.664,0.734,1.05633852204043e-41,"TTC3"
5.96757631730548e-46,0.477198827807392,0.512,0.391,1.14517789529092e-41,"PUM3"
7.54637922513159e-46,-0.875021334468997,0.146,0.239,1.44815017330275e-41,"IGFBP7"
7.67814612268758e-46,-0.367833634793274,0.655,0.726,1.47343624094375e-41,"RRP1B"
7.83395931293383e-46,-0.553909416216313,0.402,0.496,1.503336792152e-41,"CD59"
9.96132927352895e-46,-1.1368295593975,0.082,0.158,1.91157908759021e-41,"TRAF5"
1.10498412695356e-45,0.577207671815424,0.431,0.313,2.12046453962388e-41,"PSMD5-AS1"
1.42090544364986e-45,-1.2178464186286,0.08,0.154,2.72671754636408e-41,"GPR85"
3.28096854047249e-45,-1.1899255178724,0.076,0.149,6.2961786291667e-41,"SCPEP1"
3.45649595014127e-45,-1.23496939163303,0.071,0.143,6.6330157283211e-41,"EXD3"
3.80132522269595e-45,-0.536969434938792,0.445,0.533,7.29474310235352e-41,"ITGA4"
3.95222053356229e-45,-0.722826748761682,0.24,0.338,7.58431120390604e-41,"PROM1"
4.83132971709081e-45,0.462463857477292,0.565,0.451,9.27132172709727e-41,"RHBDD3"
4.95537245094385e-45,0.759349637081784,0.278,0.174,9.50935973336124e-41,"C2orf88"
5.2101990571283e-45,-0.695200423304554,0.193,0.293,9.99837199062921e-41,"TPD52"
9.87562422048023e-45,-0.800724294805739,0.196,0.29,1.89513228791016e-40,"SQRDL"
1.05897298446393e-44,0.251586023828082,0.936,0.913,2.03216915718629e-40,"PSMB3"
1.35509750491945e-44,0.332485466499645,0.758,0.679,2.60043211194042e-40,"TDG"
1.37218527423337e-44,-0.658564518273989,0.278,0.377,2.63322354125383e-40,"TGFBR1"
1.96849222821084e-44,0.522135562593266,0.443,0.326,3.77753658593661e-40,"TMEM138"
1.97287329331703e-44,0.290052096546495,0.855,0.799,3.78594384987538e-40,"SSB"
2.63057042747228e-44,0.975919725654651,0.18,0.095,5.0480646503193e-40,"APITD1-CORT"
2.86410845728412e-44,0.268221422860036,0.887,0.828,5.49622412952822e-40,"AUP1"
3.46414987148572e-44,0.25648373154169,0.903,0.861,6.64770360338109e-40,"EI24"
4.02142855525421e-44,0.744883633992661,0.243,0.144,7.71712139753283e-40,"OGG1"
4.37944851429337e-44,-0.661965674905393,0.447,0.534,8.40416169892898e-40,"CYTL1"
4.74207680510931e-44,-0.862920871458454,0.167,0.256,9.10004538900477e-40,"CCSER2"
6.40388176629814e-44,-0.607525248102198,0.279,0.38,1.22890491095261e-39,"C18orf32"
8.02276124457674e-44,0.540765127227631,0.423,0.307,1.53956788283428e-39,"SHC1"
1.05994687409281e-43,-0.609172569776638,0.39,0.478,2.0340380513841e-39,"FOSL2"
1.17413238226767e-43,-0.903248341825743,0.137,0.222,2.25316004157166e-39,"C5orf56"
1.35792934721176e-43,-0.336303304587407,0.68,0.752,2.60586641729938e-39,"NUDT5"
1.51698379173034e-43,0.343845600706401,0.722,0.622,2.91109189633051e-39,"TIMM17A"
1.62989819545425e-43,-0.35992507620627,0.669,0.738,3.1277746370767e-39,"LBR"
1.69525704020551e-43,0.287367156314171,0.838,0.771,3.25319826015437e-39,"TUSC2"
1.75580821069459e-43,0.394666144870222,0.644,0.537,3.36939595632292e-39,"LTBR"
2.31785530991049e-43,-0.275594493182178,0.816,0.87,4.44796433971823e-39,"TMBIM4"
3.24453523781269e-43,-0.478766138169086,0.409,0.508,6.22626312136255e-39,"GCSAML"
4.1343868189359e-43,0.380195986472095,0.783,0.714,7.933888305538e-39,"EIF1B"
4.99375884498051e-43,-0.441800496843375,0.47,0.564,9.58302322351761e-39,"PFKL"
5.676598759413e-43,-0.420322025365965,0.537,0.616,1.08933930193135e-38,"NHLRC3"
6.17774034720832e-43,-0.31295345831258,0.732,0.791,1.18550837262928e-38,"DCK"
8.53390920009272e-43,-0.473641612509196,0.501,0.594,1.63765717549779e-38,"RMI2"
9.95862943455674e-43,-0.33937726917314,0.607,0.695,1.91106098849144e-38,"LYN"
1.04500400897862e-42,-0.85470239240034,0.158,0.245,2.00536269322997e-38,"CIITA"
1.47787628682613e-42,-0.282256452801774,0.785,0.842,2.83604459441934e-38,"SH3BGRL"
1.64727054019593e-42,-0.814748392576531,0.171,0.261,3.16111216663598e-38,"CLIP1"
1.82685100246521e-42,0.422537670453036,0.539,0.424,3.50572707373074e-38,"NDUFAF4"
1.95126493279115e-42,-0.370425459048974,0.623,0.696,3.74447740602622e-38,"TSTD1"
2.11662596084036e-42,0.272958874344894,0.853,0.789,4.06180521885265e-38,"CIB1"
2.36493121421741e-42,0.573981507479217,0.353,0.241,4.53830300008321e-38,"DIAPH1"
2.37978053175648e-42,0.355365327018462,0.679,0.581,4.56679884044069e-38,"RCC1"
3.03530499251077e-42,-0.386112015094522,0.746,0.793,5.82475028062816e-38,"BTG1"
3.06994599970889e-42,0.971200653572324,0.152,0.075,5.89122637344136e-38,"ZNF385A"
3.81394523372967e-42,0.33504232239408,0.757,0.662,7.31896090352723e-38,"SNRNP25"
4.12346422921398e-42,0.36578628917029,0.684,0.59,7.91292785586163e-38,"MRPL24"
4.63848813524374e-42,-0.849577494449202,0.153,0.24,8.90125873153273e-38,"YBEY"
5.5312631455076e-42,-0.487679436559663,0.432,0.522,1.06144939762291e-37,"IFNGR2"
7.86305023472669e-42,0.670145968175934,0.266,0.164,1.50891934004405e-37,"TVP23B"
8.37324343013682e-42,0.373333596919938,0.642,0.536,1.60682541424326e-37,"SLC25A19"
9.25953853738664e-42,0.311016301292801,0.781,0.711,1.7769054453245e-37,"SLC39A1"
9.66626199357349e-42,-0.640803668385334,0.272,0.369,1.85495567656675e-37,"SOCS3"
1.05805301585855e-41,0.335757198254547,0.755,0.664,2.03040373743256e-37,"LYAR"
1.24325761202688e-41,-1.30496716610669,0.047,0.107,2.38581135747959e-37,"TBC1D12"
1.68740204302073e-41,0.262485647451198,0.842,0.783,3.23812452055678e-37,"MIEN1"
1.73562281125118e-41,-0.626143975413864,0.269,0.365,3.33066017479102e-37,"NNT-AS1"
2.89199828597893e-41,0.353615009799948,0.708,0.616,5.54974471079357e-37,"CEBPZ"
3.10464590787737e-41,0.365951826584924,0.664,0.558,5.95781549721667e-37,"POLR2A"
3.51733886910025e-41,0.47232270734975,0.511,0.399,6.74977328980338e-37,"PXN-AS1"
4.5916752979186e-41,0.546575830578596,0.409,0.297,8.81142489670579e-37,"ECE2"
4.65891829954453e-41,-0.367561989036693,0.527,0.616,8.94046421682595e-37,"HPCAL1"
4.68067709719786e-41,0.88639453638363,0.201,0.114,8.98221934952269e-37,"CD69"
7.5002090808431e-41,-1.08198016951684,0.089,0.162,1.43929012261379e-36,"RP11-1275H24.1"
8.00215829343039e-41,0.266602137550413,0.869,0.818,1.53561417650929e-36,"DDX18"
8.03242161845156e-41,-1.26967580130083,0.049,0.109,1.54142170858085e-36,"SHE"
8.10237564586069e-41,-0.348813732402258,0.587,0.673,1.55484588644067e-36,"TNFSF13B"
8.16388758457866e-41,0.323110482139468,0.731,0.637,1.56665002748065e-36,"EMD"
8.32951657682234e-41,0.455699223390459,0.534,0.422,1.59843423109221e-36,"HMGN5"
8.53621178923214e-41,-0.509181859486942,0.351,0.451,1.63809904235365e-36,"UHRF1"
8.90120991086195e-41,-0.964378136433401,0.104,0.18,1.70814218189441e-36,"TBC1D4"
9.02598420198475e-41,1.25573845879211,0.104,0.042,1.73208636836087e-36,"GSTM1"
9.3350140327622e-41,-0.308428340931412,0.732,0.787,1.79138919288707e-36,"TM7SF3"
1.00902537465329e-40,0.258886393805584,0.877,0.817,1.93631969395966e-36,"LRRC59"
1.10347121636742e-40,0.300529651638571,0.794,0.713,2.11756126420908e-36,"SMIM10L1"
1.2354791799669e-40,0.276840896134559,0.845,0.779,2.37088454635649e-36,"CDC26"
1.38639878371098e-40,0.48239796273671,0.1,0.039,2.66049926594137e-36,"HBB"
1.46333597363691e-40,0.478940219787672,0.639,0.537,2.80814173340923e-36,"MDK"
1.69953287235387e-40,0.730214667569546,0.226,0.134,3.26140358204707e-36,"C22orf34"
1.95020268067671e-40,-0.252976837548145,0.861,0.892,3.74243894421861e-36,"HNRNPM"
2.47523326411287e-40,0.396044886910428,0.727,0.654,4.7499726338326e-36,"C10orf54"
2.48959150497173e-40,0.344955542640929,0.737,0.655,4.77752609804075e-36,"EMB"
3.30819342282832e-40,0.461882455871543,0.546,0.427,6.34842317840755e-36,"SOCS1"
4.51584325346483e-40,0.465379702909248,0.47,0.355,8.665903203399e-36,"PNO1"
7.04021563853817e-40,-0.649402784158655,0.253,0.343,1.35101738103548e-35,"SPTAN1"
9.20879883471984e-40,-0.419159150110115,0.486,0.568,1.76716849638274e-35,"NOL12"
9.93253796852005e-40,0.443796786998083,0.547,0.437,1.906054036159e-35,"PRR34-AS1"
1.29983387822843e-39,-0.485625420488681,0.326,0.424,2.49438121232036e-35,"SPNS3"
1.5132436786068e-39,-0.521912864922677,0.367,0.456,2.90391461924645e-35,"FAM111A"
1.68233514491875e-39,0.422909797014033,0.553,0.451,3.22840114309909e-35,"VPS25"
2.02220512055201e-39,-0.261560347873829,0.855,0.883,3.88061162633931e-35,"GDI2"
2.48945902484776e-39,1.25979974973166,0.119,0.054,4.77727186868285e-35,"FAM19A2"
3.36548236307875e-39,-0.606636104951329,0.242,0.334,6.45836065474812e-35,"PRNP"
3.51071595039508e-39,-0.254823253695733,0.825,0.873,6.73706390880815e-35,"SEPT6"
3.51935835957182e-39,0.339498441495448,0.739,0.648,6.75364869201831e-35,"C8orf59"
4.03215697623556e-39,-0.756996368571962,0.143,0.227,7.73770923739604e-35,"SKAP1"
4.48627006633124e-39,-0.317803375884983,0.681,0.74,8.60915225728964e-35,"MRPL16"
4.48657255256122e-39,-0.803346390402164,0.156,0.239,8.60973272836499e-35,"RAVER1"
4.7059420868305e-39,0.340563038489995,0.706,0.612,9.03070286462773e-35,"DNAJC19"
5.10399312044216e-39,-0.40096001804602,0.511,0.585,9.79456279812851e-35,"MAPK14"
8.69230034217129e-39,-0.425820466534436,0.515,0.593,1.66805243566267e-34,"ARID4B"
1.03739126401409e-38,-0.370245779257107,0.558,0.625,1.99075383564305e-34,"UBE2R2"
1.64146622484158e-38,-0.716941923357002,0.106,0.184,3.14997368547099e-34,"CAMK1D"
1.76844923678942e-38,-0.747660317328299,0.196,0.283,3.3936540853989e-34,"MFGE8"
2.56798554965708e-38,-0.304663073326409,0.731,0.782,4.92796426979193e-34,"FNBP1"
2.85628202864501e-38,0.276604004450459,0.8,0.728,5.48120521296977e-34,"HDDC2"
3.52492536892299e-38,-0.65767698492546,0.243,0.332,6.76433178296321e-34,"HOXB3"
4.89766256077233e-38,0.377446961854009,0.635,0.53,9.3986144541221e-34,"DNAJC2"
5.19901527852099e-38,-0.423871914532411,0.558,0.628,9.97691031948179e-34,"PPP3CA"
5.19962088736022e-38,-0.810078422351852,0.141,0.221,9.97807248284425e-34,"ALDH2"
7.44709332206682e-38,-0.804303387855792,0.142,0.222,1.42909720850462e-33,"MAGEF1"
7.87486288733662e-38,0.31165953770021,0.825,0.755,1.5111861880799e-33,"RP5-1171I10.5"
8.00857893368476e-38,-0.55995887683198,0.364,0.451,1.53684629737411e-33,"OCIAD2"
9.34672465057988e-38,-0.718090176721581,0.204,0.29,1.79363646044628e-33,"PECAM1"
1.00794502029752e-37,0.280624067483201,0.789,0.712,1.93424649395095e-33,"FARSA"
1.16693279118335e-37,0.296011100226257,0.745,0.672,2.23934402628085e-33,"NTMT1"
1.24487447141314e-37,-0.427422257398077,0.496,0.576,2.38891411064181e-33,"CCP110"
1.3777698816978e-37,-0.581015968519184,0.291,0.382,2.64394040297808e-33,"SYNC"
1.43873591142007e-37,0.38113461283953,0.589,0.483,2.76093421401512e-33,"CLPTM1L"
1.70984117653472e-37,-0.311489452478948,0.69,0.748,3.28118521777014e-33,"STX10"
1.73631644690791e-37,-0.430731235852197,0.517,0.591,3.33199126161628e-33,"MUM1"
2.20063037072971e-37,-1.24716453443856,0.059,0.119,4.22300968143031e-33,"TRAF3IP2"
2.29182157919427e-37,-0.656270231372595,0.225,0.314,4.3980056104738e-33,"FBXW9"
2.306510899018e-37,-0.570891619724362,0.271,0.362,4.42619441521555e-33,"RPS6KA5"
2.83097670211436e-37,-0.909472283280284,0.105,0.178,5.43264429135745e-33,"STX3"
3.35647892980708e-37,-0.513948235183482,0.357,0.442,6.44108306629978e-33,"ARID1B"
3.5806888929061e-37,0.284297471255347,0.8,0.723,6.87134198548681e-33,"RPL26L1"
3.82506846880894e-37,0.328199776999592,0.807,0.732,7.34030639164436e-33,"SNHG19"
4.20269682182239e-37,-0.525877957905712,0.373,0.457,8.06497520107717e-33,"HMHA1"
4.37498101217503e-37,0.503090253621672,0.429,0.322,8.39558856236388e-33,"MINCR"
4.53932304657864e-37,-1.01091723117981,0.093,0.162,8.71096092638441e-33,"NBPF15"
5.97199465537001e-37,-0.793826459089429,0.159,0.24,1.14602577436551e-32,"SNX20"
7.45222066005362e-37,-0.687269278743377,0.173,0.259,1.43008114466429e-32,"FHL1"
7.64445076012493e-37,-1.08383266196367,0.077,0.143,1.46697010086797e-32,"CYLD"
7.75950754490142e-37,-1.03142152725504,0.095,0.165,1.48904949786658e-32,"HLA-F"
1.00208777293924e-36,0.310097816481058,0.771,0.705,1.92300643627041e-32,"ADI1"
1.11171861662687e-36,0.344048415836759,0.618,0.513,2.13338802530697e-32,"HDDC3"
1.4318776505809e-36,0.258323187731743,0.806,0.73,2.74777321146474e-32,"C14orf1"
1.4778293744144e-36,0.291916204065016,0.765,0.68,2.83595456950123e-32,"UFM1"
1.53278850038309e-36,-0.356009459000997,0.592,0.664,2.94142113223516e-32,"DYNLT1"
2.24092317045377e-36,-0.260369279324537,0.8,0.836,4.30033156410079e-32,"BNIP2"
2.67656485951038e-36,-0.755446890731612,0.176,0.258,5.13632796540042e-32,"TMEM65"
2.71179235746036e-36,-0.500692925473759,0.615,0.664,5.20392953396642e-32,"TOP2A"
2.89355993289798e-36,-0.790490846929822,0.146,0.225,5.55274151123122e-32,"SORT1"
3.457701564791e-36,1.11169344356749,0.104,0.045,6.63532930283393e-32,"RP11-437B10.1"
3.84475921153815e-36,-0.27731856278901,0.736,0.792,7.3780929269417e-32,"MGST3"
4.80061187580006e-36,-0.524167201182768,0.333,0.421,9.21237418966031e-32,"CAMK2G"
5.53943451609472e-36,0.27514038905653,0.798,0.726,1.06301748363858e-31,"DPM2"
5.73659244137932e-36,0.456931507051546,0.485,0.38,1.10085208950069e-31,"NR2F6"
5.94096251656472e-36,-0.677743064711203,0.223,0.306,1.14007070692877e-31,"TAP1"
9.2965583046408e-36,-0.326589848610073,0.63,0.688,1.78400953866057e-31,"LCMT1"
1.05657620043434e-35,-0.336400784271906,0.615,0.676,2.0275697286335e-31,"CRTAP"
1.47872421961153e-35,-0.803466254694596,0.144,0.221,2.83767177743452e-31,"IGFLR1"
1.74910221720111e-35,-0.745439883863791,0.182,0.264,3.35652715480894e-31,"ESCO2"
1.93069789559509e-35,0.3562693114003,0.621,0.52,3.70500926164698e-31,"POLR3H"
2.131552653852e-35,0.475935068313074,0.416,0.31,4.09044954274199e-31,"FAM189B"
2.56074595050374e-35,-0.355998178315274,0.573,0.641,4.91407147901668e-31,"HSF1"
4.34020623031156e-35,-0.502147923637941,0.377,0.458,8.32885575596788e-31,"PSMA6"
6.07668924511195e-35,-0.308927390695878,0.638,0.711,1.16611666613698e-30,"IDS"
6.85209356807395e-35,-0.606830886900018,0.229,0.317,1.31491675571339e-30,"MACROD1"
6.95062163571874e-35,0.42552687491854,0.481,0.375,1.33382429189443e-30,"ABHD14A"
7.43525415207858e-35,-0.918732401954285,0.111,0.183,1.42682527178388e-30,"TBC1D10A"
7.72326324891627e-35,-0.903528620224848,0.111,0.182,1.48209421746703e-30,"ABHD3"
9.51977719257823e-35,-0.349814525243379,0.603,0.666,1.82684524325576e-30,"IKZF1"
9.80185197374964e-35,-0.574038099807813,0.243,0.33,1.88097539376256e-30,"FAM105A"
1.01555830360404e-34,0.468423564044894,0.38,0.275,1.94885638461616e-30,"RP11-1000B6.3"
1.12178007792292e-34,-0.319434115976988,0.656,0.709,2.15269596953409e-30,"REST"
1.18560399804712e-34,-0.272167535479481,0.807,0.84,2.27517407225242e-30,"LINC00998"
1.29054555862189e-34,-0.72016098956392,0.17,0.25,2.4765569269954e-30,"CYSLTR1"
1.5899945862707e-34,0.255909261735253,0.823,0.752,3.05119961105347e-30,"TAF11"
2.07391941625649e-34,-0.569567801596697,0.233,0.318,3.9798513597962e-30,"CMIP"
2.09665484875757e-34,0.435336329729119,0.466,0.359,4.02348065476577e-30,"SURF2"
2.35504479348337e-34,-0.298871272780074,0.65,0.712,4.51933095869458e-30,"A1BG"
2.41748910471143e-34,-0.356170698079133,0.709,0.756,4.63916159194123e-30,"CAT"
2.43670824331517e-34,-0.442321079574822,0.402,0.484,4.67604311892181e-30,"NUCB1"
2.93550040269961e-34,-0.629182543609867,0.193,0.277,5.63322527278055e-30,"CD79B"
4.1305611353775e-34,0.386232195888325,0.517,0.406,7.92654681878943e-30,"DHX33"
4.20654499441282e-34,0.430555680202689,0.522,0.421,8.07235984427821e-30,"JUND"
4.57501056564087e-34,-0.892654123194987,0.115,0.186,8.77944527546484e-30,"TRAM2"
4.86835434632989e-34,0.335716070477742,0.649,0.557,9.34237199060707e-30,"PGP"
5.9471005094376e-34,-0.49479522163956,0.364,0.447,1.14124858776108e-29,"NOTCH1"
7.892840262936e-34,-0.513862996331207,0.338,0.419,1.51463604645742e-29,"REL"
8.17922314538917e-34,0.256271989756714,0.823,0.755,1.56959292160018e-29,"DGUOK"
9.98677006426357e-34,0.417061882504749,0.536,0.437,1.91646117533218e-29,"SLC27A5"
1.07933969008164e-33,-1.17811746711293,0.055,0.11,2.07125286526667e-29,"ADGRE1"
1.08327307816164e-33,0.314762296844973,0.7,0.61,2.07880103699218e-29,"NDUFV3"
1.31327780353056e-33,-0.389222140043167,0.517,0.586,2.52018010497515e-29,"SSBP3"
1.7810904683389e-33,-0.538492038094156,0.342,0.42,3.41791260874235e-29,"IFNAR1"
2.18190394027173e-33,-0.262179266431631,0.798,0.833,4.18707366138145e-29,"RBBP4"
2.39132542116752e-33,-0.724623431976319,0.155,0.232,4.58895348322048e-29,"JUP"
2.39645790923481e-33,-0.424091687121101,0.481,0.554,4.5988027278216e-29,"TNRC6B"
2.90325262480315e-33,0.441609156249211,0.469,0.367,5.57134178699725e-29,"DEXI"
3.11774203051384e-33,-0.313153761224803,0.638,0.7,5.98294695655605e-29,"PPM1F"
3.20121934684653e-33,0.344022898743669,0.609,0.513,6.14313992659849e-29,"PPIF"
3.33715738094254e-33,0.26315691770114,0.805,0.734,6.40400501402874e-29,"CRLS1"
4.09156932215982e-33,0.593301780638266,0.267,0.178,7.8517215292247e-29,"MORN2"
4.53998843451672e-33,-0.298933707102782,0.563,0.639,8.71223780583758e-29,"HOXB2"
5.13935378722615e-33,-0.412105654876521,0.442,0.526,9.86241991768698e-29,"KDSR"
6.21526082088939e-33,0.575947550833012,0.365,0.271,1.19270855152867e-28,"MLC1"
6.56125606844202e-33,0.861703992686231,0.146,0.079,1.25910503953402e-28,"RP11-473M20.16"
7.05975575121278e-33,0.25104377420062,0.84,0.791,1.35476712865773e-28,"MRPL21"
7.28350911753981e-33,-0.668609167221261,0.193,0.273,1.39770539965589e-28,"CERS4"
8.5155436430358e-33,-0.450268225683332,0.382,0.463,1.63413282509857e-28,"CTNNBIP1"
8.52202667871765e-33,0.412371607996517,0.508,0.407,1.63537691964592e-28,"MFSD12"
1.10471329322572e-32,-0.887807863038897,0.104,0.171,2.11994480970015e-28,"LINC00623"
1.28144181861688e-32,-0.478469107604581,0.234,0.319,2.45908684992579e-28,"KLF6"
1.30960623749383e-32,-0.279388746733848,0.717,0.764,2.51313436975066e-28,"SYF2"
1.57546177670338e-32,0.452320745976679,0.418,0.319,3.02331114949379e-28,"SRRD"
1.61544408140964e-32,-0.330417874572831,0.644,0.69,3.1000371922251e-28,"LRRFIP2"
1.75707825079104e-32,-0.414947832134675,0.483,0.559,3.37183316326801e-28,"CDT1"
1.79970821247951e-32,0.389374587990512,0.513,0.409,3.45364005974817e-28,"B3GALT6"
2.30632341123536e-32,-0.328311373519737,0.582,0.651,4.42583462616065e-28,"FERMT3"
2.43931929018778e-32,-0.656155585925828,0.204,0.284,4.68105371787035e-28,"PIP5K1B"
3.03161684894962e-32,0.275458284618836,0.742,0.661,5.81767273313431e-28,"SDHB"
3.58053325525518e-32,-0.592952033002175,0.23,0.31,6.8710433168347e-28,"GMDS"
4.8405018154834e-32,-0.753407127863938,0.157,0.232,9.28892298391265e-28,"TBC1D22A"
6.44733483528411e-32,0.540802015296658,0.349,0.256,1.23724355489102e-27,"FNDC3B"
8.25858267245044e-32,-0.714164166095689,0.177,0.254,1.58482201484324e-27,"FUT7"
9.52884176045028e-32,-0.381712639779197,0.527,0.587,1.82858473383041e-27,"CCDC88A"
1.06645562018721e-31,-0.252371983157948,0.069,0.129,2.04652833513926e-27,"HPGD"
1.169321912864e-31,0.307507665415922,0.682,0.59,2.24392875078601e-27,"PFDN6"
1.47144275961337e-31,0.294539031321641,0.677,0.588,2.82369865569805e-27,"RNASEH1"
1.6048366850549e-31,-1.10731339700669,0.05,0.102,3.07968159862035e-27,"NFIA"
1.69489227146795e-31,-0.491280638581822,0.229,0.313,3.252498268947e-27,"RP11-251M1.1"
1.79249042119057e-31,-0.262862188371125,0.738,0.777,3.4397891182647e-27,"PSMG2"
1.84874153915349e-31,-0.344926692435052,0.556,0.627,3.54773501363554e-27,"PSMB9"
1.96103427036826e-31,0.327849703845144,0.684,0.601,3.7632247648367e-27,"KIF22"
2.41243180850238e-31,-0.432244528731634,0.359,0.444,4.62945664051608e-27,"DAPK1"
2.5078007907386e-31,-1.07230266357165,0.066,0.122,4.81246971742738e-27,"PIK3C2B"
2.53506417174016e-31,0.27369411223529,0.779,0.711,4.86478814556936e-27,"MRPS25"
2.56649511174817e-31,-0.502118397003957,0.326,0.406,4.92510411944473e-27,"SDCCAG8"
2.74096498598153e-31,0.511357205004086,0.325,0.231,5.25991180809855e-27,"KLF16"
4.38881172179788e-31,0.371823291531067,0.558,0.462,8.42212969413013e-27,"NUTM2A-AS1"
4.39310164297818e-31,-0.340502252792396,0.555,0.62,8.43036205287512e-27,"WDR45B"
4.52314452001386e-31,0.286656367631023,0.747,0.675,8.67991433390659e-27,"TMEM141"
4.70518816382261e-31,0.519882641467679,0.331,0.238,9.02925608637558e-27,"PRR7"
4.96823368323959e-31,-0.48921753680078,0.351,0.427,9.53404043813678e-27,"THOP1"
5.09543062974975e-31,0.731659797405048,0.176,0.104,9.77813137848978e-27,"FAM41C"
5.78334134094303e-31,0.581604731145517,0.28,0.194,1.10982320332697e-26,"HYOU1"
6.38840494116525e-31,-0.939781844694815,0.085,0.146,1.22593490820961e-26,"TBL1X"
8.06033674493828e-31,-0.511510564103135,0.315,0.392,1.54677862135366e-26,"MRPL53"
9.0194868305055e-31,0.692009999643378,0.21,0.133,1.73083952277401e-26,"HIPK2"
9.32891032218464e-31,0.455869922490396,0.666,0.584,1.79021789082723e-26,"MT2A"
9.43911583725997e-31,0.395866339468092,0.491,0.392,1.81136632917019e-26,"PLPP5"
1.69812302905697e-30,-0.535300803155901,0.317,0.394,3.25869809276033e-26,"IL27RA"
1.88392305208336e-30,0.335128039778642,0.622,0.522,3.61524833694797e-26,"ZNF544"
1.91501665437768e-30,-0.308040349467342,0.66,0.711,3.67491695975077e-26,"MESDC1"
2.25975285898755e-30,0.609755871468302,0.242,0.16,4.3364657363971e-26,"UBE2V1"
2.27001943859985e-30,-0.760943981328072,0.141,0.212,4.35616730267311e-26,"CTC-246B18.10"
2.4906865032036e-30,-0.376440016717969,0.525,0.591,4.77962739964772e-26,"AC013461.1"
2.76088577045429e-30,0.339536470380719,0.628,0.538,5.29813979350178e-26,"CTSC"
2.80543505338014e-30,-0.377229478525369,0.463,0.536,5.3836298674365e-26,"ASCL2"
2.84657325622451e-30,-0.433787904130914,0.385,0.46,5.46257407869484e-26,"CREBBP"
3.02263180573083e-30,-0.636422375493031,0.254,0.325,5.80043043519746e-26,"CEP55"
3.37558460518862e-30,-0.740452330378041,0.15,0.221,6.47774685735697e-26,"TRIM26"
4.12109834567791e-30,-0.447285343740968,0.385,0.459,7.90838772535591e-26,"HNRNPL"
4.16227258259119e-30,0.788989894726126,0.151,0.086,7.98740108599249e-26,"TCF15"
4.59253623392417e-30,-0.766679184270895,0.118,0.185,8.81307703290048e-26,"CDC42BPB"
4.67235293236649e-30,-0.596338331198255,0.251,0.327,8.96624527721129e-26,"AP2A2"
6.58672126399993e-30,0.524278628116884,0.287,0.2,1.26399181056159e-25,"RP4-728D4.2"
9.01640620346485e-30,0.284355064488036,0.65,0.553,1.7302483504449e-25,"SUDS3"
1.03913517009239e-29,-0.731305445727418,0.154,0.224,1.9941003914073e-25,"PGPEP1"
1.06331225290523e-29,-0.325053315858714,0.568,0.631,2.04049621332513e-25,"BRD3"
1.52995238918483e-29,0.315573708867006,0.67,0.587,2.93597863484569e-25,"FXN"
1.56966952108749e-29,0.456877226913533,0.346,0.25,3.0121958109669e-25,"TRMT61A"
1.66013986300221e-29,0.46109904517442,0.337,0.243,3.18580839710125e-25,"HNRNPA1L2"
1.7079631351045e-29,0.294976105022061,0.709,0.631,3.27758125626554e-25,"C14orf119"
1.82852013822479e-29,-0.98324023177279,0.083,0.142,3.50893014525337e-25,"GCNT2"
1.83266736499719e-29,-0.307854415926958,0.669,0.712,3.5168886734296e-25,"CDCA4"
2.01334438755061e-29,-0.892974042570132,0.081,0.14,3.86360787970961e-25,"TNNI2"
2.05766418700829e-29,-0.464090743327981,0.321,0.4,3.94865757486891e-25,"TMX4"
2.19011626758909e-29,-0.869135842075035,0.081,0.14,4.20283311750346e-25,"TTLL1"
2.53316803092757e-29,-0.830636639850567,0.117,0.183,4.86114945135001e-25,"CYTH1"
3.01778429878708e-29,-0.282630753812253,0.567,0.642,5.79112806937241e-25,"GATA2"
3.41919892592052e-29,-0.88005744554738,0.107,0.17,6.56144273884147e-25,"TCF7L2"
3.73016329072125e-29,0.574647378776555,0.226,0.147,7.15818335489408e-25,"RHOQ"
3.78065925489906e-29,-0.397179570481334,0.456,0.527,7.2550851101513e-25,"ARL6IP6"
4.61434171836235e-29,-1.09571278378365,0.059,0.111,8.85492175753734e-25,"TMIGD2"
4.90669292730447e-29,-0.637644210438509,0.203,0.276,9.41594372749728e-25,"ELK3"
4.97187698471718e-29,0.266442646684098,0.787,0.737,9.54103193367227e-25,"FAM212A"
5.21357801253918e-29,-0.371901541924209,0.46,0.529,1.00048562060627e-24,"LRRC58"
5.39077005771648e-29,0.291246241629226,0.669,0.577,1.03448877407579e-24,"TIMM8A"
6.6640436027824e-29,-0.352901049118272,0.537,0.599,1.27882996737394e-24,"MRPL45"
7.58462689033913e-29,-0.936902506055115,0.074,0.131,1.45548990025608e-24,"KDELC2"
8.77950694929739e-29,-0.293339093476274,0.61,0.674,1.68478738357017e-24,"ROCK1"
1.01305273987065e-28,0.271302267502032,0.723,0.653,1.94404820781177e-24,"PPP1R11"
1.07444443673077e-28,-1.09031842591953,0.052,0.101,2.06185887408636e-24,"NFE2L3"
1.18041712648966e-28,-0.850805283420476,0.111,0.175,2.26522046573366e-24,"TRIM47"
1.23160269217531e-28,0.491437905513302,0.312,0.223,2.36344556628442e-24,"TM7SF2"
1.53484378955237e-28,-0.46819570766456,0.324,0.402,2.94536523215099e-24,"EPB41"
1.71129994371392e-28,-0.309322742938244,0.632,0.684,3.28398459198702e-24,"CD33"
1.86524695183342e-28,-0.785694824372057,0.111,0.175,3.57940890056833e-24,"SMAGP"
1.86691419451847e-28,-0.64187115416268,0.187,0.258,3.58260833928093e-24,"SNX9"
2.36656758717484e-28,0.794367027668746,0.202,0.132,4.54144319978853e-24,"RGCC"
2.98367127124148e-28,0.350375763660685,0.53,0.43,5.7256651695124e-24,"BCCIP"
3.02369961231557e-28,0.313470045529179,0.601,0.508,5.80247955603358e-24,"SNAPC5"
3.26197528743676e-28,0.473906500321546,0.361,0.271,6.25973057659115e-24,"PLD6"
3.67663089564693e-28,-0.302192246222904,0.654,0.706,7.05545468874645e-24,"PLEKHO1"
3.92074550610159e-28,-0.436743657696082,0.417,0.484,7.52391062620895e-24,"PIGT"
4.11937831421563e-28,0.764777186510313,0.139,0.078,7.90508698497979e-24,"SEPHS2"
4.25606494648216e-28,-0.463104305814307,0.371,0.441,8.16738863229926e-24,"MED13L"
4.6540406920702e-28,0.419037808928699,0.422,0.327,8.93110408808271e-24,"TMBIM1"
5.04819104450497e-28,-0.800075969155562,0.12,0.184,9.68747861440503e-24,"GBP4"
5.40048221066448e-28,-0.313836313402514,0.588,0.65,1.03635253622651e-23,"RCN1"
6.37037312817837e-28,0.313432313592413,0.623,0.533,1.22247460329743e-23,"TIMM50"
9.6152089892535e-28,-0.497094388473448,0.303,0.377,1.84515860503775e-23,"ACAA1"
9.74680483752459e-28,-0.576508390125471,0.229,0.302,1.87041184832097e-23,"HTT"
1.01288551158707e-27,-0.590495054603098,0.229,0.302,1.94372729673558e-23,"DDB2"
1.0129296008492e-27,0.315207955214531,0.556,0.462,1.94381190402962e-23,"ERLIN1"
1.15614925562926e-27,0.510913862517161,0.402,0.316,2.21865042155255e-23,"RGL4"
1.16566655038691e-27,-0.561706302290108,0.239,0.314,2.23691411019248e-23,"LOXL1"
1.25856038586147e-27,0.490162529109474,0.559,0.473,2.41517738046817e-23,"TIMP1"
1.27096616328571e-27,0.270376228990338,0.687,0.599,2.43898406734528e-23,"PPCS"
1.27740660348883e-27,-0.365281155030299,0.485,0.552,2.45134327209507e-23,"ERO1A"
1.36280532115935e-27,-0.684287173595986,0.136,0.202,2.61522341130479e-23,"ALOX5AP"
1.50067131647463e-27,0.659510619951484,0.244,0.168,2.87978825631481e-23,"RP11-84C10.2"
1.65981223174636e-27,-0.528573078767817,0.288,0.364,3.18517967272127e-23,"ODF3B"
1.89915833527927e-27,0.284962775744518,0.613,0.519,3.64448484540092e-23,"RAB13"
2.0926846817533e-27,-0.702583480581599,0.188,0.256,4.01586190428459e-23,"GALM"
3.23160539810608e-27,-0.513615039509605,0.269,0.346,6.20145075896557e-23,"MCTP2"
3.79292073632569e-27,0.384888137955576,0.484,0.391,7.27861489300899e-23,"TWISTNB"
3.84751089512711e-27,-0.322954448527524,0.523,0.596,7.38337340774892e-23,"THOC3"
4.50716875556133e-27,-0.250273670098491,0.687,0.745,8.64925684192218e-23,"IQGAP2"
4.73379772744021e-27,-0.37537723352636,0.501,0.561,9.08415783895777e-23,"PRMT2"
5.0906080099866e-27,-0.702834144681027,0.168,0.237,9.76887677116429e-23,"PAG1"
5.38956177816222e-27,0.3992377476203,0.43,0.336,1.03425690522933e-22,"WDR12"
5.74697139286865e-27,-0.547315315306836,0.22,0.293,1.10284381029149e-22,"CPPED1"
6.72194597377939e-27,0.349132358785643,0.52,0.426,1.28994143236826e-22,"AP006222.2"
6.97397688304185e-27,-0.361621062764102,0.498,0.56,1.33830616385573e-22,"CDC42SE2"
7.83358014046877e-27,-0.616950530741139,0.163,0.233,1.50326402895596e-22,"KRCC1"
8.18076090090738e-27,-0.533325483115918,0.271,0.341,1.56988801688413e-22,"TRIOBP"
8.65773887664465e-27,0.394432699974731,0.383,0.294,1.66142009042811e-22,"FUT4"
8.9421628874216e-27,-0.41015162098281,0.394,0.464,1.71600105809621e-22,"PLIN3"
9.01315618748312e-27,-0.710054512132961,0.125,0.19,1.72962467237801e-22,"CCDC92"
1.09607627316021e-26,-0.432000048609637,0.402,0.467,2.10337036819445e-22,"PRKCSH"
1.1612776427366e-26,0.351028980586087,0.528,0.439,2.22849179641153e-22,"MTX1"
1.29305990796972e-26,-0.423895385499417,0.42,0.485,2.48138196339389e-22,"IGBP1"
1.51017968199854e-26,-0.56094020878005,0.241,0.313,2.89803480975519e-22,"TMEM263"
1.53180532995589e-26,-0.83296462928949,0.115,0.176,2.93953442818535e-22,"FRMD4B"
1.95041787462638e-26,-0.288459379635825,0.596,0.66,3.74285190140803e-22,"BLOC1S6"
2.17736490131109e-26,0.318545535114394,0.593,0.505,4.17836324561599e-22,"ZPR1"
2.34347839553009e-26,0.662723992916031,0.182,0.115,4.49713504102224e-22,"NOL6"
3.04214387079084e-26,0.54921888353397,0.217,0.143,5.83787408804762e-22,"IRS2"
3.39320364686927e-26,-0.26010950251512,0.632,0.685,6.51155779834213e-22,"TSPAN3"
3.96862808965357e-26,-0.297193864885491,0.597,0.648,7.6157973040452e-22,"SMARCA4"
4.12964266163439e-26,-0.896887020515266,0.084,0.139,7.92478426767639e-22,"MRC2"
4.33833178970804e-26,0.299645612539045,0.604,0.511,8.32525870444974e-22,"ISG20L2"
5.63966361723015e-26,0.271172813384461,0.801,0.756,1.08225144814647e-21,"PPP1R18"
6.57604259461969e-26,-0.253592816158253,0.701,0.748,1.26194257390752e-21,"DNAJB6"
7.1890809429441e-26,-0.470998248734323,0.382,0.447,1.37958463295097e-21,"FSCN1"
7.22185051663216e-26,-0.524740552351273,0.272,0.344,1.38587311414171e-21,"LINC00969"
9.20184362204003e-26,-0.976473771552738,0.06,0.108,1.76583379106948e-21,"SLC27A1"
9.96955089815494e-26,0.771563352505173,0.133,0.075,1.91315681735593e-21,"GLIDR"
1.02188470595642e-25,-0.399413287786922,0.446,0.512,1.96099675073038e-21,"ASF1B"
1.07486884816085e-25,-0.326697219388422,0.519,0.582,2.06267331962068e-21,"SYTL1"
1.30885559215478e-25,-0.308445405788625,0.388,0.464,2.51169388134502e-21,"HACD1"
1.39284011608049e-25,-0.90728520442686,0.069,0.12,2.67286018275845e-21,"HECA"
1.40725543266293e-25,0.295457377737788,0.645,0.564,2.70052317528016e-21,"RRP7A"
1.55371052893111e-25,-0.262113779735289,0.682,0.72,2.98157050501879e-21,"CYB5R3"
1.58185633162723e-25,0.570566548422798,0.239,0.165,3.03558230039265e-21,"METAP1D"
1.67810276150452e-25,0.285032617741027,0.662,0.572,3.22027919932717e-21,"BAD"
1.87541218823742e-25,0.332497082332234,0.551,0.46,3.59891598922761e-21,"ZSCAN16-AS1"
2.69368865053001e-25,-0.435486604611763,0.362,0.435,5.16918852036709e-21,"MCM5"
2.71902976353897e-25,0.706671182102124,0.167,0.105,5.21781811623128e-21,"RNASE3"
2.77506733783024e-25,-0.411242715985448,0.391,0.458,5.32535422129623e-21,"ADK"
3.38357636671804e-25,-0.355109712227079,0.469,0.534,6.49308304773192e-21,"SORBS3"
3.76386466549919e-25,0.285621911898395,0.627,0.542,7.22285629309294e-21,"MRTO4"
4.80718246398433e-25,-0.786356780887369,0.116,0.174,9.22498314838593e-21,"TRIM22"
4.92604730482347e-25,-0.628929905531519,0.196,0.262,9.45308477795624e-21,"CH17-189H20.1"
4.97443748049553e-25,0.356278691887174,0.389,0.297,9.54594552507092e-21,"TOB2"
5.64007005153596e-25,-0.502186711828089,0.251,0.321,1.08232944288975e-20,"CUX1"
5.74660725064302e-25,0.33832747646216,0.499,0.413,1.1027739313984e-20,"COPS6"
5.77187057533447e-25,0.299183117006084,0.661,0.591,1.10762196340669e-20,"SRPK1"
7.38599621752433e-25,0.308883949839279,0.577,0.488,1.41737267414292e-20,"MLST8"
7.44692390727672e-25,-0.302083314679508,0.566,0.624,1.4290646978064e-20,"CENPH"
7.49208608931589e-25,0.338151070536638,0.491,0.401,1.43773132053972e-20,"GRPEL1"
7.95719023524003e-25,0.406298625951172,0.369,0.282,1.52698480614256e-20,"FAM98A"
7.97921375797183e-25,0.260344295052145,0.671,0.593,1.5312111201548e-20,"TYW3"
9.49475838799838e-25,0.258782963630174,0.737,0.675,1.82204413465689e-20,"TADA3"
1.02108611299562e-24,-0.478733734577499,0.297,0.367,1.95946425083859e-20,"RERE"
1.15749689439524e-24,0.435597481824922,0.341,0.255,2.22123654034447e-20,"UBR4"
1.24929278720765e-24,0.320107400811157,0.539,0.461,2.39739285865149e-20,"TMEM173"
1.29176272485993e-24,-0.435521102630643,0.326,0.397,2.4788926690062e-20,"DHRSX"
1.33328186149241e-24,0.515995294641743,0.255,0.18,2.55856789220394e-20,"ESAM"
1.59821293825634e-24,-0.840488026372134,0.08,0.132,3.06697062851392e-20,"UPP1"
1.76102776249749e-24,-0.345058761752549,0.484,0.54,3.37941227623268e-20,"GTF2I"
1.79752900440111e-24,0.278587099384973,0.766,0.701,3.44945815944574e-20,"SQLE"
1.92026025029793e-24,-0.259053651438454,0.639,0.688,3.68497942032174e-20,"TSPAN4"
2.07494672179189e-24,0.338096689720783,0.512,0.42,3.98182275911865e-20,"GLRX2"
2.40496218526546e-24,0.308778046196875,0.565,0.475,4.61512243352442e-20,"TOPORS-AS1"
2.45010016081213e-24,-0.651735299577012,0.165,0.229,4.70174220859848e-20,"PTGER4"
2.72021673095328e-24,-0.860294907034965,0.07,0.12,5.22009590669934e-20,"TSPAN33"
2.8855374652065e-24,0.265471738109268,0.682,0.609,5.53734639573127e-20,"NOLC1"
2.94101619699391e-24,0.331687009874958,0.54,0.451,5.64381008203132e-20,"RNF41"
3.36197571895602e-24,-0.314867806646902,0.574,0.629,6.4516314046766e-20,"MBP"
3.37011567454302e-24,-0.403857127779787,0.354,0.422,6.46725197944806e-20,"PHF11"
3.58500316404356e-24,0.318189688879494,0.578,0.499,6.87962107179959e-20,"AGTRAP"
3.64566429727593e-24,-0.475901897740467,0.297,0.365,6.99602978647251e-20,"AKAP13"
4.95381030762047e-24,-0.365486669078415,0.547,0.59,9.50636198032367e-20,"NUSAP1"
5.20446207080583e-24,0.288186173398471,0.573,0.485,9.98736271387639e-20,"ARFIP2"
5.20795936842897e-24,-0.726002759458314,0.108,0.166,9.99407402801519e-20,"SETD7"
5.4144426320249e-24,-0.422743753357135,0.36,0.428,1.03903154108558e-19,"YPEL3"
5.80934628644963e-24,-0.782325643756443,0.117,0.175,1.11481355236968e-19,"APOLD1"
7.07563367153325e-24,0.337491388081573,0.828,0.782,1.35781410156723e-19,"HSPA8"
7.24143132744616e-24,-0.468513126525107,0.277,0.347,1.38963067173692e-19,"MB21D1"
7.81956529559838e-24,0.277943309398976,0.635,0.547,1.50057458022533e-19,"NCBP2-AS2"
8.15894803172888e-24,-0.859700667557795,0.062,0.11,1.56570212728877e-19,"CORO2A"
8.85645862519034e-24,-0.291903481565019,0.664,0.716,1.69955441017403e-19,"MARCH6"
9.3123336798525e-24,-0.543875088896357,0.242,0.308,1.78703683316369e-19,"ABI2"
9.6662218895165e-24,-0.498101677122624,0.246,0.316,1.85494798059822e-19,"CERCAM"
1.00371611140609e-23,-0.5617407845524,0.206,0.272,1.92613121778829e-19,"UBXN11"
1.02789746561136e-23,-0.268183820706242,0.618,0.668,1.97253523650821e-19,"YIPF4"
1.05090766820655e-23,-0.89083576221579,0.075,0.125,2.01669181528837e-19,"ST6GAL1"
1.0520193866577e-23,-1.02554945614259,0.059,0.105,2.01882520299613e-19,"MALT1"
1.120493020325e-23,-0.394698478971131,0.406,0.472,2.15022610600367e-19,"GAPT"
1.23562121635754e-23,-0.585250545695698,0.189,0.253,2.37115711419012e-19,"DIABLO"
1.26871824062151e-23,-0.539182941417965,0.246,0.317,2.43467030375268e-19,"CXCR4"
1.55022398387775e-23,-0.789367570086456,0.128,0.186,2.97487982506141e-19,"NFAT5"
1.64864419895013e-23,-0.883441037343098,0.075,0.125,3.1637482177853e-19,"EMP1"
1.81190535352247e-23,0.349271676963487,0.484,0.399,3.47704637340962e-19,"EXOSC4"
1.86325405540938e-23,0.267016707147338,0.731,0.662,3.5755845323306e-19,"SCO2"
2.3158824696374e-23,0.357225468761628,0.533,0.449,4.44417845923417e-19,"STOM"
2.70608781250741e-23,-0.472582110858272,0.283,0.35,5.19298251220172e-19,"FAR2"
2.72481326410089e-23,-0.916485776925742,0.058,0.104,5.22891665380961e-19,"ECHDC3"
2.86363870972731e-23,0.604774407042714,0.248,0.177,5.49532268396671e-19,"PTP4A3"
3.06389798422511e-23,-0.582889626742261,0.172,0.236,5.87962023172798e-19,"NPM2"
3.1525830223627e-23,-0.266372303059995,0.578,0.632,6.04980681991401e-19,"KLHDC2"
3.5880453528429e-23,0.272601567312872,0.582,0.496,6.88545903210552e-19,"RRS1"
3.60242798103292e-23,0.385491168293397,0.385,0.299,6.91305929560218e-19,"SCO1"
3.73182589735376e-23,0.772992234912345,0.15,0.093,7.16137389702187e-19,"STON2"
3.75366011046449e-23,-0.377079378140001,0.357,0.426,7.20327375198136e-19,"ATP2B1"
4.35312519033e-23,0.398048925857267,0.354,0.271,8.35364724024326e-19,"ANAPC1"
5.05399121744357e-23,0.810733503487899,0.162,0.103,9.69860914627421e-19,"RGS16"
5.31477295678017e-23,-0.287108067199569,0.581,0.634,1.01990493040612e-18,"SYPL1"
5.43463150932599e-23,0.344379648879334,0.802,0.75,1.04290578663966e-18,"NEAT1"
5.49392471445405e-23,-0.473621073403838,0.287,0.354,1.05428415270373e-18,"TIFA"
5.53424515539938e-23,0.450316574263793,0.361,0.281,1.06202164532114e-18,"B4GALT5"
5.77502772923615e-23,0.748527814334672,0.298,0.229,1.10822782124042e-18,"GMPR"
5.85728494036977e-23,0.430116981118884,0.33,0.249,1.12401298005696e-18,"CD320"
5.93023390868502e-23,0.334048969374325,0.42,0.332,1.13801188707666e-18,"WBSCR22"
6.5209911635847e-23,0.307647308475474,0.553,0.478,1.2513782042919e-18,"WDR77"
6.72431628819035e-23,-0.733649230710259,0.075,0.126,1.29039629570373e-18,"PRKCZ"
7.2184411766607e-23,-0.433058256173152,0.359,0.421,1.38521886180119e-18,"TMEM101"
8.03380295049168e-23,0.354632813742174,0.46,0.377,1.54168678619935e-18,"CHAMP1"
1.2023736892785e-22,-0.346018929325659,0.417,0.483,2.30735510972544e-18,"RHOC"
1.22055499736797e-22,-0.303054758690444,0.578,0.622,2.34224503994913e-18,"SAE1"
1.28024052647662e-22,0.312413043874294,0.527,0.443,2.45678157030863e-18,"MTHFD1L"
1.2808533197636e-22,-0.782300737973949,0.089,0.14,2.45795752062636e-18,"C9orf72"
1.29348329677833e-22,-0.907433832016179,0.078,0.127,2.48219444651762e-18,"ARMT1"
1.34767478948468e-22,0.378311375716901,0.401,0.32,2.5861879210211e-18,"SLC38A5"
1.39725669069019e-22,0.286268325818981,0.584,0.502,2.68133558943447e-18,"IRAK1"
1.42875605081823e-22,-0.402125903053014,0.398,0.458,2.74178286152018e-18,"HEXA"
1.47998250504689e-22,0.4065603676887,0.339,0.258,2.84008642718497e-18,"C9orf69"
1.55862887214699e-22,-0.774119747175583,0.191,0.255,2.99100880565007e-18,"IL1B"
1.56769657387961e-22,0.277827470100548,0.603,0.52,3.00840972527497e-18,"TIMM10B"
1.74963240345929e-22,0.275137096624146,0.658,0.586,3.35754458223837e-18,"MRPL3"
1.8234382156325e-22,-0.954481266877883,0.063,0.108,3.49917793579877e-18,"GHRL"
1.84476188268204e-22,0.385576158904222,0.34,0.257,3.54009805286684e-18,"POLR1C"
1.84603219905727e-22,-0.253151610566169,0.622,0.674,3.5425357899909e-18,"USP48"
1.91653676477518e-22,0.346902572799721,0.441,0.358,3.67783405160358e-18,"NABP1"
1.93605766264134e-22,-0.293590393368162,0.582,0.626,3.71529465460873e-18,"OXA1L"
2.30234473199998e-22,-0.326863583755954,0.474,0.537,4.41819954070797e-18,"CBX1"
2.49832617988401e-22,-0.711450851289483,0.099,0.152,4.79428793919742e-18,"SVIL"
2.68940543948654e-22,0.404823152284854,0.337,0.255,5.16096903837467e-18,"HEXIM1"
2.70609552618218e-22,0.265855106278315,0.608,0.528,5.19299731474361e-18,"EXOSC1"
2.82365004296355e-22,-0.394207653220782,0.382,0.443,5.41858443244706e-18,"STX7"
3.05096055019964e-22,0.298467822733655,0.638,0.563,5.85479329583311e-18,"TESC"
3.06605632082258e-22,-0.77461079964717,0.101,0.155,5.88376207965852e-18,"ERAP2"
3.24321663551668e-22,-0.560053451565647,0.195,0.256,6.22373272355651e-18,"FLOT2"
3.32445359394377e-22,0.326589185007925,0.511,0.427,6.37962644677809e-18,"ENDOG"
3.68796967478347e-22,-0.348319881011492,0.422,0.485,7.07721380590948e-18,"HNRNPLL"
3.98165866490266e-22,-1.08336465291836,0.134,0.189,7.64080297794821e-18,"MCEMP1"
4.14092606848125e-22,-0.709290683032872,0.101,0.155,7.94643712541552e-18,"TBCD"
4.74948324425534e-22,-0.729037862864816,0.118,0.173,9.114258345726e-18,"LDLRAD4"
5.79138655941712e-22,-0.616107167432435,0.146,0.205,1.11136708075214e-17,"RNF125"
5.88087515446297e-22,0.281555239088674,0.588,0.505,1.12853994214144e-17,"BLOC1S4"
6.19505713033454e-22,-0.395654193454891,0.379,0.445,1.1888314633112e-17,"LMF2"
6.40374704326695e-22,0.325029864368916,0.458,0.37,1.22887905760293e-17,"C16orf91"
6.74186285578566e-22,-0.563197532385835,0.205,0.266,1.29376348202527e-17,"LACTB"
6.81260866353902e-22,0.293782187390229,0.531,0.442,1.30733960253314e-17,"SLC5A6"
7.31779409647949e-22,0.473634556461457,0.241,0.171,1.40428468711441e-17,"MYBBP1A"
7.46601966873842e-22,-0.62511919955449,0.149,0.208,1.4327291744309e-17,"ALG14"
9.46283680258693e-22,-0.280183800978743,0.587,0.637,1.81591838241643e-17,"CD37"
1.1723721833955e-21,-0.387022630910181,0.412,0.469,2.24978221993597e-17,"ATAD5"
1.22326890964931e-21,-0.321934627347155,0.462,0.524,2.34745303761703e-17,"ZMIZ1"
1.54711064585048e-21,-0.413285809735677,0.34,0.406,2.96890532938706e-17,"HOXA9"
1.69090134976244e-21,-0.393036602658513,0.329,0.395,3.24483969019412e-17,"YPEL5"
1.77840576023919e-21,0.260088071063119,0.695,0.632,3.41276065389901e-17,"NEK6"
1.83529882877175e-21,-0.289854071418098,0.572,0.62,3.52193845241299e-17,"CDCA5"
1.97615881665734e-21,0.283635592554295,0.538,0.446,3.79224876916544e-17,"TMEM208"
2.13723056019428e-21,0.337600945660001,0.467,0.384,4.10134544501281e-17,"SRPRB"
2.43135830730509e-21,0.304305859457829,0.46,0.372,4.66577659171847e-17,"C12orf45"
2.71547252010481e-21,-0.604693055823668,0.202,0.262,5.21099176608113e-17,"KIFC1"
2.74852758736728e-21,-0.366358372730753,0.417,0.475,5.27442444015781e-17,"CTDSPL2"
3.41281568427818e-21,0.47843917206691,0.207,0.142,6.54919329812984e-17,"MBD5"
3.43408444404311e-21,-0.85453431295876,0.058,0.101,6.59000804811873e-17,"APOBEC3G"
3.56115949361323e-21,0.329207806059618,0.412,0.326,6.83386506824378e-17,"CXorf40B"
3.8042102091253e-21,-0.753208098101274,0.107,0.16,7.30027939131144e-17,"TRIM69"
3.83856173424913e-21,-0.852131911707706,0.061,0.104,7.36619996802408e-17,"GCH1"
3.92508220531694e-21,-0.297406647779776,0.525,0.576,7.53223275200321e-17,"ANKRD12"
3.97626056773922e-21,0.285930763699633,0.49,0.404,7.63044402949157e-17,"AKIRIN2"
4.14584853135317e-21,0.673636196465779,0.148,0.093,7.95588333166673e-17,"RBM38"
4.25577303885775e-21,0.345621883364015,0.408,0.324,8.16682846156802e-17,"METTL12"
4.84744264807141e-21,-0.44159750563065,0.307,0.37,9.30224244164904e-17,"ABHD17B"
5.01785517602836e-21,0.463731655630828,0.261,0.191,9.62926408279843e-17,"MAFG-AS1"
5.16774315321684e-21,0.629554524114839,0.159,0.103,9.91689911102312e-17,"IQCH-AS1"
5.34585754763124e-21,0.26689370171289,0.667,0.598,1.02587006339043e-16,"SMIM3"
5.35890651584013e-21,-0.434187648037347,0.311,0.372,1.02837416038972e-16,"SASH3"
5.41871551383797e-21,0.251129651555424,0.703,0.634,1.03985150710551e-16,"NFE2"
5.47942499261131e-21,0.362566393937946,0.391,0.313,1.05150165608211e-16,"ITGA5"
5.71895014504992e-21,-0.453453465283154,0.222,0.287,1.09746653283508e-16,"MTSS1"
5.75138921218212e-21,0.347920325265733,0.383,0.3,1.10369158981775e-16,"LTB4R"
5.92497131359426e-21,0.44013190833185,0.33,0.256,1.13700199507874e-16,"RRP9"
6.03184880510163e-21,-0.455478101761066,0.305,0.367,1.157511785699e-16,"RP11-345J4.5"
6.21606769706721e-21,-0.421433391414886,0.29,0.356,1.1928633910672e-16,"RP11-500C11.3"
6.31425987686415e-21,-0.293349228784499,0.556,0.606,1.21170647037023e-16,"TLK1"
7.02485889501391e-21,0.338502171905326,0.362,0.281,1.34807042195317e-16,"DYNLL2"
7.0674696773137e-21,-0.602974954353529,0.156,0.214,1.3562474310765e-16,"RXRA"
7.14207614017058e-21,-1.17473882965627,0.133,0.188,1.37056441129873e-16,"RETN"
7.81759628698332e-21,-0.280529016795385,0.591,0.639,1.5001967274721e-16,"GCA"
8.27429663023393e-21,0.255085749020699,0.615,0.538,1.58783752334189e-16,"UCHL3"
9.48462543810047e-21,-0.413726493637121,0.276,0.344,1.82009962157148e-16,"SYNJ2"
9.83466660268368e-21,-0.714105268901494,0.111,0.163,1.887272521055e-16,"DHTKD1"
1.2183204659679e-20,-0.528049195094853,0.225,0.286,2.3379569741924e-16,"MSRA"
1.25018908527581e-20,-0.563093604122447,0.166,0.226,2.39911285464429e-16,"SLC16A1-AS1"
1.25685140882807e-20,0.257250727504051,0.605,0.526,2.41189785354107e-16,"MPDU1"
1.27817210964906e-20,-0.39787558929041,0.311,0.377,2.45281227841654e-16,"STMN3"
1.34486826781113e-20,0.30189661977265,0.459,0.373,2.58080220592956e-16,"FLAD1"
1.36697939285132e-20,0.322299544939664,0.504,0.424,2.62323345488168e-16,"PITPNA-AS1"
1.41834206358915e-20,-0.493363104933869,0.208,0.27,2.72179842002757e-16,"PKMYT1"
1.42825860752689e-20,-0.728205707763325,0.097,0.147,2.7408282678441e-16,"ZNF217"
1.57006161854002e-20,0.267259634607387,0.605,0.526,3.0129482459783e-16,"PSME3"
1.69314084790793e-20,-0.642377787431908,0.136,0.192,3.24913728713532e-16,"ZBED3"
1.74583974582988e-20,0.330394843708854,0.458,0.379,3.35026647224755e-16,"FTSJ1"
1.85233659203048e-20,-0.523275676061176,0.204,0.265,3.5546339201065e-16,"COL4A3BP"
1.9103372880935e-20,0.262982168091447,0.578,0.491,3.66593725585143e-16,"COX16"
2.02277415615744e-20,-0.38865935484128,0.373,0.429,3.88170360566613e-16,"SFT2D2"
2.06547800111371e-20,0.535254509598317,0.159,0.103,3.96365228413721e-16,"TRIP6"
2.36380573519335e-20,0.284722646086911,0.556,0.481,4.53614320583604e-16,"COA1"
2.44180179695714e-20,0.262073832934828,0.802,0.755,4.68581764836075e-16,"ST3GAL4"
2.96461379034327e-20,-0.732611254234883,0.098,0.147,5.68909386366873e-16,"CASP7"
3.22691321010526e-20,0.512009725427839,0.198,0.136,6.192446450192e-16,"KCNE3"
3.42976169659103e-20,-0.702773914434429,0.099,0.149,6.58171269575819e-16,"HIVEP3"
3.67343178068972e-20,-0.282299167213797,0.586,0.634,7.04931558714356e-16,"GOLPH3"
4.15183473605964e-20,0.386843579764304,0.329,0.252,7.96737085849846e-16,"FAM168B"
4.15294994868984e-20,-0.376247973861092,0.245,0.313,7.9695109515358e-16,"BEX2"
4.31647071711672e-20,0.566675355299687,0.581,0.528,8.28330730614699e-16,"CTSG"
4.40911912315271e-20,0.401144952361649,0.298,0.225,8.46109959733005e-16,"SLC25A51"
4.96879835779824e-20,-0.562569273281557,0.288,0.355,9.53512404861483e-16,"LYZ"
5.14005816894975e-20,-0.419184323935802,0.302,0.367,9.86377162621457e-16,"FRYL"
5.22887311781631e-20,0.313077705207931,0.47,0.389,1.00342075130895e-15,"RRP36"
5.52075505125217e-20,-0.429154198990721,0.298,0.36,1.05943289433529e-15,"FOXO3"
5.61214230079834e-20,-0.466673937456612,0.274,0.334,1.0769701075232e-15,"ZBED1"
6.22319926286584e-20,0.310711191998028,0.461,0.378,1.19423193854395e-15,"GRWD1"
6.63847617658694e-20,-0.906349091657493,0.075,0.119,1.27392357828703e-15,"EHD2"
7.22279758481934e-20,-0.59815989937879,0.157,0.213,1.38605485652683e-15,"FAM198B"
7.53275402733043e-20,-0.397134786447041,0.403,0.464,1.44553549784471e-15,"WBP5"
7.56694760015186e-20,-0.385264101627835,0.431,0.487,1.45209724446914e-15,"HIST3H2A"
7.64597491253536e-20,-0.430662181840773,0.296,0.356,1.46726258571553e-15,"DNM2"
7.72124170572552e-20,-0.688688332407442,0.128,0.181,1.48170628332873e-15,"CYTH4"
7.78693521311016e-20,-0.667542181689305,0.109,0.16,1.49431286739584e-15,"ANKRD44"
7.94239478680074e-20,-0.347985840014483,0.377,0.439,1.52414555958706e-15,"CORO1C"
8.54914053398541e-20,0.4855581248898,0.215,0.151,1.6405800684718e-15,"IFT46"
9.36655621846058e-20,-0.764247413623738,0.122,0.173,1.79744213832258e-15,"RPGR"
9.69868167119745e-20,-0.682989759061165,0.126,0.18,1.86117701270279e-15,"CXCL3"
1.11232426461783e-19,-0.508168636712437,0.233,0.292,2.13455026380162e-15,"KLHL5"
1.15042786339812e-19,0.266406018385619,0.42,0.339,2.20767106986099e-15,"RNASE2"
1.20111338421743e-19,0.613712128951867,0.228,0.165,2.30493658431324e-15,"MT1X"
1.21613555601439e-19,0.361595447302919,0.319,0.246,2.33376413199162e-15,"NRXN2"
1.32153201065795e-19,0.342704408615184,0.508,0.432,2.5360199284526e-15,"MESP1"
1.41077927549616e-19,0.310463933964073,0.643,0.584,2.70728542967712e-15,"SPNS1"
1.42502230098998e-19,0.691103902213743,0.135,0.085,2.73461779559977e-15,"PARP8"
1.4503736856807e-19,-0.310244534898962,0.456,0.514,2.78326710282126e-15,"TRBC2"
1.47036344193559e-19,0.688001765842939,0.103,0.059,2.82162744507441e-15,"RCOR2"
1.49253295216644e-19,0.264148566096273,0.562,0.482,2.8641707352074e-15,"B3GAT3"
1.50362737894936e-19,0.474870039159623,0.206,0.144,2.88546094020382e-15,"ANKRD52"
1.77410368449663e-19,-0.510519110465628,0.206,0.266,3.40450497054903e-15,"LRRC61"
1.87193000439918e-19,0.345073492017519,0.453,0.377,3.59223367844203e-15,"ACTN1"
1.90708435322905e-19,0.30885014434,0.435,0.352,3.65969487384656e-15,"CCDC58"
2.07985259150054e-19,-0.561360553240686,0.211,0.268,3.99123712308953e-15,"MAP1S"
2.12696216417305e-19,0.297527788636867,0.466,0.384,4.08164039304809e-15,"PUS1"
2.3770199471726e-19,0.36294676575845,0.391,0.313,4.56150127862423e-15,"C12orf29"
2.47942904246001e-19,-0.779075860539083,0.091,0.138,4.75802433248076e-15,"ADAM8"
2.57427023752424e-19,-0.798391875596887,0.094,0.142,4.94002458580901e-15,"FCGR1A"
2.57960044423622e-19,0.489555025243206,0.158,0.103,4.9502532524893e-15,"ANXA3"
2.88531908046845e-19,0.272148526245402,0.545,0.464,5.53692731541895e-15,"IMPAD1"
3.1631805593392e-19,-0.512136908296296,0.161,0.217,6.07014349337192e-15,"CRYL1"
3.31489369828891e-19,-0.483702793160998,0.23,0.289,6.36128100701641e-15,"OSER1"
3.35186337797482e-19,0.34658111727916,0.323,0.248,6.43222582233367e-15,"AARSD1"
3.67570276555221e-19,0.333813208565997,0.324,0.246,7.05367360709469e-15,"AC093323.3"
3.95018059298065e-19,0.272464935946825,0.539,0.457,7.58039655792987e-15,"KIAA0907"
4.11326984858863e-19,0.513037267339596,0.27,0.203,7.89336483944157e-15,"PIM2"
4.31875086506986e-19,0.367349753542723,0.342,0.268,8.28768291006906e-15,"C9orf40"
4.56529931837935e-19,0.659273281855846,0.128,0.08,8.76080939196997e-15,"MSH5"
4.88529316314083e-19,-0.316742880020388,0.421,0.475,9.37487758006725e-15,"MYADM"
4.96868606233372e-19,-0.609097778692051,0.155,0.21,9.53490855361841e-15,"PREX1"
5.19437357256204e-19,-0.255409265230941,0.601,0.646,9.96800288574656e-15,"P2RY8"
5.72574362720313e-19,-0.285784353312783,0.536,0.587,1.09877020206028e-14,"CYB5A"
5.90369011134673e-19,0.250020081331467,0.585,0.513,1.13291813236744e-14,"GEMIN7"
5.95769575544225e-19,-0.469438251563205,0.242,0.3,1.14328181546937e-14,"HCG11"
6.08891327678017e-19,0.265594058820587,0.529,0.451,1.16846245781411e-14,"TRAPPC5"
6.15604707718109e-19,0.293936361910245,0.448,0.364,1.18134543411105e-14,"TRPT1"
6.45810220547923e-19,-0.90495773628882,0.069,0.111,1.23930981323146e-14,"STK32B"
6.4607327432186e-19,0.297690429992653,0.512,0.429,1.23981461342365e-14,"PDZD8"
6.6026328186626e-19,0.704433781731595,0.102,0.059,1.26704523790135e-14,"CEACAM4"
6.64474559906867e-19,-0.420262005567838,0.331,0.388,1.27512668046128e-14,"PSMB8-AS1"
7.23542621899424e-19,0.310480531664368,0.522,0.45,1.38847829142499e-14,"CCNH"
7.46643868194325e-19,-0.301638454146506,0.484,0.534,1.43280958306491e-14,"SETD3"
7.88715399734861e-19,-0.480732712874122,0.217,0.277,1.5135448520912e-14,"CERK"
8.42946136590142e-19,0.374481206601108,0.324,0.251,1.61761363611648e-14,"NAT14"
8.5904489708039e-19,-0.700061962136658,0.096,0.144,1.64850715749727e-14,"USP49"
8.99364329632754e-19,0.52670175967736,0.172,0.116,1.72588014856525e-14,"ZNF429"
9.42692042065976e-19,0.295065634294847,0.433,0.352,1.80902602872461e-14,"DDX27"
9.76858982190513e-19,-0.408802329659193,0.322,0.381,1.87459238682359e-14,"PICALM"
9.87149128287935e-19,0.326183961991845,0.353,0.277,1.89433917718455e-14,"MSMO1"
1.11109823765352e-18,-0.261079592143752,0.433,0.496,2.1321975180571e-14,"PHGDH"
1.15846685641849e-18,-0.398149059002289,0.359,0.415,2.22309789746707e-14,"CCPG1"
1.18000220012123e-18,0.67120361405743,0.144,0.094,2.26442422203263e-14,"RP11-301G19.1"
1.19537350841429e-18,-0.743368186868372,0.097,0.144,2.29392176264703e-14,"PRR5L"
1.22595484894651e-18,-0.251066930839796,0.632,0.668,2.35260735512835e-14,"GOLGA7"
1.31494843365569e-18,-0.28992138962786,0.485,0.544,2.52338604418526e-14,"HSH2D"
1.31634333234763e-18,0.573894315911899,0.129,0.08,2.5260628547751e-14,"HYPK"
1.31825109224737e-18,0.267921111066452,0.528,0.446,2.5297238460227e-14,"GTPBP4"
1.40441528006502e-18,-0.431498401239557,0.249,0.309,2.69507292244477e-14,"HDAC7"
1.51400052755717e-18,0.28243028018532,0.486,0.408,2.9053670123822e-14,"WDR74"
1.69443734044663e-18,-0.584731900117282,0.165,0.218,3.25162525631708e-14,"DUSP22"
1.81278571881611e-18,0.31025890318956,0.48,0.405,3.47873579440811e-14,"YRDC"
1.81407855681087e-18,-0.515319326847367,0.226,0.283,3.48121675052005e-14,"ZNF516"
2.04747180934218e-18,-0.394710303283238,0.311,0.37,3.92909840212765e-14,"GNPTAB"
2.11761622075125e-18,-0.349909575078741,0.378,0.433,4.06370552762164e-14,"WHSC1"
2.34462362891422e-18,-0.278624216095914,0.484,0.54,4.49933274388638e-14,"SBNO1"
2.34658061069792e-18,-0.313023077803892,0.421,0.476,4.50308819192931e-14,"MTMR14"
2.39219319409305e-18,-0.309476563515364,0.496,0.542,4.59061873946456e-14,"RBM23"
2.52339492321969e-18,-0.290317524558875,0.491,0.546,4.84239485765858e-14,"APIP"
2.54705886331301e-18,-0.517585947305943,0.218,0.273,4.88780595869766e-14,"SMCR5"
2.63971751701586e-18,0.594749733384627,0.136,0.087,5.06561791515344e-14,"ZNF286A"
2.6644496677181e-18,-0.38891295649024,0.236,0.295,5.11307891235104e-14,"SLC44A1"
2.79356210918055e-18,-0.689644184527197,0.104,0.151,5.36084568751747e-14,"RABGAP1"
2.9629721862661e-18,0.279279508697888,0.645,0.577,5.68594362544465e-14,"CBX6"
3.39170746956873e-18,-0.26357929803353,0.525,0.574,6.5086866341024e-14,"FNTA"
3.40350185859643e-18,0.362395807797012,0.331,0.257,6.53132006664655e-14,"C6orf1"
3.44740643596616e-18,0.286988222716376,0.55,0.478,6.61557295061906e-14,"TMEM121"
3.48251134838673e-18,-1.04341541930728,0.202,0.255,6.68293927755414e-14,"S100A9"
3.49858648772732e-18,0.366082057784439,0.297,0.227,6.71378746994873e-14,"GIPC1"
3.84556504176631e-18,-0.344756302628927,0.435,0.482,7.37963931514954e-14,"TM9SF2"
3.9334974585883e-18,0.262445428750851,0.472,0.395,7.54838162303095e-14,"PSTPIP2"
3.93617501179969e-18,-0.428054977935384,0.167,0.224,7.5535198476436e-14,"PKIG"
4.11327643042095e-18,0.308113465043179,0.38,0.304,7.89337746997781e-14,"LTV1"
4.18684676183831e-18,0.25493624079959,0.625,0.562,8.03455893596771e-14,"CYHR1"
4.28379424877815e-18,0.280817820287967,0.485,0.406,8.22060116340527e-14,"HSPBP1"
4.5129018472888e-18,-0.431944557208596,0.179,0.238,8.6602586449472e-14,"DMC1"
4.58405313928322e-18,0.637025516365826,0.111,0.067,8.7967979742845e-14,"PTPN22"
4.63815286705431e-18,-0.405111273959692,0.302,0.36,8.90061535187723e-14,"SDHA"
4.6395279299856e-18,-0.775803575169093,0.076,0.119,8.90325409764237e-14,"SGPL1"
4.6701755127963e-18,-0.327661709351266,0.434,0.484,8.9620668090561e-14,"DCTN2"
4.89652597469061e-18,0.255562612964158,0.541,0.464,9.39643334543127e-14,"TOR1AIP2"
4.93602291664503e-18,-0.266174650504078,0.552,0.599,9.47222797704182e-14,"UBE2L6"
4.93998621224602e-18,-0.60922893358964,0.157,0.21,9.47983354130011e-14,"F2RL1"
4.95389129055035e-18,0.272758843622073,0.568,0.493,9.50651738656611e-14,"MRPL47"
4.97674091944396e-18,-0.567864132697016,0.16,0.214,9.55036582441296e-14,"FAAH"
5.00068634410718e-18,-0.333767690389789,0.435,0.486,9.59631709434168e-14,"TACC3"
5.00484344212948e-18,0.345855812011817,0.3,0.231,9.60429456544647e-14,"DDIT3"
5.31623584402333e-18,-0.893060047957344,0.062,0.102,1.02018565846808e-13,"GNG2"
5.3498999000051e-18,0.316852209161006,0.38,0.304,1.02664579081098e-13,"TMEM177"
5.80616479104957e-18,-0.521390121466362,0.18,0.235,1.11420302340241e-13,"ACADS"
6.81832217943191e-18,0.35639844597811,0.348,0.276,1.30843602623298e-13,"ARL4A"
7.04738760084879e-18,0.510562953609473,0.157,0.104,1.35239368060288e-13,"RP11-386G11.10"
7.46035639627418e-18,-0.567045168796265,0.163,0.216,1.43164239244501e-13,"CTDP1"
8.07479613287294e-18,-0.527474597765136,0.183,0.237,1.54955337789832e-13,"RUNX2"
8.10542107919357e-18,-0.289772416782477,0.459,0.509,1.55543030509725e-13,"DNAJC10"
8.25009009437123e-18,-0.450253167246862,0.194,0.251,1.58319228910984e-13,"DUSP14"
8.96903838166088e-18,0.504738208125887,0.17,0.116,1.72115846544072e-13,"TMEM110"
9.77911031391685e-18,-0.45284827609566,0.242,0.298,1.87661126924064e-13,"ERBB2IP"
1.09725809481735e-17,-0.277185024347724,0.534,0.582,2.1056382839545e-13,"FLOT1"
1.12432978515164e-17,-0.410755748630066,0.254,0.313,2.157588857706e-13,"RALGAPA2"
1.15564661861001e-17,0.37328168152028,0.239,0.174,2.2176858611126e-13,"PHC2"
1.31523621792881e-17,0.571230711768349,0.16,0.108,2.52393830220539e-13,"APOBR"
1.43015365228853e-17,-0.659478926522258,0.117,0.165,2.74446485874168e-13,"MAML3"
1.45061134294384e-17,-0.381259914640817,0.369,0.424,2.78372316710923e-13,"RNF168"
1.45258628581869e-17,-0.390594594380424,0.302,0.36,2.78751308248607e-13,"UBL3"
1.49410223394591e-17,-0.398186153706121,0.361,0.416,2.8671821869422e-13,"U2AF1L4"
1.50741001870332e-17,-0.54335945191393,0.16,0.214,2.89271982589166e-13,"PTPN9"
1.72997642441571e-17,0.446883166723389,0.223,0.162,3.31982475845375e-13,"RFNG"
1.8251345328888e-17,-0.474995537744149,0.21,0.267,3.50243316861361e-13,"ZNF367"
1.84153130792328e-17,-0.644491679126852,0.111,0.159,3.53389857990477e-13,"MAP4K1"
1.85368728132218e-17,-0.551442472560428,0.189,0.242,3.55722589285727e-13,"RIMKLB"
2.10613273011676e-17,-0.618346029508799,0.143,0.193,4.04166870909407e-13,"NOA1"
2.18161184422179e-17,-0.839426808157501,0.089,0.133,4.18651312906161e-13,"IER3"
2.20518327626502e-17,-0.304468189839876,0.449,0.502,4.23174670715257e-13,"CSNK1G2"
2.35581171868932e-17,-0.449420869269916,0.209,0.266,4.52080268816481e-13,"TXNDC5"
2.38445079898583e-17,0.35401507319954,0.28,0.213,4.57576108325381e-13,"SEPN1"
2.50009870172775e-17,0.340971139373698,0.308,0.237,4.79768940861555e-13,"PSME4"
3.04282328240725e-17,-0.427684978743629,0.276,0.331,5.83917787893952e-13,"SND1"
3.0890977427842e-17,0.314529840643323,0.469,0.392,5.92797856840288e-13,"FAM173A"
3.44392008402708e-17,-0.424593782630048,0.297,0.353,6.60888264124797e-13,"DGKE"
3.6891202635497e-17,0.26557837324892,0.585,0.518,7.07942178575187e-13,"RP3-460G2.2"
3.70833696195417e-17,-0.609645929028713,0.169,0.221,7.11629862999005e-13,"IRF2BPL"
3.79347813433478e-17,-0.437493042968514,0.243,0.302,7.27968453978845e-13,"AC011043.1"
3.79579103719949e-17,-0.576951782152299,0.159,0.211,7.28412300038582e-13,"TRIO"
3.94098401208256e-17,0.328995814462476,0.275,0.207,7.56274831918644e-13,"ERN1"
4.23217232611696e-17,0.307321738764963,0.427,0.352,8.12153869381845e-13,"BCS1L"
4.48061358173346e-17,-0.597086967548901,0.154,0.205,8.59829746334652e-13,"NAALADL1"
4.62244636870962e-17,-0.298173996683383,0.444,0.496,8.87047458155375e-13,"PLEKHF2"
4.6377679843131e-17,-0.350339985897334,0.409,0.458,8.89987676189684e-13,"PTPRA"
4.79840619700516e-17,0.274058323690576,0.466,0.388,9.2081414920529e-13,"RPF1"
4.90572101292116e-17,-0.644652647515204,0.124,0.172,9.4140786237957e-13,"NFATC2"
4.97892105286334e-17,0.279699295497765,0.439,0.366,9.55454950044476e-13,"ZNF768"
5.65902349313782e-17,-0.274786800994168,0.515,0.559,1.08596660833315e-12,"SF3A2"
5.81789159320821e-17,0.468856245000637,0.181,0.126,1.11645339673666e-12,"MXI1"
5.83569646800075e-17,-0.63270551969512,0.104,0.15,1.11987015220934e-12,"ZNF362"
6.07356757823805e-17,-0.460882493133855,0.235,0.289,1.16551761826388e-12,"TRIM8"
6.36661101703259e-17,0.253362497434303,0.532,0.458,1.22175265416855e-12,"LARS"
6.36821290080033e-17,0.431108844783493,0.223,0.163,1.22206005566358e-12,"CLU"
6.76744020967842e-17,-0.274755224038107,0.568,0.606,1.29867177623729e-12,"BMI1"
6.88783291318619e-17,-0.53913303088118,0.14,0.19,1.32177513604043e-12,"CMBL"
7.60522276404802e-17,-0.391010964239202,0.337,0.389,1.45944224842081e-12,"SMAP2"
7.69338127357277e-17,0.318808372676542,0.417,0.343,1.47635986639861e-12,"PPID"
7.78027725910556e-17,-0.309738585098035,0.483,0.526,1.49303520602236e-12,"ZNF292"
7.92592282268635e-17,0.481810398479794,0.178,0.124,1.52098458967351e-12,"EIF3C"
8.62413549645329e-17,-0.266890954133649,0.478,0.531,1.65497160176939e-12,"VMP1"
9.40096785296628e-17,0.403399312343646,0.19,0.133,1.80404573098423e-12,"MON1A"
1.02989066797075e-16,-0.270637329129526,0.506,0.553,1.97636019183587e-12,"MAPK6"
1.07323179945137e-16,-0.638467268071565,0.11,0.156,2.05953182314719e-12,"DHRS12"
1.07721352720599e-16,0.319273543049285,0.334,0.265,2.0671727587083e-12,"COA7"
1.09638910255129e-16,-0.551029618716174,0.139,0.189,2.10397068779593e-12,"SEZ6L2"
1.14396365783929e-16,0.318759814358502,0.306,0.236,2.1952662593936e-12,"RP11-400F19.6"
1.22638269497608e-16,-0.593309453630559,0.157,0.206,2.3534283916591e-12,"DUSP10"
1.30768792998137e-16,0.36535981021835,0.308,0.241,2.50945313763426e-12,"SLC9B2"
1.41516537125562e-16,-0.274294043522973,0.494,0.541,2.71570234743954e-12,"GLUD1"
1.43070874111356e-16,-0.587150819693742,0.119,0.167,2.74553007419693e-12,"BMPR2"
1.43322751843903e-16,-0.297809072890481,0.512,0.555,2.7503636078845e-12,"RP11-126K1.6"
1.58769107869287e-16,-0.362133572828855,0.343,0.396,3.04677918001162e-12,"WDFY2"
1.62582641850612e-16,0.416027438080817,0.246,0.186,3.11996089711325e-12,"LRFN4"
1.62607937999905e-16,0.308297287989419,0.374,0.301,3.12044633021817e-12,"MGAT4B"
1.85453861723706e-16,-0.347206040517545,0.389,0.437,3.55885960647791e-12,"NFKB1"
1.90447202798849e-16,0.625962177610794,0.112,0.07,3.6546818217099e-12,"APTR"
1.95179430710708e-16,0.338340346907056,0.289,0.222,3.74549327533849e-12,"XPO4"
1.95291070724255e-16,0.519840966110014,0.171,0.119,3.74763564719845e-12,"DOK2"
2.12692071509761e-16,0.472592947583048,0.157,0.106,4.08156085227231e-12,"LINC01268"
2.26271485155304e-16,0.312400376754224,0.452,0.381,4.34214980013028e-12,"GADD45A"
2.33311311134786e-16,-0.461116950363925,0.201,0.256,4.47724406067654e-12,"SEMA4D"
2.49142292046147e-16,0.271168987945246,0.404,0.327,4.78104058436557e-12,"PDDC1"
2.60745259729112e-16,-0.278977524864845,0.607,0.643,5.00370153420166e-12,"CISD1"
2.91049191330339e-16,0.318972738738014,0.335,0.267,5.5852339816292e-12,"RMND5B"
3.04410240992273e-16,-0.854408851849636,0.064,0.101,5.84163252464172e-12,"FBXO48"
3.26863159703947e-16,-0.277410624719768,0.483,0.53,6.27250403471874e-12,"INPP5D"
3.29902867150605e-16,-0.63851499845431,0.136,0.184,6.33083602062012e-12,"CEP70"
3.34902209624076e-16,0.328306844510678,0.354,0.285,6.42677340268603e-12,"C1orf186"
3.43464421561792e-16,0.277912909533643,0.448,0.371,6.59108224977079e-12,"C7orf49"
4.23610331939587e-16,0.273445922394678,0.42,0.345,8.12908226992067e-12,"TSR1"
4.60103383527714e-16,-0.416061928303761,0.284,0.337,8.82938392989683e-12,"GPSM2"
4.71642082896801e-16,0.405292496381009,0.245,0.184,9.05081157078962e-12,"FYB"
4.86649070383806e-16,-0.296697099065428,0.441,0.494,9.33879566066524e-12,"ILK"
5.01790141087546e-16,-0.493054292099859,0.246,0.298,9.62935280747e-12,"ARID4A"
5.0213762643486e-16,0.266232877290032,0.412,0.336,9.63602105128497e-12,"RRN3"
5.05223443220712e-16,-0.6736445645128,0.077,0.117,9.69523787540546e-12,"FNBP1L"
5.4195028272944e-16,0.285644586218703,0.455,0.38,1.0400025925578e-11,"BRD9"
6.04422597293115e-16,0.294634587796982,0.37,0.298,1.15988696420549e-11,"YTHDF3"
6.07785976414068e-16,0.277145974394724,0.454,0.381,1.1663412887386e-11,"PHTF1"
6.22085463983429e-16,0.419586338334384,0.203,0.147,1.1937820053842e-11,"PIGL"
6.26413950607645e-16,-0.446827618186101,0.233,0.285,1.20208837121607e-11,"RECQL"
6.72542906327355e-16,-0.396552373525506,0.288,0.34,1.29060983724219e-11,"CLIC4"
7.02300257545395e-16,-0.624705274055122,0.128,0.175,1.34771419422961e-11,"NT5DC1"
7.2777164213712e-16,-0.293674843032809,0.453,0.499,1.39659378126113e-11,"ATP1A1"
7.42835221802431e-16,-0.522214967685144,0.138,0.186,1.42550079063887e-11,"BCAS4"
7.48721320128495e-16,-0.322307477057912,0.366,0.421,1.43679621332658e-11,"ERG"
8.61631525439746e-16,-0.300150892404483,0.396,0.45,1.65347089731887e-11,"MAP4K4"
8.63769750888372e-16,-0.257270441175351,0.448,0.498,1.65757415195479e-11,"ACAA2"
8.64731400564889e-16,0.403565872964125,0.25,0.189,1.65941955768402e-11,"CNBD2"
9.62548443615001e-16,0.329543536395401,0.343,0.273,1.84713046329719e-11,"TRMT6"
9.88278888637567e-16,-0.268246670911448,0.513,0.556,1.89650718729549e-11,"WIPI2"
9.92542961297249e-16,0.331761560188846,0.332,0.265,1.90468994272942e-11,"WDR36"
1.02985303238345e-15,0.39140009799131,0.2,0.144,1.97628796914383e-11,"AC009403.2"
1.06374758836716e-15,-0.717377520722954,0.104,0.147,2.04133162207657e-11,"SULT1A3"
1.0754803752032e-15,0.335146560873004,0.344,0.275,2.06384684001493e-11,"PRMT5"
1.09217825049314e-15,0.377566454442607,0.221,0.164,2.09589006269634e-11,"ADGRE5"
1.23500247117036e-15,-0.492198554307864,0.205,0.256,2.36996974217592e-11,"RAB37"
1.29749162169833e-15,0.32919897214813,0.246,0.185,2.48988642203909e-11,"UTP14A"
1.35562103197205e-15,-0.477070787394074,0.228,0.28,2.60143676035437e-11,"BCL3"
1.44790452811725e-15,0.302980248749908,0.393,0.323,2.77852878945701e-11,"ZNF771"
1.52217611605797e-15,0.288277120033014,0.466,0.394,2.92105596671524e-11,"NAE1"
1.58290491250251e-15,-0.569121735414942,0.176,0.224,3.03759452709231e-11,"LIMK2"
1.58504368977352e-15,0.29930992997546,0.365,0.296,3.04169884067538e-11,"EIF1AD"
1.64823903669537e-15,0.438530586669831,0.207,0.152,3.16297071141842e-11,"POLR1A"
1.67658809686244e-15,0.475366589272349,0.169,0.119,3.21737255787903e-11,"BORA"
1.73299072991673e-15,-0.252297104391557,0.486,0.537,3.32560921071021e-11,"MTHFS"
1.91392371062503e-15,0.431844621274523,0.228,0.171,3.67281960068943e-11,"RP11-295G20.2"
2.05439062213697e-15,-0.367977456484599,0.29,0.344,3.94237560388085e-11,"EHMT1"
2.06484167170694e-15,-0.317705220754087,0.448,0.495,3.96243116800561e-11,"RNPEP"
2.11339540667839e-15,0.250357399562645,0.594,0.531,4.05560578541582e-11,"RITA1"
2.11575920178312e-15,-0.739992944269656,0.092,0.134,4.06014190822181e-11,"TNFRSF4"
2.16631192239334e-15,0.327121927709207,0.398,0.328,4.15715257907282e-11,"C8orf82"
2.28498868350809e-15,-0.365104743442419,0.317,0.367,4.38489328365203e-11,"XYLT1"
2.42713315945545e-15,0.513843033510958,0.172,0.122,4.65766853299502e-11,"AC108488.4"
2.49828094899397e-15,0.602541978641983,0.108,0.068,4.79420114111943e-11,"AC091729.9"
2.79574162300619e-15,0.362283207714798,0.253,0.192,5.36502817454888e-11,"PAQR3"
2.81541824209538e-15,0.327881974935453,0.262,0.199,5.40278760658103e-11,"IRAK4"
3.01210556164994e-15,-0.322461408703403,0.423,0.471,5.78023057280624e-11,"MRPL10"
3.4333494130326e-15,-0.292436800292099,0.431,0.478,6.58859752360956e-11,"HSCB"
3.50631780534507e-15,-0.398027367230297,0.232,0.285,6.7286238684572e-11,"CBX2"
3.83676072134148e-15,-0.495934358310427,0.133,0.18,7.3627438242543e-11,"KIF13A"
3.84639461866445e-15,-0.582654459626558,0.101,0.144,7.38123127321708e-11,"FYN"
4.27975798933237e-15,0.279070651083634,0.295,0.229,8.21285558152882e-11,"CYP2R1"
4.49901193068997e-15,-0.275755497813749,0.486,0.529,8.63360389499406e-11,"TTC39C"
4.78027384645216e-15,-0.49876317601717,0.188,0.237,9.17334551134169e-11,"HERC1"
4.81174268724701e-15,-0.382406608628193,0.272,0.324,9.23373421682701e-11,"TAGAP"
5.7201999301185e-15,-0.375247443936527,0.328,0.377,1.09770636658974e-10,"GBAS"
5.73833993487751e-15,-0.400269469405274,0.236,0.287,1.10118743350299e-10,"KAT6B"
6.0689908841444e-15,-0.355628439319315,0.302,0.354,1.16463935066731e-10,"RPS6KA3"
7.00750034761422e-15,0.415084073400477,0.184,0.132,1.34473931670717e-10,"ARMC7"
7.04760004934555e-15,0.344268499457732,0.24,0.181,1.35243444946941e-10,"CLASP2"
7.40351791414283e-15,-0.575742608817653,0.111,0.154,1.42073508772401e-10,"PACS2"
7.87338941990859e-15,0.318270610264767,0.285,0.222,1.51090342968046e-10,"NFRKB"
8.73259600591765e-15,-0.557866444135575,0.143,0.189,1.6757851735356e-10,"ARHGAP10"
8.89201783470027e-15,0.2736480083847,0.373,0.305,1.70637822247898e-10,"CARNMT1"
9.2890753064284e-15,0.308341102304309,0.361,0.295,1.78257355130361e-10,"FAR1"
9.42146238025523e-15,0.28115748624673,0.29,0.224,1.80797863077098e-10,"GPATCH11"
1.02216698693807e-14,-0.321863195614909,0.4,0.448,1.96153844793415e-10,"RALA"
1.04455123597564e-14,0.368611548602047,0.238,0.181,2.00449382183725e-10,"FASTKD2"
1.06563959770855e-14,0.268291852266178,0.452,0.382,2.04496238800271e-10,"PANK3"
1.13373608119708e-14,0.263073175887303,0.544,0.478,2.1756395398172e-10,"PTBP3"
1.14694735655322e-14,0.309973149481791,0.332,0.266,2.20099197722562e-10,"BET1L"
1.16048768057773e-14,0.253778450976815,0.357,0.285,2.22697585902866e-10,"ZFP91"
1.33595832941515e-14,-0.375474184437157,0.254,0.306,2.56370403414767e-10,"ANKRD33B"
1.58126738913087e-14,0.261765797862735,0.463,0.392,3.03445211974214e-10,"FRA10AC1"
1.6318926413698e-14,-0.451404087567,0.203,0.254,3.13160197878865e-10,"ARHGAP5"
1.65046253853472e-14,-0.455056305689212,0.219,0.268,3.16723761144814e-10,"NGRN"
1.67556664866162e-14,-0.64136652676664,0.086,0.125,3.21541239878164e-10,"RP1-34B20.21"
1.69079025952664e-14,0.454215819703636,0.154,0.108,3.24462650803162e-10,"NOP9"
1.80783888315009e-14,-0.293543930354777,0.457,0.496,3.46924281676503e-10,"TPP1"
1.89799643556033e-14,0.285036962898239,0.385,0.318,3.64225515984027e-10,"GMPPB"
1.89883542817118e-14,-0.273163395512928,0.417,0.467,3.6438651866605e-10,"C21orf33"
1.93055121090427e-14,0.434502904392054,0.168,0.12,3.70472777372529e-10,"ZBTB7B"
1.93315399425576e-14,0.293613999256524,0.384,0.317,3.7097225149768e-10,"ASCC3"
2.26754216865862e-14,-0.62144867503235,0.068,0.104,4.35141342165589e-10,"RP11-254F7.2"
2.37066630093428e-14,0.374120367118509,0.24,0.184,4.54930863149289e-10,"DBN1"
2.48347787917425e-14,-0.265686157290739,0.224,0.281,4.76579405013539e-10,"SLC45A3"
2.49102973410387e-14,-0.964167354636582,0.168,0.212,4.78028605974532e-10,"HGF"
2.50122095329418e-14,0.365631166816209,0.246,0.189,4.79984300937152e-10,"TMEM150A"
2.51551018512131e-14,0.46914787383722,0.163,0.116,4.82726404524779e-10,"ZNF561"
2.63245274293764e-14,0.315838880825474,0.336,0.269,5.05167681369733e-10,"PELO"
2.68610221018102e-14,-0.566181600745557,0.126,0.17,5.15463014133738e-10,"FHIT"
2.86980132985731e-14,-0.271671671349922,0.44,0.485,5.50714875199618e-10,"MFSD14A"
2.94164083091921e-14,-0.396852277757269,0.298,0.345,5.64500875453396e-10,"LRRC37B"
3.44168057468174e-14,-0.72827186585448,0.065,0.1,6.60458502281426e-10,"SPAG6"
3.50476478024162e-14,-0.686776508058911,0.08,0.118,6.72564361328366e-10,"SEMA6B"
3.52546061188099e-14,-0.669088128192561,0.097,0.137,6.76535891419962e-10,"SAMD8"
3.61199073152033e-14,0.383180905649346,0.238,0.182,6.93141021378752e-10,"SLA2"
4.1624151873427e-14,-0.422225848242942,0.223,0.273,7.98767474451065e-10,"MTO1"
4.26431796875805e-14,0.487043378856117,0.148,0.103,8.18322618204669e-10,"SBF2-AS1"
4.2929350706923e-14,0.290571007940539,0.351,0.285,8.23814240065851e-10,"RCE1"
4.39298804260732e-14,-0.299228950018443,0.511,0.547,8.43014405376345e-10,"RAD51AP1"
4.40004771993128e-14,-0.278940849178737,0.441,0.489,8.44369157454814e-10,"BCL11A"
4.63715219452586e-14,-0.335929075979688,0.355,0.401,8.89869506129513e-10,"VEZF1"
4.95687187369556e-14,0.325598474889913,0.281,0.221,9.51223712562178e-10,"LIN7C"
5.08409531391351e-14,-0.306639601151251,0.372,0.422,9.75637890740003e-10,"PRPSAP1"
5.57432969854328e-14,-0.605481583086734,0.1,0.14,1.06971386915046e-09,"MAN2B1"
5.82424155539779e-14,0.341723699770432,0.385,0.32,1.11767195448084e-09,"ATF5"
5.85547833721323e-14,0.574426485918336,0.106,0.068,1.12366629291122e-09,"TTC38"
6.2968838033075e-14,-0.290278817758459,0.401,0.453,1.20837200185471e-09,"KCNK6"
6.41492044940893e-14,-0.571983142454676,0.147,0.192,1.23102323424157e-09,"GNA12"
6.50825359695363e-14,0.29559259815745,0.305,0.242,1.2489338652554e-09,"SRA1"
6.76450397921429e-14,-0.507194000018412,0.15,0.195,1.29810831361122e-09,"PARP14"
7.38584542792584e-14,0.293398643391992,0.369,0.303,1.41734373761897e-09,"SMIM13"
7.86592223466053e-14,-0.519401169981712,0.152,0.196,1.50947047683136e-09,"AC113189.5"
8.61276570849278e-14,0.293926794155356,0.307,0.244,1.65278973945976e-09,"FASN"
8.6268896739424e-14,-0.648719578774938,0.078,0.115,1.65550012842955e-09,"PSPH"
8.942445487246e-14,-0.324680717293667,0.346,0.394,1.71605528900251e-09,"NRM"
9.21849491091641e-14,0.391491950862225,0.173,0.124,1.76902917340486e-09,"ZNF28"
9.31147618603018e-14,0.286225786103822,0.29,0.228,1.78687228009919e-09,"FAM229B"
9.5702124143321e-14,0.254268611338328,0.379,0.31,1.83652376231033e-09,"GUF1"
1.01027938856296e-13,-0.322038598133988,0.317,0.368,1.93872614665232e-09,"ATXN2"
1.04344967954453e-13,-0.579318794441558,0.099,0.139,2.00237993504596e-09,"NAV1"
1.08147110264592e-13,-0.268932047317566,0.484,0.523,2.07534304597752e-09,"LARP7"
1.08495088792338e-13,0.3748616090999,0.196,0.144,2.08202075392496e-09,"KIT"
1.12515462241749e-13,0.40324626797913,0.222,0.169,2.15917172041916e-09,"C1orf233"
1.13955304712439e-13,-0.48332590703684,0.209,0.255,2.1868022974317e-09,"PDK1"
1.17181999100978e-13,0.442829218117208,0.153,0.108,2.24872256274777e-09,"TSPAN31"
1.22494711411803e-13,-0.476075430096435,0.179,0.225,2.3506735119925e-09,"IRF2"
1.28889146332586e-13,-0.67077620875448,0.068,0.103,2.47338271812232e-09,"PPP2R3B"
1.33453597995292e-13,-0.440871220729828,0.172,0.22,2.56097454552964e-09,"INSR"
1.42173529868494e-13,-0.410627092708361,0.267,0.314,2.72831003817639e-09,"KIAA1033"
1.44688950608757e-13,-0.481976893160065,0.183,0.229,2.77658096218204e-09,"SOAT1"
1.51622544884907e-13,-0.282862730863648,0.476,0.516,2.90963663634136e-09,"NCAPH2"
1.53231753125803e-13,0.333682731535843,0.197,0.145,2.94051734248415e-09,"SMN1"
1.53482057227469e-13,-0.306172420470129,0.428,0.469,2.94532067819513e-09,"FAM219B"
1.54231923912762e-13,-0.63863019768183,0.112,0.152,2.9597106198859e-09,"TRIP4"
1.54845885038744e-13,-0.558090159721665,0.123,0.165,2.97149253389351e-09,"DACH1"
1.62200898560622e-13,0.342642717817902,0.258,0.2,3.11263524337834e-09,"PLAGL2"
1.8501874928193e-13,-0.273033049942414,0.454,0.497,3.55050979872024e-09,"GUCD1"
1.94185456719682e-13,0.293956184497708,0.266,0.207,3.72641891445069e-09,"FBXO45"
1.98373395850691e-13,0.558198641615905,0.111,0.073,3.80678546637476e-09,"PLEKHA4"
2.06517872515168e-13,0.35613934913983,0.384,0.324,3.96307797356607e-09,"STXBP5"
2.07649208103039e-13,-0.571460041117659,0.138,0.181,3.98478830349733e-09,"SCARF1"
2.19895373393208e-13,-0.487951235680145,0.17,0.215,4.21979221541566e-09,"FAM84B"
2.37830652840037e-13,-0.43203282653891,0.218,0.264,4.56397022800032e-09,"ILVBL"
2.39528652965013e-13,0.267605654176,0.371,0.305,4.59655485039859e-09,"SDCCAG3"
2.55827193127441e-13,-0.682934445513177,0.068,0.102,4.90932383611559e-09,"FLT3"
2.64147040481071e-13,-0.703240477064129,0.089,0.125,5.06898170683175e-09,"ABHD16A"
2.70741808634117e-13,0.316077126096455,0.241,0.185,5.1955353076887e-09,"NUPL2"
2.72207598111812e-13,-0.414489702316189,0.204,0.252,5.22366380776568e-09,"SLC1A4"
2.76221921316799e-13,-0.411597805075082,0.246,0.292,5.30069867006937e-09,"PDHX"
2.7629083870798e-13,0.318904509087153,0.277,0.218,5.30202119480614e-09,"SLC25A22"
3.06380111512781e-13,-0.436766806920397,0.269,0.316,5.87943433993026e-09,"TRPM4"
3.33361522991524e-13,-0.381206794599602,0.264,0.311,6.39720762620734e-09,"C16orf62"
3.38363043296045e-13,0.329185623943338,0.242,0.187,6.49318680085109e-09,"PRMT9"
3.44646658720588e-13,-0.664609988075778,0.079,0.114,6.61376938084809e-09,"ASB9"
3.48532507292757e-13,0.39748763733657,0.164,0.119,6.688338814948e-09,"GNS"
3.49103094900412e-13,0.398497758036796,0.169,0.123,6.69928839113891e-09,"UTP15"
3.51065178081528e-13,-0.340924862631015,0.231,0.28,6.73694076738451e-09,"BHLHE40"
3.55206880342255e-13,-0.539630293839273,0.141,0.184,6.81642003376787e-09,"SLC11A2"
3.70056890976538e-13,0.321255029845968,0.245,0.19,7.10139173783977e-09,"UBA5"
3.74357874945788e-13,0.370440300518281,0.634,0.599,7.18392762020968e-09,"FAM46A"
4.48812730166721e-13,-0.425854358109115,0.221,0.266,8.61271629189937e-09,"ZNF652"
4.55412200766363e-13,0.345459083394434,0.178,0.131,8.7393601327065e-09,"AC002454.1"
4.84883114576111e-13,0.292746776825628,0.234,0.177,9.30490696871557e-09,"C6orf120"
4.95956514381897e-13,0.433053534632132,0.176,0.129,9.51740551098859e-09,"MFAP2"
5.05668455985141e-13,-0.677094280916853,0.077,0.112,9.70377767035486e-09,"TRG-AS1"
5.20566008692477e-13,0.263335087996814,0.399,0.338,9.98966170680864e-09,"C1orf109"
6.18071064896959e-13,-0.521820385932591,0.082,0.118,1.18607837353726e-08,"CREBRF"
6.24963948707483e-13,-0.462598699726424,0.144,0.187,1.19930581756966e-08,"PCK2"
6.61746224935518e-13,0.311129964977359,0.253,0.198,1.26989100565126e-08,"ZNF692"
6.83802850422634e-13,-0.313077431883356,0.324,0.372,1.31221766996104e-08,"PPFIBP1"
7.31040893145428e-13,-0.575550941538919,0.088,0.125,1.40286747394608e-08,"RP11-382A20.3"
7.680145852212e-13,0.27339346409685,0.286,0.228,1.47381998903948e-08,"MAK16"
7.72966740912126e-13,-0.716839778201974,0.077,0.112,1.48332317581037e-08,"RGS12"
8.05614058686893e-13,0.283884412373268,0.27,0.212,1.54597337862015e-08,"COQ9"
8.1542789307743e-13,0.29609631501696,0.215,0.162,1.56480612681559e-08,"CTA-29F11.1"
8.52913479645262e-13,-0.320798572348218,0.321,0.367,1.63674096743926e-08,"GRAMD1A"
9.37032136660486e-13,0.259272899747856,0.332,0.268,1.79816467025147e-08,"EXOSC2"
9.80289703297845e-13,-0.450072714515992,0.187,0.232,1.88117594062856e-08,"TST"
1.03584431386671e-12,-0.608575159779173,0.075,0.11,1.98778523831022e-08,"TTC39B"
1.09319122717792e-12,-0.28383965098342,0.39,0.435,2.09783396495442e-08,"GIT2"
1.11051181645961e-12,-0.355445314537177,0.272,0.317,2.13107217578599e-08,"MYO1G"
1.11635232553653e-12,-0.577682198934713,0.104,0.142,2.1422801127046e-08,"FGD5"
1.14895490452799e-12,0.25429582287942,0.45,0.388,2.20484446178921e-08,"CFAP36"
1.15113214359347e-12,-0.482015960501402,0.131,0.173,2.20902258355586e-08,"DHX32"
1.16543599925319e-12,0.26718143268363,0.346,0.284,2.23647168256688e-08,"CWC27"
1.19263526531526e-12,-0.426144725966813,0.205,0.25,2.28866707413999e-08,"PIK3AP1"
1.22872785034603e-12,0.412568614721943,0.152,0.108,2.35792874481404e-08,"TOMM40L"
1.24563603339405e-12,-0.362092565196429,0.274,0.32,2.39037554808317e-08,"MAP4"
1.31628841129543e-12,-0.482176800151004,0.14,0.182,2.52595746127592e-08,"CEP68"
1.34417852625141e-12,0.257406040609075,0.424,0.36,2.57947859187646e-08,"DCPS"
1.40216277439856e-12,-0.370513018012578,0.244,0.291,2.69075036407084e-08,"CRTC3"
1.40916975712467e-12,-0.328688432600724,0.317,0.363,2.70419676392224e-08,"EIF2AK2"
1.425893455243e-12,0.285954871841361,0.282,0.223,2.73628954061132e-08,"TNFAIP8L2"
1.44935449152092e-12,0.35068563823278,0.229,0.178,2.78131126922864e-08,"YKT6"
1.49873512417682e-12,-0.283978495741356,0.449,0.487,2.87607270329531e-08,"RYBP"
1.50386222312575e-12,-0.375589907030097,0.283,0.327,2.88591160617832e-08,"CBWD3"
1.79276696479682e-12,0.429151882172844,0.144,0.103,3.44031980544509e-08,"MAN2C1"
1.81227450149628e-12,-0.299689061836099,0.348,0.391,3.47775476837137e-08,"MKRN1"
1.82522050842211e-12,-0.641493806110935,0.075,0.109,3.50259815566203e-08,"CYSTM1"
1.94566685911553e-12,-0.438061539466306,0.194,0.238,3.7337347026427e-08,"RAPGEF1"
1.9599045362966e-12,0.255447865689131,0.331,0.269,3.76105680515318e-08,"PRR3"
2.09454757793624e-12,-0.361061255160342,0.318,0.359,4.01943680205965e-08,"EIF2A"
2.12716433147866e-12,-0.424058151305983,0.26,0.301,4.08202835210754e-08,"KIF11"
2.14128501692381e-12,-0.474690154888719,0.16,0.203,4.10912594747678e-08,"NBPF1"
2.17742864432269e-12,-0.387460491451914,0.232,0.277,4.17848556845525e-08,"NOMO1"
2.23124917175723e-12,-0.478714633231355,0.17,0.213,4.28176716060212e-08,"MDFIC"
2.27009699499347e-12,-0.259639425739343,0.434,0.473,4.35631613339248e-08,"SULT1A1"
2.37227584996254e-12,0.299946583627679,0.295,0.238,4.55239735607811e-08,"CD3EAP"
2.44724325728763e-12,0.481598199741359,0.131,0.091,4.69625981073496e-08,"ZNF778"
2.45912180351789e-12,-0.557721949398515,0.098,0.135,4.71905474095084e-08,"MYD88"
2.48359742343912e-12,0.3811891366125,0.215,0.165,4.76602345557967e-08,"HPDL"
2.60160086967933e-12,-0.389344234204505,0.245,0.29,4.99247206891464e-08,"PFKP"
2.79802914801568e-12,-0.396912152179727,0.203,0.248,5.3694179350421e-08,"TCTEX1D2"
2.80299381186188e-12,0.258311747805176,0.327,0.265,5.37894512496295e-08,"ARRDC1-AS1"
2.81165011144267e-12,0.27903962784708,0.294,0.236,5.39555656385848e-08,"NOC3L"
2.87910154411956e-12,-0.501419675618441,0.159,0.201,5.52499586316543e-08,"FAM89A"
2.91504867049868e-12,-0.559392210896234,0.114,0.152,5.59397839868697e-08,"RFFL"
2.94512004453046e-12,-0.404689270677244,0.312,0.351,5.65168536545394e-08,"KIAA1551"
2.95676399613469e-12,0.254073145736178,0.357,0.294,5.67403010858247e-08,"UBFD1"
3.18507710254286e-12,0.255926330187267,0.356,0.295,6.11216295977976e-08,"RENBP"
3.19022109746119e-12,-0.399968758663933,0.25,0.294,6.12203428602802e-08,"CLSTN1"
3.43289134933997e-12,-0.262693430419408,0.434,0.476,6.5877184993834e-08,"TM2D3"
3.48385020418622e-12,-0.415556232364147,0.219,0.262,6.68550854183336e-08,"MGMT"
3.49060038165502e-12,-0.555982277889458,0.128,0.167,6.69846213239599e-08,"ACOT2"
3.5322733354895e-12,-0.567348208944681,0.091,0.127,6.77843253080434e-08,"RAB40B"
3.61579506793776e-12,0.277937298033378,0.259,0.203,6.93871073537256e-08,"RPUSD2"
3.92314907694097e-12,-0.332864055804315,0.29,0.335,7.52852307864971e-08,"FANCG"
3.92528325781686e-12,0.252494414133769,0.284,0.224,7.53261857175055e-08,"SMPD4"
4.23842229536261e-12,0.380607492847932,0.173,0.128,8.13353238480085e-08,"CCDC88B"
4.24305316923879e-12,0.283086310896534,0.298,0.24,8.14241903176923e-08,"HDHD3"
4.32897760499102e-12,-0.552212540923079,0.126,0.165,8.30730802397776e-08,"GUSB"
4.45376211861139e-12,-0.250811920454219,0.465,0.504,8.54676950561526e-08,"MTA1"
4.65074403203334e-12,-0.589435273903439,0.102,0.139,8.92477779747197e-08,"GALNT6"
4.77505546603486e-12,0.443299265887919,0.165,0.121,9.1633314393209e-08,"ANKRD9"
4.8914866698879e-12,-0.413580521049899,0.257,0.299,9.38676291951489e-08,"RGP1"
5.02996770147436e-12,-0.60591983754701,0.08,0.114,9.65250801912929e-08,"SPECC1"
5.05885093047307e-12,-0.523900103328793,0.12,0.159,9.70793493557783e-08,"ZNF618"
5.26555781972037e-12,-0.391627477589597,0.248,0.291,1.01046054560434e-07,"PML"
5.55656095547116e-12,-0.480007293803009,0.207,0.249,1.06630404735492e-07,"FAM43A"
5.81148885844107e-12,-0.538932368990611,0.146,0.185,1.11522471193484e-07,"CD200"
5.84358450290259e-12,-0.27837489259245,0.296,0.343,1.12138386610701e-07,"PRKAG2-AS1"
5.93413006242049e-12,0.401169674504496,0.138,0.099,1.13875955897849e-07,"RHOU"
6.2340626787496e-12,0.357208185184546,0.163,0.119,1.19631662805205e-07,"YIPF1"
6.43932269052464e-12,-0.632463600962719,0.077,0.11,1.23570602431168e-07,"AC004951.6"
6.49058069723365e-12,-0.631799616856773,0.086,0.121,1.24554243579914e-07,"SMAD1"
7.02290392668018e-12,0.267691083085431,0.392,0.332,1.34769526352993e-07,"NAT9"
7.42291353817926e-12,-0.48117821487321,0.197,0.238,1.4244571079766e-07,"IL3RA"
7.52746011197008e-12,-0.537430760096623,0.118,0.156,1.44451959548706e-07,"TP53I11"
7.92841151351248e-12,-0.393036511431231,0.234,0.277,1.52146216944305e-07,"AKAP7"
7.93768485711535e-12,0.475304772850218,0.125,0.087,1.52324172408044e-07,"EEFSEC"
8.14472896883671e-12,-0.251603098271853,0.524,0.551,1.56297348911977e-07,"CTDSP2"
8.27069475360301e-12,-0.405598701777463,0.199,0.243,1.58714632321642e-07,"ARRDC3"
8.46139130620555e-12,-0.463629374966716,0.162,0.203,1.62374099166085e-07,"CPNE8"
8.54131994407406e-12,-0.621182348239758,0.085,0.12,1.63907929726781e-07,"KLF11"
8.55788980873438e-12,-0.651393076120028,0.082,0.116,1.64225905429613e-07,"ACVR1B"
8.68283294888541e-12,0.410552524157994,0.134,0.094,1.66623564289111e-07,"CTD-3074O7.5"
8.76383917280936e-12,-0.35689975694597,0.287,0.329,1.68178073726212e-07,"PELI2"
9.21792052610357e-12,0.366968075785674,0.25,0.2,1.76891894895928e-07,"ALAS1"
9.41812209789046e-12,-0.385686512738582,0.27,0.312,1.80733763058518e-07,"DOCK2"
1.03071947152684e-11,-0.694010092274568,0.073,0.104,1.97795066586001e-07,"SLC44A2"
1.03086543393416e-11,-0.262408663865349,0.408,0.45,1.97823076771965e-07,"FYTTD1"
1.03895963380985e-11,-0.272683745845736,0.411,0.45,1.9937635372811e-07,"SPIN1"
1.0705028386238e-11,-0.339840913744498,0.227,0.272,2.05429494731908e-07,"BRE"
1.10008298126404e-11,0.256053095529958,0.345,0.286,2.11105924104568e-07,"RFX2"
1.11876071737223e-11,-0.28859758887534,0.372,0.414,2.14690181663731e-07,"G6PD"
1.12786517940318e-11,-0.373529851769821,0.171,0.214,2.16437327927469e-07,"SLC27A2"
1.12825300191742e-11,-0.335539967930461,0.324,0.368,2.16511751067953e-07,"TIA1"
1.1521111034788e-11,-0.542387859983091,0.131,0.169,2.21090120757581e-07,"ICA1"
1.1783805809444e-11,-0.380756427084995,0.306,0.342,2.26131233483231e-07,"SSH2"
1.18033263016886e-11,-0.546036822542331,0.086,0.12,2.26505831729404e-07,"GNAI1"
1.20199631469405e-11,-0.679316770103468,0.074,0.105,2.30663092789788e-07,"EFNA4"
1.21875469025097e-11,0.274721116432699,0.234,0.182,2.3387902505916e-07,"ZNF717"
1.26575534078875e-11,0.493925423848208,0.159,0.117,2.42898449897362e-07,"ACSL4"
1.27843062029752e-11,-0.59415244838727,0.108,0.145,2.45330836035095e-07,"NLRP2"
1.42626929780097e-11,0.383372520895661,0.158,0.116,2.73701078248006e-07,"EEF2KMT"
1.43084146910583e-11,-0.491799526712344,0.145,0.184,2.7457847792141e-07,"CNKSR3"
1.49931593316056e-11,0.252973912861976,0.385,0.323,2.87718727573511e-07,"JOSD1"
1.50726710400286e-11,0.375673995682236,0.156,0.114,2.89244557258148e-07,"POP1"
1.58813454634518e-11,0.362146989207135,0.191,0.145,3.04763019443639e-07,"CTD-2371O3.3"
1.61190172169877e-11,-0.472962848887739,0.176,0.216,3.09323940393994e-07,"MAP3K3"
1.73808848964222e-11,-0.31197949506516,0.417,0.452,3.33539181162342e-07,"AGFG1"
1.77467801775774e-11,-0.308709150062384,0.333,0.375,3.4056071160771e-07,"SIPA1"
1.83006111672176e-11,0.310030060709002,0.257,0.205,3.51188728298906e-07,"CNST"
1.93500491094192e-11,0.262077297114057,0.263,0.208,3.71327442409755e-07,"KLHL18"
1.96753946540231e-11,-0.361919737033628,0.225,0.268,3.77570823410704e-07,"RASSF5"
1.99545682194497e-11,-0.531431692143614,0.12,0.158,3.8292816413124e-07,"CLOCK"
2.09279193169939e-11,-0.538536395583296,0.115,0.152,4.01606771693112e-07,"MYL9"
2.24736536158082e-11,0.420021116413194,0.223,0.175,4.31269412887359e-07,"MTURN"
2.29416321806102e-11,-0.587530924049377,0.096,0.131,4.4024992154591e-07,"ZFAND4"
2.30020198488559e-11,0.403293651948617,0.154,0.113,4.41408760899544e-07,"PITRM1"
2.37744239473989e-11,0.369948613663372,0.129,0.091,4.56231195550586e-07,"HSPA1B"
2.37875854764812e-11,-0.251362191755367,0.255,0.305,4.56483765293674e-07,"CFD"
2.3808288106044e-11,-0.424930019922783,0.19,0.233,4.56881048754985e-07,"TNRC18"
2.61721827071104e-11,-0.62794642356143,0.075,0.107,5.02244186149449e-07,"SYCE1L"
2.66075343971886e-11,-0.578313784286028,0.108,0.144,5.10598585082049e-07,"SPATA20"
2.67119393160196e-11,-0.383126036912615,0.233,0.276,5.12602115474416e-07,"CCM2"
2.72048199094843e-11,-0.470684897203838,0.134,0.173,5.22060494063003e-07,"ARMCX1"
2.73508692394303e-11,-0.391802998523169,0.27,0.312,5.24863180704667e-07,"RICTOR"
2.8292716840947e-11,-0.668797645312529,0.074,0.105,5.42937236177772e-07,"SCAPER"
2.86724784896137e-11,-0.326692237942531,0.324,0.364,5.50224862215686e-07,"SNX27"
2.95675994959451e-11,0.479078390713597,0.114,0.079,5.67402234327187e-07,"IKZF4"
3.12267164052589e-11,0.274317825993544,0.315,0.259,5.99240687816919e-07,"CIAPIN1"
3.36563207181818e-11,0.427705621530365,0.179,0.137,6.45864794581909e-07,"CITED4"
3.39780227917278e-11,-0.39078768574961,0.196,0.239,6.52038257373256e-07,"NAA16"
3.75732137290713e-11,-0.537695150004983,0.121,0.157,7.21029971460879e-07,"KIAA1147"
3.9104531082414e-11,0.309294878750934,0.223,0.174,7.50415951471525e-07,"ALOX12-AS1"
4.10449895160801e-11,-0.345208079979123,0.226,0.271,7.87653348813577e-07,"DONSON"
4.11968531451032e-11,-0.341035385941068,0.244,0.287,7.90567611854531e-07,"PEPD"
4.47543096936771e-11,0.333877294556771,0.225,0.176,8.58835203021664e-07,"SEPSECS-AS1"
4.51984240948518e-11,0.398155027431311,0.146,0.106,8.67357758380206e-07,"CAMTA2"
4.59684713995717e-11,-0.643268967604729,0.08,0.112,8.82134966157781e-07,"AC007246.3"
4.6020914319813e-11,-0.271387642768909,0.408,0.445,8.83141345797212e-07,"UXS1"
4.73452231020011e-11,-0.550731770481205,0.163,0.201,9.08554831327401e-07,"KLF10"
4.73707091815443e-11,-0.487975670694222,0.167,0.206,9.09043909193834e-07,"RTKN2"
5.08036748697256e-11,0.269021756599134,0.346,0.288,9.74922520750035e-07,"C12orf73"
5.45315415100867e-11,0.410515622099626,0.131,0.094,1.04646028157856e-06,"IKBKAP"
5.4918924052007e-11,-0.365668507920066,0.273,0.313,1.05389415255801e-06,"TMEM19"
5.77237729125502e-11,0.269766604790829,0.284,0.232,1.10771920219184e-06,"SEC24D"
5.80332049852679e-11,0.358107154724015,0.175,0.132,1.11365720366729e-06,"SLC39A13"
5.89083478071961e-11,0.35664300785975,0.174,0.13,1.13045119442009e-06,"CCNJ"
6.03169196333124e-11,0.25995308755128,0.305,0.25,1.15748168776326e-06,"FAM78A"
6.15946408034691e-11,0.307255875070785,0.254,0.204,1.18200115701857e-06,"LINC01003"
6.46186455081844e-11,0.38737987918895,0.124,0.088,1.24003180730206e-06,"CYB5D1"
6.70813506927708e-11,-0.279104471166624,0.405,0.449,1.28729111979427e-06,"GTSE1"
6.7163665954154e-11,0.301532052929441,0.294,0.24,1.28887074966022e-06,"HCK"
6.84575139934987e-11,0.281639650590436,0.224,0.175,1.31369969353524e-06,"MRM1"
6.92228683615845e-11,0.281613056643621,0.272,0.22,1.32838684385881e-06,"UTP3"
7.08709932924945e-11,-0.442209769228833,0.145,0.185,1.36001436128297e-06,"RP11-841O20.2"
7.09232665242132e-11,0.326870312467515,0.225,0.177,1.36101748459965e-06,"TMEM164"
7.39728699280124e-11,0.300790094948593,0.225,0.177,1.41953937391856e-06,"NEU3"
7.79270036816912e-11,0.276835809378739,0.256,0.205,1.49541920065165e-06,"UPF1"
7.99941750144864e-11,-0.565176348894156,0.085,0.118,1.53508821852799e-06,"ZNF682"
8.16567278031776e-11,-0.581896183841095,0.071,0.102,1.56699260654298e-06,"RPTOR"
8.20970479909626e-11,0.461804077185326,0.12,0.085,1.57544235094657e-06,"RP11-159D12.2"
8.21073955885428e-11,0.27015074585813,0.279,0.226,1.57564092134414e-06,"ACACA"
8.21658929627037e-11,-0.329891897626315,0.3,0.341,1.57676348595428e-06,"PAK1"
8.2642934374509e-11,-0.556415929381168,0.096,0.13,1.58591791064683e-06,"ACAD8"
8.56344611718446e-11,-0.461786274401585,0.192,0.231,1.6433253098877e-06,"LIG1"
8.5685360847094e-11,-0.571701650073963,0.1,0.133,1.64430207465573e-06,"TP53I3"
8.74296165723004e-11,0.27876344378076,0.236,0.186,1.67777434202245e-06,"C15orf57"
8.77837313898413e-11,-0.484986171517161,0.109,0.144,1.68456980537105e-06,"SLC25A24"
9.01672322298106e-11,0.334244989274895,0.205,0.16,1.73030918649007e-06,"MSTO1"
9.04631805850307e-11,-0.482982099848393,0.105,0.14,1.73598843542674e-06,"ERO1B"
9.20403006428555e-11,0.292303300632926,0.238,0.188,1.7662533693364e-06,"MEPCE"
9.71554615557906e-11,-0.332690752891839,0.251,0.293,1.86441330725562e-06,"SRPK2"
9.74086998100914e-11,-0.576826825993471,0.076,0.107,1.86927294935565e-06,"PARP16"
9.87504185982145e-11,-0.33452324341947,0.316,0.357,1.89502053289974e-06,"IL10RB"
1.00153605037965e-10,0.428518514380913,0.118,0.083,1.92194768067855e-06,"SLC41A1"
1.0085197507309e-10,-0.323970645817622,0.314,0.357,1.93534940165259e-06,"EFCAB2"
1.01777387138785e-10,-0.332442513898474,0.313,0.352,1.95310805919328e-06,"DPP8"
1.0387734991363e-10,0.445923579431362,0.134,0.098,1.99340634484255e-06,"CIPC"
1.05940670251661e-10,0.250988599895746,0.333,0.274,2.03300146212938e-06,"GLA"
1.16010860229432e-10,0.271877008764033,0.197,0.151,2.2262484078028e-06,"PLXND1"
1.17868078083591e-10,0.404003527925135,0.111,0.077,2.26188841842412e-06,"FLT3LG"
1.24594772624e-10,-0.279065115765818,0.363,0.401,2.39097368665457e-06,"REPIN1"
1.28364388935574e-10,-0.440773013739443,0.135,0.174,2.46331262367367e-06,"CCNE1"
1.3284336621158e-10,0.265617862657173,0.205,0.158,2.54926419760023e-06,"PXN"
1.33118230906741e-10,-0.385429362040758,0.283,0.321,2.55453885110036e-06,"MXD3"
1.33367533028618e-10,0.362458913984103,0.254,0.207,2.55932295881918e-06,"DLGAP3"
1.36633951259044e-10,-0.330416502899743,0.312,0.352,2.62200552466106e-06,"ARHGAP4"
1.4241334379699e-10,-0.437508876941368,0.136,0.174,2.73291206746424e-06,"FAM50B"
1.51319913940093e-10,0.345659106534944,0.217,0.171,2.90382914851039e-06,"TMEM170B"
1.52011277670128e-10,0.28052061044965,0.269,0.219,2.91709641848975e-06,"PFAS"
1.55451791696868e-10,-0.416424404436699,0.175,0.213,2.98311988266289e-06,"DIP2B"
1.57644134653571e-10,-0.578753884727718,0.084,0.115,3.02519094400203e-06,"RRAS"
1.71798094716041e-10,0.301642370516073,0.248,0.199,3.29680543760082e-06,"ZNF721"
1.84003389684194e-10,0.28209524437049,0.235,0.187,3.53102504803968e-06,"ZNF629"
1.87179447756775e-10,-0.361786896216342,0.22,0.261,3.59197360245252e-06,"MUTYH"
1.90615285884641e-10,0.383357952206614,0.113,0.079,3.65790733612626e-06,"PLEKHM1"
1.90652042104213e-10,0.308510447284787,0.204,0.158,3.65861268797984e-06,"DHRS11"
1.98119430108024e-10,-0.3727495997535,0.182,0.222,3.80191186377297e-06,"CNFN"
1.98848840854652e-10,-0.278975368747947,0.4,0.435,3.81590925600076e-06,"DECR1"
2.02674251287598e-10,0.320534239469625,0.226,0.179,3.889318882209e-06,"STK17A"
2.08687297348866e-10,0.432734680215512,0.129,0.093,4.00470923612474e-06,"RAPGEF2"
2.17463070785707e-10,-0.319423472330601,0.287,0.327,4.17311632837773e-06,"MAP7"
2.18380413073833e-10,0.276242059372365,0.246,0.196,4.19072012688685e-06,"RP9"
2.49320305144582e-10,0.329195994267757,0.148,0.109,4.78445665572454e-06,"NCF2"
2.50020524814472e-10,0.310349590417772,0.219,0.173,4.79789387118972e-06,"ZNF189"
2.61625560645652e-10,0.259217733751279,0.239,0.191,5.02059450879006e-06,"ZNF100"
2.65233066799575e-10,-0.31761244089778,0.294,0.333,5.08982255188384e-06,"DTNBP1"
2.7138748512565e-10,0.369557240884135,0.186,0.143,5.20792583956123e-06,"VWA1"
2.74755219798587e-10,0.448076034987166,0.121,0.087,5.27255266793489e-06,"MMP2"
2.75063015980111e-10,-0.495005279735805,0.126,0.161,5.27845927665834e-06,"TNRC6C"
2.76701058129834e-10,0.277187142883421,0.193,0.148,5.3098933055115e-06,"POLR3A"
2.87903107366845e-10,0.268628532129368,0.31,0.257,5.52486063036976e-06,"PTRH2"
2.96897454056486e-10,-0.44581935080609,0.127,0.164,5.69746214334397e-06,"TTC28"
3.02014879067997e-10,0.40033979226978,0.143,0.106,5.79566552931486e-06,"TSC22D3"
3.03815620306285e-10,0.341327454201713,0.206,0.163,5.8302217536776e-06,"ZFP62"
3.18629675066844e-10,-0.437395346947126,0.122,0.158,6.11450346453273e-06,"SPATC1L"
3.25466591095454e-10,0.452063509028396,0.11,0.077,6.24570388312176e-06,"SNAPC4"
3.27756508194085e-10,-0.304000415538452,0.339,0.38,6.28964739224449e-06,"STK17B"
3.40854213974261e-10,0.469067446787025,0.116,0.082,6.54099236616607e-06,"HEATR5B"
3.52044970399965e-10,0.331074652151243,0.203,0.159,6.75574298197533e-06,"PINX1"
3.54030783057168e-10,0.421609836023196,0.117,0.084,6.79385072686706e-06,"KIF21B"
3.54761056165977e-10,-0.357575982022794,0.244,0.283,6.80786466782511e-06,"RABEP2"
3.63170231100946e-10,0.256490227898627,0.405,0.351,6.96923673482716e-06,"ZMYND19"
3.8741594888925e-10,0.415708798518067,0.129,0.094,7.43451205918471e-06,"NAGLU"
3.87575057466961e-10,-0.478182457613862,0.105,0.138,7.43756535279098e-06,"DTX3"
3.95308291761574e-10,-0.492044272129808,0.124,0.159,7.58596611890461e-06,"SDC4"
3.97222354918867e-10,0.267759974670378,0.297,0.243,7.62269699089307e-06,"MNAT1"
3.98514473094275e-10,0.339479045069404,0.16,0.12,7.64749273867914e-06,"LINC00680"
4.26372872141818e-10,0.329020248197259,0.191,0.149,8.18209541640149e-06,"UTP20"
4.46833947088814e-10,-0.276458865187768,0.319,0.36,8.57474344463435e-06,"NR6A1"
4.79733569381888e-10,0.496061142686787,0.111,0.078,9.20608719643843e-06,"RP11-783K16.5"
4.82819730653154e-10,-0.424145190164392,0.217,0.255,9.26531063123403e-06,"GUCY1A3"
4.82832438289734e-10,-0.388586999881066,0.097,0.131,9.26555449078e-06,"KLHDC7B"
5.00191466023445e-10,0.292211365633825,0.189,0.146,9.59867423298991e-06,"DHX37"
5.04921391883589e-10,-0.604502855197558,0.095,0.126,9.68944151024607e-06,"BAZ2B"
5.63549803183939e-10,0.286258926978196,0.227,0.18,1.08145207230998e-05,"SPHK2"
5.67669929481389e-10,-0.49237755539109,0.102,0.135,1.08935859467479e-05,"IDNK"
5.77813053523559e-10,-0.461985228881409,0.139,0.175,1.10882324971171e-05,"FAM21C"
5.84270469205775e-10,-0.369494339315251,0.212,0.25,1.12121503040588e-05,"N4BP2"
6.15094495069848e-10,-0.565197594701451,0.085,0.115,1.18036633603904e-05,"PELI1"
6.16249835166989e-10,-0.452318218395722,0.137,0.173,1.18258343368545e-05,"LRP5"
6.23401567830487e-10,0.328856428137276,0.172,0.131,1.1963076086667e-05,"ETFDH"
6.40601177741376e-10,-0.304981701189076,0.362,0.398,1.2293136600857e-05,"ACTR1B"
6.49790603265283e-10,-0.344055827637554,0.202,0.242,1.24694816766608e-05,"BAIAP2"
7.05817390819117e-10,0.357884654229802,0.146,0.109,1.35446357298189e-05,"ZSCAN26"
7.66052588208225e-10,-0.467879245844138,0.119,0.155,1.47005491677158e-05,"USP51"
7.88005201049431e-10,0.259894136153751,0.296,0.244,1.51218198081386e-05,"KIAA1715"
7.95702749233301e-10,-0.275366449321188,0.409,0.441,1.52695357577871e-05,"KLF13"
7.95953579094351e-10,-0.561785219007271,0.079,0.108,1.52743491828206e-05,"TTLL7"
8.95916074090371e-10,-0.25306892432725,0.366,0.406,1.71926294617942e-05,"RIN3"
9.10218391486275e-10,-0.344356274948591,0.262,0.302,1.74670909326216e-05,"R3HDM2"
9.11148291784481e-10,-0.331919275748446,0.212,0.251,1.74849357193442e-05,"LEO1"
1.02576424309043e-09,-0.517118363611107,0.108,0.141,1.96844158249054e-05,"DDX60L"
1.08158619050215e-09,-0.39772067030239,0.188,0.226,2.07556389957363e-05,"USP32"
1.0998526254688e-09,-0.439134367742228,0.178,0.215,2.11061718827462e-05,"USP6NL"
1.13643593017815e-09,0.472388852788315,0.131,0.097,2.18082055001187e-05,"TSPYL2"
1.14413971910293e-09,-0.351008475651261,0.243,0.282,2.19560412095852e-05,"SH3RF1"
1.17867590786917e-09,-0.328881122446535,0.309,0.345,2.26187906720094e-05,"KIAA0430"
1.23217694192945e-09,-0.289932148669392,0.352,0.387,2.36454755156261e-05,"RASSF2"
1.26840039006717e-09,0.273059089200421,0.275,0.227,2.43406034853891e-05,"DNAAF3"
1.27344624479118e-09,0.384869441728378,0.127,0.093,2.44374334375427e-05,"C19orf73"
1.35424075296759e-09,-0.330883822012114,0.265,0.303,2.5987880049448e-05,"STK38"
1.40551162730543e-09,-0.434503671337239,0.151,0.186,2.69717681279913e-05,"CENPQ"
1.45378666149522e-09,-0.555063230767642,0.105,0.136,2.78981660340932e-05,"C11orf54"
1.53309659563885e-09,-0.33527191407411,0.243,0.281,2.94201236703095e-05,"SLC2A6"
1.54720455766035e-09,-0.282760693398481,0.335,0.371,2.96908554615021e-05,"BRCA2"
1.65170579632702e-09,-0.353680417441489,0.201,0.239,3.16962342315155e-05,"TGFBR2"
1.68929140844574e-09,-0.407116082193636,0.182,0.219,3.24175021280737e-05,"NAB1"
1.75221572704068e-09,-0.392121498636002,0.18,0.215,3.36250198019107e-05,"CHKB"
1.7984745690511e-09,0.29631039127971,0.199,0.157,3.45127269800906e-05,"CCNYL1"
1.81679061030574e-09,0.255573968387414,0.251,0.203,3.48642118117672e-05,"TBP"
1.94589504252207e-09,0.272884163812366,0.313,0.262,3.73417258659985e-05,"SYMPK"
1.95738402885506e-09,0.297999246842341,0.201,0.159,3.75621995137285e-05,"ZFAND2A"
2.01130202258518e-09,-0.32880967556417,0.28,0.316,3.85968858134096e-05,"RAB4B"
2.03490615529475e-09,0.28392971284274,0.184,0.143,3.90498491201063e-05,"ZNF761"
2.10392860573768e-09,-0.513015181333337,0.105,0.137,4.03743899441061e-05,"C3orf80"
2.10799876568231e-09,-0.667591868587911,0.075,0.103,4.04524963134436e-05,"ETS1"
2.14695413333048e-09,0.320436656158199,0.161,0.122,4.12000498186119e-05,"ZBTB48"
2.1801258411603e-09,-0.394710828072805,0.191,0.227,4.18366148918661e-05,"SAMM50"
2.2378791238337e-09,-0.523126613632136,0.123,0.156,4.29449003863687e-05,"DCAKD"
2.25951454062873e-09,-0.521576495708433,0.105,0.136,4.33600840346652e-05,"CCDC71L"
2.28564358025709e-09,-0.548299264553099,0.074,0.102,4.38615003051335e-05,"ZNF277"
2.3102976559134e-09,0.351047068299666,0.137,0.102,4.43346120169781e-05,"RYK"
2.31971122367446e-09,0.417758167935612,0.159,0.122,4.45152583823128e-05,"STAM"
2.37284709301146e-09,-0.497265448421562,0.098,0.13,4.55349357148899e-05,"HOMER2"
2.39277805917258e-09,0.268096051825211,0.312,0.266,4.59174109555219e-05,"CEBPE"
2.46048655737782e-09,-0.437198052942894,0.188,0.224,4.72167370360804e-05,"DEDD2"
2.50695502089463e-09,0.302428564333272,0.191,0.149,4.8108466850968e-05,"SHCBP1"
2.56662855551275e-09,0.294183346594199,0.195,0.154,4.92536019802897e-05,"BBS7"
2.72169267986428e-09,0.266045613305272,0.19,0.149,5.22292825265955e-05,"MED12"
2.89425611626654e-09,-0.292418956160425,0.358,0.392,5.55407748711548e-05,"RFXAP"
2.94092277794607e-09,0.277399056502564,0.218,0.173,5.6436308108785e-05,"KMT2B"
2.94808122985405e-09,-0.338812087444408,0.236,0.275,5.65736788008992e-05,"MOAP1"
2.95908130648871e-09,0.330379611635723,0.165,0.127,5.67847702715184e-05,"CARD9"
3.00235082710179e-09,-0.34669196944439,0.248,0.284,5.76151123720834e-05,"ATG16L2"
3.04404404654919e-09,-0.512683711189008,0.106,0.138,5.8415205253279e-05,"PINK1"
3.08296689137348e-09,-0.369789001381298,0.168,0.205,5.91621346454571e-05,"SLC31A1"
3.09488422737081e-09,-0.361491828159903,0.281,0.314,5.93908283232459e-05,"PHACTR4"
3.13603129693889e-09,0.255418426456756,0.241,0.195,6.01804405882573e-05,"MPI"
3.17669679911178e-09,0.257760748170844,0.296,0.245,6.0960811574955e-05,"RMDN3"
3.23620675668701e-09,-0.418387196615543,0.144,0.18,6.21028076608238e-05,"AP1S1"
3.24699810361569e-09,-0.61335796312387,0.083,0.111,6.23098936083851e-05,"FKBP15"
3.26405449072364e-09,-0.585886859934388,0.107,0.138,6.26372056769867e-05,"CD109"
3.32761208922116e-09,-0.368557374929539,0.231,0.267,6.3856875992154e-05,"PMPCB"
3.4216179170478e-09,-0.345810697315779,0.246,0.284,6.56608478281474e-05,"TLE3"
3.56193619514437e-09,-0.414331386736082,0.234,0.269,6.83535555848205e-05,"MAST4"
3.57086306872743e-09,-0.250885794371077,0.361,0.399,6.85248622888795e-05,"TNFAIP8"
3.62054153792446e-09,0.35420779001395,0.144,0.108,6.94781921127704e-05,"GPSM1"
3.68254251847957e-09,-0.467559641954819,0.097,0.127,7.0667990929623e-05,"SGMS1"
3.6859407217049e-09,0.263010044384989,0.224,0.179,7.07332024495169e-05,"ANKLE1"
3.922943295789e-09,-0.397065980655907,0.088,0.118,7.52812818461909e-05,"CDKN1A"
3.93177643635693e-09,0.33798867587879,0.149,0.113,7.54507898136894e-05,"BCL2A1"
4.14458234200346e-09,-0.333666435518641,0.219,0.256,7.95345351430464e-05,"BSPRY"
4.17941605407782e-09,0.306015717873091,0.441,0.391,8.02029940777533e-05,"MLLT11"
4.24391189624612e-09,0.408229773665342,0.11,0.08,8.14406692889631e-05,"RP1-40E16.12"
4.24409109085247e-09,0.438462797068314,0.118,0.087,8.14441080334589e-05,"B4GALT2"
4.33929491354282e-09,0.268491246361077,0.198,0.156,8.32710693908868e-05,"PPP1R12C"
4.34397957304347e-09,-0.565701424734231,0.079,0.107,8.33609680067042e-05,"CFAP161"
4.48291249690978e-09,-0.312604534734193,0.384,0.414,8.60270908156987e-05,"SLC20A1"
4.57491053801759e-09,0.381144834706801,0.132,0.098,8.77925332245576e-05,"FAM86C1"
4.58472950637567e-09,-0.365909677995604,0.207,0.244,8.79809592273492e-05,"CEP57L1"
4.66958120913738e-09,0.258316256192876,0.233,0.188,8.96092634033463e-05,"PPRC1"
4.76596812494219e-09,0.261227160137346,0.226,0.183,9.14589283176405e-05,"EPT1"
4.84443827207477e-09,0.271351803175192,0.223,0.179,9.29647704411149e-05,"SPSB2"
4.88276477605482e-09,-0.556280398174021,0.082,0.11,9.3700256052492e-05,"KCNG2"
5.01620197421187e-09,-0.413373992413808,0.185,0.219,9.62609158851257e-05,"MELK"
5.16944814327033e-09,-0.42355415984462,0.16,0.194,9.92017098693577e-05,"ADCY7"
5.208646793282e-09,0.328908034607798,0.113,0.082,9.99539319630815e-05,"CPA3"
5.21784221030174e-09,-0.356055140339608,0.206,0.243,0.00010013039201569,"ARL11"
5.46166553943414e-09,-0.277992702603933,0.354,0.39,0.000104809361701741,"SIRT2"
5.49705105105176e-09,0.353248486435731,0.126,0.093,0.000105488409669683,"KIF3B"
6.41138012581948e-09,-0.331108391897572,0.26,0.296,0.000123034384614476,"RFC2"
6.49905640877593e-09,0.253334283074228,0.283,0.235,0.00012471689248441,"CYB561"
6.54503021791231e-09,-0.345645058736913,0.223,0.259,0.000125599129881737,"HAUS7"
6.59581534284176e-09,0.39027846011496,0.317,0.266,0.000126573696429133,"ISG15"
6.6898781937522e-09,0.308185665226649,0.131,0.097,0.000128378762538105,"RAB29"
6.70918650802543e-09,-0.31266279542533,0.314,0.349,0.000128749289089008,"CCNB2"
6.74910530438321e-09,-0.427328125640176,0.099,0.13,0.000129515330791114,"SLC23A2"
6.81075664555584e-09,-0.339404466693093,0.229,0.266,0.000130698420028217,"DENND1B"
6.96672378942564e-09,0.417017660464348,0.133,0.1,0.000133691429519078,"ABCC4"
6.99869864561316e-09,-0.272486989559247,0.324,0.36,0.000134305027009317,"SLC19A1"
7.0925621212743e-09,0.373651700306349,0.124,0.092,0.000136106267107254,"GS1-124K5.4"
7.6224936517911e-09,-0.441030948599324,0.117,0.15,0.000146275653177871,"RP11-73E17.2"
7.64731377628726e-09,-0.264953080980894,0.282,0.32,0.000146751951366953,"RB1"
7.70013467177506e-09,-0.273887196250591,0.348,0.38,0.000147765584351363,"CDC25B"
7.83585487629428e-09,-0.339422494286074,0.26,0.295,0.000150370055076087,"ZMYND8"
8.11971780193856e-09,0.371487048904876,0.133,0.099,0.000155817384619201,"ZNF583"
8.16019914103007e-09,-0.341433566679762,0.249,0.285,0.000156594221516367,"COMMD2"
8.32784289684325e-09,0.28965671753597,0.225,0.182,0.000159811305190422,"KPNA1"
8.70422816405128e-09,-0.275531186006361,0.344,0.38,0.000167034138468144,"RAP2C"
8.8243708200284e-09,0.353215040035422,0.189,0.149,0.000169339676036345,"RRP12"
8.98003443158156e-09,-0.432940903941393,0.103,0.134,0.00017232686074205,"ARID5B"
9.21845713798497e-09,-0.437229336868322,0.152,0.185,0.000176902192477932,"DENND5A"
9.27033757788748e-09,0.275666888306112,0.214,0.172,0.000177897778119661,"SMG5"
9.74552666085851e-09,-0.306407362769862,0.273,0.309,0.000187016656621875,"PDE3B"
9.76426821667885e-09,0.421573240354666,0.123,0.092,0.000187376307078067,"NCKIPSD"
1.02278392178198e-08,-0.532573376785756,0.101,0.131,0.000196272234589962,"MDFI"
1.02532735045829e-08,-0.387379242023266,0.112,0.144,0.000196760318552946,"ECHDC2"
1.03066758941008e-08,-0.393115835330959,0.146,0.179,0.000197785110407794,"CTC-338M12.5"
1.04459806706894e-08,-0.372218309766769,0.23,0.264,0.00020045836907053,"BICD1"
1.05068411041989e-08,-0.35870616430951,0.162,0.197,0.000201626280789577,"ACSS1"
1.07385024547105e-08,0.260605699608141,0.204,0.162,0.000206071862105894,"GOLGA8B"
1.08972659744711e-08,0.746727678407839,0.399,0.368,0.000209118534050101,"BEX1"
1.10262607669289e-08,-0.416859318927577,0.186,0.219,0.000211593944117365,"RP11-61K9.3"
1.2130781543278e-08,-0.529691004635264,0.092,0.12,0.000232789697815504,"DSE"
1.45249672429509e-08,0.308081336405483,0.156,0.12,0.000278734121392227,"MARS2"
1.5018704569783e-08,-0.437143163972137,0.128,0.16,0.000288208940694135,"CYFIP1"
1.57615655474564e-08,0.253024375153342,0.197,0.156,0.000302464442855688,"GTF2B"
1.57977654673195e-08,-0.254804735306348,0.275,0.313,0.000303159119317862,"TMEM98"
1.58801413592582e-08,-0.439485822434076,0.16,0.193,0.000304739912684165,"SLC37A1"
1.80477453532505e-08,0.261227883632048,0.184,0.145,0.000346336233328876,"TAF13"
1.89930387926785e-08,0.322433013076063,0.151,0.116,0.0003644764144315,"COX10"
1.90757458991064e-08,-0.286729049753664,0.275,0.311,0.000366063563803852,"TMEM220"
1.91643139326546e-08,-0.308182591927976,0.297,0.331,0.000367763184367641,"SATB1"
1.9851881470875e-08,0.32100070456759,0.181,0.143,0.000380957605426091,"RP1-198K11.5"
2.09138374347706e-08,-0.430496575698001,0.136,0.168,0.000401336540373247,"TM6SF1"
2.10341751973216e-08,-0.347090308127596,0.238,0.273,0.000403645822036601,"CD55"
2.16924323892571e-08,-0.303875607772773,0.29,0.323,0.000416277777549843,"SKI"
2.17819689360256e-08,-0.539437811645394,0.101,0.129,0.00041799598388233,"HEATR5A"
2.28839231868661e-08,0.285429998862224,0.238,0.194,0.00043914248595596,"SCMH1"
2.30622632627285e-08,0.309240494118928,0.151,0.117,0.00044256483201176,"PIK3CB"
2.4077242313979e-08,-0.376398521967286,0.161,0.196,0.000462042280005256,"APOL6"
2.59342923035514e-08,-0.33661028562527,0.217,0.251,0.000497679069305152,"SIL1"
2.59617546681259e-08,0.279219883897571,0.235,0.192,0.000498206072081336,"OXNAD1"
2.61520974591512e-08,-0.328889113834083,0.22,0.254,0.000501858750241111,"SGK3"
2.65117769339387e-08,0.31485658386,0.137,0.104,0.000508760999362284,"ZNF487"
2.72211670021979e-08,-0.334975961620142,0.263,0.296,0.000522374194772178,"EXOC6"
2.94767100989411e-08,-0.254107102703738,0.487,0.51,0.000565658066798679,"SEC22B"
2.96944621043821e-08,0.339506057139358,0.134,0.102,0.000569836727783093,"ZNF740"
3.00494462857833e-08,-0.322786086872388,0.257,0.289,0.000576648874224181,"VAV1"
3.04918355880277e-08,-0.514013264353216,0.083,0.11,0.000585138324934252,"SNX29"
3.06751329518953e-08,-0.315588426643134,0.188,0.223,0.00058865580134687,"SPAG16"
3.08026072159299e-08,-0.272169800879128,0.261,0.298,0.000591102032473695,"RFTN1"
3.339743319284e-08,0.305279117148457,0.175,0.139,0.0006408967429706,"GRB10"
3.48497903914255e-08,-0.414619618737467,0.147,0.179,0.000668767477611456,"PCMTD2"
3.56782068460799e-08,-0.286975740109522,0.342,0.373,0.000684664789376274,"DOCK8"
3.59868129505514e-08,-0.254045441446491,0.393,0.419,0.000690586940521082,"VGLL4"
3.6317969391539e-08,-0.487751100197166,0.102,0.131,0.000696941832623633,"TNFSF12"
3.69584239915474e-08,-0.302267185923185,0.306,0.335,0.000709232156397795,"UBE4A"
3.78923092801025e-08,0.299616421077237,0.187,0.15,0.000727153415085166,"ADGRG5"
3.81250398838534e-08,-0.470809459930646,0.154,0.185,0.000731619515371147,"USP11"
4.07572322469667e-08,0.30441545863907,0.181,0.143,0.00078213128681929,"NBEAL2"
4.11452158055762e-08,0.316811297057997,0.137,0.104,0.000789576691309008,"PIGB"
4.14339120896934e-08,-0.420844629132276,0.253,0.285,0.000795116773001216,"BCYRN1"
4.29611039875699e-08,-0.324107364609409,0.225,0.259,0.000824423585521467,"POLD1"
4.3779197341942e-08,-0.482959938809304,0.106,0.134,0.000840122796991867,"NIPSNAP1"
4.38901671723118e-08,-0.397767352067503,0.203,0.235,0.000842252308036663,"NCAPG"
4.58076751276267e-08,0.281054358486228,0.181,0.144,0.000879049285699156,"GFPT1"
4.59691457925887e-08,-0.356329064324904,0.235,0.268,0.000882147907759777,"CKAP2L"
4.66809695759821e-08,0.380243409179149,0.121,0.091,0.000895807806163096,"SLC17A5"
4.79329138529677e-08,0.379632030031285,0.128,0.097,0.00091983261683845,"WDR37"
5.15699839691197e-08,0.301987009828159,0.156,0.121,0.000989627992367408,"HAGHL"
5.29774191764591e-08,-0.32527392300157,0.233,0.268,0.00101663667399625,"FLVCR1"
5.43491773389016e-08,0.285703992088367,0.187,0.15,0.00104296071313352,"ASB1"
5.70923820392719e-08,-0.47043016487349,0.087,0.115,0.00109560281133363,"FLVCR1-AS1"
5.97832863496069e-08,0.272375262550219,0.163,0.127,0.00114724126504896,"HIC2"
6.62851098283383e-08,-0.284469652495149,0.291,0.323,0.00127201125760581,"CHMP6"
6.68321985565733e-08,-0.268555020007573,0.442,0.464,0.00128250989030064,"STAT1"
6.75298624471547e-08,-0.301841988949617,0.295,0.324,0.0012958980603609,"HS2ST1"
6.78581244601494e-08,-0.398768554744077,0.136,0.167,0.00130219740839027,"VAC14"
7.09571672242339e-08,-0.254959883406331,0.414,0.445,0.00136166803903305,"LYST"
7.14862372064049e-08,-0.279869412213164,0.389,0.417,0.00137182089199091,"TDP2"
7.47394640367569e-08,-0.503491824806844,0.076,0.102,0.00143425031486536,"ABTB2"
7.49150568870649e-08,-0.378798166829491,0.155,0.187,0.00143761994166277,"ARHGAP35"
7.68183515554997e-08,-0.276619345209442,0.266,0.302,0.00147414416635004,"NXPE3"
7.85855338098216e-08,-0.511834122417203,0.085,0.111,0.00150805639381048,"FBXL20"
8.14908740309662e-08,-0.251751938134018,0.349,0.38,0.00156380987265424,"LRRC47"
8.21601588994238e-08,-0.408795209188714,0.158,0.188,0.00157665344927994,"KCTD6"
8.29624691984816e-08,0.317028816146229,0.111,0.082,0.00159204978391886,"SLC38A6"
8.33002315937313e-08,-0.346212580585886,0.207,0.24,0.0015985314442837,"FN3KRP"
8.38703583531922e-08,0.295351249642997,0.143,0.111,0.00160947217679776,"FOSL1"
8.43792823146443e-08,0.26941653378175,0.146,0.113,0.00161923842761802,"GRPEL2"
8.67068976739126e-08,-0.264042174733376,0.336,0.369,0.00166390536636238,"DOCK5"
8.83574266365019e-08,-0.300104287002131,0.216,0.251,0.00169557901715447,"THEM6"
9.18836356055193e-08,0.317501198573038,0.153,0.12,0.00176324696726992,"KDM6B"
9.41671527274136e-08,-0.528977007593531,0.096,0.123,0.00180706766083907,"MEGF9"
9.4599043377694e-08,-0.41202951219773,0.131,0.16,0.00181535564241795,"C9orf139"
9.64509630856169e-08,0.272745818699772,0.188,0.151,0.00185089398161299,"SERTAD1"
1.06551292400286e-07,-0.39549997359357,0.107,0.136,0.0020447193011615,"RHPN1"
1.08457437233466e-07,0.307266606105475,0.161,0.127,0.00208129822051021,"URB1"
1.09236464298067e-07,-0.383048671190756,0.154,0.185,0.00209624774987991,"SMG6"
1.13669973439646e-07,-0.349464442346317,0.172,0.204,0.0021813267903068,"SLCO4A1"
1.20722060289307e-07,-0.396767428951602,0.166,0.198,0.00231665633695181,"CXorf21"
1.21459655839739e-07,-0.289472197110662,0.266,0.298,0.00233081079556459,"MMD"
1.28973853061636e-07,-0.530861490557379,0.102,0.129,0.00247500824025279,"E2F8"
1.36989887305236e-07,-0.474187416719112,0.103,0.131,0.00262883593738748,"ZNF793"
1.44632681663177e-07,-0.422913614374898,0.101,0.129,0.00277550116111637,"SERAC1"
1.48138867613199e-07,-0.455318120743457,0.103,0.131,0.00284278486949729,"KIAA1958"
1.48383945290148e-07,-0.469498962093092,0.114,0.142,0.00284748791011793,"SRD5A1"
1.6286741010121e-07,-0.257390426855541,0.323,0.355,0.00312542559984222,"TRAF3"
1.63628369135265e-07,0.343554424732799,0.1,0.074,0.00314002840370573,"METTL21B"
1.64331227320834e-07,-0.351455870240879,0.198,0.229,0.0031535162522868,"C2CD5"
1.65993935526908e-07,0.27452886991234,0.151,0.118,0.00318542362276137,"MIER3"
1.66621957032906e-07,0.365580754130468,0.123,0.094,0.00319747535546147,"FBXO44"
1.69107079061734e-07,0.342583884531034,0.112,0.084,0.00324516484719468,"TTC27"
1.69161608987233e-07,-0.468690231613552,0.108,0.135,0.00324621127646501,"NAIP"
1.70917006098759e-07,-0.498356309037714,0.092,0.118,0.00327989734703519,"MLH3"
1.74769991336161e-07,-0.299677807081366,0.203,0.235,0.00335383613374093,"CHMP1A"
1.75204249536555e-07,-0.328229329393848,0.247,0.278,0.0033621695486065,"ORAI3"
1.85235192526755e-07,0.28081630621935,0.149,0.116,0.00355466334458843,"NKRF"
1.87382747536254e-07,-0.405069603665749,0.11,0.138,0.00359587492522072,"CHRNA5"
1.88990360016112e-07,-0.328779618390155,0.243,0.275,0.00362672500870919,"RNF13"
1.92063290627875e-07,-0.402893424173595,0.125,0.154,0.00368569454714892,"RP11-544A12.8"
1.98528345375193e-07,-0.297400775106255,0.221,0.254,0.00380975894774996,"LPGAT1"
1.99134989695611e-07,-0.385131507826705,0.133,0.162,0.00382140045225878,"ABR"
1.99925585952068e-07,0.251704682241755,0.218,0.179,0.00383657199442019,"PREPL"
2.00397742747102e-07,-0.353001341681102,0.185,0.217,0.00384563268331689,"RNF170"
2.0236694085973e-07,-0.514371839446052,0.088,0.113,0.00388342159509823,"LHPP"
2.0286994904198e-07,-0.411297076697552,0.108,0.136,0.0038930743221156,"SLC2A8"
2.04889585606696e-07,0.351909233372897,0.103,0.076,0.0039318311477925,"SPTLC1"
2.05228911240962e-07,0.351019775710775,0.107,0.08,0.00393834280671407,"RARA-AS1"
2.07649526435897e-07,-0.361562777648687,0.166,0.197,0.00398479441230486,"NUDT11"
2.09009818977053e-07,-0.322524991914845,0.224,0.255,0.00401089842616965,"CEP135"
2.19612176790487e-07,-0.281946830855147,0.303,0.336,0.00421435767260945,"IL17RA"
2.19738209807833e-07,-0.276021382701789,0.273,0.308,0.00421677624621232,"WDR76"
2.23686771471694e-07,-0.259219758815044,0.353,0.378,0.00429254914454181,"TOR1AIP1"
2.23842459157115e-07,0.422377952473289,0.103,0.076,0.00429553679122503,"ZNF175"
2.24931481909156e-07,-0.353467483535667,0.165,0.195,0.0043164351378367,"XXYLT1"
2.26799965762525e-07,-0.432260650364133,0.13,0.159,0.00435229134298285,"NEURL1B"
2.279362633398e-07,-0.353381131897877,0.202,0.234,0.00437409689349075,"HIST2H2AC"
2.31039619394953e-07,0.265786510387842,0.162,0.128,0.00443365029618915,"RP11-708J19.1"
2.34712346748248e-07,-0.319419999364432,0.269,0.299,0.00450412993409887,"TARBP1"
2.36038315325876e-07,0.301797719928046,0.126,0.097,0.00452957527110356,"PLEKHG4"
2.36399495321776e-07,-0.477479361081874,0.095,0.121,0.00453650631522487,"PBX3"
2.37812963336122e-07,-0.43274523382485,0.145,0.173,0.00456363076642017,"HIBADH"
2.4383095132988e-07,-0.288514611517541,0.277,0.309,0.00467911595602039,"LATS2"
2.44152711179331e-07,0.279082966624865,0.153,0.121,0.00468529052753136,"AC074117.10"
2.47561602925282e-07,-0.542109490287435,0.086,0.11,0.00475070716013616,"CCDC69"
2.50079065333314e-07,-0.322503156526851,0.23,0.262,0.0047990172637463,"SORL1"
2.69977239676408e-07,-0.494756999405749,0.104,0.13,0.00518086322939027,"PFKFB3"
2.73839699253513e-07,0.323982994872956,0.14,0.109,0.00525498382867491,"NOMO3"
2.76700614043469e-07,0.443971635873192,0.129,0.1,0.00530988478349417,"TPM1"
3.01814290233708e-07,-0.342809821854708,0.2,0.231,0.00579181622958486,"EIF4E3"
3.07065708290645e-07,0.309141268864995,0.136,0.106,0.00589259094209748,"SMPDL3B"
3.10294288655707e-07,-0.344748341407983,0.079,0.104,0.00595454739930301,"MAD1L1"
3.12320091286583e-07,-0.446460824490698,0.096,0.122,0.00599342255178953,"RP11-367G6.3"
3.14027038885822e-07,0.323409118755283,0.122,0.094,0.00602617887621892,"CTB-55O6.8"
3.23823803178155e-07,-0.395998402217406,0.128,0.158,0.00621417878298879,"ANKS1A"
3.26435896808917e-07,-0.250323193177002,0.372,0.401,0.00626430485976312,"NECAP2"
3.52341438259618e-07,-0.418695328628889,0.119,0.146,0.00676143220020207,"HYLS1"
3.61474829634726e-07,-0.314818727908782,0.203,0.235,0.0069367019806904,"SEC23A"
3.63447841186011e-07,-0.322776025055024,0.179,0.21,0.00697456407235955,"MOK"
3.68046851764276e-07,0.290946678072738,0.152,0.12,0.00706281908535646,"MAN2A1"
3.7223934291174e-07,-0.44260925794239,0.103,0.13,0.00714327299047629,"FAM161A"
3.86259459496606e-07,0.354319197079951,0.126,0.098,0.00741231902773986,"C11orf21"
4.06486728375061e-07,-0.347834049998218,0.203,0.232,0.00780048031751742,"STAU2"
4.06749302993062e-07,0.31110824204834,0.149,0.118,0.00780551912443687,"RP11-792A8.4"
4.15267137466697e-07,-0.302662603573024,0.286,0.316,0.00796897636798592,"EAF1"
4.24614260540112e-07,0.283427625569029,0.12,0.092,0.00814834765976476,"UBE3D"
4.29221930904766e-07,-0.343192162254019,0.166,0.196,0.00823676885406246,"KLHL8"
4.30198561098644e-07,-0.285532714203073,0.263,0.294,0.00825551038748298,"CBFA2T3"
4.31624715072792e-07,-0.290963500501253,0.248,0.281,0.00828287828224688,"SAV1"
4.32365942435116e-07,-0.508504284734427,0.08,0.105,0.00829710243532987,"MIRLET7BHG"
4.35827166202222e-07,-0.306364747788286,0.221,0.253,0.00836352331942064,"STAG1"
4.63834953730878e-07,-0.32427508971801,0.201,0.231,0.00890099276209554,"ASXL2"
4.88856118748036e-07,-0.268183099909777,0.304,0.335,0.00938114891877481,"TTF1"
4.9018589018493e-07,-0.484334519824009,0.091,0.116,0.00940666723264881,"TRPV2"
5.17880965187069e-07,-0.400646589709122,0.148,0.176,0.00993813572193986,"RAB3IP"
5.24036545554051e-07,-0.3609992165093,0.175,0.204,0.0100562613091822,"PIEZO1"
5.25150296538194e-07,0.253583603853534,0.149,0.117,0.0100776341905679,"INTS12"
5.49297836030116e-07,-0.288181764564447,0.26,0.291,0.0105410254734179,"SPSB3"
5.52638934656889e-07,-0.325643217499592,0.22,0.251,0.0106051411560657,"RGL2"
5.64146237481297e-07,-0.254855495611934,0.303,0.333,0.0108259662972661,"ATP6V1H"
6.0635643298393e-07,-0.341166690638779,0.175,0.204,0.0116359799489616,"PLXNB2"
6.24742156341713e-07,-0.281284144646177,0.326,0.354,0.0119888019801975,"ARHGEF1"
6.29008479227142e-07,-0.44635073223636,0.117,0.143,0.0120706727163689,"THG1L"
6.39040479419227e-07,-0.285620307862199,0.294,0.325,0.012263186800055,"TRIM24"
6.4033695297126e-07,-0.436388143210677,0.097,0.123,0.0122880661275185,"PLOD1"
6.43644186270357e-07,0.263422919010893,0.16,0.128,0.0123515319345282,"NFS1"
6.58982164086247e-07,-0.305645456371451,0.238,0.267,0.0126458677288151,"SYNRG"
6.59670793795446e-07,0.283180305909566,0.149,0.118,0.0126590825329346,"AK1"
6.67209057911878e-07,-0.274991491806778,0.255,0.285,0.0128037418213289,"TOR4A"
6.95420342502794e-07,0.288306833418164,0.138,0.108,0.0133451163726286,"RTN2"
7.05540361461099e-07,0.257197522144012,0.22,0.183,0.0135393195364385,"EMILIN2"
7.11637532158983e-07,-0.365709422696984,0.184,0.213,0.0136563242421309,"ZBTB2"
7.23310084254109e-07,-0.340235723646978,0.149,0.178,0.0138803205168363,"RANBP17"
7.72803966128965e-07,-0.342489146143176,0.111,0.138,0.0148301081100148,"E2F2"
7.89788238637385e-07,0.303275694544206,0.103,0.077,0.0151560362994514,"CLCN6"
7.98754098646562e-07,-0.328156071411112,0.143,0.172,0.0153280911530275,"HSBP1L1"
8.17700977915211e-07,-0.400605840740348,0.117,0.144,0.0156916817661929,"ZMAT3"
8.19085717729119e-07,0.335964140640758,0.102,0.077,0.0157182549232218,"NCDN"
8.42073865109909e-07,-0.273549838921612,0.301,0.329,0.0161593974714592,"DNMT3A"
8.68843740584755e-07,-0.348031237953701,0.147,0.175,0.0166731113818215,"XRCC1"
8.74617514210515e-07,-0.440705072204398,0.112,0.138,0.0167839100976998,"SNX8"
8.80711947989449e-07,-0.34111313620329,0.217,0.245,0.0169008622819175,"LPIN1"
8.82540080651538e-07,0.253062219353031,0.116,0.089,0.016935944147703,"TRAF3IP3"
9.05640021899075e-07,0.287439596853268,0.137,0.108,0.0173792320202432,"KPTN"
9.06531844627016e-07,-0.253982156293012,0.424,0.444,0.0173963460983924,"LETMD1"
9.1407278949543e-07,-0.535460575098678,0.095,0.119,0.0175410568304173,"ARNTL2"
9.17610330459444e-07,-0.280155914482921,0.179,0.21,0.0176089422415167,"MGLL"
9.50202041358758e-07,-0.329562880576435,0.146,0.174,0.0182343771736746,"ZBTB25"
9.56828787327868e-07,0.259961711296023,0.156,0.124,0.0183615444288218,"TSPAN32"
9.91195542498808e-07,-0.260185270917487,0.255,0.286,0.0190210424605521,"CTNND1"
1.02814117775592e-06,-0.25777681495765,0.344,0.371,0.019730029201136,"ATP6V1B2"
1.05639805721073e-06,0.279387196076745,0.141,0.112,0.0202722787178738,"YOD1"
1.06301687425908e-06,0.265208265408074,0.155,0.124,0.0203992938170317,"ASH1L-AS1"
1.10251966454997e-06,-0.303458899606931,0.235,0.263,0.021157352362714,"PKNOX1"
1.11003607889818e-06,-0.301090726168097,0.271,0.299,0.021301592354056,"ZNF48"
1.11224997169322e-06,0.316452982746062,0.11,0.084,0.0213440769567929,"FNTB"
1.13399114635785e-06,-0.384349210705653,0.164,0.192,0.0217612900986072,"PRR11"
1.15665804904368e-06,0.260334725354325,0.121,0.093,0.0221962679611481,"GRIK5"
1.16059210215529e-06,-0.334163894186211,0.198,0.227,0.0222717624403601,"ALDH16A1"
1.229678589473e-06,-0.254231414773403,0.338,0.364,0.0235975321319868,"CPT1A"
1.24659292086944e-06,-0.446423223953408,0.092,0.117,0.0239221181514845,"PALD1"
1.24833369387284e-06,-0.2935443559911,0.234,0.264,0.0239555235854197,"CCDC88C"
1.26023422984202e-06,-0.340583489227198,0.192,0.22,0.0241838948706684,"ARHGAP27"
1.26318466737444e-06,-0.335281093282517,0.103,0.129,0.0242405137669155,"ANXA6"
1.27699486742383e-06,-0.291312831955332,0.17,0.199,0.0245055315058633,"CRACR2B"
1.30815071587486e-06,-0.344456066648298,0.167,0.196,0.0251034122376386,"BIVM"
1.33832585795523e-06,-0.291611728338669,0.269,0.297,0.0256824732141609,"ACSL3"
1.36816383095783e-06,-0.414816507882259,0.105,0.13,0.0262550639160807,"IFIT5"
1.37639556110532e-06,-0.254895663659391,0.29,0.318,0.0264130308176111,"CDC42BPA"
1.40050893964754e-06,0.270494133316055,0.114,0.088,0.0268757665518362,"SLC9A1"
1.43784879210808e-06,-0.332605887647631,0.184,0.212,0.027592318320554,"GSE1"
1.45515791915932e-06,-0.350467514827958,0.196,0.224,0.0279244804686674,"NEIL2"
1.49355078891739e-06,0.337912050207822,0.11,0.085,0.0286612396393246,"CTU2"
1.57945810576169e-06,0.268150186116816,0.141,0.112,0.0303098010495668,"PVRL1"
1.62338609278325e-06,-0.379810871885739,0.131,0.157,0.0311527791205106,"ZBTB21"
1.63189538512823e-06,-0.295588958536375,0.253,0.283,0.0313160724406107,"JAK3"
1.63427904293063e-06,-0.298628329558712,0.233,0.262,0.0313618148338388,"CHD6"
1.68042026652744e-06,-0.30210764454907,0.19,0.22,0.0322472649146615,"GPCPD1"
1.71144471142383e-06,0.268703643623521,0.146,0.116,0.0328426240122234,"GYS1"
1.7973552063636e-06,-0.358160638292084,0.17,0.198,0.0344912464101176,"ZC3H12C"
1.85209339896357e-06,-0.380899900102467,0.181,0.208,0.0355416723261109,"BTN3A2"
1.87491457499117e-06,0.273670411828897,0.146,0.117,0.0359796106940805,"SELM"
1.92452878870067e-06,-0.295272567682704,0.274,0.301,0.0369317074551658,"AP3B1"
1.93124307989926e-06,0.27023794775395,0.119,0.092,0.0370605547032669,"ZDHHC18"
1.94634230712819e-06,-0.357371965794127,0.14,0.167,0.0373503088737899,"SP140L"
2.06839996291501e-06,-0.302821559445614,0.207,0.234,0.039692595288339,"CRY1"
2.11239439540688e-06,-0.428751065499807,0.127,0.152,0.0405368484478579,"VPS45"
2.19212343148391e-06,-0.402766413338793,0.118,0.143,0.0420668486501761,"ATP8A1"
2.2215406084499e-06,-0.421311332097952,0.128,0.153,0.0426313642761535,"EXOG"
2.25727268009819e-06,-0.341508095366011,0.16,0.187,0.0433170627310843,"HSDL2"
2.37087588183977e-06,-0.368414146041608,0.187,0.215,0.0454971081725051,"FAM76A"
2.3709619375237e-06,-0.379759508362609,0.154,0.179,0.0454987595810799,"SLX4IP"
2.37793962432398e-06,-0.437365957583046,0.096,0.12,0.0456326613907773,"PARG"
2.38373576538736e-06,-0.355545601961515,0.184,0.211,0.0457438893377834,"SFR1"
2.44076263656345e-06,-0.408294153234274,0.133,0.159,0.0468382349956527,"NPIPA1"
2.47076529701666e-06,-0.443695054367155,0.096,0.119,0.0474139860497496,"PWP2"
2.54519532364394e-06,0.268189993291886,0.114,0.088,0.0488422982607273,"MNS1"
2.5837645884652e-06,0.335412300123112,0.127,0.1,0.0495824424526472,"KLHDC8B"
2.68812531104627e-06,-0.262434501544711,0.24,0.269,0.0515851247189779,"INPP1"
2.88551315651685e-06,-0.25535148167716,0.26,0.288,0.0553729974735583,"MOB2"
3.0002954348457e-06,-0.435150958049878,0.081,0.104,0.057575669394689,"C17orf75"
3.08235008212749e-06,0.252588578064162,0.175,0.144,0.0591502980760266,"RP11-554J4.1"
3.2839391134191e-06,-0.418969271106384,0.11,0.134,0.0630187915865126,"PTGIR"
3.35123449965523e-06,-0.371075224604161,0.151,0.177,0.0643101900483839,"ZEB1-AS1"
3.44907397198848e-06,-0.264226322017743,0.279,0.304,0.0661877295224589,"BCR"
3.62175605666492e-06,-0.403828317494055,0.143,0.168,0.0695014987273998,"ZBTB8A"
3.65190211544695e-06,-0.381752856817688,0.11,0.135,0.070080001595427,"UBR5-AS1"
3.74428674312467e-06,-0.2940738423848,0.218,0.245,0.0718528626005625,"TMPO-AS1"
3.91910589803926e-06,0.26472245468945,0.197,0.163,0.0752076421833733,"SLC2A1"
3.98037157846294e-06,0.27845274832326,0.112,0.087,0.0763833305907038,"RDH13"
4.09319066490908e-06,-0.433004289879702,0.11,0.133,0.0785483288596053,"ZNF76"
4.18782048244338e-06,-0.429153108057856,0.118,0.142,0.0803642750580885,"MIER2"
4.31736879888019e-06,0.278081963102739,0.131,0.103,0.0828503072505107,"GOLGA8N"
4.32922653642364e-06,-0.264894973582237,0.293,0.32,0.0830778572339697,"NOTCH2"
4.57070971880928e-06,-0.334577298970428,0.166,0.192,0.08771191950395,"CDKN1B"
4.69774605693018e-06,-0.462395886215241,0.081,0.103,0.0901497468324901,"RP11-147L13.11"
4.72948105333659e-06,-0.267251880319025,0.282,0.307,0.0907587414135291,"PGS1"
4.75939693786559e-06,-0.357262761501341,0.213,0.239,0.0913328272376407,"ENG"
4.79330981365302e-06,-0.466753873425509,0.089,0.111,0.0919836153240015,"PRIMPOL"
4.83169928339124e-06,-0.269582347687674,0.225,0.253,0.0927203092482778,"CTB-50L17.10"
5.00098889099115e-06,-0.3750801330969,0.178,0.204,0.0959689768181201,"RP11-146F11.1"
5.01129882352218e-06,-0.503710610217362,0.098,0.12,0.0961668244233906,"PAQR4"
5.06304604831137e-06,0.270992792326851,0.146,0.118,0.0971598536670952,"GPR160"
5.24997887068624e-06,-0.252072287342867,0.27,0.297,0.100747094528469,"RNF135"
5.3451400438365e-06,-0.44590432000181,0.086,0.108,0.102573237441222,"WWC2"
5.42316605561035e-06,0.260020243952654,0.131,0.103,0.104070556607163,"SLC27A4"
5.53711758919609e-06,0.259785018331522,0.157,0.128,0.106257286536673,"RP11-156K23.3"
5.70857945699172e-06,0.265149048568648,0.106,0.082,0.109547639779671,"ZNF724P"
5.96934773947294e-06,0.356424113096655,0.331,0.296,0.114551783120486,"CSF2RB"
6.22066050306712e-06,-0.319744609323375,0.207,0.233,0.119374475053858,"CTSW"
6.26465336475952e-06,-0.264304313225259,0.292,0.318,0.120218698069735,"EPB41L2"
6.29871322032278e-06,-0.287957129771623,0.27,0.295,0.120872306697994,"MTHFD1"
6.69821296339667e-06,0.270730493588919,0.108,0.084,0.128538706767582,"CYYR1"
6.71530270428001e-06,-0.30806771438984,0.221,0.247,0.128866658895133,"P3H1"
7.2224858176895e-06,0.288186406490243,0.128,0.102,0.138599502841462,"MOB1B"
7.57289981995431e-06,-0.405291753637172,0.13,0.154,0.145323947544923,"MFHAS1"
7.62823501801817e-06,0.293315981287389,0.104,0.081,0.146385829995769,"ZNF582-AS1"
7.76879138916138e-06,-0.299050638677316,0.222,0.247,0.149083106758007,"FCF1"
7.91304147160585e-06,-0.343269155758448,0.141,0.166,0.151851265840116,"UTRN"
8.1375367169012e-06,-0.42809612013459,0.09,0.112,0.156159329597334,"ZFYVE16"
8.27357245803423e-06,-0.312213155593806,0.191,0.217,0.158769855469677,"GSTZ1"
8.35524236211317e-06,0.311747632353043,0.143,0.117,0.160337100928952,"FSTL3"
8.44793620068278e-06,-0.253741218039122,0.244,0.272,0.162115895691103,"VPS53"
8.66616503686706e-06,-0.414300450386955,0.138,0.162,0.166303707057479,"CLCN3"
8.69042541428219e-06,-0.286070150594429,0.221,0.247,0.166769263700075,"WDYHV1"
8.94617972966727e-06,-0.352659353325114,0.16,0.186,0.171677189012315,"VSIG10"
9.01329614042895e-06,-0.324385835588502,0.131,0.156,0.172965152934832,"CHAF1B"
9.04918394374919e-06,0.293427385840205,0.105,0.082,0.173653839880547,"KIFAP3"
9.54325081902217e-06,-0.250387248018488,0.28,0.305,0.183134983217035,"RHOT1"
9.70777521448944e-06,-0.254605408337659,0.247,0.274,0.186292206366052,"ARID5A"
9.71243625852481e-06,-0.501160992082988,0.105,0.127,0.186381651801091,"CFP"
1.02196307784126e-05,-0.257636575684395,0.282,0.306,0.196114714637737,"ABCD4"
1.03229985959403e-05,-0.43058285269933,0.08,0.101,0.198098343056095,"IGSF8"
1.04996797390033e-05,-0.389434274715322,0.119,0.143,0.201488854191473,"ZNF662"
1.06613843211985e-05,-0.369348285191219,0.167,0.192,0.204591965123799,"TFAP4"
1.17567451610697e-05,0.272776152236116,0.115,0.09,0.225611939640927,"ZNF585B"
1.1896472017322e-05,0.261878493487398,0.147,0.12,0.228293298012409,"KLHL20"
1.19808001517157e-05,-0.364114342912386,0.128,0.152,0.229911554911424,"FAM234A"
1.22220198556103e-05,-0.279863990221181,0.292,0.315,0.234540561029161,"CRYZL1"
1.2506445375464e-05,-0.284115212991995,0.243,0.267,0.239998686755153,"DVL2"
1.37631740982142e-05,-0.275350572422989,0.258,0.283,0.26411531094473,"CD2AP"
1.46040770318081e-05,-0.30304003244971,0.173,0.198,0.280252238240398,"PIGU"
1.4905861008886e-05,-0.361197667443442,0.091,0.113,0.286043472760523,"FUCA2"
1.59093927057015e-05,-0.469319099975073,0.127,0.15,0.305301246022412,"IGHD"
1.61976532804633e-05,-0.388368798457872,0.085,0.106,0.310832966452091,"MIATNB"
1.6709660984188e-05,0.286372519672898,0.112,0.088,0.320658394286569,"DVL1"
1.67598927929146e-05,-0.420748118241882,0.096,0.117,0.32162234269603,"KDM4A"
1.6778191859615e-05,-0.277653417208911,0.315,0.337,0.321973501786012,"TNFAIP8L1"
1.7205187000931e-05,-0.394197397392755,0.097,0.119,0.330167538547865,"KHK"
1.72504738890534e-05,0.254234678707164,0.12,0.096,0.331036593930935,"ZNF107"
1.79718335005988e-05,0.283177670808052,0.106,0.084,0.344879484876491,"WDR90"
1.81990502134895e-05,-0.441399878751124,0.092,0.113,0.349239773596864,"IPMK"
1.83379193263025e-05,-0.327337001868019,0.148,0.172,0.351904671871745,"ZYG11B"
2.04054418046749e-05,-0.263330771346465,0.266,0.29,0.391580428231712,"AP2A1"
2.05276658047196e-05,0.272637011508093,0.113,0.089,0.393925906792568,"ENKD1"
2.10668269591675e-05,-0.271315220335838,0.306,0.327,0.404272409346424,"RBM14"
2.13815364707224e-05,0.254706988615553,0.143,0.117,0.410311684873162,"MCU"
2.14973668861732e-05,-0.25579030241446,0.247,0.273,0.412534470545664,"KIAA0930"
2.20167234909664e-05,-0.343794604140664,0.119,0.142,0.422500923791646,"NDC80"
2.2507286799313e-05,-0.343317058115175,0.143,0.167,0.431914833678817,"ZEB1"
2.42281056600609e-05,0.256561947340438,0.106,0.083,0.464937347616569,"PSTK"
2.42766440559546e-05,-0.320868339360967,0.159,0.183,0.465868799433768,"ACSS2"
2.44635231051063e-05,-0.342783189554774,0.133,0.156,0.469455008386989,"HLTF"
2.4649401404721e-05,0.276325105304415,0.106,0.084,0.473022012956595,"RP11-644F5.11"
2.57854392791825e-05,-0.340212085446593,0.133,0.156,0.494822579767512,"FNIP2"
2.82297077148549e-05,-0.27077715078753,0.187,0.212,0.541728091048065,"RINL"
2.94737423923689e-05,-0.391590795103842,0.11,0.131,0.565601116509558,"ZNF599"
3.0383819031719e-05,-0.254167007741448,0.182,0.207,0.583065487218688,"CLK4"
3.08278656371559e-05,-0.257308415854913,0.214,0.239,0.591586741577022,"CEP83"
3.36147352320177e-05,-0.265413667193065,0.247,0.271,0.64506676910242,"RIPK2"
3.37903469843628e-05,-0.269170116759521,0.244,0.266,0.648436758629923,"NISCH"
3.550376049572e-05,-0.313302904160993,0.17,0.194,0.681317163912866,"APAF1"
3.60002134869942e-05,-0.380729466598829,0.094,0.115,0.690844096815418,"PPM1D"
3.63732383626712e-05,-0.309504468552285,0.125,0.148,0.698002444179661,"ZSCAN18"
3.65884176534078e-05,-0.307622245832545,0.187,0.21,0.702131734768897,"ITPRIPL1"
3.69999823481355e-05,-0.292391093962731,0.235,0.259,0.71002966126072,"FBXO11"
3.77512039768098e-05,-0.287970985965023,0.207,0.231,0.72444560431498,"RAB8B"
3.80641898856595e-05,-0.257086011934096,0.228,0.251,0.730451803905805,"PPTC7"
3.8521103244686e-05,-0.410418605306892,0.121,0.142,0.739219971265524,"ABTB1"
4.02972704268609e-05,-0.361569356868927,0.09,0.111,0.773304619491461,"ERC1"
4.10010105672859e-05,-0.269721226358917,0.237,0.26,0.786809392786217,"MED16"
4.25577159332234e-05,-0.413122520182708,0.116,0.137,0.816682568758556,"MCTP1"
4.68985024935947e-05,-0.347650293127531,0.094,0.114,0.899982262852083,"ICK"
4.82731096598165e-05,-0.337312621233946,0.142,0.164,0.926360974371879,"TRIM38"
5.00239791203587e-05,0.278741143085821,0.119,0.097,0.959960159319684,"ZNF529-AS1"
5.16224832514441e-05,-0.271395435400622,0.245,0.269,0.990635453595212,"REV3L"
5.23853097564983e-05,-0.292185032900343,0.155,0.179,1,"ING4"
5.3360400397982e-05,0.253037057173377,0.119,0.096,1,"C1orf132"
5.33740107150539e-05,-0.26503118874626,0.129,0.153,1,"CMPK2"
5.40606955115445e-05,-0.307199327934937,0.189,0.212,1,"IGF1R"
5.44957260385954e-05,0.256696254038021,0.102,0.081,1,"BRWD3"
5.47760366056289e-05,-0.259522949097863,0.209,0.233,1,"NUMB"
5.62516432331628e-05,-0.418211338261465,0.096,0.116,1,"TICAM1"
5.65556876586468e-05,-0.337413692417675,0.145,0.167,1,"DOCK10"
5.70177583619101e-05,-0.255476084089431,0.284,0.306,1,"PTPRC"
5.89992476618648e-05,0.267663874056139,0.163,0.137,1,"RNF144A"
5.99992824847879e-05,-0.27504294482509,0.224,0.246,1,"GSKIP"
6.13512920860165e-05,-0.259446081729716,0.252,0.274,1,"STAT6"
6.43947093241743e-05,-0.439218457699764,0.091,0.11,1,"VPS8"
6.46166429831657e-05,-0.364836710296093,0.109,0.129,1,"RUFY3"
6.49877001151721e-05,-0.306708474662029,0.226,0.247,1,"RMI1"
6.53863816673399e-05,-0.35249524580903,0.107,0.128,1,"RP11-192H23.6"
6.56700425019392e-05,-0.291699825429002,0.147,0.17,1,"SGSM3"
6.63341011924915e-05,-0.253033721628385,0.19,0.214,1,"FCHSD2"
6.64084869607174e-05,-0.400512823622848,0.115,0.135,1,"CCDC102A"
6.67940649918659e-05,-0.26338328288949,0.215,0.238,1,"ANKRA2"
6.68261554285989e-05,0.293465647071655,0.112,0.091,1,"PTCD2"
6.69081371675924e-05,0.266066467387039,0.102,0.081,1,"CTD-3138B18.5"
6.77303757983542e-05,-0.308164030526133,0.171,0.195,1,"FAM64A"
6.80211164912121e-05,-0.326631874070515,0.11,0.131,1,"ERAP1"
6.80724433851771e-05,-0.25276930707802,0.237,0.261,1,"RASSF3"
7.07579410484374e-05,-0.409236336739774,0.106,0.126,1,"TMEM254"
7.60110517027691e-05,-0.308239305859986,0.156,0.178,1,"SPPL2B"
8.25840424056402e-05,-0.317108517240024,0.159,0.182,1,"LIN54"
8.38066228412849e-05,0.252014481780383,0.104,0.082,1,"CCRL2"
8.41639580057595e-05,-0.284534490239607,0.207,0.229,1,"PAPSS1"
8.54256311192875e-05,-0.373486006908486,0.126,0.147,1,"LOXL3"
8.56526167468531e-05,0.275482345600109,0.112,0.09,1,"LIN7B"
8.60536205459853e-05,-0.28351313290254,0.164,0.187,1,"SERPINH1"
8.66462378830149e-05,-0.341367796515349,0.165,0.187,1,"BUD13"
8.9058930837204e-05,-0.337743803472165,0.14,0.161,1,"CH507-154B10.1"
8.93040356860026e-05,-0.339630195999271,0.143,0.165,1,"WDR92"
9.17914158423928e-05,-0.322272357803276,0.131,0.152,1,"ZNF44"
9.22451765494466e-05,-0.261669816444462,0.161,0.184,1,"HMCES"
9.29594824046584e-05,-0.321308893433266,0.158,0.179,1,"SLC25A43"
9.2977561958441e-05,-0.277624726664668,0.203,0.226,1,"CTBS"
0.000102714193241814,-0.468989377164784,0.084,0.102,1,"ICOSLG"
0.000107681214532684,-0.330160746159455,0.126,0.147,1,"KNTC1"
0.000108552304200565,-0.350864408002437,0.081,0.1,1,"DENND1A"
0.000113523997811671,-0.336271641997659,0.136,0.156,1,"HIST1H2BH"
0.000114713735774273,-0.275176681050677,0.211,0.232,1,"PI4K2B"
0.000118551480914337,-0.313909662706492,0.172,0.194,1,"SNX2"
0.000118664615195819,-0.304552354466733,0.192,0.212,1,"PDIK1L"
0.000119901787321497,-0.299788651673259,0.125,0.147,1,"ZNF358"
0.000121705938967805,-0.290361330711522,0.112,0.133,1,"ASL"
0.000125131285220836,-0.340603227030018,0.171,0.193,1,"MXD1"
0.000127665132762467,-0.283171151616568,0.26,0.282,1,"MAP3K8"
0.000131332345053252,-0.348750460903735,0.12,0.14,1,"TOB1"
0.000131664939394697,-0.258389098711436,0.273,0.291,1,"ODF2L"
0.000133293639795562,-0.333800377639624,0.16,0.181,1,"CTAGE5"
0.000134342740970371,-0.387172991891526,0.12,0.139,1,"AMPD3"
0.00013592475662923,-0.33766825148586,0.119,0.139,1,"ZNF550"
0.000148678725500064,-0.348301076994129,0.105,0.124,1,"ARSD"
0.000159389310250594,-0.408640415847638,0.122,0.141,1,"PNPLA8"
0.000161523775004426,-0.330652273141226,0.154,0.175,1,"SHMT1"
0.000169888636503629,-0.327990274894021,0.145,0.165,1,"SLC12A7"
0.000172452182586939,-0.30208833449908,0.151,0.172,1,"SFI1"
0.000179575357667029,-0.332643406018777,0.238,0.256,1,"TAB2"
0.00018385679195949,-0.351952705120071,0.135,0.155,1,"KIAA1524"
0.000211796055454786,-0.284165320779363,0.145,0.166,1,"CCDC22"
0.000228003558786321,-0.317929317660451,0.095,0.114,1,"SYNE3"
0.000236716883719622,-0.3802214524962,0.119,0.138,1,"ASPHD2"
0.000238659960599043,-0.381961721506675,0.129,0.148,1,"QTRTD1"
0.00023962238690256,-0.332335914135257,0.146,0.166,1,"DDHD1"
0.000245722847965829,-0.252751335003394,0.255,0.273,1,"FAF2"
0.000247750774465883,-0.275617150364049,0.193,0.213,1,"CDK9"
0.000248153033326461,-0.265291403333835,0.205,0.226,1,"SCARB2"
0.000250127916042317,-0.323693284871913,0.107,0.126,1,"UBR3"
0.000251003538837924,-0.266502741354703,0.231,0.252,1,"GLMP"
0.000251297043678216,-0.290370077847228,0.174,0.194,1,"WDSUB1"
0.000252353645119465,-0.312865957430434,0.14,0.16,1,"AGTPBP1"
0.000254242495466598,-0.435218614113905,0.093,0.11,1,"MVK"
0.000259710594492878,-0.323810944747061,0.168,0.188,1,"LDLR"
0.000261174077087068,-0.330969976777642,0.087,0.105,1,"HPS6"
0.00026238038767078,-0.298446529988688,0.198,0.217,1,"RALGDS"
0.000279175169347321,-0.309140870103009,0.106,0.126,1,"BST1"
0.000283742001294622,-0.28534193002484,0.205,0.225,1,"XPO7"
0.000307004499644674,-0.266094026930886,0.163,0.183,1,"ACOT9"
0.000318005642652407,-0.34601072463264,0.087,0.105,1,"TPK1"
0.000330588994685364,-0.325839688418888,0.092,0.109,1,"SPATA13"
0.000333751694281294,-0.265039937150876,0.167,0.187,1,"MEIS1"
0.000335771516743944,-0.355622492616517,0.108,0.126,1,"KRBOX4"
0.000348574011594626,-0.415164404110904,0.083,0.1,1,"CEP131"
0.000352349776313741,-0.383686862922143,0.105,0.122,1,"AGO4"
0.000355616700440351,-0.252447000316338,0.098,0.116,1,"CBFA2T2"
0.000360964980123213,-0.263492744232739,0.194,0.213,1,"NAMPT"
0.000382748104504185,-0.285929323731871,0.146,0.166,1,"P2RX4"
0.000385670228762358,-0.420779826024776,0.101,0.118,1,"SESN1"
0.000393965451806557,-0.324641762816733,0.161,0.179,1,"GALNT11"
0.000402710170782191,-0.290388797810861,0.18,0.199,1,"SH3YL1"
0.000408631740212725,-0.334665612322993,0.126,0.144,1,"DIAPH3"
0.000413277701080408,-0.3848927009216,0.092,0.109,1,"AUH"
0.000429757906478442,-0.25079989973737,0.211,0.23,1,"ACOX1"
0.00046904962937097,-0.269152051798631,0.135,0.154,1,"ANKRD13C"
0.000471676715583638,-0.25522876409602,0.147,0.167,1,"MAU2"
0.000475155247962448,-0.263820895195515,0.122,0.141,1,"SCOC-AS1"
0.000475459819097405,-0.277102166668742,0.115,0.134,1,"KDM4B"
0.000476961349438439,-0.294433145339457,0.137,0.156,1,"CIT"
0.000482498507292252,-0.41503952551095,0.086,0.102,1,"PTGR1"
0.000509514944852406,-0.437979553869547,0.084,0.1,1,"FAM171B"
0.000513040112953183,-0.251882587047914,0.258,0.276,1,"OXR1"
0.000518284396301429,-0.274923766958402,0.187,0.207,1,"ZNF766"
0.0005188196355575,-0.376340575860737,0.095,0.111,1,"HMGA2"
0.000528871170817277,-0.393001218877052,0.093,0.109,1,"B4GAT1"
0.000547898141931137,-0.352052742501547,0.137,0.155,1,"IL18"
0.000572807831771329,-0.329599316269873,0.107,0.125,1,"GNPTG"
0.000597196016158324,-0.343232143541861,0.107,0.124,1,"KLHL36"
0.000600140620804727,-0.269748501274291,0.163,0.182,1,"CD38"
0.000627311947538433,-0.273979037031088,0.118,0.137,1,"APOL2"
0.00063777446203571,-0.382540437353895,0.117,0.134,1,"FBXO30"
0.000673669381357847,-0.258420678082832,0.178,0.197,1,"ZNF654"
0.000685613183309466,-0.255972119421997,0.164,0.184,1,"FBXO18"
0.000688799123189492,-0.294781547500702,0.141,0.159,1,"SCRN2"
0.000763759545723717,-0.261611035833912,0.216,0.234,1,"CNTLN"
0.000770448602244267,-0.368675803034022,0.104,0.121,1,"CARD16"
0.000773097594083509,-0.296099451178589,0.147,0.164,1,"ARL17A"
0.000804090646927414,-0.385917109515574,0.099,0.115,1,"MASTL"
0.000822746308273308,-0.315917819989375,0.143,0.16,1,"ZBED5-AS1"
0.000845630990537885,0.314930931352662,0.189,0.165,1,"KLF1"
0.000851975207461931,-0.291368177064763,0.173,0.191,1,"ZDHHC21"
0.000875329466739883,-0.265466130215856,0.171,0.19,1,"CTBP1-AS2"
0.000886148850615197,-0.284569864720198,0.198,0.215,1,"PPIL4"
0.000907394528739005,-0.321252802824015,0.098,0.115,1,"UBA7"
0.000918585519538938,-0.279334190031552,0.124,0.142,1,"ZC3H3"
0.000924582365939168,-0.288148912845882,0.096,0.112,1,"RABGAP1L"
0.000924606591939221,-0.28812303322275,0.126,0.144,1,"ZBTB10"
0.000931179394433212,-0.313988836820015,0.101,0.117,1,"UBE2H"
0.000966226928779109,-0.301305058686371,0.139,0.156,1,"ARSA"
0.00103560865426948,-0.289907035986266,0.152,0.17,1,"FAM118A"
0.00113519842229633,-0.257851080608149,0.141,0.159,1,"MARCH2"
0.00115370625595978,-0.286553228992452,0.17,0.188,1,"SARS2"
0.00117050332020993,-0.297020202733861,0.125,0.143,1,"SLC39A11"
0.00118257544521582,-0.28198561038106,0.126,0.144,1,"DIAPH2"
0.00118526515402763,-0.255304196938536,0.195,0.213,1,"SLC18A2"
0.00122725989886323,-0.357087246178892,0.089,0.104,1,"LRP6"
0.00123223901901246,-0.279461035537721,0.313,0.326,1,"FANCD2"
0.00124469058909438,-0.33221733951372,0.085,0.1,1,"CHPF2"
0.00125602713674287,-0.383926595786172,0.09,0.105,1,"ARID3B"
0.00125623644613223,-0.269163447354318,0.155,0.173,1,"RNF216"
0.00125791695039317,-0.277453610392016,0.207,0.224,1,"PDK2"
0.00128020170873559,-0.293230492118989,0.202,0.219,1,"FAIM"
0.00128424655277148,-0.262996791535494,0.122,0.14,1,"SH3PXD2A"
0.00129018110056463,-0.345106255821255,0.117,0.133,1,"IL15RA"
0.0013298977026048,-0.292495722606741,0.123,0.139,1,"SUPT3H"
0.0013620692300325,0.257098585719451,0.111,0.094,1,"AVPI1"
0.00138525791784406,-0.319357142717294,0.114,0.13,1,"ULK4"
0.00139187558385088,-0.256732705461633,0.185,0.203,1,"RP4-816N1.6"
0.00148637155609572,-0.303304316856001,0.129,0.145,1,"RWDD2B"
0.00149119350739808,-0.332952200107455,0.186,0.205,1,"LTC4S"
0.00159002998591719,-0.30890709850537,0.088,0.103,1,"FDXR"
0.00165117588618037,-0.258321308328416,0.187,0.203,1,"FMR1"
0.00165799520222006,-0.273269788823076,0.2,0.214,1,"NUP85"
0.0016771473395862,-0.327437416011488,0.141,0.157,1,"ZNF711"
0.00186086571727014,-0.312170617564632,0.138,0.154,1,"ICA1L"
0.00188214424985537,-0.306703938840649,0.097,0.113,1,"GPM6B"
0.00191919687387972,-0.323895011271544,0.108,0.123,1,"ZDHHC7"
0.00194602882885494,-0.300097995062495,0.108,0.123,1,"CHM"
0.00196796402758362,-0.290091829518432,0.113,0.129,1,"LINC01560"
0.00201663434678964,-0.267414599077595,0.131,0.148,1,"PTPN4"
0.00208481334841593,-0.303024028398228,0.136,0.152,1,"B4GALT6"
0.00209469117846959,0.259301926485719,0.107,0.091,1,"ABHD17C"
0.0021098764957917,-0.358958820105283,0.1,0.114,1,"RASA2"
0.00221542030258296,-0.255827795340142,0.201,0.218,1,"ERV3-1"
0.00227945776012957,-0.273586852966818,0.159,0.176,1,"SEMA7A"
0.00234944730641897,-0.267601941708848,0.107,0.122,1,"BRIP1"
0.00249777536968648,-0.295843067723554,0.143,0.159,1,"PLAU"
0.00256074588182403,-0.288206015691903,0.108,0.123,1,"PEX14"
0.00280220879796648,-0.385498522665659,0.126,0.14,1,"MTA2"
0.00282176950592749,-0.274354562984211,0.13,0.145,1,"TRAPPC12"
0.00285014301068115,-0.345248872779144,0.134,0.15,1,"CXCL2"
0.00303963477093461,-0.327261202860512,0.092,0.106,1,"SAMD10"
0.00321221106405116,-0.290282616949113,0.104,0.119,1,"SPIRE1"
0.00323230932576447,-0.287242378361836,0.09,0.104,1,"FKTN"
0.00349182193894235,-0.300131201311224,0.122,0.137,1,"PCYOX1"
0.00372212165741207,-0.30077301584583,0.107,0.121,1,"RAI1"
0.00373023897097158,-0.311716591332054,0.12,0.135,1,"GSPT2"
0.00376160878764878,-0.269233110217464,0.127,0.142,1,"TCF20"
0.00380523310870445,-0.263670297061374,0.098,0.112,1,"FBXO43"
0.00393756718856034,-0.365938398541943,0.095,0.109,1,"APBA3"
0.004075202189935,-0.255543611689228,0.154,0.17,1,"KHDC1"
0.00413170010551294,-0.359515689005964,0.092,0.106,1,"ZBTB14"
0.00433224010902117,-0.314416778861191,0.086,0.1,1,"EZH1"
0.0046269534934881,-0.265426197132346,0.164,0.179,1,"MBTD1"
0.00477006978752263,-0.251579702415615,0.129,0.144,1,"MICB"
0.0048201801551137,-0.254510921746875,0.137,0.151,1,"AP1AR"
0.00493199595263439,-0.285485349605638,0.091,0.104,1,"AC093818.1"
0.00494017390809412,-0.257619857955312,0.139,0.154,1,"CDK17"
0.00500433057096149,-0.341911377311794,0.106,0.119,1,"SV2A"
0.00503675163903966,-0.312531858771433,0.146,0.16,1,"ZNF420"
0.005060344188744,-0.250650462644583,0.113,0.128,1,"ADAP1"
0.00541529100245914,-0.272051110528599,0.17,0.184,1,"AMN1"
0.00553943775577562,-0.252107142373638,0.11,0.124,1,"IFT22"
0.00556401861646172,-0.251633088110302,0.143,0.157,1,"RBL1"
0.00623592773638524,-0.298502773703858,0.122,0.135,1,"DNASE1L1"
0.0063435640472383,-0.260973723164209,0.132,0.146,1,"C7orf26"
0.00662438374971592,-0.284362613770518,0.095,0.108,1,"INPP5K"
0.00663104330495023,-0.285519046058486,0.097,0.111,1,"AC093627.10"
0.00685405668766257,-0.300728827423271,0.128,0.142,1,"EFHC1"
0.00691086881876541,-0.347969993066382,0.095,0.107,1,"TGIF1"
0.00711005273054023,-0.250565204553113,0.136,0.15,1,"GLG1"
0.0071212988657646,-0.388515002055561,0.091,0.103,1,"TNF"
0.00715192706589718,-0.307603930058704,0.113,0.126,1,"LINC01355"
0.00719332987462268,-0.261269656333066,0.124,0.138,1,"C17orf58"
0.00787632691777352,-0.260495896711026,0.127,0.14,1,"NUP93"
0.00822228572723966,-0.281824183846781,0.092,0.104,1,"SMTN"
0.00842699846600396,-0.259796153723697,0.131,0.145,1,"MAPK11"
0.0094007413996715,-0.305748656052978,0.1,0.112,1,"CTNNA1"
0.00971968179027282,-0.30359275216269,0.113,0.126,1,"RANBP6"
0.0105610787002951,-0.261471352212931,0.112,0.124,1,"TTBK2"
0.0107547832882473,-0.267637487739997,0.092,0.105,1,"C8orf58"
0.0112555112119679,-0.27790860080772,0.157,0.168,1,"GSTA4"
0.0120709435395747,-0.272728177511092,0.1,0.113,1,"NANP"
0.012519886745878,0.2998992120468,0.219,0.201,1,"PLPP1"
0.0127079529310765,-0.269400058192282,0.091,0.103,1,"B3GLCT"
0.0131878079832438,-0.274230627604529,0.096,0.107,1,"SSH3"
0.0137349266946928,-0.260231768831716,0.122,0.134,1,"RP11-977G19.11"
0.0143700941734856,-0.285804402876198,0.139,0.151,1,"ATF7IP"
0.0151119986461081,-0.266841311870198,0.104,0.116,1,"FGD3"
0.0151738919265162,-0.292302534419572,0.116,0.127,1,"CSNK1G1"
0.0185779897920096,-0.27216637382984,0.145,0.156,1,"MEF2D"
0.0205696926993523,-0.266677794965877,0.117,0.128,1,"NIPA1"
0.0208528207104579,-0.28462078401256,0.102,0.113,1,"HECTD4"
0.020878463269044,-0.29163251592101,0.09,0.101,1,"EFEMP2"
0.0231925403852351,-0.257009971950196,0.092,0.102,1,"ENO2"
0.0246610446854035,-0.255598333176608,0.112,0.123,1,"TMEM87B"
0.025805566761687,-0.273176824631658,0.127,0.137,1,"SLC25A14"
0.0259933427625506,-0.257702616477501,0.126,0.137,1,"DLGAP4"
0.0262410938741951,-0.250635113258843,0.099,0.11,1,"MROH1"
0.0265045164432625,-0.275327676055091,0.112,0.123,1,"MPP6"
0.0298871466329271,-0.253453316008752,0.094,0.104,1,"SEC61A2"
0.0309923321981602,-0.26958513610249,0.097,0.107,1,"ZNF236"
0.0417018135154832,-0.255559573821444,0.115,0.125,1,"PDE6B"
0.041884002321815,-0.278109807296931,0.117,0.126,1,"TTC7A"
0.0430127474373239,-0.289018237097869,0.094,0.103,1,"KLHL22"
0.0463918437097461,-0.26831707747446,0.153,0.161,1,"MT-ATP8"
0.0500863189568706,0.268988958040147,0.209,0.192,1,"TSC22D1"
0.0535374069913426,-0.265895706107881,0.101,0.11,1,"PLEKHO2"
0.0539418316028296,-0.31826614410842,0.093,0.102,1,"P2RX5"
0.0568464565025688,0.250021771189385,0.566,0.544,1,"SLC40A1"
0.0580247825718824,-0.262055905068477,0.111,0.12,1,"RNF103"
0.0619643936571113,-0.309762629564368,0.108,0.115,1,"RASAL3"
0.0637515340751425,0.404873205272777,0.151,0.14,1,"CDKN1C"
0.0669354513855191,0.30130936254875,0.128,0.117,1,"CPOX"
0.0804393743453923,-0.256724664182197,0.097,0.105,1,"NKIRAS1"
0.082868623581076,-0.253893914396755,0.114,0.122,1,"ETV3"
0.0955152998233751,-0.25231588969239,0.096,0.103,1,"XRN1"
0.0998670992609476,-0.25843130952915,0.099,0.106,1,"FRAT1"
0.11130261108131,-0.264868417359322,0.12,0.126,1,"ZNF660"
0.142797926824794,-0.258111714353625,0.102,0.108,1,"SGK494"
0.264161663207189,-0.290087456072346,0.109,0.112,1,"SAMD9"
0.313927950358825,-0.252474236999859,0.108,0.111,1,"TP73-AS1"
