"p_val","avg_log2FC","pct.1","pct.2","p_val_adj","gene"
0,-3.4864980890662,0.116,0.688,0,"ANXA2"
0,-1.9762081865974,0.275,0.704,0,"GFI1B"
0,-2.09005135320949,0.237,0.613,0,"GLIPR1"
0,-3.63801787787382,0.048,0.394,0,"PROCR"
0,-2.69896672801461,0.109,0.414,0,"C1QTNF4"
0,-1.88503190339858,0.17,0.465,0,"RP11-108M9.4"
0,-1.47903958102131,0.337,0.614,0,"HLA-DQA1"
0,-1.47988401403306,0.324,0.595,0,"HLA-DQA2"
0,-1.89644963448046,0.715,0.979,0,"VIM"
0,-1.15645512502677,0.499,0.76,0,"CCDC109B"
0,-1.21721049599363,0.5,0.758,0,"GRN"
0,-1.34519218067992,0.473,0.729,0,"HLA-DQB1"
0,-1.21266320482603,0.588,0.807,0,"TPSB2"
0,-0.999749158724128,0.678,0.877,0,"HLA-DRB1"
0,0.964180343058154,0.851,0.653,0,"GLUL"
0,-3.38520163040782,0.023,0.21,0,"ALOX5"
0,-5.47349848076348,0.005,0.177,0,"GLYATL2"
0,-0.900990634776704,0.771,0.906,0,"TKT"
0,-0.855367644435424,0.796,0.91,0,"GABARAP"
0,-1.5212162823669,0.844,0.954,0,"LGALS1"
0,-1.0117376964954,0.84,0.945,0,"EEF1G"
0,0.691619810936334,0.947,0.851,0,"NPM3"
0,-0.755247450115291,0.878,0.972,0,"S100A11"
0,0.705820948625097,0.948,0.856,0,"CCND2"
0,-1.0927111177648,0.906,0.984,0,"CD44"
0,0.642484412776384,0.966,0.895,0,"DCXR"
0,0.606384399003161,0.961,0.907,0,"MSN"
0,-0.678324749863006,0.918,0.97,0,"LITAF"
0,0.655570782693432,0.986,0.948,0,"PPP1R14B"
0,-0.79205598042726,0.946,0.978,0,"HLA-DPB1"
0,-0.805300830567438,0.968,0.991,0,"HLA-DRA"
0,-0.708897548344415,0.979,0.995,0,"CD74"
0,0.547441306030845,0.984,0.968,0,"TMEM147"
0,-0.643604509948813,0.98,0.994,0,"MT-ND3"
0,-0.897361619944382,0.986,0.998,0,"PRDX1"
0,0.480841444955184,0.995,0.986,0,"ATP5G1"
0,0.51831856735923,0.996,0.988,0,"JTB"
0,0.563822459885857,0.993,0.986,0,"EIF4EBP1"
0,-0.546475763178808,0.99,0.996,0,"HLA-B"
0,0.485855366267852,0.995,0.991,0,"GTF3A"
0,-0.778856580274145,0.997,0.999,0,"TMSB10"
0,-1.02115615426556,0.998,1,0,"RPL17"
0,0.287491912303918,1,1,0,"UQCRH"
0,-0.43805164432399,1,1,0,"RPS27"
0,-0.337452868184378,1,1,0,"RPL37A"
0,-0.28237094292005,1,1,0,"RPL34"
0,-0.329928059368481,1,1,0,"RPL37"
0,-0.707803096253912,1,1,0,"RPL36A"
0,-0.417799677026965,1,1,0,"RPL39"
0,-0.335879219742318,1,1,0,"ATP5L"
0,-0.277322323861053,1,1,0,"RPS29"
0,-0.595326671453351,1,1,0,"B2M"
0,-0.265522642267602,1,1,0,"RPL38"
0,-0.337648840920506,1,1,0,"ATP5E"
0,-0.432002230304751,1,1,0,"RPS21"
0,-0.315186063298724,1,1,0,"RPS28"
0,0.676573405411032,1,1,0,"FTL"
4.10560243212209e-304,-0.734153337991392,0.803,0.909,7.87865106724229e-300,"C12orf75"
1.97392705686912e-301,-0.621188231647995,0.927,0.974,3.78796602213184e-297,"CD164"
6.39760241937356e-299,-0.433132195832886,1,1,1.22769990427779e-294,"FTH1"
9.5077652779105e-298,0.722505652154675,0.912,0.779,1.82454015683102e-293,"UBE2M"
1.99558306364637e-295,0.55660550858488,0.968,0.905,3.82952389913739e-291,"MRPS12"
4.10216219135057e-291,0.395590735904591,0.998,0.997,7.87204924520175e-287,"MT-ND1"
1.69362523221758e-290,-1.00109255900681,0.724,0.828,3.25006682062554e-286,"NME2"
2.08037594934298e-289,-2.09133481668441,0.105,0.338,3.99224144678918e-285,"TMEM243"
1.87029588274245e-287,0.313512580699772,1,0.999,3.58909779898276e-283,"CHCHD2"
9.73158953360363e-286,-3.05478825944822,0.031,0.215,1.86749203149854e-281,"CALHM2"
3.23896186694269e-285,-2.56089781527627,0.053,0.256,6.21556782266302e-281,"JAML"
1.46831789821364e-284,-3.7328100198979,0.011,0.168,2.81770204667198e-280,"CKAP4"
2.75916811543722e-284,0.380614398042057,0.998,0.995,5.29484361352403e-280,"PRELID1"
3.94679761091366e-284,0.455045413647919,0.991,0.981,7.57390461534332e-280,"STOML2"
1.39699153956136e-277,-4.21358847629569,0.009,0.159,2.68082676441825e-273,"LY96"
7.82156714407177e-277,0.470724673258268,0.991,0.98,1.50095873494737e-272,"SRM"
1.22400933975197e-273,-0.531387375145273,0.921,0.963,2.34887392298402e-269,"AKR1A1"
2.75421096503784e-273,-0.844666031507707,0.893,0.942,5.28533084190761e-269,"LMO4"
5.26130813161723e-273,0.283916905120496,1,1,1.00964503045735e-268,"YBX1"
8.63311111353557e-272,0.801686036457246,0.918,0.818,1.65669402268748e-267,"IGFBP2"
4.93965930241718e-268,-0.902411555315788,0.658,0.825,9.47920620133857e-264,"SOX4"
4.9735301381425e-267,-1.45600077846027,0.222,0.471,9.54420433509546e-263,"CD53"
1.19777970952275e-264,-0.640594809299257,0.895,0.958,2.29853926257415e-260,"HLA-DPA1"
9.36515686486142e-261,-3.50678936083391,0.013,0.162,1.79717360236691e-256,"IL1RN"
3.73575308697915e-260,0.61891253142506,0.958,0.894,7.16891017391298e-256,"CHCHD10"
7.49498315879998e-260,-1.14033561224566,0.596,0.765,1.43828726817372e-255,"NFKBIA"
1.58943428704892e-259,-0.452807576155085,0.985,0.994,3.05012439684688e-255,"SNHG25"
3.9145497799123e-259,0.365423778225928,0.998,0.993,7.51202102765171e-255,"TIMM13"
1.18752616350572e-258,-0.440403637594092,0.988,0.993,2.27886270776748e-254,"STMN1"
4.69518845756188e-257,-4.49838719956751,0.007,0.145,9.01006665006125e-253,"CLEC4A"
1.04414906010222e-254,-1.11726954074855,0.39,0.625,2.00372204633617e-250,"GFI1"
4.53959793794487e-253,-0.478801566352006,0.989,0.997,8.71148844291621e-249,"HLA-A"
5.36578373712222e-253,-0.515638527833075,0.963,0.981,1.02969389915375e-248,"MRPL33"
4.4193422207412e-252,-1.62360202826359,0.222,0.463,8.48071772160236e-248,"TM4SF1"
7.99140625255635e-252,-0.740471361777329,0.733,0.857,1.53355085986556e-247,"NPC2"
2.08819575045567e-249,0.690860023629878,0.941,0.858,4.00724764512443e-245,"RNASEH2C"
7.21178410511083e-247,0.483329227379713,0.988,0.968,1.38394136977077e-242,"ATP6V0B"
1.86075208026499e-242,-2.53985957748763,0.029,0.19,3.57078324202851e-238,"ACP5"
1.28568697449788e-241,0.401856300525762,0.999,0.999,2.46723330406144e-237,"SH3BGRL3"
5.49734092787463e-241,0.623591182059937,0.916,0.805,1.05493972405914e-236,"ZNF593"
9.66922785751018e-240,-1.28921907423418,0.305,0.538,1.8555248258562e-235,"HLA-DMB"
2.10481529291083e-239,0.459344150194742,0.982,0.951,4.03914054709588e-235,"LAGE3"
3.51823106885922e-236,0.604813257769686,0.932,0.844,6.75148542114084e-232,"RAC3"
1.39341791601911e-235,0.433670287676598,0.991,0.971,2.67396898084066e-231,"NDUFB9"
1.79553177683827e-233,0.39412948792169,0.991,0.98,3.44562547975263e-229,"PRR13"
4.17540331377646e-232,-0.693654215431022,0.797,0.894,8.01259895913702e-228,"HLA-DMA"
1.36572825374652e-230,-0.443809878387315,0.971,0.992,2.62083251893957e-226,"PKM"
7.42413437124842e-225,-1.21616047748348,0.286,0.519,1.42469138584257e-220,"SNX10"
7.60605095643268e-224,0.587539434020956,0.911,0.815,1.45960117853943e-219,"LSM10"
2.39243995436714e-221,-0.340124702023743,1,1,4.59109227243054e-217,"HNRNPA1"
1.61652175221469e-220,-1.17657445876901,0.277,0.506,3.10210524249999e-216,"S100A10"
4.79407144019009e-219,-1.56468966150163,0.165,0.379,9.19982309372478e-215,"C19orf38"
4.38510211528297e-216,0.63505705786571,0.89,0.77,8.41501095922803e-212,"RASGRP2"
2.21105129982264e-214,-1.21269329690479,0.267,0.493,4.24300744435964e-210,"STAB1"
3.5801387876435e-213,-0.917245411034644,0.477,0.676,6.87028633348788e-209,"LPXN"
4.09332231943455e-213,-0.354862793260904,0.999,0.999,7.85508553099491e-209,"MIF"
1.02098776684777e-210,0.359521290057421,0.997,0.989,1.95927552458088e-206,"GADD45GIP1"
1.07204034404069e-209,-1.26828055555999,0.266,0.486,2.05724542021409e-205,"IQGAP1"
3.87364876116221e-209,0.367304268269087,0.991,0.983,7.43353197267029e-205,"ODC1"
5.86672629461853e-207,0.366987670067717,0.996,0.993,1.1258247759373e-202,"HMGA1"
1.22582164064646e-206,-2.58673402257249,0.041,0.193,2.35235172840056e-202,"LILRA2"
3.41670659804348e-203,0.479029989719751,0.959,0.916,6.55665996164544e-199,"NME4"
7.75375981414202e-203,-0.836006500905222,0.535,0.712,1.48794650833385e-198,"FAM117A"
6.64682571524654e-202,0.368928066142976,0.996,0.995,1.27552585475581e-197,"ATP5G3"
6.32808110567451e-201,0.325828321431099,0.998,0.997,1.21435876417894e-196,"MTDH"
8.0853861528202e-201,-0.531751281736059,0.885,0.946,1.5515856027262e-196,"HHEX"
8.88262154427317e-199,0.389375085763937,0.987,0.97,1.70457507434602e-194,"SF3B5"
6.56634570724301e-198,-1.83766796147764,0.11,0.296,1.26008174121993e-193,"CA8"
3.5308614492011e-197,0.397351083951111,0.988,0.973,6.77572312101692e-193,"NME1"
2.015522599289e-196,0.350496277652584,0.992,0.979,3.86778786803558e-192,"AURKAIP1"
9.01518207588091e-192,0.426991181698186,0.974,0.945,1.73001344036155e-187,"MRPL12"
1.82886183800601e-191,-3.02951019049694,0.024,0.154,3.50958586713353e-187,"SH3BP5"
1.39075584764915e-188,0.374122916930473,0.981,0.964,2.66886047163872e-184,"TOMM22"
1.72371733168908e-188,0.368274193619872,0.993,0.987,3.30781355951134e-184,"CCDC85B"
3.06322397431882e-187,0.25042108666537,1,1,5.87832680671782e-183,"GPX4"
1.11660245850838e-186,-4.20026206362489,0.006,0.109,2.14276011787758e-182,"LRRC25"
8.23749443686863e-184,-0.781827422291439,0.548,0.725,1.58077518243509e-179,"MEF2C"
4.9647354407251e-183,0.687267925397835,0.84,0.682,9.52732731075147e-179,"RP6-159A1.4"
2.0679598909409e-182,0.383849354744151,0.982,0.961,3.96841503071559e-178,"TRMT112"
2.32793638880382e-181,0.420461081684696,0.967,0.931,4.46730993011453e-177,"RPS19BP1"
6.50467259410471e-180,-0.731965202743001,0.608,0.752,1.24824667080869e-175,"ICAM3"
1.01019570797311e-178,0.516811448134001,0.91,0.805,1.9385655636004e-174,"MRPL55"
1.77505249963344e-178,-4.26205548109529,0.01,0.114,3.40632574679656e-174,"WFDC1"
5.0554078146072e-178,0.386492324683441,0.979,0.955,9.70132759623122e-174,"SNU13"
4.40250651281571e-176,0.375790350671845,0.985,0.966,8.44840999809335e-172,"PRDX5"
5.45379317987131e-175,0.392119690010081,0.979,0.952,1.0465829112173e-170,"CNPY2"
6.69183787658688e-175,-0.372044714613744,0.972,0.989,1.28416368851702e-170,"CD99"
2.90433979076022e-174,0.589940210487116,0.9,0.769,5.57342805846887e-170,"SDF2L1"
3.30919889092742e-174,0.298115850850171,0.996,0.994,6.35035267168972e-170,"NHP2"
2.21942819567212e-173,-0.87132275823139,0.491,0.66,4.2590827074948e-169,"LTA4H"
2.24605234518057e-170,-2.24564846433255,0.051,0.193,4.31017445040152e-166,"KCTD12"
6.90614967897069e-170,-1.75382469769426,0.088,0.252,1.32529012339447e-165,"AIM1"
2.462010736882e-169,-1.19834532469886,0.288,0.479,4.72459860407656e-165,"CTSH"
3.35597309412368e-169,-1.77859385401532,0.086,0.248,6.44011236762334e-165,"GPR84"
8.89033039147352e-169,0.349384744658781,0.988,0.978,1.70605440212377e-164,"NDUFB8"
1.69072316935796e-168,0.277904932009807,1,1,3.24449776199793e-164,"TXN"
2.91590585889453e-166,0.303024046320574,0.999,0.999,5.5956233432186e-162,"GSTP1"
6.53891815328511e-166,0.332630694552978,0.989,0.972,1.25481839361541e-161,"MRPL51"
1.16908046438349e-165,-0.521125440436522,0.986,0.994,2.24346541115191e-161,"METTL9"
2.0596284537458e-165,0.383950262558079,0.97,0.94,3.95242700273819e-161,"MRPL20"
5.44575492096043e-164,-0.33188358385274,0.996,0.997,1.04504036933231e-159,"EEF2"
9.02928731116343e-164,-0.328220209245981,0.944,0.974,1.73272023501226e-159,"DBI"
9.42707862095805e-163,0.484275008997626,0.929,0.862,1.80905638736185e-158,"FAM136A"
7.59118651883143e-160,0.474530991880865,0.917,0.836,1.45674869296375e-155,"C20orf27"
1.60519858703713e-159,0.527369233414848,0.886,0.787,3.08037608852425e-155,"MRPS26"
1.70315139337896e-158,0.410787477483834,0.972,0.947,3.26834752389423e-154,"MAZ"
2.66727948067214e-158,-1.22236342776602,0.227,0.415,5.11850932340983e-154,"FCGRT"
1.45608026041553e-157,0.279505527506275,0.998,0.996,2.7942180197374e-153,"VAMP8"
1.29233841093377e-156,0.476846195196853,0.917,0.841,2.47999741058191e-152,"CENPV"
4.39296985955128e-156,-0.986782169679127,0.352,0.536,8.4301091604789e-152,"RCSD1"
2.57827852947139e-155,0.753124720705196,0.734,0.563,4.9477164980556e-151,"TESC"
3.29988430065777e-152,-1.25206750767757,0.203,0.383,6.33247797296225e-148,"SLC35F6"
5.31765137737219e-151,0.679782328862749,0.959,0.906,1.02045729931772e-146,"SRGN"
3.27986728204645e-150,-2.42743186183242,0.037,0.157,6.29406531424714e-146,"ABI3"
3.30073282105501e-150,0.369423555230726,0.964,0.929,6.33410628360457e-146,"GLRX5"
1.22973027975849e-149,0.360698591078498,0.975,0.949,2.35985240685653e-145,"NDUFS8"
1.41241890872765e-148,0.425383380718054,0.955,0.919,2.71043188584836e-144,"C9orf78"
2.5855689748977e-148,-1.15661001411149,0.466,0.628,4.96170686282869e-144,"LTB"
2.82696447915287e-148,0.26934946192471,0.997,0.991,5.42494483549436e-144,"C19orf53"
9.79744953987351e-148,-0.672450462666179,0.629,0.753,1.88013056670173e-143,"CD47"
2.71894142525115e-144,0.344296891779843,0.978,0.959,5.21764859505695e-140,"SPCS1"
8.74632495373353e-143,-1.04685868119764,0.301,0.473,1.67841975862147e-138,"GCNT1"
1.20277640665503e-142,-0.345358472623241,0.967,0.987,2.308127924371e-138,"TPM4"
5.27871742538058e-142,-0.58421782035155,0.68,0.795,1.01298587393053e-137,"PYCARD"
2.04118811822629e-141,0.383806183576751,0.955,0.903,3.91703999887624e-137,"FAM96A"
5.10803876994017e-141,0.675761736724416,0.715,0.56,9.80232639951519e-137,"EMG1"
5.18520436570606e-141,0.506611117731934,0.873,0.765,9.95040717778992e-137,"DCUN1D5"
9.48420232259134e-141,0.280697199242655,0.994,0.989,1.82001842570528e-136,"LAMTOR1"
6.68517947462533e-140,0.423962961386662,0.971,0.945,1.2828859411806e-135,"NPW"
1.15852069174786e-139,-0.321116197030766,0.97,0.983,2.22320120746414e-135,"COMMD6"
1.46373111969349e-139,-0.39286831963905,0.932,0.963,2.8089000186918e-135,"RBMX"
4.54945632058677e-139,0.425895089984615,0.925,0.856,8.73040667920602e-135,"COA4"
2.92126189763063e-138,0.348681617695104,0.983,0.962,5.60590158155318e-134,"MYDGF"
3.02258092613485e-138,-1.14526660757267,0.261,0.432,5.80033279725277e-134,"RNASEK"
1.18592262417192e-137,0.478126497888142,0.895,0.814,2.27578551578591e-133,"YDJC"
1.02875342578159e-136,1.03040613922216,0.508,0.316,1.97417782407487e-132,"RGL4"
4.48553566142651e-136,-2.44329874765006,0.027,0.132,8.60774293427747e-132,"GBP1"
1.45721218329693e-135,-0.583149756850933,0.601,0.746,2.7963901797468e-131,"SNCA"
3.44492190036458e-135,0.429059813315628,0.957,0.913,6.61080512679963e-131,"PSMB3"
3.9920316760842e-135,-0.99959774068911,0.296,0.469,7.66070878640557e-131,"TNFSF10"
4.210341361557e-135,0.392721225524667,0.976,0.956,8.07964507282788e-131,"DCTPP1"
2.35405902171402e-134,-2.06854129369746,0.05,0.172,4.51743926266921e-130,"IL18R1"
3.89158519420086e-134,0.402398143131724,0.94,0.879,7.46795198767145e-130,"C19orf24"
4.13164016963203e-134,-1.11301318390222,0.183,0.356,7.92861748552386e-130,"PPP1R14A"
7.40800408456115e-134,0.274335225406046,0.999,0.998,1.42159598382729e-129,"PSMA7"
1.6129757637126e-133,-1.25222983101308,0.183,0.347,3.09530049056448e-129,"FUCA1"
2.52813186038397e-133,-1.41672700296817,0.153,0.311,4.85148504007685e-129,"SELL"
6.62183267949434e-133,-0.61017893737037,0.655,0.782,1.27072969119496e-128,"VAMP5"
1.01065006029301e-132,-0.521007990303687,0.682,0.8,1.93943746570229e-128,"SOCS2"
1.07775193695082e-132,0.419975881318956,0.939,0.881,2.06820596700862e-128,"NAA10"
3.69104333935156e-132,0.755494080752076,0.666,0.497,7.08311216821564e-128,"FKBP11"
3.70546415885101e-131,0.264820621665724,1,0.999,7.11078572083508e-127,"GPX1"
4.44163574437536e-130,-0.301120676745997,0.971,0.983,8.52349899345631e-126,"EIF3L"
5.49465787359604e-130,-0.521116033247299,0.773,0.863,1.05442484594308e-125,"PNRC1"
6.82877779156526e-130,0.33417207572179,0.973,0.949,1.31044245820137e-125,"TXNL4A"
1.57485260721009e-129,-1.03091654445102,0.271,0.44,3.02214215323617e-125,"SEPT1"
1.70664342673725e-129,0.386324459280594,0.951,0.894,3.27504873590879e-125,"APRT"
1.94121235421705e-129,0.773495771745179,0.597,0.407,3.72518650774251e-125,"MFSD12"
5.98316409991199e-129,0.378298504787261,0.975,0.968,1.14816919077311e-124,"AIF1"
3.33370026442013e-128,0.320590081922989,0.979,0.952,6.39737080742223e-124,"NENF"
4.78061159267128e-128,0.303168583579959,0.983,0.967,9.17399364633619e-124,"NDUFS6"
1.01975219819232e-127,-0.348319143610352,0.942,0.965,1.95690446833105e-123,"CSTB"
1.778318683631e-127,0.351716055455748,0.961,0.918,3.41259355388788e-123,"ELP5"
2.14923869431836e-127,0.326390619104652,0.987,0.971,4.12438905439694e-123,"DRAP1"
8.18222171861146e-127,0.443099380251176,0.909,0.818,1.57016834780154e-122,"STRA13"
1.18287879558225e-126,-1.03363257737082,0.296,0.464,2.26994440872233e-122,"CRIP1"
2.39313371446585e-126,0.558434914049483,0.789,0.662,4.59242359805997e-122,"YIF1A"
3.24460869408721e-126,-1.98442487279444,0.052,0.17,6.22640408395336e-122,"BIRC3"
3.27368049597047e-126,0.401124576223766,0.934,0.868,6.28219287176734e-122,"C16orf13"
5.54329452798472e-126,-1.12743945757872,0.218,0.381,1.06375821992027e-121,"EVI2B"
2.72394132655298e-125,0.417069372442722,0.908,0.825,5.22724340565517e-121,"RILPL2"
3.81232167587731e-124,-1.28163036231491,0.158,0.312,7.31584529600856e-120,"HOOK3"
1.73464488224746e-123,0.390868702496174,0.937,0.888,3.32878352903287e-119,"MLEC"
2.14234052963744e-123,0.526706780863166,0.798,0.675,4.11115147637424e-119,"TMEM141"
5.52578022704107e-123,0.488004168026404,0.853,0.734,1.06039722556918e-118,"ISOC2"
8.78837808471401e-122,-0.333972234410772,0.947,0.968,1.68648975445662e-117,"NDUFB1"
8.81990660439057e-121,0.358076700992312,0.977,0.953,1.69254007738255e-116,"GSPT1"
1.14899388167507e-120,0.560493625322692,0.766,0.632,2.20491925893446e-116,"NEK6"
5.10911573859664e-120,0.31457934233227,0.975,0.954,9.80439310236696e-116,"AP2S1"
1.35804032838767e-119,-1.94282336836211,0.05,0.162,2.60607939017594e-115,"HLA-DOA"
1.62654735782058e-119,0.435430363348829,0.911,0.85,3.1213443796577e-115,"EBNA1BP2"
2.78506362118823e-119,0.376878350447064,0.936,0.889,5.34453708906022e-115,"MRPS15"
8.69447893316233e-118,-1.16119543991229,0.179,0.334,1.66847050727385e-113,"OPTN"
9.54015068167714e-118,0.419892241274346,0.917,0.847,1.83075491581384e-113,"MRPL4"
2.30471641896915e-117,-0.353583939309765,0.172,0.333,4.4227508080018e-113,"CXCL8"
3.36082432202755e-117,0.490368445396397,0.835,0.729,6.44942187397087e-113,"APOA1BP"
1.18566568919502e-116,0.42420635784252,0.891,0.808,2.27529245756524e-112,"AK2"
2.27898219757683e-116,0.314173496006661,0.966,0.939,4.37336683714993e-112,"MRPL11"
2.94163806967492e-116,0.381852715278927,0.954,0.922,5.64500345570618e-112,"PRSS57"
3.05401472578538e-116,-0.855467923400989,0.344,0.502,5.86065425878214e-112,"DNASE2"
3.35016190787209e-116,-0.282952119974862,0.981,0.991,6.42896070120655e-112,"GMFG"
1.2994938365027e-115,0.411436918231042,0.894,0.814,2.49372867224867e-111,"CCDC124"
2.54193923321762e-115,-0.75562278302122,0.409,0.569,4.87798138854461e-111,"BIN1"
3.2631607355723e-115,0.564169555584816,0.775,0.65,6.26200545156324e-111,"VAT1"
9.79580831863383e-115,0.533467496004724,0.78,0.644,1.87981561634583e-110,"CDV3"
1.24275016571988e-114,0.345381184010742,0.952,0.909,2.38483756801646e-110,"EMC6"
1.50632971403587e-114,0.33123072406068,0.989,0.979,2.89064672123484e-110,"ZFAS1"
3.16779782839415e-114,0.49464482749945,0.819,0.705,6.07900403268838e-110,"NOP16"
3.55352062605788e-114,-0.475168648244645,0.734,0.824,6.81920608140507e-110,"RNF130"
1.26715684873402e-112,-0.653411012847303,0.291,0.465,2.43167399272059e-108,"DDIT4"
7.18224352538175e-112,0.444645363452114,0.898,0.828,1.37827253252076e-107,"LSP1"
4.6603996861887e-111,-1.13217056341411,0.196,0.345,8.94330699779611e-107,"TIGAR"
3.73999659560546e-110,0.329979896762187,0.962,0.922,7.17705346696687e-106,"TMEM160"
6.21868291713755e-110,-0.798189719049388,0.42,0.569,1.1933652517987e-105,"AP001171.1"
7.97212170311062e-110,-0.810555638028577,0.357,0.509,1.52985015482693e-105,"RNF213"
9.30025168895617e-110,0.385295020681193,0.92,0.846,1.78471829911069e-105,"TMED3"
1.92773731967913e-109,-0.368479779081618,0.889,0.935,3.69932791646425e-105,"PSME1"
1.02822249868482e-108,0.279287901859617,0.988,0.973,1.97315897497617e-104,"C17orf89"
1.43544119155432e-108,0.765869409825589,0.667,0.528,2.75461164659274e-104,"CTSG"
3.63403731115692e-108,0.415374270557301,0.877,0.789,6.97371760011014e-104,"CIB1"
1.04794016644451e-107,0.604382397791827,0.681,0.52,2.01099717940701e-103,"POLR3H"
1.75857727572184e-107,-1.16823831040116,0.197,0.344,3.37470979211021e-103,"C1orf21"
2.19336535584391e-107,-0.322085967388237,0.934,0.966,4.20906811786447e-103,"SPINT2"
2.36284439976499e-107,0.369975070291529,0.922,0.861,4.53429840314901e-103,"EI24"
3.80522350508497e-107,0.405051063670841,0.893,0.817,7.30222390625805e-103,"LRRC59"
5.57725624297208e-107,0.694800081892746,0.605,0.437,1.07027547302634e-102,"SLC27A5"
5.78764477650704e-107,1.04014333503642,0.38,0.214,1.1106490326117e-102,"BZRAP1"
1.19674469971305e-106,0.661791080862746,0.591,0.414,2.29655307874935e-102,"FAM195A"
1.61302389340819e-106,-2.12383636137845,0.03,0.12,3.09539285145032e-102,"CD48"
3.45090227992291e-106,-0.777888908458689,0.396,0.539,6.62228147517206e-102,"CD58"
7.39910335310842e-106,0.43325684656517,0.865,0.791,1.41988793346151e-101,"MRPL21"
5.15222131277679e-105,-0.885610748480359,0.289,0.442,9.88711269921866e-101,"HEXB"
7.87317733371639e-105,-0.744933672073376,0.346,0.499,1.51086273034017e-100,"CTSB"
1.63239805749502e-104,0.376118778434125,0.935,0.893,3.13257187233294e-100,"PFDN2"
1.02154927229063e-103,0.484615674433317,0.776,0.648,1.96035305352573e-99,"TAF10"
2.49827707421787e-103,-0.616942021405166,0.583,0.692,4.79419370542408e-99,"POLR2J3"
7.56020132548776e-103,-0.694727012127494,0.462,0.596,1.4508026343611e-98,"PHACTR1"
8.91194596469975e-103,0.99222596164817,0.511,0.336,1.71020243062588e-98,"IGHM"
1.33771483478445e-102,0.943914968760426,0.44,0.279,2.56707476795136e-98,"CEBPD"
1.82761863681838e-102,-1.68393800941446,0.072,0.184,3.50720016405447e-98,"RCBTB2"
6.34322591097819e-102,-0.732537188635723,0.487,0.618,1.21726505231671e-97,"HELLS"
2.61590539920888e-101,0.557538433709738,0.747,0.602,5.01992246108183e-97,"TFRC"
4.29872637068934e-101,0.585340504175109,0.765,0.654,8.24925590535285e-97,"C10orf54"
6.50510923213681e-101,0.392558424640442,0.9,0.837,1.24833046164705e-96,"SFT2D1"
6.70994303614351e-101,-0.771250060952964,0.365,0.511,1.28763806863594e-96,"SPTBN1"
1.08243045506391e-100,-0.287293108110879,0.956,0.971,2.07718404326765e-96,"NDUFA1"
1.46793265092175e-100,0.337087294359091,0.96,0.928,2.81696275711883e-96,"PSMB7"
1.53025423857025e-100,-0.768423376628944,0.389,0.528,2.9365578838163e-96,"AP1S2"
2.55464582685787e-100,0.376796244700801,0.917,0.866,4.90236534174025e-96,"NDUFB10"
9.72632149164664e-100,0.347793383291002,0.984,0.979,1.86648109424699e-95,"GYPC"
4.36941971675473e-99,-0.250142481325576,0.984,0.99,8.38491643645233e-95,"ZNF706"
5.27672058668706e-98,1.03451776623747,0.309,0.156,1.01260268058525e-93,"GNPDA1"
7.38870993177778e-98,-0.943808830498596,0.239,0.385,1.41789343590816e-93,"IL4R"
8.51201580464239e-98,-1.67544327516328,0.059,0.163,1.63345583291088e-93,"USP53"
2.43686379942003e-97,0.319828137818152,0.947,0.905,4.67634163108704e-93,"MRPL18"
4.52588421842607e-97,-1.15930921003978,0.156,0.29,8.68517181515963e-93,"GAS7"
1.13909774011892e-96,0.287692434241834,0.968,0.94,2.18592856328821e-92,"MRPL34"
1.34491056349425e-96,0.31439290081996,0.965,0.935,2.58088337134547e-92,"TMED9"
1.88472852112404e-96,-1.51817233747811,0.084,0.196,3.61679403203703e-92,"ZFHX3"
3.10225969751499e-96,-0.353932216746904,0.859,0.92,5.95323635953127e-92,"ITM2B"
5.10793435095422e-96,0.488050663680601,0.786,0.662,9.80212601948115e-92,"SNRNP25"
8.86669399290257e-96,0.298584378794471,0.959,0.929,1.701518577238e-91,"LAMTOR2"
9.02864621724134e-96,0.665611014580544,0.583,0.422,1.73259720908861e-91,"FAM162A"
9.83932033615787e-96,-0.624600378804768,0.132,0.27,1.8881655725087e-91,"IGFBP4"
2.07640656689405e-95,0.377965153214237,0.91,0.842,3.98462420186969e-91,"BCL7C"
6.5309568353362e-95,0.297616281226471,0.971,0.952,1.25329061670102e-90,"PGAM1"
1.23144777600241e-94,-0.470860579109748,0.698,0.789,2.36314828214863e-90,"ANKRD28"
1.75201680923607e-94,0.64571939207378,0.556,0.387,3.36212025692402e-90,"BASP1"
9.71230757375511e-93,-0.68473577211418,0.405,0.541,1.8637918234036e-88,"SHKBP1"
1.03882998340592e-92,0.357033941786219,0.917,0.856,1.99351473815595e-88,"MRPL36"
3.83686733990149e-92,0.377308568428328,0.934,0.889,7.36294842527097e-88,"TOMM40"
7.959197238804e-92,0.329082499763143,0.994,0.991,1.52736995012649e-87,"CALR"
8.4653380918389e-92,0.86507664139565,0.431,0.271,1.62449837982389e-87,"MLC1"
1.79023677762878e-91,0.295679479716409,0.958,0.919,3.43546437626962e-87,"KRT10"
1.90168651241262e-91,0.583273742843506,0.64,0.488,3.64933641731982e-87,"MLST8"
2.60286355846343e-91,-1.4344801724143,0.084,0.195,4.99489516869133e-87,"ST3GAL5"
4.96437623910822e-91,-1.13439344507323,0.163,0.293,9.52663800284867e-87,"LRRC8C"
5.57076384357251e-91,0.403123141549965,0.861,0.776,1.06902958158156e-86,"MRPS34"
9.33199738049185e-91,0.379266738664023,0.884,0.816,1.79081029731639e-86,"TAF9"
1.34795433800605e-90,0.393628536000522,0.857,0.771,2.58672437463362e-86,"TUSC2"
6.54453179269533e-90,0.767311758048471,0.432,0.268,1.25589565101823e-85,"TRGC1"
1.22502552233598e-89,0.377271423929702,0.907,0.833,2.35082397736275e-85,"MTHFD2L"
1.34241127679946e-89,-1.57580819223447,0.067,0.168,2.57608724017816e-85,"ANXA5"
1.97279934667913e-89,-0.287627757496369,0.949,0.97,3.78580194627724e-85,"TMEM123"
2.82206017924e-89,-0.912516376785399,0.225,0.364,5.41553348396156e-85,"ODF3B"
3.32504036573105e-89,-1.62191078141997,0.061,0.161,6.38075246183788e-85,"MPZL3"
7.73786842171214e-89,0.265337333056197,0.97,0.95,1.48489695012656e-84,"GTF3C6"
1.0072659618017e-88,0.508823315016795,0.725,0.592,1.93294338069746e-84,"PYCR1"
2.28438594343682e-88,0.461860669695117,0.778,0.67,4.38373662545526e-84,"RPUSD3"
1.80590106186485e-87,0.46878872957499,0.814,0.731,3.46552413771865e-83,"SYNGR1"
5.41403716836804e-87,-1.16569952560268,0.136,0.259,1.03895373260983e-82,"SERPINB8"
5.9345196637241e-87,0.51163791017581,0.728,0.597,1.13883432346865e-82,"SLC2A4RG"
3.68180638874125e-86,0.266347964271215,0.982,0.955,7.06538645999445e-82,"MINOS1"
5.15059375208004e-86,0.336608068504408,0.907,0.847,9.88398941024161e-82,"CTDNEP1"
6.40074464730952e-86,-0.907392974582838,0.238,0.374,1.2283028978187e-81,"DYNLT3"
1.00434103988748e-85,0.685877114527344,0.703,0.599,1.92733045554407e-81,"FAM46A"
2.93001076727924e-85,-0.702368598469925,0.37,0.508,5.62269066240885e-81,"GCSAML"
4.21382200458287e-85,-0.866288062727583,0.263,0.401,8.08632442679452e-81,"IFI16"
5.74176149502444e-85,-0.541374855088505,0.579,0.679,1.10184403089519e-80,"CBWD2"
1.04756824944616e-84,-0.652020682154494,0.233,0.38,2.01028347068718e-80,"RAB27B"
1.20639817679201e-84,0.448699679740608,0.771,0.663,2.31507810126386e-80,"TMEM126A"
1.67299789112162e-84,0.290359057709487,0.966,0.935,3.2104829530624e-80,"EIF4G2"
1.73564505033331e-84,-0.53691982226009,0.595,0.696,3.33070285158962e-80,"TSTD1"
1.89700408127741e-84,-0.904785150880046,0.245,0.379,3.64035083197135e-80,"SSBP2"
2.94873451902866e-84,0.534965456270565,0.658,0.513,5.65862154201599e-80,"PPIF"
3.72776769488572e-84,-1.23520363299187,0.12,0.235,7.1535862064857e-80,"ST3GAL6"
1.40069298708794e-83,-1.30013181575325,0.109,0.222,2.68792984222176e-79,"CNFN"
2.8254181172569e-83,0.44594690165141,0.759,0.637,5.42197736701598e-79,"EMD"
2.85137911922227e-83,0.433757945690868,0.782,0.669,5.47179652978754e-79,"GPATCH4"
3.68506025549775e-83,-0.49566333180912,0.609,0.712,7.07163063030018e-79,"A1BG"
6.14419019538687e-83,0.654253497496653,0.601,0.456,1.17907009849474e-78,"TP53RK"
1.57096900315378e-82,0.459714094457083,0.764,0.639,3.0146895170521e-78,"DEAF1"
2.00857829003421e-82,-0.920513801248972,0.247,0.376,3.85446173857565e-78,"TCF4"
2.27457890784291e-82,0.483175393061717,0.751,0.638,4.36491692415054e-78,"SRD5A3"
2.49676429600789e-82,-0.479484986055705,0.609,0.711,4.79129068403914e-78,"IDS"
5.94992446226892e-82,-0.809437892189343,0.336,0.467,1.1417905043094e-77,"FCER1G"
1.43148275894056e-81,-0.261788600658827,0.976,0.989,2.74701541440693e-77,"CALM2"
1.53888608406373e-81,0.926522001618037,0.324,0.182,2.95312239531829e-77,"NMB"
2.51396421794167e-81,0.424302832890162,0.793,0.691,4.82429733423007e-77,"RANGRF"
3.57503057387822e-81,0.916292632048246,0.388,0.243,6.86048367127231e-77,"GFOD1"
6.56455916793273e-81,0.503917477739322,0.682,0.537,1.25973890432629e-76,"NABP2"
1.3313112403666e-80,0.304822931160533,0.95,0.918,2.55478627026351e-76,"ZC3H15"
2.08249890440343e-80,-0.276217400633391,0.952,0.973,3.99631539755018e-76,"HLA-C"
4.37660029464188e-80,-0.721897284856402,0.353,0.479,8.39869596541777e-76,"IL2RG"
4.48118241202102e-80,-0.790639379354573,0.304,0.434,8.59938904866833e-76,"ARHGAP30"
4.63484493478198e-80,-1.21402100472991,0.163,0.281,8.89426742984662e-76,"CRHBP"
2.09792660522604e-79,0.313969630194248,0.929,0.888,4.02592115542877e-75,"PDCD2"
4.00207428664684e-79,-2.117489272986,0.028,0.1,7.67998055607529e-75,"GPR146"
4.09741451650207e-79,0.334246006063348,0.902,0.838,7.86293845716747e-75,"NXT1"
6.20235568368321e-79,0.308072953489225,0.93,0.894,1.19023205569881e-74,"PSMB5"
6.24961683013373e-79,-0.829098971898978,0.263,0.392,1.19930146970266e-74,"MRPL53"
1.38074086165337e-78,0.374993832027561,0.848,0.755,2.64964171351282e-74,"SIGMAR1"
2.19521525150627e-78,0.509055277309789,0.779,0.701,4.21261806764053e-74,"MEST"
2.74108728266812e-78,-0.258149627156576,0.955,0.97,5.26014649544012e-74,"PCBP1"
4.52316919297948e-78,-1.42351930946589,0.077,0.175,8.67996168132762e-74,"NAAA"
4.62646432871508e-78,0.251517006485158,0.971,0.957,8.87818504680424e-74,"UQCRFS1"
5.02743436421877e-78,0.507917275390709,0.667,0.533,9.64764654493583e-74,"TIMM50"
5.0906904694604e-78,-0.584100324612207,0.465,0.586,9.76903501089451e-74,"CARHSP1"
6.01877918231839e-78,0.263345654026487,0.981,0.966,1.1550037250869e-73,"NDUFAB1"
7.85652330262072e-78,0.515599868274556,0.647,0.499,1.50766682177292e-73,"DPH3"
1.63942116148799e-77,0.376180629498173,0.858,0.781,3.14604920889545e-73,"C8orf33"
2.40479604646209e-77,0.350963398533892,0.912,0.869,4.61480361316075e-73,"MRPL41"
1.13003182349379e-76,0.355719102355122,0.863,0.786,2.16853106928459e-72,"MRPS7"
1.94385998261443e-76,0.38175518620951,0.821,0.729,3.7302673066371e-72,"IMP4"
2.94303232320986e-76,-0.358475241104673,0.773,0.837,5.64767902823973e-72,"FDX1"
4.13400014983144e-76,-0.855723123616087,0.42,0.534,7.93314628752654e-72,"CYTL1"
4.47564296394788e-76,-1.30730578836749,0.081,0.179,8.58875884781598e-72,"PLEC"
6.26599670088173e-76,0.497037701841454,0.67,0.536,1.2024447668992e-71,"SLC25A19"
1.29384692989857e-75,-1.54054017082701,0.059,0.148,2.48289225847536e-71,"TNFAIP3"
1.67134907367702e-75,0.460099070665623,0.71,0.59,3.2073188723862e-71,"MRPL24"
2.4074248804548e-75,0.293137042094302,0.947,0.909,4.61984834559277e-71,"PDCD6"
3.53577718392836e-75,0.341904772241022,0.898,0.828,6.78515641595853e-71,"AUP1"
4.95495381406441e-75,0.30659033419454,0.945,0.915,9.5085563691896e-71,"CYC1"
7.95623181530374e-75,0.275486314471354,0.96,0.936,1.52680088535679e-70,"LY6E"
1.16525513473891e-74,0.341163454299344,0.901,0.846,2.23612460356397e-70,"HEBP2"
1.34745324985326e-74,0.260487746064289,0.964,0.944,2.58576278646841e-70,"C19orf70"
2.44373490243893e-74,0.293168721493559,0.93,0.886,4.6895272777803e-70,"MRPS16"
3.84951662488548e-74,-1.15603469531742,0.136,0.248,7.38722240315523e-70,"RELB"
4.25884615957886e-74,-0.637352487799566,0.428,0.541,8.17272578023182e-70,"HAUS4"
5.21058669792644e-74,0.26037235148531,0.986,0.981,9.99911587332084e-70,"LYL1"
9.0335184271554e-74,-0.253474879350901,0.98,0.983,1.73353218617112e-69,"EIF3E"
1.11702114416484e-73,0.323956953074754,0.888,0.83,2.14356357565232e-69,"MKKS"
1.79757764146194e-73,-1.06621455833802,0.134,0.244,3.44955149396546e-69,"HERC5"
2.68341654131723e-73,0.470475290211706,0.682,0.55,5.14947634278777e-69,"PSMG3"
4.13102906527717e-73,-1.13236084659755,0.123,0.231,7.9274447762669e-69,"TNFRSF1B"
4.91389076424511e-73,-0.462625182138454,0.647,0.727,9.42975637658638e-69,"BPTF"
5.41840330123962e-73,0.321040911596027,0.88,0.806,1.03979159350788e-68,"KXD1"
8.49536250060158e-73,-0.458998239561325,0.725,0.793,1.63026006386544e-68,"BTG1"
1.63355878694171e-72,-0.462023539013328,0.626,0.713,3.13479931214114e-68,"FOXP1"
2.51481675591284e-72,0.289076123815238,0.939,0.908,4.82593335459675e-68,"RAB32"
2.51951906267526e-72,0.275924860744174,0.96,0.922,4.83495708127382e-68,"POLR2F"
5.90333886704845e-72,-0.608321820513398,0.466,0.576,1.1328507285866e-67,"CCP110"
7.6511242648664e-72,-0.745358459396042,0.318,0.436,1.46825074642786e-67,"ZNF609"
1.23071441451784e-71,-0.850075106468253,0.244,0.369,2.36174096145973e-67,"SOCS3"
2.7018305198845e-71,-0.790732781343643,0.246,0.368,5.18481276765836e-67,"CAST"
5.72595907971511e-71,-0.482048224886506,0.607,0.693,1.09881154739733e-66,"TAPBP"
6.06756039791571e-71,0.299025568524533,0.93,0.893,1.16436484036002e-66,"CYCS"
1.53100717581669e-70,-1.01752771178214,0.163,0.274,2.93800277039223e-66,"CTSS"
2.70166845506193e-70,0.468560699606132,0.682,0.547,5.18450176526384e-66,"NCBP2-AS2"
3.06943942348392e-70,-0.267621547640558,0.933,0.951,5.89025425366564e-66,"YWHAZ"
3.34987935375493e-69,-0.291977188418886,0.984,0.988,6.4284184798557e-65,"HMGB2"
1.13046471163506e-68,0.259352020767318,0.956,0.93,2.16936178162769e-64,"PHPT1"
1.45644117174036e-68,0.297641063893559,0.93,0.877,2.79491060856974e-64,"SSR1"
1.54384357101682e-68,2.44509481778905,0.115,0.035,2.96263581278128e-64,"TIMP3"
1.82546004129841e-68,-0.721814754053557,0.306,0.428,3.50305781925165e-64,"YPEL3"
2.36728256515707e-68,-0.773701355060147,0.318,0.433,4.54281524253641e-64,"ITGAL"
3.27328302929278e-68,-0.554016630587078,0.515,0.622,6.28143013321285e-64,"IFITM1"
5.99297404434958e-68,-0.51934388893026,0.576,0.668,1.15005171911068e-63,"CSRP1"
7.49824889655675e-68,0.436884202698506,0.759,0.655,1.43891396324924e-63,"EMB"
7.9778931862944e-68,-1.2729073218014,0.101,0.198,1.53095770244989e-63,"NOG"
8.57682257234191e-68,-0.709094820320559,0.343,0.456,1.64589225163241e-63,"FAM111A"
1.01039708763591e-67,0.550887381170615,0.563,0.427,1.93895201117332e-63,"ENDOG"
1.2708382800395e-67,-0.674643528428285,0.356,0.469,2.4387386593958e-63,"HS6ST1"
1.73965496910323e-67,-0.592862457605937,0.399,0.516,3.33839788570909e-63,"BNIP3L"
1.74461675231747e-67,0.267278605535244,0.995,0.993,3.34791954769723e-63,"HSP90AA1"
1.83212623953861e-67,-0.600384858618231,0.313,0.437,3.51585025367459e-63,"MARCKS"
2.93570987746286e-67,-0.285475235739218,0.913,0.937,5.63362725485122e-63,"CBX3"
4.66037277795582e-67,0.379147074976183,0.793,0.691,8.94325536089722e-63,"IFRD2"
5.11787395191791e-67,-1.55812297154106,0.095,0.189,9.82120011373046e-63,"MCEMP1"
8.23562159847022e-67,-0.961415047581265,0.208,0.318,1.58041578474643e-62,"ITPR2"
1.58368277366831e-66,0.2858808881799,0.914,0.864,3.03908724266949e-62,"SS18L2"
1.60021615111845e-66,0.909424567703876,0.263,0.142,3.0708147939963e-62,"TLCD1"
1.71873398175036e-66,0.35188291069368,0.819,0.726,3.29825051097895e-62,"DPM2"
1.93999910187483e-66,0.387698216619014,0.78,0.67,3.7228582764978e-62,"BAZ1A"
4.43808560852392e-66,0.418509207156665,0.731,0.624,8.51668628275741e-62,"POLR2G"
8.78031268928894e-66,-1.53369545544456,0.047,0.123,1.68494200507455e-61,"IQCK"
1.09375159006735e-65,0.309281624319761,0.91,0.865,2.09890930133924e-61,"MRPL37"
1.26218099213918e-65,0.45219160227179,0.675,0.557,2.42212532391509e-61,"PGP"
1.56924086152715e-65,-0.345221664842356,0.8,0.856,3.0113732132706e-61,"HLA-E"
1.99593894459998e-65,0.28606184586434,0.913,0.875,3.83020683468735e-61,"SRRM2"
2.18648268022711e-65,-0.32424124755594,0.871,0.914,4.19586026335583e-61,"CDCA7"
2.315976768501e-65,-1.26035114428559,0.084,0.175,4.44435941875341e-61,"CCNG2"
3.78276711559125e-65,0.364866456957322,0.807,0.712,7.25913009481961e-61,"FARSA"
4.06518805745534e-65,-1.05085077223063,0.121,0.222,7.80109588225681e-61,"MAGEF1"
4.74740931405952e-65,0.271526405649087,0.951,0.915,9.11027847368022e-61,"TMEM219"
5.56781892306291e-65,0.342191717558847,0.847,0.771,1.06846445133577e-60,"MAD2L2"
9.16227843078418e-65,0.315929090718552,0.896,0.844,1.75824123086748e-60,"NOL7"
1.27180200504924e-64,0.275296467168426,0.911,0.87,2.4405880476895e-60,"DDX46"
1.57279334809445e-64,-0.362401407288837,0.757,0.804,3.01819043499326e-60,"PGD"
2.27729033918584e-64,0.598955177935083,0.302,0.175,4.37012016089763e-60,"CST7"
7.48612876167992e-64,0.342453817018165,0.821,0.734,1.43658810936638e-59,"CRLS1"
1.56707599445544e-63,-0.306763583713394,0.896,0.924,3.00721883335999e-59,"CD82"
2.23774606344139e-63,2.57443495071954,0.143,0.056,4.29423469574402e-59,"LAT"
2.44972705687891e-63,-0.580196142278559,0.575,0.658,4.70102622215062e-59,"TK1"
2.86568267802697e-63,-0.930311145593777,0.19,0.298,5.49924505913375e-59,"TMEM51"
4.77533104134468e-63,0.304023746877358,0.897,0.845,9.16386026834043e-59,"DNPH1"
6.3921200182766e-63,0.294378711297765,0.9,0.837,1.22664783150728e-58,"MAPKAPK3"
7.27969195865422e-63,0.411334751726751,0.759,0.658,1.39697288686574e-58,"SLC39A4"
7.75443395206343e-63,0.346978470649254,0.817,0.723,1.48807587540097e-58,"RPL26L1"
1.51641293010346e-62,0.38097178943434,0.76,0.657,2.90999641286853e-58,"DLEU1"
1.68725552096448e-62,0.411763738809722,0.705,0.59,3.23784334473084e-58,"PFDN6"
2.09238236295268e-62,-0.466484907998989,0.65,0.721,4.0152817545062e-58,"TMEM251"
5.08798681887057e-62,0.415265611402286,0.678,0.55,9.76384670541263e-58,"PREB"
5.36999674343917e-62,0.51074022450922,0.617,0.499,1.03050237506598e-57,"AGTRAP"
1.65555017510603e-61,-0.372064975166811,0.723,0.791,3.17700078602847e-57,"DCK"
1.69041924699124e-61,0.261935576651762,0.943,0.907,3.2439145349762e-57,"FKBP2"
1.74335432688369e-61,-1.04573615744398,0.053,0.129,3.3454969532898e-57,"HPGD"
4.02654969288359e-61,0.514495633473202,0.544,0.409,7.7269488606436e-57,"B3GALT6"
5.52408455604953e-61,0.469039964170814,0.617,0.483,1.0600718263059e-56,"CLPTM1L"
6.34610557154015e-61,0.330140589424705,0.84,0.755,1.21781765917855e-56,"DGUOK"
8.0182132336956e-61,0.395279473551369,0.731,0.611,1.53869511954618e-56,"C1orf122"
8.35729029377011e-61,-0.304859546545722,0.827,0.873,1.60376400737448e-56,"GNA15"
9.38541006930851e-61,0.373518027240476,0.77,0.672,1.8010601923003e-56,"NTMT1"
9.95340396208316e-61,-0.665984519225811,0.346,0.451,1.91005822032376e-56,"TRAPPC5"
1.51367676154789e-60,1.039475411794,0.283,0.168,2.90474570541041e-56,"RP11-84C10.2"
1.70286830380369e-60,0.250898339149787,0.953,0.922,3.26780427499928e-56,"BAG1"
1.78759333646634e-59,0.25108118066911,0.993,0.989,3.43039161267891e-55,"NCL"
2.09399827499175e-59,-1.06731835373333,0.117,0.211,4.01838268970917e-55,"FBXO21"
2.88832121836972e-59,0.316060534327845,0.881,0.816,5.54268841805149e-55,"SNHG7"
2.90317908728645e-59,-0.582300313548203,0.447,0.549,5.5712006685027e-55,"ITM2C"
3.41880996335746e-59,0.319508480284732,0.847,0.777,6.56069631968296e-55,"FAM207A"
4.99214853278694e-59,-0.366088586741819,0.737,0.795,9.57993303441813e-55,"PET100"
7.47025712516447e-59,0.391811201237091,0.73,0.622,1.43354234231906e-54,"TIMM17A"
7.62335675518294e-59,0.292624215775449,0.9,0.844,1.46292216131961e-54,"SNRPC"
1.01247441491859e-58,-0.313912444142721,0.787,0.852,1.94293840222877e-54,"CAPG"
1.59426321619993e-58,-0.522377061192461,0.85,0.877,3.05939111188766e-54,"HIST1H4C"
1.89934598194737e-58,-0.857650128410913,0.202,0.308,3.644844939357e-54,"GNG10"
2.54452862006619e-58,0.44107635669462,0.65,0.527,4.88295042190702e-54,"GAR1"
5.52464847030976e-58,-1.13387608057534,0.095,0.183,1.06018004145244e-53,"TBC1D10A"
7.86029098787372e-58,-0.703466759868028,0.27,0.38,1.50838984057297e-53,"C18orf32"
1.0956113331352e-57,-0.839551089991614,0.207,0.313,2.10247814828645e-53,"RP11-251M1.1"
1.48454806831147e-57,0.385494402369759,0.705,0.588,2.84884774308972e-53,"RNASEH1"
1.69102831965488e-57,0.405245760125207,0.699,0.587,3.24508334541771e-53,"FXN"
1.79995408968395e-57,0.261089249349581,0.903,0.853,3.4541118981035e-53,"LSM1"
2.09704104041272e-57,-0.440913113154177,0.668,0.725,4.024221756552e-53,"SMYD3"
2.18495075307326e-57,0.323457447251299,0.815,0.73,4.19292049514758e-53,"C14orf1"
2.80046056225428e-57,-0.61225639938779,0.396,0.496,5.37408381896597e-53,"CALCOCO2"
2.86306020365436e-57,0.373037131099208,0.756,0.661,5.49421253081272e-53,"SDHB"
7.81835402829721e-57,0.455923284390999,0.603,0.481,1.50034213803023e-52,"COA1"
1.69195627944949e-56,0.754426465919851,0.322,0.204,3.24686410026357e-52,"METRN"
2.5226185624728e-56,0.367246859599771,0.81,0.739,4.84090502138531e-52,"LRPAP1"
2.5394436510153e-56,0.325583674736136,0.579,0.46,4.87319236629836e-52,"ID1"
5.29690964264503e-56,1.09035034681531,0.234,0.132,1.01647696042358e-51,"RGCC"
8.22195092668175e-56,-1.61233352972678,0.046,0.113,1.57779238283023e-51,"RASSF4"
1.3029209379889e-55,-0.298176887840254,0.821,0.873,2.50030528000069e-51,"CD34"
1.32734063234662e-55,-1.43296993549298,0.059,0.132,2.54716667347316e-51,"SLC18B1"
2.64358609079179e-55,0.336413981752975,0.816,0.75,5.07304170822944e-51,"RAB8A"
2.7850015764767e-55,-0.451764339105685,0.622,0.709,5.34441802525879e-51,"ELMSAN1"
2.98043865535066e-55,0.519312402715162,0.529,0.399,5.71946177961793e-51,"PXN-AS1"
4.40494005485518e-55,-1.29757202901082,0.161,0.255,8.45307996526708e-51,"S100A9"
5.52726316148156e-55,0.335232505350657,0.804,0.722,1.06068180068831e-50,"VDAC1"
5.9661928255215e-55,-0.809849651944784,0.221,0.325,1.14491240321758e-50,"IRF1"
6.05195783355889e-55,3.56659634808776,0.103,0.034,1.16137070825995e-50,"HBD"
6.60697691208386e-55,0.362684046253616,0.759,0.656,1.26787886942889e-50,"BRI3BP"
8.40883156946041e-55,-0.735739422081005,0.273,0.375,1.61365477817945e-50,"IPO11"
8.98081652569695e-55,-0.567845602492468,0.393,0.491,1.72341869128124e-50,"COX16"
1.02242440300731e-54,-0.775775807975723,0.236,0.34,1.96203242937104e-50,"RBPMS"
1.44279698353073e-54,0.294612826567563,0.846,0.778,2.76872741139547e-50,"SMIM12"
1.94833313411702e-54,-0.357754132067899,0.685,0.76,3.73885128437057e-50,"RNASET2"
2.03317633328609e-54,0.474133834738234,0.613,0.495,3.90166538357601e-50,"RASGRP3"
3.05799720029388e-54,0.353966081378918,0.751,0.648,5.86829662736396e-50,"HSD17B10"
3.34693793477631e-54,-0.588138349848188,0.595,0.664,6.42277389683574e-50,"TOP2A"
3.49378021428961e-54,0.426647086045324,0.648,0.531,6.70456423122176e-50,"RITA1"
3.89206958657116e-54,0.259153397681017,0.96,0.95,7.46888153663006e-50,"EIF5"
4.70642615400903e-54,0.275126551319513,0.911,0.855,9.03163178954333e-50,"ARPC4"
6.54085707614389e-54,0.408764597231868,0.684,0.572,1.25519047291201e-49,"KIAA0125"
6.67043764720056e-54,-0.668222241309931,0.26,0.368,1.28005698449779e-49,"AHNAK"
7.85684875663149e-54,-0.313176146003906,0.803,0.836,1.50772927639758e-49,"BNIP2"
1.03575050871932e-53,0.293197591852709,0.852,0.779,1.98760522623237e-49,"CDC26"
1.08677734546315e-53,-0.680840988960075,0.348,0.451,2.08552572594379e-49,"OCIAD2"
1.31431483014873e-53,0.68920016838651,0.342,0.222,2.52217015905541e-49,"VCL"
1.49767498043115e-53,0.28992237393377,0.887,0.828,2.87403828744738e-49,"CLTB"
2.69376108272563e-53,0.381571757646873,0.755,0.662,5.16932751775048e-49,"SCO2"
3.26825780544104e-53,0.375107371812655,0.709,0.594,6.27178672864136e-49,"ITPA"
5.82089156138949e-53,0.328298453524173,0.855,0.795,1.11702909063064e-48,"LAPTM4B"
6.1163957307879e-53,0.376101846974011,0.706,0.595,1.1737363407382e-48,"ERI3"
7.49660928670546e-53,0.387424174031028,0.699,0.59,1.43859932211878e-48,"NTPCR"
7.67396253206409e-53,0.521970347063039,0.501,0.37,1.4726334099031e-48,"C16orf91"
8.10955073561497e-53,0.278910775075824,0.878,0.828,1.55622278616451e-48,"TRIAP1"
1.03428271871796e-52,0.481021170748656,0.679,0.584,1.98478853721976e-48,"SPNS1"
1.41472338715734e-52,0.401329213752841,0.673,0.559,2.71485417995493e-48,"PRADC1"
1.68339115526703e-52,-0.748119750282574,0.241,0.343,3.23042762695743e-48,"SPTAN1"
2.06093876461987e-52,0.269011966892699,0.924,0.896,3.95494148930554e-48,"MTCH2"
3.17486451827115e-52,0.347507986531301,0.763,0.673,6.09256501056234e-48,"PPIH"
3.42410601613312e-52,-0.639101988340414,0.329,0.436,6.57085944495946e-48,"FAM213A"
3.45270533406382e-52,-0.279795650212909,0.892,0.914,6.62574153606847e-48,"YWHAH"
3.55542527175588e-52,0.31727932546062,0.835,0.772,6.82286109649954e-48,"EIF6"
3.98891819431241e-52,-1.84259023421287,0.055,0.124,7.65473401488552e-48,"SPP1"
5.41513508208461e-52,-1.33798672451564,0.061,0.133,1.03916442225204e-47,"IER3"
5.58038919299676e-52,0.254831280636259,0.899,0.85,1.07087668613608e-47,"BABAM1"
7.3371726285262e-52,0.287417934130949,0.874,0.807,1.40800342741418e-47,"FAM32A"
9.04049370912555e-52,0.327001144577332,0.819,0.756,1.73487074278119e-47,"NDUFA8"
1.68293852117624e-51,-0.852487341775717,0.179,0.276,3.2295590221372e-47,"RP11-25K19.1"
1.78614157369784e-51,-0.563600727382809,0.393,0.493,3.42760567992615e-47,"MCMBP"
1.91028908204317e-51,-0.480370868286244,0.508,0.589,3.66584474844085e-47,"KMT2A"
6.07132360754503e-51,-0.994665761869504,0.113,0.199,1.16508700028789e-46,"YPEL1"
8.96633906763684e-51,-1.17678918605064,0.087,0.165,1.72064046707951e-46,"HLA-F"
1.05846751652678e-50,0.412246290891944,0.658,0.548,2.03119916421489e-46,"AZI2"
1.17018795841193e-50,0.403737441864473,0.67,0.562,2.24559069219249e-46,"CYHR1"
1.54020725635417e-50,0.655597488726269,0.579,0.473,2.95565772494365e-46,"TIMP1"
2.09021479853006e-50,1.12782228259052,0.466,0.368,4.01112219837919e-46,"BEX1"
2.88786548884261e-50,0.448192565458419,0.594,0.48,5.54181387308897e-46,"CHST12"
4.70356332194992e-50,0.37726600286036,0.684,0.577,9.0261380148219e-46,"TIMM8A"
4.86414926862197e-50,0.286154936561971,0.858,0.793,9.33430244648557e-46,"RER1"
5.13642821285894e-50,-1.14818823799624,0.081,0.158,9.8568057404763e-46,"TRAF5"
5.9978405063797e-50,-0.459138519547554,0.469,0.563,1.15098559317426e-45,"AKR1B1"
8.87484494223481e-50,-0.532566125985747,0.468,0.555,1.70308274441486e-45,"RP11-126K1.6"
1.14607420899728e-49,0.257529851339916,0.896,0.855,2.19931640706578e-45,"SNF8"
1.19630097460733e-49,0.370001141681359,0.705,0.595,2.29570157027146e-45,"ZCCHC17"
1.28809600847354e-49,-0.394325592053971,0.647,0.711,2.47185624026072e-45,"MESDC1"
1.57816286996944e-49,0.292443445959902,0.841,0.775,3.02849454747136e-45,"POLDIP2"
1.67357736792201e-49,-0.437207535523333,0.473,0.575,3.21159496904234e-45,"GPAT3"
1.6814109961951e-49,-0.255757033535252,0.921,0.954,3.22662770169839e-45,"HSPB1"
3.20489863694049e-49,-0.870294586997906,0.165,0.256,6.1502004842888e-45,"CCSER2"
1.35515003001198e-48,-0.640846102439665,0.273,0.372,2.60053290759299e-44,"SASH3"
1.37784685313829e-48,-0.522938069063725,0.38,0.483,2.64408811117238e-44,"RHOC"
1.55118224813592e-48,0.346174181395104,0.739,0.638,2.97671873417284e-44,"DUS1L"
1.73636912648085e-48,0.32878343065475,0.776,0.691,3.33209235371675e-44,"SNRPN"
1.7702275036429e-48,-0.61900502453704,0.218,0.319,3.39706657949072e-44,"KLF6"
1.77489665712161e-48,0.309459134282689,0.798,0.711,3.40602668501637e-44,"MRPS25"
1.9967183440113e-48,-0.544498990069768,0.35,0.453,3.83170250215769e-44,"KCNK6"
2.17361535811208e-48,0.746948040748839,0.246,0.144,4.17116787221708e-44,"KIT"
2.44229980810368e-48,-0.856189095673348,0.166,0.258,4.68677333175097e-44,"TMEM65"
3.03783293374401e-48,0.374691687894049,0.695,0.594,5.82960139985475e-44,"PTGES2"
3.37106006804726e-48,0.321001380613391,0.782,0.692,6.46906427058269e-44,"TXNDC12"
4.092692945125e-48,0.445305746747711,0.51,0.384,7.85387776169487e-44,"PUS1"
4.8360022987451e-48,0.39915335530771,0.665,0.563,9.28028841129185e-44,"WDR18"
4.91476775569695e-48,0.494180805104345,0.551,0.429,9.43143932318245e-44,"PDZD8"
1.27913281690054e-47,0.270514119891505,0.888,0.823,2.45465587563214e-43,"SEPW1"
2.27156945057105e-47,0.282841037652488,0.821,0.745,4.35914177564585e-43,"SRP72"
2.30157044057808e-47,0.390861517994148,0.666,0.564,4.41671367546934e-43,"RRP7A"
3.13255837848572e-47,-1.06231610853531,0.097,0.175,6.0113795283141e-43,"APOLD1"
5.2232003823737e-47,-0.282421315626899,0.816,0.84,1.00233215337751e-42,"NDUFA7"
5.47212862961804e-47,0.324661139849912,0.785,0.691,1.0501014840237e-42,"MAFG"
6.82896086766076e-47,0.351231150505576,0.741,0.658,1.3104775905041e-42,"METTL5"
1.2871793385262e-46,0.377464277676292,0.659,0.55,2.47009715063177e-42,"MAPK12"
1.49338882222826e-46,0.491576849789921,0.514,0.392,2.86581314985604e-42,"FAM173A"
1.70680572742e-46,-0.780251565552027,0.194,0.287,3.27536019091898e-42,"NR3C1"
1.71002047133203e-46,0.672632596288675,0.283,0.177,3.28152928448616e-42,"CTNNAL1"
2.60792177584283e-46,0.338728888218739,0.73,0.633,5.00460188784239e-42,"TSTA3"
3.0954231985012e-46,0.3484702843464,0.75,0.664,5.94011711792381e-42,"LYAR"
3.19132201597e-46,0.707393800272686,0.27,0.167,6.12414694864643e-42,"F12"
4.0420660318917e-46,0.561482644749479,0.412,0.297,7.75672471520016e-42,"ECE2"
5.18015413373603e-46,-0.87016173277045,0.137,0.223,9.94071578263945e-42,"GATSL3"
9.40736886592206e-46,0.286160181360849,0.818,0.746,1.80527408537044e-41,"PIH1D1"
1.24194975116611e-45,0.302890935902048,0.792,0.709,2.38330157248776e-41,"DESI1"
1.26905369912603e-45,-1.35700998082629,0.049,0.109,2.43531404862286e-41,"SHE"
1.29199001900481e-45,-0.632528127457566,0.27,0.367,2.47932884647022e-41,"ANXA2R"
1.3595278594906e-45,0.321035375858463,0.754,0.675,2.60893396236247e-41,"ZNRD1"
1.52504164692964e-45,0.257144826348719,0.876,0.819,2.92655492045798e-41,"HAX1"
1.6808065737522e-45,0.348313319596729,0.824,0.755,3.22546781503047e-41,"ST3GAL4"
1.8313515703834e-45,0.486958151816827,0.473,0.352,3.51436366356575e-41,"BCS1L"
1.92683035372337e-45,-0.608324359259292,0.331,0.426,3.69758744879515e-41,"POLD3"
2.22060817043503e-45,-0.313170697772515,0.784,0.825,4.26134707906483e-41,"PAGR1"
2.66098957453009e-45,0.513299216880548,0.433,0.319,5.10643899352325e-41,"SRRD"
3.23481045994027e-45,0.476716112490946,0.52,0.397,6.20760127262538e-41,"SNHG21"
4.78180981624595e-45,0.868276884024872,0.183,0.099,9.17629303737598e-41,"RHOU"
5.33445900334909e-45,0.310691633038424,0.977,0.962,1.02368268274269e-40,"EIF5A"
6.35955294505461e-45,0.274873865512745,0.836,0.75,1.22039821015598e-40,"SPCS3"
6.57516454601035e-45,-0.756008708846983,0.237,0.325,1.26177407637939e-40,"CEP55"
7.07014394242422e-45,0.296785933325759,0.824,0.757,1.35676062255121e-40,"THAP7"
7.41830747280512e-45,0.596941883734965,0.354,0.246,1.4235732040313e-40,"NRXN2"
7.54694176658272e-45,0.308973323789426,0.755,0.664,1.44825812500722e-40,"ANAPC15"
7.59791100209861e-45,0.492213845954128,0.517,0.405,1.45803912130272e-40,"YRDC"
8.00295901642911e-45,0.644470186415691,0.282,0.178,1.53576783525275e-40,"MORN2"
8.43085600271146e-45,0.422244017869638,0.575,0.466,1.61788126692033e-40,"ZNF787"
8.59282592870867e-45,0.30260864381324,0.799,0.722,1.64896329571919e-40,"RP11-1094M14.11"
9.1736802328507e-45,1.1509314186199,0.131,0.059,1.76042923668405e-40,"CEACAM4"
1.08234576008193e-44,0.278681793627523,0.838,0.773,2.07702151359723e-40,"TIMM10"
1.34444109413171e-44,-0.89586367146625,0.111,0.191,2.57998245963875e-40,"HACD4"
1.37479007521751e-44,0.325665569594142,0.758,0.675,2.63822215434241e-40,"POP7"
1.62356908259952e-44,0.267864341294287,0.845,0.783,3.11562906950848e-40,"MIEN1"
1.84779177352896e-44,0.429759511144486,0.539,0.424,3.54591241340207e-40,"NDUFAF4"
2.52366770491142e-44,0.356025054835199,0.682,0.584,4.84291832572502e-40,"RFXANK"
2.89152680610841e-44,-0.542861173433943,0.364,0.455,5.54883994092203e-40,"MAP2K1"
2.97975599713445e-44,-0.62590282400992,0.32,0.411,5.71815175850101e-40,"CDC42EP3"
3.00911977503615e-44,-0.51268024803485,0.395,0.486,5.77450084829437e-40,"DPYSL2"
3.97741900122732e-44,0.372822028546869,0.686,0.592,7.63266706335523e-40,"CNIH4"
4.83276767503728e-44,-0.882778311077603,0.139,0.222,9.27408116839654e-40,"C5orf56"
5.64195777148519e-44,-1.23718167692345,0.061,0.125,1.08269169634801e-39,"POU2F2"
1.29328549179491e-43,-0.622497169841201,0.283,0.377,2.48181485875443e-39,"TGFBR1"
1.34000880478528e-43,-1.19114310316936,0.074,0.142,2.57147689638295e-39,"GCNT2"
1.43205174532064e-43,-0.336477763047347,0.672,0.738,2.7481072992703e-39,"LBR"
1.52720885127757e-43,0.323903210951202,0.829,0.784,2.93071378560166e-39,"GLRX"
1.58517334093147e-43,0.366791247205148,0.621,0.508,3.04194764124749e-39,"SNAPC5"
1.97967451276265e-43,-1.05324240381704,0.089,0.162,3.79899538999153e-39,"RP11-1275H24.1"
2.18570278128709e-43,-0.871112155754696,0.139,0.222,4.19436363728993e-39,"PRKACA"
2.22743260727835e-43,-0.547781838094794,0.33,0.424,4.27444317336716e-39,"EZR"
2.22899537977011e-43,-0.674522832650955,0.24,0.332,4.27744213377884e-39,"HOXB3"
2.62042043091878e-43,0.438999127947698,0.524,0.406,5.02858680693313e-39,"HSPBP1"
3.01808474077426e-43,0.368445862777895,0.783,0.714,5.7917046175458e-39,"EIF1B"
3.81755039897926e-43,0.313692880562116,0.73,0.633,7.32587921564121e-39,"PTDSS1"
3.93257692729013e-43,-0.973842549463226,0.107,0.184,7.54661512346977e-39,"GBP4"
4.1057498781904e-43,0.277772518169018,0.827,0.764,7.87893401624737e-39,"TMEM126B"
6.89036805431792e-43,-0.471490852224562,0.523,0.59,1.32226162962361e-38,"NUSAP1"
7.2340132400642e-43,0.31805252879092,0.711,0.609,1.38820714076832e-38,"COA6"
7.30557311846223e-43,-0.646763243139818,0.271,0.362,1.4019394814329e-38,"RPS6KA5"
8.58529617392841e-43,0.268824804078667,0.846,0.771,1.64751833577686e-38,"MCUR1"
1.01724598778548e-42,0.320932511815158,0.778,0.705,1.95209505056034e-38,"ADI1"
1.10028505185616e-42,0.463331568848293,0.474,0.355,2.11144701451197e-38,"PNO1"
1.20927934043698e-42,0.260302280371759,0.846,0.771,2.32060705429856e-38,"COX20"
1.80654929660012e-42,0.253872469238066,0.851,0.792,3.46676810017562e-38,"NUDT3"
1.98096922989577e-42,0.713184601037123,0.274,0.174,3.80147995216998e-38,"C2orf88"
2.12841533063965e-42,0.549430109795866,0.362,0.25,4.08442901949748e-38,"TRMT61A"
3.03739232893089e-42,0.455107844597736,0.838,0.782,5.82875587921837e-38,"HSPA8"
4.76703108311934e-42,-0.540804446201375,0.368,0.46,9.14793264850602e-38,"MPZL1"
5.02999963438524e-42,-0.400109396982987,0.55,0.627,9.65256929838528e-38,"PSMB9"
5.10440903395837e-42,0.283633419972498,0.866,0.824,9.79536093616611e-38,"PSMB2"
5.17153482269696e-42,-1.09421258028134,0.075,0.143,9.92417532475546e-38,"CYLD"
6.48160070613204e-42,0.367210095201016,0.647,0.542,1.24381917550674e-37,"MRTO4"
7.71627306958484e-42,-0.716781331808905,0.201,0.29,1.48075280205333e-37,"SQRDL"
8.19548744144633e-42,0.263313018393883,0.875,0.821,1.57271404001355e-37,"SEC11C"
8.31994003068697e-42,0.619976335378337,0.29,0.189,1.59659649188883e-37,"TMEM150A"
8.54493408841222e-42,0.264153205276718,0.836,0.76,1.63977285156631e-37,"TMEM183A"
8.89280768039523e-42,0.320911268516843,0.735,0.645,1.70652979386784e-37,"SH3KBP1"
9.38635923879693e-42,-0.759784959547667,0.214,0.302,1.80124233792513e-37,"AC011043.1"
1.01634707559431e-41,0.326182793440261,0.7,0.593,1.95037003806548e-37,"HDLBP"
1.08854787973587e-41,-0.87404494720057,0.126,0.205,2.08892338121313e-37,"NAALADL1"
1.1976619982944e-41,0.346844297202275,0.699,0.604,2.29831337472696e-37,"SSSCA1"
1.34079037821356e-41,-0.277499274013706,0.778,0.818,2.57297673579183e-37,"CHURC1"
1.78093631579693e-41,0.43735826447637,0.546,0.439,3.41761679001431e-37,"MTX1"
1.87636804595943e-41,-0.738500408494452,0.195,0.283,3.60075028019615e-37,"MFGE8"
2.48534094586865e-41,0.55627377820369,0.379,0.271,4.76936927512194e-37,"PLD6"
2.4901982658659e-41,0.317901314446958,0.821,0.756,4.77869047219666e-37,"PPP1R18"
3.26065908674627e-41,-0.456110699839391,0.427,0.516,6.25720478746609e-37,"SMCO4"
4.68764956206863e-41,0.360430218156645,0.616,0.513,8.9955995096097e-37,"GEMIN7"
4.86024652083954e-41,0.317898275871203,0.749,0.665,9.32681307349108e-37,"RUVBL2"
4.99780908517138e-41,0.309401195198959,0.73,0.637,9.59079563444388e-37,"POLR3GL"
5.5169557821005e-41,-0.357610182015266,0.612,0.671,1.05870381458509e-36,"IMPA2"
5.57737039796409e-41,0.366000778017708,0.613,0.502,1.07029737936931e-36,"IRAK1"
6.31636315838322e-41,0.26751644278606,0.877,0.845,1.21211009009374e-36,"APLP2"
6.67936934924624e-41,0.283542039142332,0.785,0.703,1.28177097812035e-36,"CHMP2A"
7.01560812308165e-41,0.260620842280165,0.882,0.848,1.34629519881937e-36,"PRDX4"
8.02472491721145e-41,-0.584996087093062,0.254,0.346,1.53994471161288e-36,"HTATIP2"
8.02520799820324e-41,0.492595576312437,0.418,0.307,1.5400374148552e-36,"SHC1"
9.1069384314632e-41,0.668725163169148,0.278,0.182,1.74762148499779e-36,"SLA2"
9.21994183350958e-41,-0.34319893995786,0.55,0.639,1.76930683785049e-36,"HOXB2"
9.27058586261599e-41,0.403475758213312,0.541,0.425,1.77902542703601e-36,"DYRK4"
9.4851381219359e-41,0.687366048773413,0.236,0.144,1.8201980055995e-36,"OGG1"
1.11867867859794e-40,0.300689398829,0.771,0.684,2.14674438422945e-36,"ELF1"
1.35510298226643e-40,0.368916608523365,0.622,0.517,2.60044262296928e-36,"NCLN"
1.44536199104886e-40,-0.359738806300905,0.59,0.664,2.77364966082277e-36,"DYNLT1"
1.77774162061964e-40,-0.25007463783203,0.831,0.874,3.41148616996909e-36,"PSIP1"
1.85165422650044e-40,0.464621551332532,0.486,0.375,3.55332446065435e-36,"ABHD14A"
2.02029893809079e-40,-0.694615776517975,0.22,0.308,3.87695366219622e-36,"ABI2"
2.45209784538659e-40,0.313806550069844,0.793,0.731,4.70557576529687e-36,"ORAI1"
2.83866204029877e-40,0.437021725428401,0.496,0.384,5.44739245533333e-36,"SRPRB"
3.23051929838584e-40,-0.375276376554423,0.621,0.689,6.19936653360243e-36,"LYSMD2"
3.24829799442818e-40,0.276213234762044,0.841,0.79,6.23348385130768e-36,"EIF4E"
3.54653240103084e-40,0.374025382281142,0.64,0.538,6.80579567757818e-36,"CTSC"
3.79522158456072e-40,0.372911053590007,0.617,0.51,7.28303022077203e-36,"CD81"
5.15296620691271e-40,-0.565308967510626,0.376,0.464,9.88854215106548e-36,"WBP5"
5.2273337824063e-40,0.307990594111171,0.697,0.599,1.00312535284377e-35,"PPCS"
5.33323656808133e-40,0.318291525912424,0.748,0.675,1.02344809741481e-35,"TADA3"
8.99709751649443e-40,-0.419237150331671,0.494,0.571,1.72654301341528e-35,"ZNF106"
9.67588702964877e-40,0.251241640799803,0.857,0.799,1.8568027209896e-35,"ZNF428"
1.0831470867308e-39,-0.55085173400152,0.255,0.344,2.0785592594364e-35,"CTSZ"
1.21141417937568e-39,-0.388630847256555,0.54,0.616,2.32470381022194e-35,"NHLRC3"
1.26040723340398e-39,-0.433685755763644,0.513,0.594,2.41872148090224e-35,"RMI2"
1.48502235108915e-39,-0.476704720628721,0.374,0.463,2.84975789174008e-35,"TUBB6"
2.72551834107979e-39,0.559322501405336,0.383,0.281,5.23026969653212e-35,"B4GALT5"
3.34727593835055e-39,0.256207713664458,0.837,0.766,6.4234225256947e-35,"SLC1A5"
4.17409072944634e-39,0.322706590663473,0.684,0.578,8.01008010980753e-35,"DGKZ"
4.77171664602776e-39,-0.507840467398454,0.399,0.482,9.15692424372727e-35,"FOXN3"
4.77618868383557e-39,0.553753663032911,0.358,0.256,9.16550608428046e-35,"RRP9"
5.33947525525372e-39,0.315908822403322,0.706,0.612,1.02464530148319e-34,"DNAJC19"
5.71879836208257e-39,0.346763203583968,0.639,0.537,1.09743740568365e-34,"LTBR"
6.84734042398448e-39,-0.440036366433632,0.451,0.531,1.31400462736262e-34,"VMP1"
7.20968689671939e-39,0.374710650595802,0.621,0.525,1.38353891548045e-34,"UROD"
7.70327014628107e-39,-1.14529842821564,0.07,0.132,1.47825754107134e-34,"ZNF521"
9.67870758392447e-39,-0.359983641946743,0.253,0.345,1.85734398535511e-34,"BTG2"
1.05077450995266e-38,0.336291259532803,0.665,0.566,2.01643628459915e-34,"EXOSC3"
1.30481624634647e-38,-0.589075247084208,0.333,0.415,2.50394237673887e-34,"CCPG1"
1.3307005948839e-38,0.416236829544983,0.515,0.408,2.5536144415822e-34,"WDR74"
1.56370599324875e-38,0.322453906758879,0.7,0.61,3.00075180104435e-34,"TIMM44"
1.58482602122789e-38,0.411354858712285,0.824,0.76,3.04128113473632e-34,"UBE2S"
2.95818288818147e-38,0.930003172440428,0.32,0.229,5.67675296242024e-34,"GMPR"
3.00393751208616e-38,0.251723177547468,0.853,0.786,5.76455608569333e-34,"MAP2K2"
3.44114041844473e-38,-1.04757057856792,0.07,0.132,6.60354846299543e-34,"UPP1"
3.50494880653315e-38,0.809274562349242,0.192,0.112,6.72599675973711e-34,"PVRL1"
4.0101643255925e-38,0.36552524356626,0.633,0.53,7.695505340812e-34,"DNAJC2"
4.49147385787754e-38,0.643998314819245,0.296,0.2,8.619138333267e-34,"ALAS1"
5.44267015511137e-38,0.427632796423944,0.486,0.379,1.04444840276587e-33,"FTSJ1"
6.75979800464593e-38,-0.794603737164934,0.157,0.236,1.29720523709155e-33,"NPM2"
6.95832385069076e-38,0.411671810572969,0.542,0.434,1.33530234694756e-33,"SLC48A1"
8.02337515648065e-38,-0.979533251474246,0.094,0.162,1.53968569252864e-33,"NBPF15"
9.03975597505014e-38,0.466262910443738,0.486,0.38,1.73472917161212e-33,"NR2F6"
9.07763792013754e-38,-0.955096528545748,0.071,0.134,1.74199871687439e-33,"TNFRSF4"
1.17330559084413e-37,0.313263748411973,0.727,0.643,2.25157342882989e-33,"ALYREF"
1.2946077769392e-37,0.326268165101497,0.689,0.598,2.48435232394633e-33,"SMIM3"
1.42524655388107e-37,0.666479973602325,0.254,0.163,2.73504813689777e-33,"CLU"
1.4838026066706e-37,0.437250606839069,0.505,0.401,2.84741720220088e-33,"GRPEL1"
1.60710807615676e-37,-0.44151348013206,0.413,0.496,3.08404039814483e-33,"POLD4"
1.86724853452969e-37,-0.411515564511155,0.52,0.591,3.58324993776247e-33,"AC013461.1"
1.99526369828568e-37,0.329534127617005,0.68,0.589,3.82891103701022e-33,"C21orf59"
2.25138497223035e-37,-0.332274602044508,0.642,0.7,4.32040776171005e-33,"ZNF580"
2.38741716563265e-37,-0.957202502591443,0.104,0.173,4.58145354084905e-33,"RPGR"
2.74022304659316e-37,0.932677350267794,0.144,0.075,5.25848802641227e-33,"ZNF385A"
2.98853024187805e-37,0.371820576187516,0.806,0.761,5.73498953416397e-33,"CCND3"
3.1950797029209e-37,0.397774889924251,0.535,0.423,6.13135794990521e-33,"PES1"
4.1687080380252e-37,0.333097312105927,0.618,0.513,7.99975072497037e-33,"HDDC3"
4.29180774022171e-37,0.39383443601755,0.536,0.426,8.23597905348546e-33,"AP006222.2"
4.38025649471533e-37,0.303821547557451,0.717,0.629,8.40571221335872e-33,"STUB1"
5.13761512888248e-37,0.352679218948553,0.603,0.503,9.85908343232549e-33,"DDX49"
5.14810318421935e-37,0.381889870871621,0.533,0.425,9.87921001051693e-33,"FUOM"
9.46537828666203e-37,-0.784534974553455,0.149,0.225,1.81640609321044e-32,"SORT1"
9.99263473989197e-37,-0.684997623784645,0.232,0.317,1.91758660658527e-32,"CXCR4"
1.0581909601023e-36,-0.467773596778197,0.437,0.513,2.03066845243632e-32,"ITGB2"
1.18105172125583e-36,-0.47203074196553,0.434,0.512,2.26643825308993e-32,"ASF1B"
1.23558459340279e-36,0.343501423815817,0.595,0.485,2.37108683473996e-32,"USE1"
1.37204757244032e-36,0.408367019814148,0.533,0.43,2.63295929151298e-32,"NT5DC2"
1.80566307844141e-36,-0.714839234123744,0.192,0.272,3.46506744752907e-32,"IL16"
2.23486780920624e-36,0.416992881632453,0.483,0.371,4.28871132586678e-32,"C7orf49"
2.40818863033272e-36,0.456111344966921,0.414,0.307,4.62131398160849e-32,"GCAT"
3.03279588609929e-36,-0.370634758449353,0.543,0.614,5.81993530542453e-32,"HOXB4"
3.57284794978026e-36,-0.487811577847505,0.435,0.508,6.85629521562833e-32,"CYB5B"
3.91944714211411e-36,0.264924809356389,0.795,0.724,7.52141906571698e-32,"RWDD4"
5.21421171924863e-36,-0.511167139519022,0.359,0.437,1.00060722892381e-31,"NFKB1"
5.75064063246047e-36,0.407492379523121,0.5,0.391,1.10354793736916e-31,"ECSIT"
6.49535963748859e-36,0.314385670246647,0.67,0.577,1.24645951443406e-31,"PYM1"
6.52075219688271e-36,0.359797058661986,0.611,0.512,1.25133234658179e-31,"RNASEH1-AS1"
7.03828942692211e-36,0.478004582308933,0.422,0.32,1.35064774102635e-31,"SLC38A5"
7.07227821239894e-36,-0.300919730546849,0.563,0.642,1.35717018895936e-31,"GATA2"
9.29020734451619e-36,-0.464899371439633,0.47,0.545,1.78279078941266e-31,"MSI2"
9.39288544682877e-36,-0.393764434660758,0.511,0.582,1.80249471724644e-31,"FLOT1"
9.47848251139161e-36,0.287930615440676,0.734,0.653,1.81892079393605e-31,"PPP1R11"
9.67106043080047e-36,-0.779347964860094,0.15,0.226,1.85587649667061e-31,"SLC16A1-AS1"
1.08966077899628e-35,0.570223321262958,0.292,0.2,2.09105903489386e-31,"RP4-728D4.2"
1.40784544445844e-35,0.411749613599612,0.508,0.4,2.70165540791575e-31,"PQLC1"
1.43663211952692e-35,0.273230051157913,0.783,0.713,2.75689703737216e-31,"SMIM10L1"
1.49012617002459e-35,-1.0936941689755,0.065,0.122,2.85955212027718e-31,"PIK3C2B"
1.64386875015405e-35,0.299956207084306,0.712,0.619,3.15458413154562e-31,"PLEKHJ1"
1.93441696444763e-35,0.303485348519449,0.7,0.609,3.712146154775e-31,"NOLC1"
1.94475133123703e-35,0.377237412694724,0.541,0.438,3.73197780464386e-31,"MALSU1"
2.1709516620105e-35,0.383280003291724,0.528,0.427,4.16605623939815e-31,"ALG3"
2.5103847494738e-35,0.350201632001018,0.622,0.527,4.81742833424021e-31,"PDHA1"
3.07828691933687e-35,0.342491050995115,0.607,0.505,5.90723259820745e-31,"BLOC1S4"
3.28482941464612e-35,0.495107734337789,0.332,0.234,6.30358764670591e-31,"SNTB1"
3.41066908628295e-35,-0.59045290169523,0.259,0.341,6.54507397657698e-31,"GLMN"
4.46798883463877e-35,0.374993301239029,0.582,0.478,8.57407057367179e-31,"PTBP3"
6.26206914621478e-35,-0.751917397027613,0.157,0.232,1.20169106915862e-30,"JUP"
7.20139868701475e-35,0.373497255808091,0.528,0.42,1.38194840803813e-30,"GLRX2"
7.54740461708554e-35,-0.458341378698137,0.359,0.444,1.44834694601872e-30,"DAPK1"
9.33899061666592e-35,-0.98426185263634,0.091,0.154,1.79215229933819e-30,"GPR85"
1.07299165689975e-34,-0.553599990240011,0.428,0.498,2.05907098959063e-30,"FO538757.2"
1.1123543400257e-34,0.388261247454432,0.493,0.389,2.13460797850931e-30,"RRP36"
1.13250412327235e-34,-1.14038518570532,0.054,0.107,2.17327541255964e-30,"TBC1D12"
1.42298437734957e-34,0.278021481288769,0.869,0.819,2.73070702013383e-30,"LIMD2"
1.64743792978889e-34,-0.518284158366534,0.342,0.421,3.16143338726488e-30,"ERG"
1.92016457121394e-34,0.486645437847557,0.342,0.244,3.68479581215955e-30,"FASN"
1.95533167441975e-34,-0.791560398154565,0.145,0.218,3.7522814832115e-30,"DUSP22"
2.19368305086831e-34,0.4232220169309,0.422,0.319,4.20967777461628e-30,"TMEM99"
2.55382337282724e-34,0.380695888188773,0.528,0.422,4.90078705245547e-30,"QDPR"
2.66109288917942e-34,-0.582339291646992,0.288,0.367,5.10663725433531e-30,"RP11-345J4.5"
2.8514923112506e-34,0.30005084903679,0.702,0.61,5.47201374528991e-30,"NDUFV3"
3.08333299095758e-34,0.365876409135207,0.558,0.459,5.91691600964759e-30,"SEC61A1"
3.55024533337243e-34,-0.759929465991188,0.148,0.221,6.8129207947417e-30,"IGFLR1"
3.92350174987605e-34,0.501253903685645,0.352,0.256,7.52919985801213e-30,"FNDC3B"
3.94346233732779e-34,-0.415541397263618,0.375,0.459,7.56750422533204e-30,"TPSAB1"
5.00047168220114e-34,0.405819183781992,0.625,0.528,9.59590515814399e-30,"FAM107B"
5.16682137978037e-34,-0.968851332752373,0.107,0.172,9.91513022779853e-30,"TFPI"
5.19172426560352e-34,-0.962517561378405,0.087,0.149,9.96291886569315e-30,"SCPEP1"
6.70268424038567e-34,0.446001367228553,0.417,0.318,1.28624510573001e-29,"GMPPB"
7.53111009191356e-34,-0.286508666269094,0.624,0.695,1.44522002663821e-29,"LYN"
7.84543139024481e-34,0.51952578778377,0.332,0.238,1.50553828378798e-29,"PRR7"
9.52565718176322e-34,0.409454994941318,0.434,0.332,1.82797361318036e-29,"WBSCR22"
9.54646966182201e-34,-0.328317968723329,0.641,0.684,1.83196752810364e-29,"CD33"
9.77340563372617e-34,-0.728281974917727,0.158,0.232,1.87551654111205e-29,"LINC01116"
1.1754645078792e-33,0.316443497292459,0.622,0.519,2.25571639062018e-29,"SNHG10"
1.30813604220372e-33,-0.576518886712654,0.297,0.375,2.51031306498895e-29,"RPP21"
1.35570904253019e-33,-0.513986416390529,0.346,0.422,2.60160565261544e-29,"PHF11"
1.9207949305287e-33,0.380338020602436,0.477,0.372,3.68600547168458e-29,"C12orf45"
2.26431398171876e-33,0.386938615770692,0.528,0.432,4.3452185309183e-29,"ROGDI"
2.38077133553606e-33,0.307743434987093,0.678,0.589,4.56870019289371e-29,"POLR3K"
3.33142566916444e-33,-0.311910279803132,0.618,0.679,6.39300585912657e-29,"MBOAT7"
3.64619388827389e-33,0.858806578930756,0.152,0.085,6.99704607159759e-29,"PARP8"
4.04690038982068e-33,0.332623612065701,0.613,0.518,7.76600184806589e-29,"CCDC57"
4.35067525485971e-33,0.25340895051483,0.814,0.744,8.34894581407579e-29,"SNX5"
5.00922956801168e-33,0.284057008970171,0.714,0.63,9.61271154101441e-29,"EPB41L4A-AS1"
5.21746463080288e-33,-0.387089098570244,0.49,0.566,1.00123146265107e-28,"DUSP6"
5.77472627724087e-33,-0.422224295407636,0.475,0.547,1.10816997260252e-28,"CENPU"
5.94802790351447e-33,0.461714630251662,0.396,0.298,1.14142655468443e-28,"SLC7A5"
5.94990975295137e-33,-0.872704925860811,0.113,0.179,1.14178768159137e-28,"ABLIM1"
8.10235338394914e-33,0.356262605757882,0.547,0.442,1.55484161437984e-28,"SLC5A6"
1.22181703766286e-32,0.426886403282243,0.425,0.326,2.34466689527502e-28,"TMEM138"
1.23080412564687e-32,-0.414504618567888,0.488,0.556,2.36191311711634e-28,"SEPT9"
1.3820043959038e-32,-0.920076465311172,0.086,0.147,2.6520664357394e-28,"CASP7"
1.39275452950861e-32,-0.870990073118791,0.117,0.182,2.67269594212703e-28,"ABHD3"
1.40370641172764e-32,0.452516542381558,0.346,0.249,2.69371260410535e-28,"CD320"
1.71680645568851e-32,-0.284165520889974,0.661,0.713,3.29455158846625e-28,"COX17"
1.80606853362507e-32,-0.299849464695242,0.665,0.718,3.46584551602651e-28,"C4orf48"
2.74493370020855e-32,-0.654982373779634,0.192,0.268,5.26752777070021e-28,"SMAD3"
3.02367741228146e-32,-0.870336964183395,0.095,0.157,5.80243695416812e-28,"PITPNC1"
3.04740299254959e-32,0.303793829523251,0.682,0.592,5.84796634270267e-28,"ABHD14B"
3.59652136228192e-32,0.417813007174431,0.467,0.367,6.90172449421901e-28,"DEXI"
3.6282016001131e-32,0.387744147707886,0.456,0.351,6.96251887061704e-28,"ZMYND19"
5.04827587889868e-32,-0.256921385149955,0.673,0.731,9.68764141160657e-28,"ETS2"
5.54823778274723e-32,-0.347012975729001,0.517,0.585,1.06470683050919e-27,"MAPK14"
6.04705439273888e-32,0.318326060749771,0.618,0.523,1.16042973796659e-27,"SLC43A3"
6.92553720010426e-32,0.315322945404557,0.646,0.558,1.32901058870001e-27,"MRPS10"
7.02512240401441e-32,-0.502646313645885,0.335,0.412,1.34812098933036e-27,"AC004381.6"
7.13741512876291e-32,0.317397747349961,0.607,0.503,1.3696699632096e-27,"SDHAF1"
7.62143298163742e-32,-0.436183212650744,0.422,0.496,1.46255298917622e-27,"CD59"
8.2641095363931e-32,0.699262590308335,0.166,0.096,1.58588262003384e-27,"SOX18"
8.60275388846805e-32,0.268492132429926,0.756,0.68,1.65086847119702e-27,"LMAN1"
8.82031598517711e-32,0.371585866591442,0.488,0.385,1.69261863755549e-27,"EIF3B"
1.05178911328598e-31,0.657482404488069,0.196,0.121,2.01838330839579e-27,"HAGHL"
1.25631685445147e-31,0.340397913980159,0.561,0.462,2.41087204369237e-27,"ERLIN1"
1.32559856283346e-31,0.485273151513284,0.334,0.241,2.54382364207741e-27,"DIAPH1"
1.39574073502985e-31,-0.576941193478781,0.261,0.338,2.67842647052228e-27,"PROM1"
1.48274264517457e-31,0.352305569578027,0.573,0.473,2.84538313609e-27,"CD68"
1.57509773102749e-31,0.311411837474872,0.672,0.586,3.02261254584176e-27,"MRPL3"
1.64743526064284e-31,0.316544538934075,0.615,0.52,3.16142826517361e-27,"TIMM10B"
1.82266419961754e-31,-0.295058127511937,0.65,0.699,3.49769259906606e-27,"QARS"
2.1124105101203e-31,-1.15894094817737,0.066,0.119,4.05371576892086e-27,"EHD2"
2.51506707891802e-31,-0.702624233707252,0.168,0.24,4.82641372444367e-27,"YBEY"
2.5893869050547e-31,0.356241582228271,0.477,0.373,4.96903347079997e-27,"FLAD1"
3.13356048589056e-31,0.266626029823315,0.839,0.787,6.01330257242399e-27,"SNRPA1"
3.90473808010363e-31,0.662591257149816,0.208,0.133,7.49319237571887e-27,"HIPK2"
5.34729596819101e-31,0.295550978281019,0.642,0.544,1.02614609629585e-26,"IARS"
6.87726438649263e-31,0.620499745321279,0.19,0.116,1.31974703576794e-26,"EEF2KMT"
7.2567241346564e-31,0.280571515146057,0.69,0.598,1.39256536144056e-26,"GANAB"
7.32224620243256e-31,0.360246295962035,0.555,0.462,1.40513904624681e-26,"NUTM2A-AS1"
7.8690728156437e-31,-0.881731455291696,0.106,0.168,1.51007507332203e-26,"ANKRD26"
9.67207258124077e-31,-0.966399754350887,0.085,0.143,1.8560707283401e-26,"EXD3"
1.00613673935108e-30,-0.566941994931667,0.258,0.334,1.93077640281472e-26,"GNB5"
1.00791768788175e-30,0.340312475248631,0.57,0.468,1.93419404304507e-26,"SNHG12"
1.15654437672332e-30,-0.261610202539155,0.687,0.74,2.21940865893204e-26,"MRPL16"
1.2858408355262e-30,-1.20688450581275,0.054,0.103,2.46752856337477e-26,"TNF"
1.45424388516939e-30,0.472577673313437,0.297,0.211,2.79069401564007e-26,"PSAT1"
2.21747404376321e-30,0.295901712131175,0.669,0.58,4.2553326899816e-26,"TMEM203"
2.77948920795167e-30,-0.469909403890056,0.39,0.458,5.33383979005925e-26,"PSMA6"
2.94083111727643e-30,0.313419534370866,0.598,0.503,5.64345491405348e-26,"POLR2H"
3.15368148141544e-30,0.349205101778535,0.526,0.429,6.05191476283622e-26,"DOHH"
3.41612052366233e-30,0.395339516190032,0.543,0.449,6.55553528490801e-26,"STOM"
3.51318914792097e-30,-0.546267059194713,0.244,0.32,6.74180997486034e-26,"RB1"
3.90460270810722e-30,-0.301848982982197,0.628,0.676,7.49293259685776e-26,"CRTAP"
4.58105420966953e-30,-0.636466657638856,0.221,0.292,8.79104302835583e-26,"KLHL5"
5.55992297144482e-30,-0.807870072681634,0.122,0.186,1.06694921822026e-25,"TRAM2"
5.71156135437418e-30,0.255739429039784,0.742,0.666,1.0960486239044e-25,"MRPL43"
5.79360216910782e-30,0.496770840061911,0.279,0.192,1.11179225625179e-25,"OXNAD1"
6.50798836188825e-30,-1.07672334323974,0.058,0.108,1.24888296664636e-25,"SLC27A1"
7.27289834751918e-30,0.3276927788763,0.58,0.483,1.39566919288893e-25,"RPP25L"
8.35405350696684e-30,0.420559870114261,0.377,0.282,1.60314286798694e-25,"FAM98A"
1.03714453200604e-29,0.258730497853825,0.767,0.696,1.99028035691958e-25,"UROS"
1.17770144077341e-29,0.38140873013636,0.421,0.322,2.26000906484418e-25,"SLC25A26"
1.18497326673618e-29,-0.384304488320538,0.47,0.537,2.27396369886673e-25,"CBX1"
1.20543948231809e-29,0.295176526673955,0.619,0.53,2.31323836656841e-25,"CDK12"
1.29243711381521e-29,0.291640582202449,0.63,0.542,2.48018682141138e-25,"PIGF"
1.3703628828198e-29,-0.479551867209972,0.413,0.478,2.62972637213119e-25,"FOSL2"
1.37730853347503e-29,0.362094130550949,0.494,0.396,2.64305507573858e-25,"PET117"
1.4577566171626e-29,0.250934865132289,0.758,0.689,2.79743494833502e-25,"MRPS14"
1.48920729526363e-29,-0.884765960925792,0.083,0.14,2.85778879961091e-25,"ERO1B"
1.50956212612857e-29,0.270217798984592,0.68,0.591,2.89684972004072e-25,"UBAC1"
1.58939072419768e-29,-0.844476728766611,0.113,0.175,3.05004079973535e-25,"TRIM47"
1.67981516008182e-29,0.304946312914754,0.789,0.726,3.22356529219701e-25,"CITED2"
1.99378465577387e-29,0.343354885277789,0.578,0.494,3.82607275443006e-25,"FAH"
2.50818894882196e-29,0.336173865312099,0.565,0.472,4.81321459278933e-25,"PPAN"
2.53113884014906e-29,0.431156361197268,0.357,0.265,4.85725543424605e-25,"COA7"
2.69858388820088e-29,0.256714617230841,0.754,0.689,5.17858248145748e-25,"MRPL42"
2.71598873205811e-29,0.526895289774569,0.257,0.175,5.21198237681951e-25,"MRM1"
2.76791980917626e-29,-0.340246566043937,0.566,0.62,5.31163811380924e-25,"WDR45B"
3.20600514659902e-29,-0.697357218386274,0.196,0.264,6.15232387632351e-25,"ESCO2"
3.49090099696893e-29,0.361579925300384,0.517,0.422,6.69903901318337e-25,"HMGN5"
3.63326215032636e-29,-0.791873010239011,0.157,0.223,6.97223006647629e-25,"SYNJ2BP"
4.0187232080564e-29,0.312452159218748,0.692,0.607,7.71192983626022e-25,"MARCKSL1"
4.70539656596495e-29,-0.97664497097204,0.071,0.125,9.02965601008673e-25,"EMP1"
5.98803409144175e-29,-1.04106596566096,0.059,0.108,1.14910374214767e-24,"GHRL"
6.03573966590636e-29,0.547468626821918,0.242,0.162,1.15825844188743e-24,"RFNG"
6.0747221994768e-29,-0.483115605234806,0.334,0.406,1.1657391900796e-24,"SDCCAG8"
8.15124219596002e-29,0.285426391998939,0.659,0.574,1.56422337740473e-24,"PTPN11"
8.75648305625612e-29,-0.380227986018496,0.486,0.547,1.68036909849555e-24,"C17orf49"
8.82014700260787e-29,-0.543880223015175,0.268,0.341,1.69258620980045e-24,"C19orf81"
8.91098069094839e-29,-0.251859538569508,0.722,0.759,1.710017194593e-24,"LAIR1"
8.98363623054663e-29,-0.853170307406264,0.099,0.158,1.7239597926419e-24,"CLOCK"
9.45893949827557e-29,0.340916184357622,0.544,0.45,1.81517048971908e-24,"RP11-660L16.2"
1.18756146096819e-28,0.310714638051467,0.6,0.503,2.27893044359795e-24,"MAPKAPK5-AS1"
1.25440341371345e-28,0.305411815648463,0.58,0.485,2.40720015091611e-24,"ACIN1"
1.32556552262758e-28,0.254224797496077,0.741,0.669,2.54376023792232e-24,"COPS5"
1.34330205595148e-28,-0.264090734458372,0.729,0.764,2.57779664537088e-24,"SYF2"
1.52298071422536e-28,-0.487865279190185,0.351,0.42,2.92259999059847e-24,"IFNAR1"
1.5331914704531e-28,0.317895470232018,0.661,0.572,2.9421944317995e-24,"SAR1A"
1.57474651681394e-28,0.259807980581972,0.703,0.627,3.02193856576596e-24,"TIMM9"
1.61761735436712e-28,0.51245204522366,0.271,0.189,3.10420770303051e-24,"CNBD2"
1.64706513382473e-28,-0.335164103555712,0.537,0.598,3.16071799180967e-24,"NUBP1"
1.77175338779711e-28,0.255797670297213,0.701,0.613,3.39999475118266e-24,"MRPL17"
2.15238374657614e-28,-1.050473626518,0.059,0.107,4.13042440967961e-24,"CFAP161"
2.29318108743675e-28,-0.720787783577644,0.141,0.206,4.40061450679113e-24,"DUSP10"
2.5376444514104e-28,0.266153869953747,0.667,0.572,4.86973970225655e-24,"BAD"
2.74831725430645e-28,-0.288507543619701,0.719,0.756,5.27402081101408e-24,"CAT"
3.11213360974125e-28,-1.08410727596995,0.054,0.101,5.97218439709346e-24,"NFE2L3"
3.36842194705764e-28,0.761871353914381,0.182,0.114,6.46400171640362e-24,"CD69"
3.42092585408835e-28,-0.863841682515881,0.119,0.179,6.56475671399554e-24,"C11orf98"
4.11104973992273e-28,0.438106534448921,0.326,0.238,7.88910445091171e-24,"CD3EAP"
4.52408546783692e-28,0.346031764678298,0.498,0.407,8.68172001277905e-24,"CDC34"
4.6463663468403e-28,0.256121450329592,0.673,0.589,8.91637701958654e-24,"PPP6R1"
4.77917224727241e-28,-0.568165205200973,0.284,0.351,9.17123154251575e-24,"KIAA1551"
5.42430458875215e-28,0.472530062936634,0.302,0.219,1.04092405058154e-23,"PFAS"
5.46184401534183e-28,0.322143960064434,0.592,0.503,1.0481278665441e-23,"RAB31"
6.41277556144621e-28,-0.305823268962412,0.691,0.714,1.23061163024153e-23,"H2AFX"
7.04289692064705e-28,-0.988916935072919,0.056,0.104,1.35153191907217e-23,"ECHDC3"
7.53896865957386e-28,0.418409281785153,0.337,0.246,1.44672808577222e-23,"AC093323.3"
7.91410077609157e-28,-0.82801056934494,0.098,0.156,1.51871593893197e-23,"DHRS12"
8.37388944057402e-28,0.494358022555376,0.204,0.131,1.60694938364615e-23,"AC002454.1"
8.73794015380269e-28,-0.701987166364349,0.181,0.245,1.67681071551474e-23,"CIITA"
9.36395917642767e-28,-0.567174865723858,0.236,0.306,1.79694376595647e-23,"TAP1"
9.77878142404657e-28,0.403911640705207,0.411,0.322,1.87654815527454e-23,"SPNS2"
1.00263524495211e-27,0.432794652958381,0.313,0.227,1.92405703506311e-23,"DNAAF3"
1.34486990199733e-27,0.480900718467015,0.296,0.213,2.58080534193287e-23,"RP11-872J21.3"
1.63173622779045e-27,-0.674547650570144,0.19,0.256,3.13130182112987e-23,"GALM"
1.70971995748457e-27,0.262484195812002,0.753,0.683,3.28095259841289e-23,"NIFK"
1.90387667672659e-27,0.338208556260237,0.536,0.451,3.65353934263832e-23,"VPS25"
1.91534551555686e-27,0.272382018066613,0.686,0.605,3.67554804435361e-23,"C7orf50"
1.99501092812403e-27,-0.390044380343316,0.459,0.522,3.82842597107002e-23,"IFNGR2"
2.05132798241259e-27,0.374005204868593,0.476,0.381,3.93649839824975e-23,"GADD45A"
2.09936454716678e-27,0.293139320317881,0.613,0.528,4.02868056601305e-23,"EXOSC1"
2.14297013116928e-27,-0.463857418206009,0.332,0.401,4.11235968171385e-23,"VEZF1"
2.68531452431604e-27,0.260589970205387,0.73,0.657,5.15311857216248e-23,"ISCA1"
2.73717328064829e-27,0.423704726953633,0.356,0.267,5.25263552556406e-23,"SELPLG"
2.95577995829423e-27,-0.672509453163176,0.147,0.212,5.67214173996663e-23,"CTC-246B18.10"
3.49476646070468e-27,0.273216315202916,0.66,0.579,6.70645683809228e-23,"CDK6"
4.22861822503005e-27,-0.618734337722763,0.17,0.238,8.11471837383266e-23,"DMC1"
4.30978690172989e-27,-0.815324895378999,0.121,0.18,8.27048106441965e-23,"PRICKLE4"
4.34984269034633e-27,-0.628835403549016,0.216,0.284,8.34734812277461e-23,"PIP5K1B"
4.50884566790683e-27,-0.85916264916949,0.086,0.14,8.6524748367132e-23,"MAN2B1"
5.30655543014428e-27,0.255750593460054,0.694,0.607,1.01832798704469e-22,"ILF3-AS1"
5.47058060052915e-27,-0.897083901916893,0.08,0.133,1.04980441724154e-22,"SMIM14"
6.30660205510523e-27,0.396098553306969,0.404,0.315,1.21023693437469e-22,"WARS"
7.86266795608614e-27,-0.516414687470336,0.271,0.341,1.50884598077293e-22,"TRIOBP"
8.91708701993319e-27,0.340220087163732,0.501,0.406,1.71118899912518e-22,"AKT1S1"
9.55476441596362e-27,-0.780441561147499,0.112,0.171,1.83355929142342e-22,"LINC00623"
1.10601115842481e-26,-0.667148334310959,0.156,0.221,2.12243541301721e-22,"ALDH2"
1.18394465069145e-26,-0.515391448632562,0.319,0.386,2.27198978467689e-22,"QPRT"
1.23219962219952e-26,0.375305716031032,0.364,0.272,2.36459107500088e-22,"PGAM5"
1.27747089457833e-26,0.406203698449712,0.378,0.294,2.45146664669581e-22,"FUT4"
1.40341452352358e-26,0.302914453434751,0.552,0.457,2.69315247064175e-22,"PRKAR2A"
1.40558422456938e-26,0.29900404055205,0.542,0.444,2.69731612694864e-22,"ZBTB8OS"
1.52245946070594e-26,-0.358332316792861,0.534,0.591,2.92159970509471e-22,"MUM1"
1.57810468444632e-26,-0.477141239393317,0.314,0.381,3.02838288945249e-22,"PICALM"
1.72872653056471e-26,0.406127962306112,0.384,0.296,3.31742621215368e-22,"EIF1AD"
1.85992218190995e-26,0.32524081976001,0.539,0.446,3.5691906670852e-22,"GTPBP4"
1.97973845974654e-26,-0.463001145149637,0.337,0.406,3.79911810425361e-22,"HOXA9"
2.33795924924117e-26,0.306107661156388,0.64,0.55,4.4865437992938e-22,"NUDT4"
3.24220295517692e-26,-1.07149266153918,0.056,0.102,6.22178747098452e-22,"GNG2"
3.39044142367876e-26,-0.71545143514454,0.134,0.195,6.50625709203955e-22,"PARP14"
3.4141266273027e-26,-0.336273668110886,0.552,0.601,6.55170899779387e-22,"PAN3"
3.42473762167165e-26,0.290375101507849,0.62,0.531,6.5720714959879e-22,"HPS1"
3.5513934874115e-26,0.308335055621729,0.57,0.484,6.81512410234266e-22,"EXOSC7"
3.73313787391568e-26,0.311723041488121,0.557,0.464,7.1638915800442e-22,"IMPAD1"
3.80258684936421e-26,0.274209527954435,0.633,0.545,7.29716416392993e-22,"ZNF667-AS1"
3.8847878272414e-26,-0.25730828502729,0.61,0.673,7.45490784047624e-22,"TNFSF13B"
4.01855987038554e-26,-0.75358293766353,0.121,0.18,7.71161639126986e-22,"TBC1D4"
4.1670834157392e-26,-0.84873641077301,0.086,0.138,7.99663307480353e-22,"DTX3"
4.80535516135096e-26,0.283307797335082,0.654,0.571,9.2214765546325e-22,"MCFD2"
5.10989625835961e-26,-0.969059895471232,0.064,0.112,9.80589091979208e-22,"TRG-AS1"
5.31985053011552e-26,0.475309227259054,0.344,0.262,1.02087931672917e-21,"CD84"
5.45818820510587e-26,-0.275817543147602,0.649,0.699,1.04742631655982e-21,"UGP2"
5.62688726214549e-26,0.307335556472316,0.588,0.505,1.07979966560572e-21,"ZPR1"
5.90147828920072e-26,0.261878553309293,0.706,0.642,1.13249368369762e-21,"SMAD2"
6.19349101196787e-26,-0.49237485023316,0.296,0.365,1.18853092519663e-21,"NNT-AS1"
6.54940358812777e-26,0.332861709466047,0.539,0.451,1.25683054856172e-21,"RNF41"
7.42442560888539e-26,-0.340349902085838,0.499,0.559,1.42474727434511e-21,"SF3A2"
7.47259673917938e-26,-0.387563438255352,0.419,0.485,1.43399131424852e-21,"HNRNPLL"
7.56126683446724e-26,0.322717167208214,0.421,0.327,1.45100710553426e-21,"PDDC1"
8.11925174573617e-26,-0.301057205034916,0.604,0.649,1.55808441000677e-21,"DYNC1I2"
8.48787081409096e-26,-0.375800767230898,0.462,0.526,1.62882240922406e-21,"KDSR"
9.53825595297636e-26,0.332271363464159,0.513,0.419,1.83039131737616e-21,"YIPF2"
1.0755238555942e-25,-0.550557670305078,0.246,0.313,2.06393027888528e-21,"TMEM263"
1.25788533743619e-25,0.268040877510358,0.663,0.586,2.41388196254005e-21,"MRPL50"
1.27005868495648e-25,-0.791983920940398,0.117,0.174,2.43724261643149e-21,"TRIM22"
1.57845084971572e-25,-0.433381380689575,0.3,0.371,3.02904718060447e-21,"ISYNA1"
1.61226768588907e-25,-0.441855308213155,0.208,0.281,3.09394168922113e-21,"SLC45A3"
1.94663669127685e-25,0.875265826349993,0.108,0.058,3.73559581056027e-21,"TBXAS1"
2.06138459270444e-25,0.288004228463934,0.606,0.525,3.95579703339981e-21,"RIOK1"
2.10082035630465e-25,-0.770350648733567,0.125,0.183,4.03147426374862e-21,"CYTH1"
2.32443011672555e-25,0.269937793440502,0.667,0.591,4.46058139399633e-21,"CHID1"
2.36899927876016e-25,-0.818452860679033,0.072,0.121,4.54610961594075e-21,"CLDN7"
2.57435913176171e-25,-0.523628967817173,0.245,0.314,4.94019517385073e-21,"LOXL1"
2.84034891371336e-25,0.362298796415476,0.427,0.339,5.45062956541594e-21,"RNASE2"
2.86543430794533e-25,-0.345807358338652,0.54,0.594,5.49876843694709e-21,"H1FX"
2.94272830405007e-25,-0.343679661819598,0.468,0.527,5.64709561547209e-21,"GCLM"
2.99696837585715e-25,0.408652401048024,0.335,0.252,5.75118231326987e-21,"METTL8"
3.49272040877276e-25,0.282223383121075,0.624,0.537,6.70253046443493e-21,"FAM120AOS"
3.80675494470336e-25,0.310660104636755,0.565,0.481,7.30516273888575e-21,"TIMM22"
3.84088465353893e-25,-0.856578004907513,0.101,0.155,7.37065765014121e-21,"ERAP2"
3.84519758549116e-25,0.276542173777616,0.608,0.521,7.37893416655754e-21,"NKAP"
3.84711280327299e-25,0.276853602601974,0.612,0.526,7.38260946948087e-21,"PSME3"
3.86901365579299e-25,-0.35745257001301,0.489,0.542,7.42463720546676e-21,"RBM23"
4.40402440987645e-25,0.373547221503309,0.391,0.301,8.45132284255291e-21,"MGAT4B"
4.44701576684123e-25,-0.599680424699895,0.212,0.276,8.53382325656833e-21,"ELK3"
4.56710492667667e-25,0.353231518311379,0.37,0.28,8.76427435429253e-21,"CCDC86"
4.74949294505767e-25,0.285796248855857,0.578,0.49,9.11427696156568e-21,"HRAS"
5.23854178001907e-25,-0.571733303706467,0.069,0.118,1.00527616758566e-20,"CDKN1A"
5.24887898828515e-25,-0.58492866071094,0.192,0.259,1.00725987785192e-20,"FHL1"
5.26886397925513e-25,-0.852013989597847,0.069,0.117,1.01109499761906e-20,"FNBP1L"
5.30620414735031e-25,0.456817087499556,0.284,0.206,1.01826057587652e-20,"DPCD"
5.47142637144717e-25,-1.06278060559898,0.152,0.212,1.04996672068071e-20,"HGF"
6.32533314128155e-25,0.326365552128143,0.526,0.443,1.21383142981193e-20,"MTHFD1L"
6.57081902568624e-25,0.259300889611464,0.661,0.574,1.26094017102919e-20,"LSM12"
6.64499534865166e-25,-0.790669820050293,0.096,0.15,1.27517460740625e-20,"FAM65B"
6.6967041705156e-25,0.402305616207077,0.405,0.32,1.28509753032194e-20,"ATAD3B"
6.87252434398874e-25,0.327340957565706,0.474,0.382,1.31883742161144e-20,"ICT1"
7.34753975627506e-25,0.326486093098586,0.579,0.492,1.40999287922918e-20,"CDC42SE1"
7.98740550762907e-25,-0.549311372428893,0.234,0.299,1.53278311691402e-20,"RGP1"
9.39108687362338e-25,0.279958496740853,0.604,0.526,1.80214957104833e-20,"MPDU1"
9.85985457937025e-25,-1.01512501259067,0.056,0.1,1.89210609378115e-20,"MRPS24"
1.07285950875785e-24,0.592660125435602,0.17,0.108,2.05881739730632e-20,"GPSM1"
1.12254406792797e-24,-0.735587034607492,0.12,0.178,2.15416206635377e-20,"STX3"
1.17699132641814e-24,0.299682566932706,0.559,0.478,2.25864635539641e-20,"WDR77"
1.20238140194965e-24,-0.416997820262786,0.382,0.443,2.30736991034138e-20,"STX7"
1.21381570280128e-24,-0.730421567861824,0.11,0.166,2.32931233367566e-20,"SETD7"
1.2388218454737e-24,-0.578204721798294,0.177,0.242,2.37729912146404e-20,"MYCT1"
1.47217868390666e-24,-0.534227129840994,0.243,0.309,2.82511089441687e-20,"HDAC7"
1.64194130783806e-24,-0.830392789903094,0.092,0.144,3.15088536974124e-20,"PRR5L"
1.65550153065166e-24,-0.303677965438048,0.609,0.647,3.17690743732053e-20,"CBWD5"
1.76903664910732e-24,-0.727866734153987,0.131,0.189,3.39478132963694e-20,"SEZ6L2"
1.78392974784494e-24,-0.688839227074182,0.135,0.195,3.42336118611445e-20,"FAM64A"
2.22315576311682e-24,-1.02094450809017,0.061,0.105,4.26623590942118e-20,"EFNA4"
2.89435734266259e-24,0.688213271642704,0.151,0.093,5.5542717405695e-20,"RBM38"
3.47975341235132e-24,0.39764033425263,0.309,0.228,6.67764679830218e-20,"FAM229B"
4.17503136911587e-24,0.269044306479575,0.62,0.536,8.01188519733335e-20,"ATG101"
4.49519912181264e-24,0.411785677132455,0.302,0.222,8.62628711475846e-20,"FGFBP3"
4.52487772250064e-24,0.258143114326919,0.663,0.591,8.68324034947872e-20,"SRPK1"
4.62659621041063e-24,0.282266533836469,0.574,0.488,8.87843812777799e-20,"ANKRD11"
5.15595471336434e-24,-0.271800087127263,0.574,0.632,9.89427709494617e-20,"GSDMD"
5.23050882440419e-24,-0.406981652111904,0.312,0.38,1.00373464340316e-19,"STK17B"
5.318692591834e-24,0.360733984967213,0.397,0.313,1.02065710837294e-19,"LARP4B"
6.54473637425256e-24,-0.615444198200888,0.2,0.262,1.25593491021907e-19,"KIFC1"
7.01940563249913e-24,0.263111431523706,0.604,0.518,1.34702394087658e-19,"TMX2"
7.87703720345218e-24,0.375036622071476,0.378,0.293,1.51160343934247e-19,"SBF1"
8.12945104881257e-24,-0.532978053577531,0.217,0.281,1.56004165626713e-19,"SLC2A6"
8.18637281953334e-24,-0.867998294075183,0.072,0.12,1.57096494406845e-19,"HECA"
8.55280372548358e-24,-0.921826030047375,0.059,0.102,1.6412830349203e-19,"NFIA"
8.57301011173972e-24,0.327220311505164,0.44,0.352,1.64516064044285e-19,"CCDC58"
8.9899593638029e-24,-0.696088692519403,0.139,0.196,1.72517320191378e-19,"AC113189.5"
9.3871674453834e-24,-0.673356786074078,0.131,0.19,1.80139743276907e-19,"CCDC92"
1.00479735457249e-23,0.484922249392457,0.216,0.147,1.92820612342461e-19,"RHOQ"
1.01293741039374e-23,-0.548913396060584,0.22,0.285,1.94382689054558e-19,"RECQL"
1.0589902277977e-23,-0.312387660912871,0.528,0.576,2.03220224714379e-19,"ANKRD12"
1.1073753676206e-23,0.403891263386814,0.334,0.251,2.12505333046393e-19,"NUDT16L1"
1.12380558928235e-23,0.427651595825362,0.294,0.216,2.15658292583282e-19,"COLGALT1"
1.13872607041851e-23,0.297084677674708,0.525,0.436,2.18521532913312e-19,"FLYWCH2"
1.21546096985667e-23,0.372077927579726,0.398,0.314,2.33246960115495e-19,"RPUSD1"
1.28019866645104e-23,0.350102895455472,0.422,0.338,2.45670124091954e-19,"TIMMDC1"
1.31156110058823e-23,0.296494016049675,0.536,0.446,2.51688575202881e-19,"TMEM208"
1.36148427570021e-23,-0.402000752866332,0.332,0.4,2.61268832506871e-19,"TMX4"
1.43393963472026e-23,-0.836991849600446,0.087,0.138,2.75173015902819e-19,"ADAM8"
1.52619731811222e-23,0.458237461852073,0.308,0.231,2.92877265345735e-19,"KLF16"
1.9362120920683e-23,-0.32901115186476,0.514,0.564,3.71559100467907e-19,"YAF2"
2.02557893792143e-23,-0.565039870782668,0.22,0.283,3.88708598187122e-19,"JAK3"
2.10077146697927e-23,-0.66184325515526,0.165,0.224,4.03138044513322e-19,"LIMK2"
2.32126055298012e-23,-0.440504982414843,0.262,0.33,4.45449900116885e-19,"FAM105A"
2.45979240473663e-23,-0.255902675234087,0.723,0.752,4.7203416246896e-19,"HSD17B11"
2.9005054653339e-23,-0.462064047024867,0.292,0.357,5.56606998797575e-19,"IL10RB"
2.98416270763489e-23,0.256023396535836,0.63,0.558,5.72660823595135e-19,"MRPL19"
3.25557720026723e-23,0.365663390862258,0.388,0.304,6.24745264731282e-19,"TMEM177"
3.31857750329444e-23,0.313637395033175,0.468,0.378,6.36835022882203e-19,"GRWD1"
3.34620626788842e-23,-0.405080947909258,0.307,0.372,6.42136982807788e-19,"PPFIBP1"
3.5285718427739e-23,0.614038149009455,0.173,0.113,6.77132936628311e-19,"JDP2"
3.55980725579203e-23,-0.356036757549036,0.478,0.532,6.83127012386491e-19,"MT-ND4L"
3.836581222865e-23,0.374485035115556,0.384,0.3,7.36239936667794e-19,"LTB4R"
4.00277221844768e-23,-0.620737729451531,0.161,0.221,7.68131988720109e-19,"TRIM26"
4.08675791890005e-23,0.32909970448385,0.428,0.34,7.8424884463692e-19,"KIF9"
4.50104208969701e-23,0.280694250531539,0.528,0.441,8.63749977012857e-19,"PIGH"
4.8566131045914e-23,0.347365460015111,0.393,0.308,9.3198405477109e-19,"EIF4G1"
5.06381809502114e-23,-0.501055115893961,0.291,0.353,9.71746692434557e-19,"DGKE"
5.71907521682583e-23,-0.260908420103299,0.653,0.69,1.09749053410888e-18,"LRRFIP2"
5.72096509909164e-23,-0.329683781262677,0.475,0.529,1.09785320251568e-18,"LRRC58"
5.75513405797323e-23,0.258023707210209,0.651,0.573,1.10441022572506e-18,"TOR1A"
6.95308885656122e-23,-0.406104353858855,0.357,0.419,1.3342977515741e-18,"REL"
7.03751692974497e-23,-0.750625916355264,0.129,0.184,1.35049949881806e-18,"CEP70"
7.23638569174229e-23,0.44304608753828,0.317,0.239,1.38866241424535e-18,"NSUN5"
7.46502430755331e-23,-0.759897215048852,0.131,0.186,1.43253816461948e-18,"NFAT5"
7.78188009292553e-23,-0.397615762833334,0.384,0.451,1.49334278983241e-18,"UHRF1"
8.29613987302837e-23,0.31338782070537,0.456,0.369,1.59202924163414e-18,"DPH2"
9.25430399643742e-23,0.33921904870489,0.45,0.366,1.77590093691634e-18,"ZNF768"
1.108266055104e-22,0.25927850233599,0.601,0.519,2.12676255974457e-18,"POP5"
1.13937638063821e-22,0.487843439844408,0.24,0.171,2.18646327444473e-18,"MYBBP1A"
1.15632250635722e-22,-0.573969283795691,0.179,0.24,2.21898288969951e-18,"SNX20"
1.18900293789062e-22,0.348964624001848,0.413,0.328,2.28169663781211e-18,"C8orf82"
1.20808956277355e-22,0.611863728630517,0.148,0.092,2.31832387096244e-18,"GS1-124K5.4"
1.32046427875681e-22,-0.934216115323679,0.062,0.105,2.53397095093433e-18,"MALT1"
1.41887138545133e-22,0.27376784566592,0.598,0.518,2.72281418868111e-18,"DHX29"
1.47823294378678e-22,0.301268680889222,0.451,0.366,2.83672901912683e-18,"MRPS30"
1.50945858711728e-22,-0.939260715961062,0.068,0.112,2.89665102867806e-18,"AC007246.3"
1.52137044937087e-22,0.436152026739181,0.28,0.206,2.9195098923427e-18,"UBASH3B"
1.58850274435379e-22,0.305280312616801,0.529,0.446,3.04833676641492e-18,"COMMD9"
1.60733540274625e-22,-0.273153376119363,0.599,0.65,3.08447663787005e-18,"RCN1"
1.74331698082153e-22,0.347540046847385,0.437,0.353,3.34542528619652e-18,"XPO6"
1.97658494183593e-22,0.328627096705182,0.423,0.334,3.79306650338314e-18,"FASTKD3"
2.06474391992764e-22,0.462282854619636,0.231,0.162,3.96224358234115e-18,"CTA-29F11.1"
2.13637920165732e-22,-0.259469891396291,0.498,0.559,4.0997116879804e-18,"OXT"
2.21066885589988e-22,0.278108755471254,0.55,0.464,4.24227353447186e-18,"TOR1AIP2"
2.37395591708071e-22,0.287722408479826,0.553,0.468,4.55562140487789e-18,"PPIE"
2.38932495951362e-22,0.262500198319684,0.645,0.567,4.58511459730664e-18,"CCDC106"
2.64895676636173e-22,0.421359897347883,0.294,0.219,5.08334803464815e-18,"CLUH"
2.66286352748391e-22,0.308382452875236,0.46,0.375,5.11003510924163e-18,"QTRT1"
2.67505499050726e-22,-0.77697655032966,0.091,0.14,5.13343052678343e-18,"C9orf72"
2.7539923509783e-22,0.301637708062848,0.519,0.43,5.28491132152736e-18,"BCCIP"
2.98340270104933e-22,-0.526477785106677,0.207,0.268,5.72514978331367e-18,"RASSF5"
3.02195517560018e-22,0.567895878052057,0.175,0.115,5.79913198197674e-18,"NOL6"
3.05967864774828e-22,0.264072904921669,0.638,0.558,5.87152332502894e-18,"POLR2A"
3.09223418697144e-22,0.416216814286427,0.285,0.21,5.9339974047982e-18,"TMEM41A"
3.09994648222295e-22,0.357398908750172,0.319,0.238,5.94879729938585e-18,"CTU1"
3.3337316179154e-22,-0.706752832452952,0.121,0.175,6.39743097477965e-18,"SMAGP"
3.34987152742147e-22,-0.920237127823777,0.074,0.119,6.42840346112181e-18,"TRAF3IP2"
3.35174064593824e-22,0.299371193107242,0.491,0.406,6.43199029955548e-18,"N6AMT2"
3.46198073682484e-22,-0.493071799525722,0.214,0.277,6.64354103396687e-18,"CD79B"
4.24396810090285e-22,0.448672796350323,0.232,0.164,8.14417478563257e-18,"ADGRE5"
4.27888610955458e-22,0.267624244791214,0.482,0.395,8.21118244423523e-18,"PSTPIP2"
4.53098015893301e-22,-0.616202678737158,0.148,0.205,8.69495092499244e-18,"RNF125"
4.61468555312069e-22,-0.481488119852743,0.266,0.328,8.8555815764386e-18,"PRKAR2B"
4.62918244177364e-22,0.350330780697595,0.306,0.231,8.88340110576361e-18,"DDIT3"
4.84264538892972e-22,-0.406352657574173,0.421,0.475,9.29303650135614e-18,"PTPRE"
5.33164843724302e-22,0.334174772886546,0.419,0.335,1.02314333510694e-17,"ACOT13"
5.34238669487051e-22,-0.420400299627433,0.294,0.36,1.02520400674565e-17,"UBL3"
5.73691297553367e-22,-0.339351176289374,0.43,0.485,1.10091360000491e-17,"MFSD14A"
6.36938870798371e-22,0.276404208464258,0.607,0.529,1.22228569306207e-17,"DUSP3"
7.97381966367603e-22,0.45310071994962,0.226,0.158,1.53017599345943e-17,"UBE2D4"
8.32325373602817e-22,-0.431079411594438,0.303,0.367,1.59723239194381e-17,"FRYL"
9.90553507796003e-22,0.431316255298881,0.261,0.191,1.90087218146053e-17,"MAFG-AS1"
1.03398257191128e-21,0.276139880854666,0.472,0.384,1.98421255549774e-17,"FEM1B"
1.06448971870337e-21,0.697608140765504,0.121,0.072,2.04275577019177e-17,"SLC7A11"
1.12186857396561e-21,0.30493745895132,0.481,0.396,2.15286579344001e-17,"ETF1"
1.29247861472601e-21,0.327460487972554,0.363,0.281,2.48026646165921e-17,"DYNLL2"
1.38216100578631e-21,0.305656201333827,0.451,0.367,2.65236697010394e-17,"CHCHD4"
1.43548190021042e-21,0.310106952428408,0.474,0.392,2.75468976650379e-17,"FBRSL1"
1.49879814892169e-21,0.352048431134682,0.346,0.266,2.87619364778073e-17,"BET1L"
1.50796723909123e-21,-0.539702256572959,0.198,0.258,2.89378913181607e-17,"SNX9"
1.58321025676864e-21,0.372765592503524,0.333,0.256,3.03818048273901e-17,"RP11-12G12.7"
1.68307708740062e-21,0.304846279267841,0.461,0.377,3.22982493072179e-17,"CHAMP1"
1.78021719802517e-21,0.380636421245252,0.281,0.207,3.41623680301029e-17,"FBXO45"
1.94698440842733e-21,0.456431878374607,0.218,0.152,3.73626307977205e-17,"POLR1A"
1.96564591427958e-21,-0.260977796273989,0.659,0.693,3.77207450950251e-17,"SMC4"
2.04019607217521e-21,0.380420588935527,0.295,0.221,3.91513626250422e-17,"RP11-115C21.2"
2.08782692604714e-21,-0.267800237111799,0.624,0.66,4.00653987108446e-17,"NFE2L2"
2.09598072112927e-21,0.27652725637293,0.489,0.402,4.02218700384708e-17,"IFI27L1"
2.13539081869809e-21,0.282740585270408,0.582,0.501,4.09781498108163e-17,"LETM1"
2.24510449098781e-21,-0.529047344064371,0.229,0.287,4.30835551820562e-17,"MRPL38"
2.82145603576732e-21,-0.294383245403918,0.527,0.577,5.41437413263749e-17,"CCDC117"
2.9691014172395e-21,-0.370010585922372,0.422,0.478,5.6977056196826e-17,"AURKB"
3.06785121868971e-21,-0.345561621566752,0.529,0.57,5.88720648866556e-17,"ATAD2"
3.36846153758178e-21,-0.529089503491509,0.209,0.266,6.46407769061944e-17,"NISCH"
3.6776029104617e-21,-0.763052493886712,0.096,0.144,7.05731998517601e-17,"ECHDC2"
3.68622873750347e-21,-0.540361511071901,0.208,0.266,7.07387294726917e-17,"LACTB"
3.88853954604648e-21,0.298140353843713,0.505,0.424,7.4621073888632e-17,"PITPNA-AS1"
4.43966769554875e-21,-0.270894732516342,0.586,0.63,8.51972230775805e-17,"C1orf228"
5.08021421076424e-21,-0.414211084159498,0.333,0.394,9.74893107045658e-17,"NRM"
5.41838819848083e-21,0.311701864798523,0.463,0.38,1.03978869528847e-16,"CTD-2336O2.1"
5.45606949349042e-21,0.312809345345098,0.473,0.391,1.04701973580081e-16,"TWISTNB"
5.86459887704447e-21,0.390064456660814,0.279,0.207,1.12541652450483e-16,"ERN1"
6.55435930645922e-21,0.328180506786077,0.392,0.31,1.25778155090952e-16,"FAM189B"
6.61418745968596e-21,0.321524384107414,0.348,0.268,1.26926257351374e-16,"STK10"
7.60222372826753e-21,-0.289613892793645,0.548,0.588,1.45886673345454e-16,"PHIP"
7.87481922392513e-21,-0.563659247407526,0.182,0.238,1.51117780907123e-16,"LL22NC03-2H8.5"
8.22642272265186e-21,-0.257347495550464,0.619,0.66,1.57865052047689e-16,"BLOC1S6"
8.25511820607254e-21,-0.359805942390151,0.439,0.493,1.58415718374532e-16,"ZNF302"
8.38320143264968e-21,0.500260928952622,0.201,0.139,1.60873635492547e-16,"GRB10"
9.47866963392422e-21,0.288209696394407,0.467,0.379,1.81895670275006e-16,"PPM1K"
1.01982832111856e-20,0.363466925250655,0.275,0.203,1.95705054822652e-16,"RPUSD2"
1.29439360980512e-20,0.371623390035408,0.286,0.212,2.48394133721602e-16,"THTPA"
1.37950947316242e-20,0.516200696465351,0.199,0.138,2.64727867899869e-16,"LINC00539"
1.43126363992192e-20,-0.400538739695257,0.413,0.464,2.74659492501017e-16,"STAT1"
1.61352141939568e-20,-0.448274972725954,0.338,0.394,3.09634760382032e-16,"IL27RA"
1.67089223852075e-20,0.337485160962428,0.326,0.248,3.20644220572132e-16,"AARSD1"
1.6836111636537e-20,0.26505758122333,0.461,0.371,3.23084982305145e-16,"MRFAP1L1"
1.70093857492217e-20,0.331904563577386,0.33,0.253,3.26410112527564e-16,"NIP7"
1.99693631550168e-20,0.276860430104447,0.529,0.447,3.83212078944773e-16,"B4GALT7"
2.09318862572724e-20,-0.875307108923319,0.063,0.104,4.01682897277057e-16,"GCH1"
2.73183152050851e-20,-0.934444950220042,0.069,0.111,5.24238468785584e-16,"TMIGD2"
3.56019802895809e-20,0.35676193614953,0.343,0.267,6.83202001757057e-16,"PPCDC"
3.58943723684673e-20,0.285640571805065,0.472,0.388,6.88813005750888e-16,"ST20"
3.6616143050738e-20,0.287595022116151,0.57,0.493,7.02663785143663e-16,"MRPL47"
3.95843729154628e-20,-0.436909715373547,0.276,0.334,7.59624116247731e-16,"PRNP"
4.00807611283527e-20,0.274547181712253,0.611,0.54,7.69149806053088e-16,"TRAP1"
4.06868243920621e-20,0.460793395303773,0.186,0.126,7.80780160083672e-16,"MXI1"
4.12769640884302e-20,-0.310643387333842,0.526,0.568,7.92104940856975e-16,"VPS51"
4.3176797600175e-20,-0.399455954957356,0.235,0.295,8.28562745947358e-16,"SLC44A1"
4.67723973722564e-20,-0.42093082875334,0.306,0.363,8.975623055736e-16,"EIF2AK2"
4.68186277819618e-20,-0.364974129662922,0.38,0.433,8.98449467135847e-16,"DCUN1D3"
4.83286972068421e-20,0.260017328030204,0.529,0.45,9.274276993993e-16,"ESRRA"
5.17366631602658e-20,0.314287813946555,0.439,0.359,9.928265660455e-16,"SURF2"
5.41285562578831e-20,0.545974468536051,0.173,0.117,1.03872699458878e-15,"PIK3CB"
5.58828162621257e-20,0.440637390603841,0.252,0.186,1.07239124407019e-15,"LRFN4"
5.65701540905002e-20,-0.552162625780985,0.197,0.254,1.0855812569967e-15,"FUT7"
5.71348245626077e-20,0.262204927193444,0.545,0.467,1.09641728335644e-15,"COMMD1"
6.07229790729463e-20,-0.354077455557679,0.433,0.487,1.16527396840984e-15,"HIST3H2A"
6.20599509742032e-20,0.325997804572365,0.389,0.313,1.19093045919496e-15,"ITGA5"
6.36362741263597e-20,-0.362179234974421,0.477,0.525,1.22118010048484e-15,"TOP1MT"
6.49477535193618e-20,0.310969668526048,0.425,0.345,1.24634739003655e-15,"PRR5"
6.7877315838401e-20,0.567811519763221,0.158,0.104,1.30256569093892e-15,"ZNF487"
7.29070320107642e-20,0.296866852959242,0.365,0.285,1.39908594428657e-15,"PROSER1"
7.91961363824858e-20,-0.286509398041952,0.565,0.606,1.5197738571799e-15,"BMI1"
8.21510095236675e-20,-0.351842155192162,0.463,0.51,1.57647787275918e-15,"NRIP1"
8.29307300740158e-20,-0.34797001732823,0.499,0.547,1.59144071012036e-15,"RAD51AP1"
8.61938056934233e-20,0.268438692927787,0.485,0.4,1.65405913125679e-15,"C12orf65"
8.71153313632852e-20,0.355217829477863,0.335,0.259,1.67174320886144e-15,"PINLYP"
1.14485889015598e-19,0.269795864626546,0.547,0.467,2.19698421020933e-15,"SFXN4"
1.19731704936948e-19,0.352259003047053,0.341,0.267,2.29765141774003e-15,"DNAJC25"
1.2487850870605e-19,0.343938864596484,0.363,0.288,2.39641858206911e-15,"CINP"
1.28455911683769e-19,0.319334675787937,0.414,0.338,2.46506894521154e-15,"NOP14"
1.45926521545685e-19,-0.44642418368739,0.259,0.319,2.8003299484617e-15,"C10orf11"
1.71664320098422e-19,-0.670113355873404,0.126,0.176,3.29423830268872e-15,"FRMD4B"
1.73385004089337e-19,0.301971731371445,0.418,0.339,3.32725822847438e-15,"DTWD1"
1.79089373067724e-19,-0.516127232868091,0.199,0.255,3.43672506916963e-15,"TRPS1"
1.85020772537764e-19,-0.285673220711422,0.546,0.586,3.5505486249997e-15,"CBX5"
1.99275793458185e-19,0.459301551684653,0.212,0.151,3.82410247646257e-15,"IFT46"
2.26493947274472e-19,0.256106798662661,0.564,0.485,4.34641884819712e-15,"ARFIP2"
2.27268355684743e-19,0.446033073567842,0.222,0.159,4.36127974559021e-15,"ZFAND2A"
2.33407545438841e-19,0.267672344002781,0.473,0.386,4.47909079697137e-15,"CUL4A"
2.36803604034822e-19,-0.796084016210359,0.086,0.131,4.54426116142823e-15,"KDELC2"
2.51604747890261e-19,-0.46227581573154,0.242,0.3,4.8282951120141e-15,"HCG11"
2.67566647118539e-19,-0.397203897006046,0.226,0.287,5.13460395820477e-15,"MTSS1"
3.11429807291756e-19,0.272124581704108,0.498,0.42,5.9763380019288e-15,"FDX1L"
3.20569980513886e-19,-0.322219636362784,0.439,0.494,6.15173792606148e-15,"ILK"
3.3530075324589e-19,-0.465675259313076,0.235,0.293,6.43442145478864e-15,"TPD52"
3.37851987531072e-19,-0.387987518419514,0.453,0.505,6.48337964072128e-15,"NUDT14"
3.76876614282949e-19,-0.507998345956345,0.249,0.303,7.23226222808979e-15,"STK38"
3.9573289475751e-19,0.269001575007192,0.561,0.487,7.59411425039661e-15,"WDR61"
4.00158157549011e-19,0.355683604406396,0.35,0.275,7.67903504336552e-15,"PRMT5"
4.02021418860933e-19,0.596106951461627,0.157,0.104,7.71479102794131e-15,"MAD1L1"
4.19449403484273e-19,0.344113481522201,0.304,0.231,8.04923405286321e-15,"DUSP2"
4.32184127757885e-19,0.320841535864139,0.456,0.378,8.29361341167382e-15,"SH3BP1"
4.32353229863943e-19,0.330125093287738,0.389,0.313,8.29685848108906e-15,"CCDC189"
4.58473775729137e-19,-0.280892950286781,0.548,0.587,8.79811175624214e-15,"CCDC88A"
4.60820664632317e-19,-0.757185830151839,0.096,0.141,8.84314855429416e-15,"DDX60L"
5.43448072386569e-19,0.483862769841244,0.169,0.114,1.04287685090983e-14,"PDCD2L"
5.5365765783147e-19,0.30866110059265,0.483,0.409,1.06246904537859e-14,"KIAA2013"
5.59108949974305e-19,-0.780407125299166,0.082,0.125,1.07293007500069e-14,"RP11-382A20.3"
5.84461728001179e-19,0.302087869043908,0.382,0.305,1.12158205603426e-14,"SDCCAG3"
6.1097618259e-19,-0.661574880797174,0.131,0.181,1.17246329439021e-14,"CYTH4"
6.65329139525155e-19,0.275955804985383,0.489,0.411,1.27676661874877e-14,"COMMD5"
6.68095584072953e-19,0.286958678460356,0.467,0.389,1.282075425836e-14,"CYB561D2"
6.84733639731841e-19,0.315254936320275,0.435,0.36,1.3140038546454e-14,"DCPS"
7.17434488153896e-19,-0.496764815282638,0.212,0.267,1.37675678276733e-14,"SYNRG"
7.27226967727739e-19,-0.538928221660574,0.178,0.232,1.39554855106953e-14,"TST"
7.34305178376186e-19,0.60777400636973,0.124,0.077,1.4091316373039e-14,"SNAPC4"
7.72077229456519e-19,0.293215918382017,0.491,0.414,1.48161620332706e-14,"C2orf74"
7.85149316425951e-19,-0.561268298863207,0.185,0.239,1.5067015382214e-14,"RAVER1"
8.03799560875348e-19,0.357244012555304,0.296,0.226,1.54249135731979e-14,"CAD"
8.16687655867628e-19,-0.440387978813363,0.3,0.354,1.56722361160998e-14,"TIFA"
8.22612462549975e-19,0.363681040243016,0.282,0.212,1.5785933156334e-14,"CHCHD6"
8.60713995341266e-19,0.31915222723156,0.329,0.254,1.65171015705989e-14,"DGAT1"
8.75403290032027e-19,0.308732648590974,0.4,0.325,1.67989891357146e-14,"PXK"
8.85100747999463e-19,-0.303044146031778,0.488,0.542,1.69850833541097e-14,"CLEC2B"
9.34579281406953e-19,0.322253622824589,0.405,0.327,1.79345764101994e-14,"TMBIM1"
9.93918731394955e-19,0.26724636946556,0.558,0.48,1.90733004554692e-14,"KCMF1"
1.00368135141751e-18,-0.380898596162533,0.367,0.424,1.92606451337021e-14,"SPNS3"
1.00442114915198e-18,0.367780028637951,0.344,0.273,1.92748418522265e-14,"CPD"
1.03070497014018e-18,-0.643966444730856,0.112,0.16,1.97792283769901e-14,"UBE2V1"
1.14412765657067e-18,0.271362599592597,0.798,0.75,2.19558097295911e-14,"NEAT1"
1.14975899213223e-18,-0.252194139902116,0.59,0.634,2.20638750590175e-14,"SYPL1"
1.18986491643558e-18,-0.448019173187788,0.296,0.35,2.28335077463988e-14,"FAR2"
1.21784916545428e-18,-0.722471579066957,0.298,0.355,2.33705254850677e-14,"LYZ"
1.25833634511058e-18,-0.746741162330963,0.076,0.119,2.4147474462672e-14,"SGPL1"
1.30361878886625e-18,-0.781245728974025,0.067,0.107,2.50164445583433e-14,"SYCE1L"
1.38477950423626e-18,0.3217161800671,0.339,0.265,2.65739186862939e-14,"ARRDC1-AS1"
1.43503234941469e-18,0.314120165968958,0.4,0.322,2.7538270785268e-14,"JOSD2"
1.48913240526183e-18,0.281299201928915,0.466,0.39,2.85764508569745e-14,"NME6"
1.55191031859793e-18,0.37931199019726,0.236,0.172,2.97811590138942e-14,"SCD"
2.04469262397485e-18,-0.416935466066678,0.337,0.389,3.92376514540774e-14,"SMAP2"
2.20416309703678e-18,0.278434178170261,0.479,0.399,4.22978898321358e-14,"NMRAL1"
2.22843342938463e-18,0.293009575562446,0.398,0.321,4.2763637509891e-14,"MED6"
2.25552806121293e-18,0.415630807620756,0.232,0.169,4.3283583494676e-14,"C1orf233"
2.27373274137504e-18,-0.68132777285844,0.105,0.152,4.3632931306987e-14,"MYL9"
2.42673020080823e-18,-0.835190036335055,0.071,0.111,4.656895255351e-14,"STK32B"
2.54795012927866e-18,0.300805183834497,0.307,0.235,4.88951629808575e-14,"RP11-395G23.3"
2.56555369572304e-18,0.287736921356075,0.389,0.31,4.92329754209251e-14,"GUF1"
2.61218554699105e-18,0.274993603540486,0.466,0.388,5.01278406467583e-14,"CFAP36"
2.71330635458426e-18,-0.454550982576548,0.221,0.277,5.20683489444719e-14,"CERK"
2.7916255703474e-18,0.2844077187683,0.416,0.338,5.35712946949667e-14,"RPF2"
3.07932108443351e-18,-0.359118502349563,0.291,0.349,5.90921716102791e-14,"SLA"
3.10523482097113e-18,-0.354972021617256,0.345,0.401,5.95894562144361e-14,"BTG3"
3.17540328526589e-18,0.33519447098079,0.362,0.288,6.09359890442524e-14,"C12orf73"
3.36067341011385e-18,0.375982501033015,0.192,0.133,6.44913227400848e-14,"MON1A"
3.40446730002273e-18,-0.678949571045835,0.097,0.142,6.53317274874362e-14,"FCGR1A"
3.64461710618212e-18,0.293032145080126,0.435,0.361,6.99402022676349e-14,"MED8"
3.7344724829324e-18,-0.56678721159267,0.185,0.237,7.16645269474728e-14,"PAG1"
4.27757681297834e-18,-0.624256882105157,0.113,0.16,8.20866990410544e-14,"TRIM69"
4.30509415566405e-18,0.3650109886787,0.297,0.228,8.2614756847193e-14,"GRAMD4"
4.32644012899629e-18,0.284998616818879,0.472,0.394,8.30243860754388e-14,"ALKBH3"
4.72609742838548e-18,0.333527919880469,0.281,0.212,9.06938096507174e-14,"COQ9"
4.87069795353218e-18,-0.825707459090883,0.069,0.108,9.34686937282824e-14,"TTLL7"
4.96339572110512e-18,0.258175534901457,0.498,0.414,9.52475638880072e-14,"SLC7A1"
5.05691447053574e-18,0.294360117715697,0.406,0.329,9.70421886895809e-14,"XRCC6BP1"
5.07727111700554e-18,0.34048561881945,0.306,0.236,9.74328327353364e-14,"RP11-400F19.6"
5.24619233863239e-18,0.532362639840756,0.159,0.108,1.00674430978356e-13,"APOBR"
5.4906139194366e-18,0.680265953673687,0.154,0.105,1.05364881113988e-13,"RNASE3"
5.60610145096984e-18,0.2513365037755,0.509,0.429,1.07581086844111e-13,"TARBP2"
6.62193915199855e-18,0.282709055521694,0.422,0.345,1.27075012326852e-13,"TSR1"
6.94226095246969e-18,-0.296729714313397,0.503,0.546,1.33221987677893e-13,"APIP"
7.2721875744431e-18,-0.68141366122913,0.115,0.161,1.39553279553563e-13,"MT-ATP8"
7.9789085533104e-18,0.37160071645065,0.289,0.223,1.53115255138027e-13,"TM7SF2"
8.4952585094722e-18,-0.671419449557399,0.091,0.134,1.63024010796772e-13,"PTGIR"
9.34368889151676e-18,0.318729825576671,0.296,0.228,1.79305389828207e-13,"MAK16"
9.50676032548804e-18,-0.581392349343352,0.136,0.185,1.82434730646116e-13,"CDC42BPB"
1.07908116308562e-17,0.257391990498975,0.477,0.399,2.07075675196131e-13,"TCEB3"
1.20738500017882e-17,-0.287394661656633,0.544,0.578,2.31697181534316e-13,"AAK1"
1.33241755185262e-17,0.507116428202848,0.143,0.095,2.55690928200517e-13,"ABCA2"
1.37104777407723e-17,0.456443369524176,0.172,0.119,2.63104067845421e-13,"XXbac-B135H6.18"
1.54957007417724e-17,-0.32589762490022,0.457,0.501,2.97362497234613e-13,"NTAN1"
1.62213242008712e-17,-0.528318158249661,0.228,0.28,3.11287211414718e-13,"BCL3"
1.88134661844765e-17,0.301961572200362,0.356,0.284,3.61030416080104e-13,"CWC27"
2.02931759509419e-17,0.29153344671869,0.457,0.387,3.89426046498575e-13,"CDC20"
2.07437293155989e-17,0.338420500586902,0.334,0.263,3.98072165566343e-13,"PTRH1"
2.11694294314443e-17,0.272761658550377,0.434,0.357,4.06241350789416e-13,"SFSWAP"
2.36803518735746e-17,0.335199585152222,0.344,0.273,4.54425952453897e-13,"TRMT6"
2.46205111459973e-17,-1.21616706509418,0.141,0.188,4.72467608891689e-13,"RETN"
2.95070177630053e-17,-0.464370414988231,0.213,0.265,5.66239670872072e-13,"COL4A3BP"
2.95976851143987e-17,0.278816882865542,0.48,0.404,5.67979577345311e-13,"RP11-111M22.3"
2.96527171188133e-17,0.293770624648454,0.43,0.355,5.69035641510028e-13,"ZBTB16"
2.97785705700432e-17,-0.309912496591592,0.451,0.496,5.71450769239129e-13,"PLEKHF2"
2.99808144280716e-17,-0.628047193415373,0.122,0.168,5.75331828874693e-13,"TM6SF1"
3.05731568981017e-17,-0.417355684710225,0.309,0.359,5.86698880874572e-13,"EIF2A"
3.15475344196894e-17,0.366597566770367,0.273,0.209,6.05397185513839e-13,"JMJD4"
3.43548213314981e-17,-0.424036554068206,0.292,0.344,6.59269021351449e-13,"LINC00969"
3.56623595076125e-17,-0.571086959645255,0.156,0.205,6.84360678951084e-13,"SCAI"
3.64043616005204e-17,-0.412691379137696,0.315,0.368,6.98599699113986e-13,"ATP2A1-AS1"
3.82229507676445e-17,0.313496224781691,0.455,0.38,7.33498425231099e-13,"RREB1"
3.84239465267967e-17,0.295018827267516,0.417,0.343,7.3735553384923e-13,"UBN1"
4.04333233175097e-17,-0.376380464364227,0.333,0.385,7.75915474463012e-13,"FBXO5"
4.10052232239559e-17,0.261450353585642,0.47,0.392,7.86890233667714e-13,"C11orf57"
4.47262373839556e-17,0.301205461425246,0.382,0.309,8.58296495398107e-13,"RPE"
4.48793916536515e-17,-0.754780118264967,0.085,0.126,8.61235525833572e-13,"ZNF749"
4.63340549679594e-17,-0.708896278393858,0.064,0.101,8.89150514835141e-13,"APOBEC3G"
4.71363689841061e-17,-0.330007872150667,0.408,0.457,9.04546920804995e-13,"HMHA1"
4.72848209967152e-17,0.290465563143179,0.355,0.283,9.07395714926964e-13,"STK11"
4.77927128738503e-17,0.344795755567609,0.247,0.185,9.17142160049188e-13,"UTP14A"
4.98896876105738e-17,0.273711356154415,0.408,0.336,9.5738310524691e-13,"SAYSD1"
5.06036523564885e-17,-0.441683194173732,0.226,0.279,9.71084088721014e-13,"CRLF3"
5.10444843470113e-17,-0.397076522016447,0.338,0.388,9.79543654619148e-13,"PSMB8-AS1"
5.50280176442123e-17,-0.64848315569702,0.103,0.147,1.05598765859243e-12,"ZNF217"
5.53634907735365e-17,-0.430092777948541,0.247,0.302,1.06242538794416e-12,"NXPE3"
5.76593945828816e-17,-0.780130595880869,0.085,0.125,1.1064837820455e-12,"ABHD16A"
6.11823197815432e-17,0.268865123321163,0.544,0.472,1.17408871660781e-12,"HSPA9"
6.33696985911915e-17,0.25404340235252,0.455,0.375,1.21606451596497e-12,"TMEM115"
6.75782455829897e-17,0.552389928497335,0.142,0.095,1.29682653273757e-12,"TRGC2"
6.79917698528941e-17,-0.319430411844642,0.442,0.489,1.30476206347704e-12,"BCL11A"
6.82495559504866e-17,0.437359621890234,0.183,0.129,1.30970897868984e-12,"PLTP"
7.19866707657752e-17,0.517019818688814,0.169,0.118,1.38142421199523e-12,"GPR160"
8.3596545230725e-17,-0.555890324747728,0.164,0.213,1.60421770297761e-12,"FAM198B"
8.81840829003328e-17,-0.656438239122163,0.089,0.131,1.69225255085739e-12,"KLHDC7B"
8.89973750082825e-17,0.29926043816642,0.287,0.221,1.70785962640894e-12,"PER2"
8.95983443062205e-17,0.323329432777809,0.326,0.257,1.71939222723637e-12,"POLR1C"
9.02287665465765e-17,0.42668884261867,0.194,0.139,1.7314900300288e-12,"ZMYM3"
9.02697778380997e-17,0.354320623428496,0.282,0.218,1.73227703671313e-12,"ZNHIT2"
9.11596538634709e-17,0.369944409637138,0.252,0.191,1.74935375764001e-12,"JMJD8"
9.44992599198142e-17,0.449779712892767,0.205,0.15,1.81344079786123e-12,"ADGRG5"
9.84763720852318e-17,-0.49781412573939,0.218,0.268,1.8897615803156e-12,"NGRN"
1.03025248227174e-16,-0.406808683469782,0.258,0.313,1.97705451347946e-12,"BEX2"
1.26550888044233e-16,0.420372799400476,0.214,0.157,2.42851154156883e-12,"MPO"
1.39930400606461e-16,-0.382160488977522,0.289,0.342,2.68526438763798e-12,"FCHO1"
1.4024795409305e-16,0.465275631425367,0.157,0.108,2.69135823904563e-12,"NOP9"
1.49532536888454e-16,0.549404752526554,0.262,0.203,2.86952938288943e-12,"PIM2"
1.6478887114475e-16,-0.50508543615507,0.153,0.203,3.16229843726775e-12,"CPNE8"
1.67404343714865e-16,0.253626111936674,0.525,0.45,3.21248935588826e-12,"FAM217B"
1.70003608712995e-16,-0.373378683441079,0.32,0.371,3.26236925120237e-12,"GRINA"
1.74103966777032e-16,0.285195793365918,0.397,0.323,3.34105512245124e-12,"JOSD1"
1.87174873291704e-16,-0.79474873183837,0.073,0.11,3.5918858184678e-12,"ADGRE1"
1.93295260434375e-16,-0.28403366076612,0.526,0.561,3.70933604773565e-12,"PRMT2"
2.00103171477102e-16,0.354089131173662,0.26,0.198,3.83997986064558e-12,"URB1-AS1"
2.05936160352499e-16,0.468711113975087,0.146,0.098,3.95191491716445e-12,"FAM86C1"
2.06906248978541e-16,-0.268432834357042,0.559,0.593,3.9705309178982e-12,"ARID4B"
2.51761450038138e-16,-0.799800376994179,0.066,0.103,4.83130222623187e-12,"ETS1"
2.55003810268355e-16,0.307225196914832,0.244,0.182,4.89352311904974e-12,"ZNF717"
2.62819802812825e-16,0.2917992046791,0.363,0.293,5.0435120159781e-12,"CDIP1"
2.73301246904763e-16,0.396017886759292,0.236,0.177,5.2446509281024e-12,"TMEM164"
2.73887009817771e-16,0.300024222988756,0.376,0.306,5.25589171840302e-12,"TOMM34"
2.85990537454854e-16,-0.338242182500104,0.418,0.459,5.48815841375864e-12,"HNRNPL"
2.86570551556934e-16,-0.492939695414981,0.211,0.261,5.49928888437756e-12,"CLIP1"
3.00969962157229e-16,-0.386926012880432,0.309,0.36,5.77561357379723e-12,"PRKD3"
3.01679678585127e-16,0.446647344607603,0.162,0.112,5.78923303204858e-12,"YTHDF3-AS1"
3.16082108323564e-16,-0.664301724994212,0.103,0.144,6.06561565872919e-12,"SLC25A24"
3.19011087044218e-16,0.396412163559163,0.213,0.157,6.12182276037854e-12,"CCNYL1"
3.19577428847057e-16,0.309931223715505,0.326,0.257,6.13269085957503e-12,"C6orf1"
3.28585528817926e-16,-0.467104075163579,0.223,0.273,6.305556298016e-12,"SMCR5"
3.37570583338639e-16,-0.25490038060264,0.576,0.609,6.47797949426848e-12,"PANK2"
3.42054680732144e-16,-0.546550266672557,0.158,0.206,6.56402932324985e-12,"RTKN2"
3.4827155615236e-16,0.355533373171072,0.239,0.179,6.68333116256379e-12,"AVEN"
3.53428666566447e-16,0.268080380045864,0.478,0.404,6.78229611141012e-12,"BOLA1"
3.54153192827116e-16,0.272214821836729,0.42,0.346,6.79619977035235e-12,"RBFA"
3.63251743153581e-16,0.338785992213432,0.302,0.236,6.97080095111722e-12,"NAT10"
3.7470407193522e-16,0.423395584681594,0.247,0.189,7.19057114043686e-12,"ASRGL1"
3.75872924551362e-16,-0.347284633343497,0.409,0.452,7.21300142214063e-12,"AGFG1"
3.92157818228043e-16,-0.689645765883464,0.102,0.144,7.52550853179615e-12,"USP49"
4.20825564588246e-16,0.253689576203923,0.46,0.388,8.07564258444843e-12,"MMAB"
4.26657527191088e-16,-0.407002168650397,0.334,0.38,8.18755794679697e-12,"CDC25B"
4.31724291602547e-16,-0.320569104278456,0.358,0.407,8.28478915585288e-12,"TMEM237"
4.36801830926845e-16,0.250385715456982,0.51,0.437,8.38222713548615e-12,"PEMT"
4.41968411868561e-16,0.314675122958766,0.318,0.251,8.48137382375768e-12,"NAT14"
4.86164537372031e-16,-0.407085449770378,0.292,0.341,9.32949747216927e-12,"PAK1"
4.95208572972818e-16,-0.432910896376541,0.243,0.292,9.50305251534838e-12,"STXBP3"
5.15441393486362e-16,0.62004319559744,0.107,0.067,9.89132034100329e-12,"PTPN22"
5.21209908502175e-16,-0.726301822046194,0.081,0.12,1.00020181441567e-11,"TSPAN33"
5.29028795092115e-16,0.315485462010252,0.241,0.182,1.01520625778177e-11,"FBXL19"
5.34210973535639e-16,-0.299425542846954,0.413,0.46,1.02515085821489e-11,"CREBBP"
6.05035371357795e-16,0.432969377246752,0.183,0.13,1.16106287763561e-11,"CCNJ"
6.17183501903669e-16,-0.639723236869441,0.126,0.17,1.18437514015314e-11,"TCF7L2"
6.4696576653392e-16,0.278228297799036,0.322,0.254,1.24152730597859e-11,"SLC43A1"
6.57718581769785e-16,0.359809803404625,0.207,0.151,1.26216195841622e-11,"PLXND1"
6.81548677940913e-16,0.510704679896005,0.166,0.117,1.30789191296861e-11,"MCU"
7.42870613270531e-16,0.302661796806102,0.364,0.293,1.42556870686615e-11,"SMUG1"
7.49500823132118e-16,-0.522951299306436,0.126,0.172,1.43829207959054e-11,"HSBP1L1"
7.85459422493233e-16,0.309405714614002,0.349,0.281,1.50729663176451e-11,"CXorf38"
8.41325993867159e-16,0.260223452127582,0.383,0.312,1.61450458223108e-11,"SIRT7"
8.61700921617902e-16,-0.285889988610625,0.519,0.551,1.65360406858475e-11,"CTDSP2"
9.50810596973047e-16,0.37371599696029,0.254,0.194,1.82460553559128e-11,"GOLPH3L"
9.91165450686454e-16,-0.669378701936007,0.078,0.116,1.90204649986731e-11,"ACVR1B"
9.95642973542315e-16,0.276737105950844,0.365,0.297,1.9106388662277e-11,"PMPCA"
1.04580829668272e-15,0.253190552675375,0.4,0.325,2.00690612133413e-11,"FEM1A"
1.05177019717801e-15,-0.65299070112625,0.1,0.142,2.0183470083846e-11,"FGD5"
1.0619581002873e-15,-0.276077921188517,0.523,0.56,2.03789759445134e-11,"CDC42SE2"
1.14683574764585e-15,0.278913583510794,0.362,0.295,2.20077779973239e-11,"FAR1"
1.1534565687471e-15,-0.324940014084567,0.441,0.483,2.21348315542568e-11,"ATRX"
1.21967258590874e-15,-0.419710432978538,0.246,0.298,2.34055169235888e-11,"MMD"
1.26900270316234e-15,-0.663240296880641,0.208,0.255,2.43521618736854e-11,"IL1B"
1.35769703670463e-15,-0.281983533319416,0.483,0.523,2.60542061343619e-11,"LARP7"
1.41446169445195e-15,-0.504161066488398,0.18,0.229,2.71435199165329e-11,"PTGER4"
1.44380962917482e-15,0.284258646648906,0.415,0.348,2.77067067838647e-11,"BOP1"
1.54027227687948e-15,0.313388133619275,0.252,0.192,2.95578249933173e-11,"AP5B1"
1.56698486483165e-15,0.35399549741113,0.265,0.204,3.00704395561193e-11,"HILPDA"
1.59928750839784e-15,0.265395905096611,0.508,0.442,3.06903272861545e-11,"SMIM24"
1.60706547087839e-15,0.338383493425828,0.28,0.218,3.08395863861563e-11,"SLC25A22"
1.63362525798289e-15,0.260835804500626,0.358,0.289,3.13492687006916e-11,"IVD"
1.63794391770625e-15,0.273485869823907,0.427,0.357,3.14321437807829e-11,"PUSL1"
1.70006747338593e-15,0.319516725745541,0.214,0.158,3.26242948142761e-11,"PXN"
1.741096661063e-15,0.309852118965829,0.307,0.244,3.3411644925799e-11,"BYSL"
1.74422535803692e-15,-0.450471162551855,0.224,0.273,3.34716846207286e-11,"CERS4"
1.78638943897033e-15,-0.338609835898263,0.328,0.379,3.42808133338405e-11,"ITGA6"
1.97029608320458e-15,-0.502452101948408,0.109,0.152,3.7809981836696e-11,"TRIM54"
2.17425892641328e-15,0.34439285140388,0.233,0.174,4.17240287978709e-11,"PHC2"
2.18702243209494e-15,-0.334676194821605,0.399,0.449,4.19689604719019e-11,"GTSE1"
2.20270867139808e-15,0.31119203445304,0.303,0.239,4.22699794041291e-11,"UBXN8"
2.33889374591943e-15,0.263376204217385,0.47,0.4,4.48833709841938e-11,"FAM58A"
2.3906496207209e-15,0.361501469172789,0.2,0.146,4.58765662216341e-11,"DHX37"
2.49207401193456e-15,0.28034909318143,0.307,0.24,4.78229002890242e-11,"HDHD3"
2.60780635978381e-15,0.387173959182169,0.214,0.16,5.00438040442512e-11,"MSTO1"
2.61557069770787e-15,-0.671756673037816,0.075,0.112,5.01928016890141e-11,"ZFYVE16"
2.79151810968532e-15,0.308703222825376,0.301,0.237,5.35692325248614e-11,"PSME4"
3.18114543916062e-15,0.25719242515568,0.465,0.394,6.10461809774924e-11,"NAE1"
3.2247991758125e-15,-0.421716218038584,0.189,0.239,6.18838961838418e-11,"TGFBR2"
3.22839373275957e-15,0.311534104557579,0.279,0.218,6.19528757316562e-11,"PGAP2"
3.70452278917113e-15,0.515888117045809,0.129,0.087,7.10897923241939e-11,"B4GALT2"
3.85250689979377e-15,-0.683223388021621,0.097,0.137,7.39296074070425e-11,"SAMD8"
4.02230545367861e-15,0.305215019202487,0.445,0.377,7.71880416560926e-11,"ACTN1"
4.0974017636655e-15,-0.521352050514079,0.174,0.221,7.86291398447409e-11,"IRF2BPL"
4.21277234276192e-15,-0.623909963643994,0.137,0.181,8.08431012576013e-11,"SCARF1"
4.24302784913517e-15,0.308268860855713,0.417,0.35,8.1423704424904e-11,"C16orf54"
4.44493312883408e-15,0.302617372969421,0.236,0.177,8.5298266742326e-11,"C6orf120"
4.46061191991813e-15,-0.358624288942882,0.321,0.37,8.5599142743229e-11,"ABHD17B"
4.5980326486321e-15,0.309025981576281,0.331,0.268,8.823624652725e-11,"C9orf40"
5.19731827720411e-15,0.323388509372585,0.267,0.207,9.9736537739547e-11,"SCAMP1"
5.2668514539277e-15,0.37772822436225,0.251,0.194,1.01070879400873e-10,"HYOU1"
5.39013686289574e-15,0.313047030887444,0.318,0.255,1.03436726398969e-10,"LAS1L"
5.44331334762422e-15,0.282632642992066,0.437,0.37,1.04457183140909e-10,"SDSL"
5.63672813674763e-15,0.453313676493633,0.168,0.12,1.08168812944187e-10,"ZBTB7B"
5.81010828452634e-15,0.500538830906381,0.142,0.098,1.1149597798006e-10,"C11orf21"
5.9005995895638e-15,0.437294035885677,0.137,0.093,1.13232506123729e-10,"C19orf73"
6.26361911827295e-15,0.299087662621275,0.289,0.226,1.20198850879658e-10,"ACACA"
6.47116936420961e-15,0.280910676413012,0.406,0.34,1.24181740099182e-10,"APMAP"
6.56346734529531e-15,-0.474242116543373,0.208,0.256,1.25952938356217e-10,"RAB37"
6.72608943239832e-15,-0.640087813272238,0.096,0.135,1.29073656207724e-10,"NAIP"
6.78755734619199e-15,0.275835741362746,0.298,0.235,1.30253225473424e-10,"THUMPD3"
6.88922051410427e-15,-0.33762437299986,0.43,0.469,1.32204141665661e-10,"FAM219B"
7.06686441378084e-15,0.430360501457443,0.148,0.103,1.35613128100454e-10,"TRIP6"
7.2858679807569e-15,0.251406267080522,0.351,0.282,1.39815806550725e-10,"GOSR2"
7.29392950862393e-15,0.50221180449964,0.137,0.093,1.39970507270493e-10,"RAPGEF2"
7.40725813466562e-15,0.274575342905541,0.328,0.261,1.42145283604233e-10,"GSTM4"
7.97888823878533e-15,-0.484645709936694,0.191,0.237,1.53114865302291e-10,"RUNX2"
8.55534999530924e-15,-0.517897590674314,0.19,0.235,1.64177166409984e-10,"NCAPG"
8.86888077805479e-15,-0.43427004099088,0.276,0.321,1.70193822130871e-10,"MXD3"
9.70498183570501e-15,-0.401143057292411,0.312,0.358,1.86238601427179e-10,"PRIM1"
9.72887827977242e-15,0.272016576850039,0.383,0.313,1.86697174188833e-10,"C12orf29"
9.75016128624688e-15,0.356001115609289,0.212,0.158,1.87105595083078e-10,"DHRS11"
9.77887147607673e-15,-0.701882514320304,0.092,0.13,1.87656543625913e-10,"PAM16"
1.04887683259521e-14,0.386614839277753,0.173,0.124,2.01279464175021e-10,"TSPAN32"
1.08788187978325e-14,0.265098589319848,0.374,0.305,2.08764532730407e-10,"MRPL35"
1.09518318539715e-14,0.377983924729754,0.173,0.124,2.10165653277713e-10,"PYCRL"
1.16825668597709e-14,-0.424640264986403,0.27,0.317,2.24188458039003e-10,"CCDC18"
1.2486852342561e-14,0.413375261167599,0.177,0.128,2.39622696453745e-10,"NFS1"
1.2836354998743e-14,-0.280640039320922,0.488,0.527,2.46329652425878e-10,"ARL6IP6"
1.3575310520327e-14,-0.335695887080802,0.388,0.429,2.60510208885075e-10,"SFT2D2"
1.4212531138425e-14,0.353992315993735,0.249,0.192,2.72738472546377e-10,"HYAL3"
1.43871948238419e-14,0.286000849208063,0.329,0.261,2.76090268669527e-10,"SPIN4"
1.48730466597735e-14,-0.607140709847775,0.104,0.145,2.85413765401053e-10,"NLRP2"
1.57418916500124e-14,-0.448679985659367,0.146,0.191,3.02086900763738e-10,"IRF7"
1.67219494868553e-14,-0.261961490871798,0.635,0.65,3.20894210652753e-10,"TMEM106C"
1.69829081336591e-14,0.293265337201854,0.306,0.245,3.25902007084918e-10,"RFT1"
1.7007521324352e-14,-0.498640252132579,0.174,0.219,3.26374334214315e-10,"MELK"
1.72692305881984e-14,-0.302866809694811,0.459,0.503,3.31396534987527e-10,"NCOA7"
1.72768442113644e-14,-0.591171965456214,0.109,0.15,3.31542640416083e-10,"ZNF362"
1.73862402685816e-14,-0.431420230618722,0.218,0.266,3.33641950754081e-10,"LRRC61"
1.74910952325566e-14,0.380492198178757,0.218,0.163,3.35654117512761e-10,"SLC2A1"
1.77730373710344e-14,-0.328496967417359,0.375,0.421,3.4106458715015e-10,"ZC3H7A"
1.90009724928288e-14,0.251678809516972,0.462,0.396,3.64628662137386e-10,"COPS7A"
1.95934714186379e-14,0.353026820077665,0.23,0.173,3.75998716523661e-10,"KMT2B"
2.01302426176103e-14,-0.558502309601472,0.118,0.16,3.86299355831941e-10,"ANKRD44"
2.14004172348686e-14,0.317387962625077,0.225,0.169,4.10674006737128e-10,"GCN1"
2.16974136077494e-14,0.271399505887265,0.361,0.294,4.1637336713271e-10,"ZMPSTE24"
2.18564854998992e-14,0.283575029888594,0.313,0.25,4.19425956743066e-10,"ATG13"
2.26653900096254e-14,-0.54472142114532,0.145,0.188,4.34948834284712e-10,"KCTD6"
2.39912284697372e-14,0.250450396285337,0.463,0.395,4.60391674334257e-10,"CARS2"
2.53761481633531e-14,0.465823580265227,0.144,0.101,4.86968283254746e-10,"SERINC2"
2.67176393384939e-14,0.310251986091944,0.335,0.272,5.12711498905698e-10,"DEF8"
2.80501565760528e-14,-0.553682056353348,0.118,0.16,5.38282504694452e-10,"AGTPBP1"
2.91718292928634e-14,-0.291752260785979,0.435,0.475,5.59807404130048e-10,"CTDSPL2"
2.91996344662202e-14,0.310910502668769,0.388,0.324,5.60340985406765e-10,"STXBP5"
3.0148051113054e-14,-0.407980156507339,0.281,0.327,5.78541100859506e-10,"AP2A2"
3.1210880787487e-14,-0.254946904633865,0.459,0.498,5.98936802311876e-10,"ACAA2"
3.31922580550716e-14,-0.670681120340319,0.092,0.129,6.36959432076824e-10,"HEATR5A"
3.37780123580497e-14,0.354072893767641,0.225,0.172,6.48200057150974e-10,"PWWP2B"
3.39539995105396e-14,0.360297953854794,0.194,0.143,6.51577250607255e-10,"IRS2"
3.96572071018194e-14,-0.57661765465076,0.106,0.146,7.61021804283914e-10,"HYLS1"
3.97873834390247e-14,0.265153922693802,0.368,0.304,7.63519888194884e-10,"LTV1"
4.07373324300381e-14,0.302105971818163,0.258,0.198,7.81749409332431e-10,"MECR"
4.10392113493765e-14,0.374849555562173,0.229,0.175,7.87542465794536e-10,"CBY1"
4.3263343610646e-14,0.293742584638585,0.358,0.294,8.30223563888297e-10,"PSMC4"
4.45992876285087e-14,-0.29882132850797,0.382,0.426,8.55860329591083e-10,"ATP2B1"
4.48091599462836e-14,0.278734018181842,0.322,0.258,8.59887779369183e-10,"C9orf69"
4.52571840120149e-14,0.374251046689824,0.237,0.184,8.68485361190565e-10,"DBN1"
4.57635970708134e-14,-0.403078385080562,0.268,0.314,8.78203427788909e-10,"KIAA1033"
4.81658322413529e-14,-0.395492326089936,0.292,0.337,9.24302320711562e-10,"GPSM2"
4.89873249224882e-14,-0.41749422657752,0.238,0.285,9.40066765262548e-10,"COMMD2"
5.43387431431638e-14,-0.429696459678496,0.251,0.298,1.04276048091731e-09,"ARID4A"
5.82396909559372e-14,0.344261669838699,0.194,0.144,1.11761966944444e-09,"AC009403.2"
6.11727676954339e-14,0.284119774432663,0.285,0.225,1.17390541207538e-09,"MTMR4"
6.93580312852989e-14,0.270859466260909,0.384,0.32,1.33098062036489e-09,"ATF5"
7.44139141941313e-14,-0.264387104552599,0.497,0.534,1.42800301338538e-09,"SORBS3"
7.91924151111715e-14,0.436852549085321,0.164,0.119,1.51970244598338e-09,"GNS"
8.13571726491441e-14,0.410595506115086,0.162,0.116,1.56124414313707e-09,"MFSD3"
8.26769643127598e-14,-0.267045449451463,0.511,0.543,1.58657094516186e-09,"DNAJC4"
8.3596263737091e-14,-0.285368805718293,0.492,0.526,1.60421230111478e-09,"ZNF292"
8.50807063104223e-14,-0.295408372877895,0.433,0.473,1.632698754097e-09,"SAT2"
8.72226175282886e-14,0.565904221581418,0.107,0.07,1.67380203036786e-09,"RP11-10L12.4"
9.02989508598145e-14,-0.527415692370247,0.211,0.255,1.73283686699984e-09,"GUCY1A3"
9.803567676544e-14,0.296154832844903,0.319,0.259,1.88130463712879e-09,"CIAPIN1"
1.00841130368254e-13,-0.560111450815675,0.132,0.173,1.93514129176679e-09,"LDLRAD4"
1.04903421977144e-13,0.254935614932799,0.321,0.259,2.0130966677414e-09,"TXLNG"
1.05813545347776e-13,0.299955189018218,0.317,0.256,2.03056193522383e-09,"TUBE1"
1.06496528141963e-13,-0.385709299883099,0.245,0.293,2.04366837504427e-09,"CPPED1"
1.15483888220039e-13,0.284243595249602,0.265,0.207,2.21613581494254e-09,"POM121"
1.17871007820825e-13,0.277020425666064,0.32,0.258,2.26194464008163e-09,"SCARB1"
1.19861538334714e-13,0.311325649363166,0.34,0.279,2.30014292064316e-09,"ARHGAP22"
1.21584086300988e-13,-0.618120979342719,0.093,0.13,2.33319861611597e-09,"IFIT5"
1.2261346456312e-13,0.430084067879025,0.153,0.109,2.35295238496627e-09,"NCF2"
1.26696003687959e-13,-0.609542865795117,0.105,0.143,2.43129631077192e-09,"ZNF662"
1.28328435439933e-13,-0.389244006106243,0.256,0.302,2.46262267609231e-09,"DDB2"
1.31151263891645e-13,0.379349895450649,0.215,0.164,2.51679275408066e-09,"AC007325.4"
1.35365328926681e-13,-0.265939100761578,0.492,0.526,2.59766066210301e-09,"PEX2"
1.44517433972238e-13,0.334574212795489,0.193,0.143,2.77328955792724e-09,"ZNF761"
1.45023193638e-13,-0.370098378923641,0.251,0.298,2.78299508591322e-09,"ERBB2IP"
1.51364924724438e-13,-0.527722918636651,0.123,0.164,2.90469290546197e-09,"TRIM38"
1.52574791572947e-13,0.270579757969444,0.375,0.311,2.92791025028486e-09,"AC009005.2"
1.55505115506478e-13,-0.36900082209441,0.317,0.36,2.98414316656932e-09,"FOXO3"
1.59589057154687e-13,-0.455650396087563,0.191,0.235,3.06251400679845e-09,"FLJ37453"
1.62103262476424e-13,0.257197163799084,0.416,0.352,3.11076160692257e-09,"NIT2"
1.65062459963531e-13,0.257725818852202,0.408,0.341,3.16754860670016e-09,"SNAP23"
1.68269348169274e-13,0.343568110490773,0.199,0.149,3.22908879136838e-09,"UTP20"
1.71887594365326e-13,0.275951729917061,0.395,0.329,3.2985229358706e-09,"B4GALT3"
2.09236436019756e-13,-0.341488745080595,0.316,0.36,4.01524720721911e-09,"SDHA"
2.1860120348022e-13,-0.670826776809647,0.098,0.134,4.19495709478543e-09,"NIPSNAP1"
2.192079002389e-13,0.254522362694614,0.383,0.319,4.2065996055845e-09,"BCAT1"
2.24687119159479e-13,-0.362991479900451,0.335,0.377,4.3117458166704e-09,"GBAS"
2.27694050094116e-13,-0.26831752618127,0.523,0.554,4.36944882130609e-09,"TNRC6B"
2.59440846402787e-13,0.30906677523601,0.252,0.196,4.97866984246949e-09,"RP9"
2.64826111407645e-13,-0.547532126218404,0.097,0.134,5.0820130779127e-09,"ARID5B"
2.70849604789855e-13,0.276837956248702,0.308,0.246,5.19760391591732e-09,"NME7"
2.77312862053327e-13,-0.346123394730106,0.385,0.424,5.32163382280335e-09,"RNF168"
2.86059236397731e-13,-0.404381743801984,0.197,0.243,5.48947674647246e-09,"ARRDC3"
2.87316783509166e-13,0.261096607917982,0.302,0.241,5.5136090755409e-09,"METTL16"
2.96199627603337e-13,0.306493579239282,0.231,0.178,5.68407085370804e-09,"YKT6"
2.98111140043185e-13,0.279839286623785,0.309,0.25,5.72075277742873e-09,"FAM78A"
3.1675513634335e-13,0.2993471215663,0.276,0.22,6.07853106642889e-09,"UTP3"
3.4011599605327e-13,-0.31570742794379,0.36,0.404,6.52682596426225e-09,"MIR4435-2HG"
3.58319381992219e-13,0.30477990890696,0.216,0.164,6.87614894043068e-09,"L3MBTL2"
3.74582733883212e-13,0.45342888052486,0.162,0.117,7.18824266321884e-09,"ACSL4"
3.87958562048685e-13,0.299871740398834,0.281,0.224,7.44492480571427e-09,"SUCO"
3.9252785354487e-13,0.310688751550714,0.252,0.198,7.53260950952606e-09,"RNMTL1"
4.26828107470383e-13,0.274394776181409,0.289,0.231,8.19083138235666e-09,"KRI1"
4.47996319193703e-13,-0.303811354809912,0.364,0.408,8.59704936532716e-09,"TNRC6A"
4.68397646511379e-13,0.352007740933674,0.17,0.124,8.98855083655336e-09,"TONSL"
5.01546129630177e-13,-0.517597451035082,0.149,0.19,9.62467022760309e-09,"CMBL"
5.09051900050621e-13,0.278041150904984,0.339,0.278,9.76870596197142e-09,"C15orf39"
5.15359293953377e-13,0.419395838325699,0.138,0.097,9.8897448509653e-09,"RAB29"
5.75365911768753e-13,0.487974501172715,0.1,0.065,1.10412718468424e-08,"CTD-2162K18.4"
5.81020250759681e-13,-0.278762982698999,0.437,0.476,1.11497786120783e-08,"TM2D3"
5.90009127455609e-13,-0.359592080482974,0.303,0.347,1.13222751558731e-08,"MB21D1"
6.12200249513284e-13,-0.250523813756508,0.393,0.441,1.17481227881599e-08,"ID2"
6.13175591038203e-13,0.326133682619498,0.201,0.151,1.17668395920231e-08,"RPP40"
6.35731959156552e-13,0.29058408761015,0.297,0.241,1.21996962962142e-08,"SLC9B2"
6.37862882271833e-13,0.279251694019265,0.333,0.273,1.22405887107965e-08,"SLC25A38"
6.85186335457331e-13,-0.401030498916055,0.243,0.286,1.31487257774262e-08,"CTNND1"
7.05679811458328e-13,0.269992028700222,0.33,0.268,1.35419955818853e-08,"EXOSC2"
7.23764891122397e-13,0.353579507363431,0.164,0.119,1.38890482606388e-08,"TET1"
7.4412585623323e-13,-0.397058310974417,0.259,0.302,1.42797751811157e-08,"HTT"
7.62671113060323e-13,0.366653681532047,0.168,0.123,1.46356586596276e-08,"UTP15"
8.14707618270856e-13,-0.471533039791391,0.206,0.247,1.56342391946177e-08,"RAB24"
8.4387854546315e-13,-0.37758473314811,0.262,0.306,1.61940292874378e-08,"PTPRC"
8.68782061248462e-13,0.331439208770667,0.235,0.184,1.6671927755358e-08,"BAHCC1"
8.84011512846168e-13,-0.601867041994236,0.095,0.131,1.6964180931518e-08,"ZFAND4"
8.86552653726821e-13,0.315273113880447,0.312,0.252,1.70129454250177e-08,"RGS18"
8.89873873507475e-13,0.271640295185827,0.346,0.286,1.70766796326085e-08,"HK2"
9.61114570985953e-13,-0.435127665731949,0.21,0.254,1.84437886172204e-08,"ARHGAP5"
9.9675878176363e-13,0.30233312213607,0.248,0.195,1.91278010220441e-08,"MPI"
1.04353880924356e-12,-0.256228266735315,0.44,0.481,2.0025509749384e-08,"TP53I13"
1.0511115251545e-12,0.420612899426063,0.162,0.119,2.01708301677148e-08,"BORA"
1.16550552174438e-12,0.310387783683792,0.27,0.214,2.23660509622747e-08,"KCNN4"
1.17821787029957e-12,-0.564910391773336,0.114,0.152,2.26100009310487e-08,"TRIP4"
1.1968330906549e-12,0.279503794322341,0.303,0.245,2.29672270096676e-08,"HGH1"
1.39374497599671e-12,-0.459028888445501,0.228,0.269,2.67459660893768e-08,"MAST4"
1.51411251479456e-12,0.383783512209351,0.157,0.114,2.90558191589077e-08,"POP1"
1.53916361608064e-12,-0.591779775980513,0.096,0.131,2.95365497925875e-08,"MDFI"
1.55010262321444e-12,0.333095906501632,0.175,0.129,2.97464693394852e-08,"MFAP2"
1.70299445954634e-12,0.254523567273729,0.376,0.315,3.26804636786944e-08,"ECI1"
1.88007522813320e-12,-0.399430628494257,0.25,0.292,3.60786436278762e-08,"PDHX"
1.98173774168775e-12,0.295124319771223,0.278,0.223,3.8029547262988e-08,"TNFAIP8L2"
2.05292123262996e-12,0.277642524167726,0.234,0.181,3.93955584541689e-08,"C10orf2"
2.21553055458759e-12,-0.493495012782286,0.144,0.185,4.25160313425359e-08,"DENND5A"
2.24739087456288e-12,-0.325106892163175,0.322,0.365,4.31274308828616e-08,"AKAP13"
2.28374449507508e-12,-0.359813860525113,0.295,0.335,4.38250568604908e-08,"UBE4A"
2.31069543694239e-12,0.255276170328846,0.302,0.243,4.43422454349244e-08,"UNC13D"
2.39505418331312e-12,-0.437382656011224,0.232,0.273,4.59610897777788e-08,"CD55"
2.46056407947801e-12,0.473578930916326,0.181,0.137,4.7218224685183e-08,"CITED4"
2.58893414222717e-12,-0.395057867647637,0.24,0.283,4.96816461893394e-08,"PLSCR1"
2.65274053334551e-12,0.31502409822275,0.21,0.16,5.09060908349004e-08,"ZNF592"
2.66396084677064e-12,-0.2630342659805,0.438,0.474,5.11214086495285e-08,"IFNAR2"
2.67021166936576e-12,-0.455499086079036,0.183,0.225,5.1241361935129e-08,"IRF2"
2.75356529106955e-12,0.257981430512257,0.382,0.322,5.28409179356246e-08,"MINCR"
3.06176188416775e-12,0.27170075072647,0.266,0.211,5.87552105571792e-08,"ASAP1"
3.13451186090728e-12,0.357614823818984,0.146,0.104,6.01512826108106e-08,"RP11-386G11.10"
3.27327130804401e-12,0.377571718265077,0.157,0.115,6.28140764013645e-08,"THRA"
3.33620479299942e-12,0.258897926740095,0.297,0.24,6.40217699776588e-08,"HCK"
3.42064675760978e-12,0.375642926720294,0.185,0.14,6.56422112785316e-08,"ANKRD16"
3.46113247851956e-12,0.257684289717662,0.373,0.314,6.64191322627903e-08,"MPV17L2"
3.68940403018379e-12,0.253109290918729,0.397,0.336,7.07996633392269e-08,"NT5C3A"
3.98477082857713e-12,-0.296947156807717,0.406,0.445,7.64677522003951e-08,"LMF2"
4.0364418159521e-12,-0.62571876894114,0.082,0.115,7.74593184481209e-08,"RRAS"
4.21475600050159e-12,0.251956284951739,0.362,0.3,8.08811676496255e-08,"CHKA"
4.22555849743165e-12,0.298044967716161,0.239,0.186,8.10884675657134e-08,"MOGS"
4.31759580830761e-12,-0.673766894746727,0.08,0.112,8.28546635614231e-08,"RGS12"
4.32024126506113e-12,-0.353646037961354,0.31,0.352,8.29054298765231e-08,"ARHGAP4"
4.42360702416368e-12,-0.398092815392464,0.233,0.275,8.48890187937011e-08,"MOAP1"
4.53959001648004e-12,0.487971266996471,0.108,0.073,8.71147324162519e-08,"PLEKHA4"
4.61974449919516e-12,0.287221926726015,0.289,0.234,8.86528969395551e-08,"B3GNT5"
4.91208268133421e-12,0.36062553901382,0.171,0.127,9.42628666548035e-08,"URB1"
4.92945683885009e-12,0.331837355395574,0.196,0.149,9.45962767375332e-08,"RRP12"
5.31608308687472e-12,0.267700614905602,0.287,0.231,1.02015634437126e-07,"SLC39A9"
5.5964982372646e-12,0.304584553328969,0.26,0.208,1.07396801173108e-07,"GEMIN2"
5.67425061793347e-12,0.256876715305253,0.313,0.256,1.08888869358143e-07,"AGPAT3"
5.82014742849806e-12,-0.6043833248513,0.091,0.125,1.11688629152878e-07,"ST6GAL1"
6.49587419808177e-12,-0.646084129548194,0.085,0.118,1.24655825861189e-07,"SEMA6B"
6.52232315477879e-12,0.288069582474816,0.254,0.202,1.25163381340205e-07,"PLCB2"
6.70326608908598e-12,-0.586859550458845,0.096,0.13,1.2863567624956e-07,"ACAD8"
6.76218077995747e-12,-0.626829869415447,0.087,0.12,1.29766249167384e-07,"DSE"
7.25357838804227e-12,0.32264953552071,0.303,0.249,1.39196169266531e-07,"TRIB3"
7.58422868856868e-12,0.372147752390508,0.162,0.12,1.45541348533633e-07,"KDM6B"
7.75394593414990e-12,0.267591053816492,0.28,0.226,1.48798222476337e-07,"C6orf106"
8.01354449136799e-12,0.370917976997742,0.167,0.124,1.53779918789352e-07,"ASH1L-AS1"
8.13675157545302e-12,0.264975004309479,0.373,0.315,1.56144262732943e-07,"NEURL1"
8.41852706170659e-12,0.400936588535202,0.143,0.103,1.61551534314149e-07,"SLC27A4"
8.42050370138664e-12,-0.329136726435358,0.356,0.394,1.6158946602961e-07,"ANKRD49"
8.59673899605347e-12,-0.488917735690525,0.159,0.197,1.64971421334266e-07,"CTD-2020K17.1"
8.90848838588481e-12,-0.264619701424958,0.462,0.498,1.70953892125129e-07,"RP11-352M15.2"
9.02410247841494e-12,-0.574650073134582,0.096,0.13,1.73172526560783e-07,"RP11-195F19.5"
9.03282729022049e-12,0.314720913949855,0.193,0.147,1.73339955699331e-07,"PIGL"
9.39353706178879e-12,0.315024877899314,0.164,0.121,1.80261976215727e-07,"CAPN15"
9.72844867174455e-12,0.271568953380513,0.257,0.203,1.86688930010778e-07,"AUNIP"
1.01323519165866e-11,-0.298121064554357,0.299,0.344,1.94439833279297e-07,"SYNJ2"
1.02460212147707e-11,-0.407848366346722,0.232,0.273,1.9662114711145e-07,"MTO1"
1.05125693908954e-11,0.343196875598255,0.189,0.143,2.01736206611283e-07,"VWA1"
1.05529364427367e-11,0.264404610349482,0.425,0.368,2.02510850336118e-07,"BCL2L1"
1.08318687635067e-11,-0.622902547149222,0.093,0.127,2.07863561571693e-07,"ARMT1"
1.09112637988486e-11,0.272256989303815,0.256,0.204,2.09387152299905e-07,"LINC01003"
1.09945781397951e-11,0.413189965572684,0.136,0.098,2.10985954502668e-07,"CIPC"
1.12158217408949e-11,0.338653728802095,0.171,0.127,2.15231619207772e-07,"HIC2"
1.12715748058741e-11,-0.392851377122193,0.231,0.272,2.16301520524725e-07,"UBXN11"
1.16776321336972e-11,0.301376739752081,0.221,0.172,2.24093760645649e-07,"TMEM161A"
1.23379932464543e-11,-0.433769093201277,0.189,0.229,2.36766090399459e-07,"SOAT1"
1.24280375844239e-11,-0.255982127321283,0.458,0.491,2.38494041245095e-07,"ITGB1"
1.24827795723033e-11,-0.48784242758545,0.171,0.21,2.39544539992499e-07,"F2RL1"
1.29186549204307e-11,0.258685907714669,0.314,0.258,2.47908987923066e-07,"GNB1L"
1.31527696805037e-11,-0.400679126721633,0.209,0.25,2.52401650168867e-07,"CYSLTR1"
1.35007547928029e-11,-0.604229709490711,0.109,0.144,2.59079484473887e-07,"SPATA20"
1.3635842656175e-11,0.261457342736818,0.277,0.223,2.61671820571999e-07,"MFSD5"
1.38171662095187e-11,-0.60509119145255,0.105,0.139,2.65151419560664e-07,"GALNT6"
1.53765611353656e-11,-0.339144485022877,0.303,0.345,2.95076208187665e-07,"KIAA0430"
1.65928564415876e-11,-0.333314052831305,0.328,0.367,3.18416915114065e-07,"RERE"
1.66749898050222e-11,0.362997695820418,0.154,0.113,3.19993054358377e-07,"BCL2A1"
1.85622967908453e-11,-0.623318035959703,0.072,0.102,3.5621047541632e-07,"ENO2"
1.87800428786449e-11,-0.47283204630018,0.101,0.136,3.60389022841196e-07,"IL6ST"
1.92166942547839e-11,-0.439773054531081,0.154,0.193,3.68768362749302e-07,"FAM127A"
1.92867756336892e-11,-0.437573607909577,0.202,0.242,3.70113224410496e-07,"RIMKLB"
1.9609835987086e-11,-0.564881417292773,0.083,0.115,3.7631275259218e-07,"PELI1"
2.00212482547978e-11,-0.3365067898745,0.316,0.356,3.84207754009571e-07,"RP11-500C11.3"
2.05186690282586e-11,0.262183080570892,0.288,0.233,3.93753258652283e-07,"CTSW"
2.10681166395285e-11,0.327606325201116,0.183,0.138,4.04297158312551e-07,"RP11-395A13.2"
2.11678197147826e-11,0.257227926505542,0.34,0.284,4.06210460326679e-07,"ARMCX3"
2.13958751752442e-11,-0.457335728786894,0.185,0.224,4.10586844612936e-07,"PGPEP1"
2.20267198212e-11,0.258087556849111,0.29,0.236,4.22692753368827e-07,"SRF"
2.23745657112275e-11,0.264341810040551,0.177,0.133,4.29367915998456e-07,"UMPS"
2.41860306103689e-11,-0.303431413569127,0.399,0.435,4.64129927412978e-07,"MCM5"
2.4271986160606e-11,-0.283796221535457,0.458,0.485,4.65779414422029e-07,"IGBP1"
2.48813560059709e-11,0.441709289767157,0.137,0.1,4.77473221754581e-07,"ABCC4"
2.60138242809558e-11,0.389275959070126,0.184,0.142,4.99205287951543e-07,"TCEB3-AS1"
2.60549078089059e-11,0.319241860399083,0.231,0.183,4.99993680852904e-07,"EMILIN2"
2.8421448270768e-11,-0.407058388128833,0.216,0.255,5.45407592316037e-07,"CEP135"
2.99052124887231e-11,0.32943056961112,0.204,0.159,5.73881027658597e-07,"PINX1"
2.99423200588147e-11,0.261953155396692,0.233,0.183,5.74593121928654e-07,"NLE1"
3.09880974313935e-11,0.270748433751624,0.274,0.221,5.94661589708442e-07,"MAN2A2"
3.20069878471515e-11,-0.359550054589188,0.286,0.324,6.14214096786837e-07,"TAGAP"
3.23103630389899e-11,-0.509485515597096,0.114,0.149,6.20035866718216e-07,"HIVEP3"
3.43799142951494e-11,-0.302812846445714,0.414,0.447,6.59750555323917e-07,"FSCN1"
3.56804948439474e-11,-0.262664781931263,0.363,0.406,6.84708696055351e-07,"GPATCH8"
3.74634267501087e-11,-0.528802191301329,0.124,0.159,7.18923159334585e-07,"NEURL1B"
3.74904183556624e-11,0.320431200588441,0.183,0.139,7.19441128245162e-07,"LDB1"
4.03950484735049e-11,0.28953372516592,0.222,0.174,7.75180980206559e-07,"ALOX12-AS1"
4.12041738992085e-11,0.410239818468643,0.162,0.121,7.90708097125811e-07,"ANKRD9"
4.26721780805285e-11,0.279566618406923,0.194,0.149,8.18879097365342e-07,"MED12"
4.28850050897217e-11,-0.519218377985107,0.164,0.201,8.22963247671759e-07,"KLF10"
4.49010948571563e-11,0.269012835337243,0.288,0.236,8.61652010308829e-07,"SLC35A4"
4.58821252595228e-11,-0.573404779839903,0.113,0.147,8.80477983730243e-07,"SULT1A3"
4.69583399244953e-11,0.413705225823392,0.222,0.177,9.01130543151064e-07,"PTP4A3"
4.70692877380164e-11,-0.370503608954802,0.298,0.337,9.03259631692534e-07,"TNFAIP8L1"
4.78294072988266e-11,-0.459870651093195,0.14,0.177,9.17846326064482e-07,"ISG20"
4.83387637720559e-11,0.308305019827349,0.192,0.147,9.27620876785753e-07,"DFFB"
4.87375763785683e-11,-0.506078254208043,0.102,0.136,9.35274090704726e-07,"SLC2A8"
4.93594329120527e-11,0.348719957131736,0.132,0.095,9.47207517582291e-07,"TMCC1-AS1"
5.01774528170868e-11,0.295953986142357,0.198,0.153,9.62905319559896e-07,"KDM1B"
5.20873036153281e-11,-0.259481182168975,0.42,0.456,9.99555356378147e-07,"CNTRL"
5.4625980436406e-11,-0.631857540028072,0.097,0.129,1.04827256457463e-06,"E2F8"
5.94994994516612e-11,0.303609501681781,0.196,0.15,1.14179539447738e-06,"INPP5F"
5.98685244017872e-11,0.269864364229712,0.242,0.192,1.1488769832703e-06,"PAQR3"
6.01620703261261e-11,-0.455924955711193,0.176,0.214,1.15451012955836e-06,"RXRA"
6.0673817639478e-11,0.387264380636869,0.143,0.106,1.16433056050158e-06,"SMPDL3B"
6.25984834674495e-11,-0.416549991170164,0.19,0.229,1.20126489774035e-06,"C2CD5"
6.28134321518434e-11,0.31091507460924,0.142,0.103,1.20538976299387e-06,"FDXACB1"
6.34895215212342e-11,0.28903570394136,0.233,0.185,1.21836391799248e-06,"VARS"
6.59917983151666e-11,-0.462466172453332,0.179,0.216,1.26638260966805e-06,"MAP3K3"
6.74044485107736e-11,-0.302849562789315,0.335,0.373,1.29349136692175e-06,"CLK1"
6.92971832695907e-11,-0.442070975191488,0.181,0.219,1.32981294694345e-06,"NAB1"
7.04652772489588e-11,0.257890517608282,0.269,0.218,1.35222867040752e-06,"BDH1"
7.12826960458405e-11,-0.613687010537092,0.072,0.101,1.36791493711968e-06,"FBXO48"
7.19418172903808e-11,0.422785658972739,0.122,0.087,1.38056347380241e-06,"RDH13"
7.20837343697478e-11,0.476216284870623,0.123,0.088,1.38328686255546e-06,"DVL1"
7.41859377409475e-11,-0.455495834336894,0.144,0.18,1.42362814524878e-06,"KIF13A"
7.48562271985961e-11,0.337066853449464,0.217,0.172,1.43649099994106e-06,"POM121C"
7.50544241525706e-11,-0.296326091798015,0.344,0.382,1.44029439948783e-06,"SYNC"
7.57835629297891e-11,0.45560191438957,0.118,0.084,1.45428657262265e-06,"WDR90"
8.04234683912194e-11,0.265817789761792,0.185,0.141,1.5433263584275e-06,"PPP2R1B"
8.18637917574703e-11,0.357150497514958,0.145,0.107,1.57096616382585e-06,"PUS7"
8.70575243004334e-11,0.392703925181314,0.152,0.113,1.67063389132532e-06,"PITRM1"
8.77060160922464e-11,-0.513328053667987,0.132,0.167,1.68307844881021e-06,"BMPR2"
9.60683095003622e-11,-0.419594215262932,0.198,0.237,1.84355085931195e-06,"HERC1"
1.00572837369768e-10,-0.362936493964652,0.23,0.271,1.92999274912585e-06,"DONSON"
1.00645869848063e-10,0.38502342065148,0.14,0.102,1.93139424238433e-06,"PXMP4"
1.01407691131033e-10,-0.536290464929961,0.102,0.135,1.94601359280452e-06,"MYD88"
1.02142235851105e-10,-0.378019137815459,0.274,0.311,1.9601095059827e-06,"C16orf62"
1.04250397294459e-10,-0.255329848586034,0.414,0.45,2.00056512408066e-06,"SMARCA2"
1.09483635975007e-10,-0.389275430316284,0.23,0.268,2.10099097436038e-06,"CKAP2L"
1.10110364911294e-10,0.427408285203133,0.107,0.075,2.11301790264773e-06,"DAG1"
1.1454442174439e-10,0.344182681714841,0.15,0.112,2.19810745327484e-06,"LDLRAP1"
1.15870997869156e-10,-0.579971985170053,0.094,0.126,2.2235644491091e-06,"BAZ2B"
1.23139259772074e-10,-0.31584613579407,0.275,0.316,2.36304239502611e-06,"CERCAM"
1.24852325611511e-10,-0.282005107462189,0.386,0.421,2.3959161284849e-06,"CAMK2G"
1.28002481173759e-10,0.354255662813113,0.179,0.137,2.45636761372443e-06,"TNFRSF14"
1.42899002371331e-10,-0.28997418601587,0.238,0.28,2.74223185550583e-06,"BHLHE40"
1.43876720086522e-10,0.278297578040749,0.175,0.133,2.76099425846035e-06,"CRCP"
1.47636737246533e-10,-0.335094928891614,0.335,0.369,2.83314898776096e-06,"ERGIC1"
1.47844988925261e-10,0.348951603469399,0.181,0.139,2.83714533747575e-06,"CLPB"
1.48904646444485e-10,-0.458147258402233,0.197,0.234,2.85748016526967e-06,"HIST2H2AC"
1.5918591860639e-10,-0.312109031789339,0.296,0.334,3.05477777805663e-06,"ZBED1"
1.71464564219487e-10,0.28345892887641,0.249,0.2,3.29040498737195e-06,"PLAGL2"
1.71976317058432e-10,-0.612374749025029,0.08,0.11,3.30022552435131e-06,"TTC39B"
1.7948845203936e-10,-0.368197752825993,0.266,0.301,3.44438339463532e-06,"KIF11"
1.92256597353643e-10,0.255204709937113,0.316,0.261,3.68940410321641e-06,"LONP1"
1.98181193315235e-10,0.260927961494547,0.272,0.221,3.80309709971936e-06,"LIN7C"
2.03272078190083e-10,-0.41089103088117,0.138,0.174,3.9007911804677e-06,"ZBTB25"
2.03838417409712e-10,-0.51637928963089,0.124,0.157,3.91165923009238e-06,"KIAA1147"
2.04278973054465e-10,-0.522392423541808,0.134,0.168,3.92011349291519e-06,"ZBTB8A"
2.08833403759038e-10,0.318177857455077,0.177,0.136,4.00751301813594e-06,"KCNE3"
2.1635484667971e-10,-0.342992410951359,0.245,0.284,4.15184950778364e-06,"HIST1H1C"
2.26302287901023e-10,0.30922182216743,0.254,0.207,4.34274090482063e-06,"DLGAP3"
2.27148541243678e-10,-0.388954256127767,0.252,0.29,4.35898050646619e-06,"PECAM1"
2.29287793734509e-10,0.250574909917036,0.28,0.228,4.40003276176523e-06,"ATG4D"
2.34370689440178e-10,0.264545162057713,0.296,0.245,4.49757353035702e-06,"NOL10"
2.35586469990047e-10,-0.330639433821034,0.268,0.307,4.52090435910899e-06,"PGS1"
2.45457930104998e-10,-0.446321281053966,0.161,0.198,4.71033767871491e-06,"CXorf21"
2.50445648057684e-10,-0.467614741734618,0.159,0.194,4.80605198622696e-06,"SCMH1"
2.51130169682063e-10,0.292623606117502,0.245,0.199,4.81918795619879e-06,"ATP13A1"
2.56229030646597e-10,-0.356295959923799,0.247,0.286,4.91703509810819e-06,"ABCA7"
2.56491025266055e-10,0.250385719676961,0.258,0.21,4.92206277485559e-06,"OCEL1"
2.62205629810186e-10,0.445987690557304,0.125,0.091,5.03172603605747e-06,"ABHD17C"
2.74741036051784e-10,0.272974514629993,0.207,0.163,5.27228048183373e-06,"PDSS2"
2.75752849839032e-10,-0.411597225861272,0.18,0.218,5.29169718841102e-06,"CALN1"
2.7610081231382e-10,0.381125149912264,0.123,0.089,5.29837458830221e-06,"TRAF3IP3"
3.03417014985342e-10,-0.442885624389678,0.162,0.198,5.8225725175687e-06,"ZC3H12C"
3.22175406887014e-10,0.256008777278779,0.184,0.142,6.1825460581618e-06,"LINC01311"
3.30083935541314e-10,0.44700298146118,0.118,0.085,6.33431072303781e-06,"CTU2"
3.50347048407273e-10,-0.342838111483976,0.231,0.27,6.72315985893556e-06,"CHST14"
3.58122407354356e-10,0.319111294576685,0.183,0.141,6.87236899713008e-06,"TRIM16L"
4.02254220179732e-10,-0.358098643415069,0.212,0.251,7.71925848524905e-06,"THEM6"
4.22401792745959e-10,0.288818767696223,0.244,0.197,8.10589040279494e-06,"TRIM16"
4.45459876862816e-10,-0.445390314936203,0.148,0.184,8.54837503699744e-06,"SLC11A2"
4.5406169269596e-10,-0.358345777887196,0.225,0.262,8.71344388283547e-06,"CH17-189H20.1"
4.6406141386578e-10,0.292739466088884,0.172,0.131,8.90533853208431e-06,"ETFDH"
4.65024287828397e-10,-0.551469576641833,0.121,0.153,8.92381608342694e-06,"TMEM154"
4.90213750331278e-10,-0.311844345269749,0.296,0.336,9.40720186885723e-06,"IL17RA"
5.08272411273817e-10,0.257415799029388,0.204,0.16,9.75374757234455e-06,"PCYT1A"
5.10067407197671e-10,-0.400999971522419,0.17,0.208,9.7881935441233e-06,"CTA-292E10.6"
5.19641246088754e-10,0.318567543192323,0.163,0.124,9.97191551244319e-06,"POFUT1"
5.26023877585903e-10,0.414222955799784,0.123,0.089,1.00943982108735e-05,"ENKD1"
5.42219475095966e-10,0.262002355565817,0.199,0.156,1.04051917270916e-05,"PPP1R12C"
5.6290359904461e-10,0.268082622250681,0.198,0.154,1.08021200656661e-05,"SLC39A6"
5.67311562128252e-10,0.262163814305605,0.218,0.173,1.08867088772412e-05,"MFN2"
5.80309242552651e-10,0.29784291347404,0.183,0.142,1.11361343645854e-05,"DDX19A"
5.81052377869538e-10,-0.370300958672528,0.253,0.289,1.11503951313164e-05,"OSER1"
5.96384704638082e-10,-0.425865685344592,0.17,0.205,1.14446224820048e-05,"MEF2A"
6.02077288328903e-10,0.289890368396859,0.169,0.129,1.15538631630317e-05,"PRRC1"
6.41469838916212e-10,0.252183258476905,0.297,0.247,1.23098062088021e-05,"CH17-340M24.3"
6.62904111265594e-10,0.437569321872732,0.128,0.094,1.27211298951868e-05,"AVPI1"
6.81463928912155e-10,0.263319278950088,0.22,0.175,1.30772927958243e-05,"GRK4"
6.98889285133158e-10,0.396557633923909,0.101,0.071,1.34116853817053e-05,"CYB5RL"
7.79822162079906e-10,-0.398016117491395,0.206,0.243,1.49647872903134e-05,"ATM"
8.31833320118062e-10,-0.572117925979371,0.103,0.133,1.59628814130656e-05,"TP53I3"
8.49474429991229e-10,-0.48421162129208,0.154,0.188,1.63014143115317e-05,"LDLR"
8.76349228778619e-10,0.307427940698923,0.22,0.177,1.68171417002617e-05,"NEU3"
9.52028135782074e-10,-0.650082395732229,0.079,0.107,1.8269419925658e-05,"TBC1D31"
9.55542194190945e-10,-0.415369031501512,0.154,0.189,1.83368547065242e-05,"CAPN2"
9.90443769935326e-10,-0.418334303505318,0.15,0.185,1.90066159450589e-05,"RP11-841O20.2"
1.03494257130112e-09,-0.274856873095878,0.361,0.396,1.98605479432686e-05,"SP3"
1.06647968349056e-09,-0.264782471701881,0.389,0.422,2.04657451261839e-05,"PRPSAP1"
1.12507769454321e-09,-0.465395037240465,0.158,0.192,2.15902409582842e-05,"ZBED3"
1.14098553860603e-09,-0.335408828856264,0.288,0.323,2.18955124858497e-05,"RPAP2"
1.16406182672755e-09,-0.428633309961231,0.146,0.18,2.23383464549018e-05,"PKD2"
1.18367152695932e-09,0.270997634695047,0.204,0.161,2.27146566023494e-05,"KANSL2"
1.25068293054617e-09,0.452128574971339,0.155,0.119,2.40006054371811e-05,"DOK2"
1.27333242940832e-09,-0.400530899275317,0.191,0.226,2.44352493203457e-05,"USP32"
1.33524563152939e-09,-0.371202629706374,0.194,0.231,2.5623363669049e-05,"RAB8B"
1.35396088027563e-09,0.258891192897566,0.607,0.563,2.59825092924893e-05,"PTRF"
1.39257761385105e-09,0.378860028009303,0.116,0.084,2.67235644098017e-05,"RP5-908M14.9"
1.54400697454617e-09,-0.309618724306442,0.327,0.36,2.9629493841541e-05,"ARHGAP11B"
1.57477981754725e-09,-0.251303173431806,0.427,0.458,3.02200246987317e-05,"HEXA"
1.63692180693489e-09,0.405908813451499,0.125,0.092,3.14125294750806e-05,"FAM53B"
1.67560994084628e-09,0.260065695493836,0.223,0.18,3.21549547648402e-05,"FBXL6"
1.70176698297096e-09,0.314728379907777,0.169,0.131,3.26569084032127e-05,"GOT1"
1.71845846639828e-09,0.266565056397589,0.208,0.165,3.29772179701831e-05,"HPDL"
1.74681282277793e-09,-0.440205705862639,0.081,0.11,3.35213380691084e-05,"CORO2A"
1.75375816782443e-09,0.394761424043977,0.124,0.091,3.36546192405508e-05,"RP11-347C12.10"
1.81077236107473e-09,0.472369573855008,0.106,0.076,3.47487216090241e-05,"ZNF175"
1.84393218250026e-09,-0.393768026547925,0.193,0.229,3.538505858218e-05,"SLC12A5"
1.95212524633376e-09,-0.358668780678197,0.188,0.223,3.74612834771448e-05,"SPAG16"
1.97795118415078e-09,0.290417973221144,0.185,0.145,3.79568832238534e-05,"CTD-2371O3.3"
2.03059374179478e-09,0.254346929744264,0.184,0.143,3.89670939050419e-05,"HMGXB3"
2.04862232916511e-09,-0.417995526037561,0.146,0.18,3.93130624966785e-05,"CXCL3"
2.08294318162291e-09,-0.384242185742449,0.191,0.226,3.99716796553437e-05,"SCARB2"
2.10253375121784e-09,0.341715372899576,0.175,0.137,4.03476226858703e-05,"RNF144A"
2.16143482167249e-09,-0.312224306413696,0.323,0.357,4.14779342278951e-05,"RFX5"
2.17567255814902e-09,0.25396381367288,0.232,0.188,4.17511563908797e-05,"MEPCE"
2.20248957216973e-09,-0.521038478951532,0.121,0.152,4.2265774889937e-05,"RFFL"
2.25662629277505e-09,-0.310143148546524,0.331,0.364,4.33046585583533e-05,"SNX27"
2.33026709861904e-09,0.355470838337363,0.131,0.097,4.47178256224993e-05,"TMEM186"
2.35815041146586e-09,-0.519005730638706,0.092,0.121,4.52529063960299e-05,"TMEM106A"
2.48895331184356e-09,0.359494368840976,0.12,0.088,4.77630140542779e-05,"CYB5D1"
2.53165991927182e-09,-0.262526849710867,0.443,0.469,4.85825538508263e-05,"ATAD5"
2.56501805825583e-09,-0.34747432858027,0.281,0.313,4.92226965379293e-05,"TMEM19"
2.69786202468851e-09,0.386802451232483,0.137,0.103,5.17719722537726e-05,"RGS16"
2.70845267693961e-09,-0.375448569774719,0.181,0.215,5.19752068704711e-05,"CHKB"
2.72922603449665e-09,-0.472679645478312,0.153,0.186,5.23738476019906e-05,"CENPQ"
2.83304276456009e-09,0.253246028279835,0.191,0.151,5.43660906519082e-05,"PCBD2"
2.85914188315528e-09,0.286732953286357,0.166,0.128,5.48669327377499e-05,"ARAP1"
2.87788505172891e-09,-0.313339461872995,0.294,0.327,5.52266141426778e-05,"CBWD3"
2.89725504328309e-09,0.267820239898503,0.205,0.163,5.55983242806024e-05,"NOC4L"
2.9097365343407e-09,-0.512030550580635,0.101,0.131,5.5837844093998e-05,"TNFSF12"
3.03915151279492e-09,-0.41764436446338,0.178,0.212,5.83213175305345e-05,"RINL"
3.1752521199036e-09,0.322993846297575,0.118,0.086,6.09330881809501e-05,"TCF15"
3.24314356300189e-09,0.4066238876106,0.14,0.106,6.22359249740063e-05,"TSC22D3"
3.27584326401955e-09,0.348771341263141,0.118,0.087,6.28634322365352e-05,"MMP2"
3.27760442271239e-09,-0.321816309872596,0.178,0.214,6.28972288718507e-05,"SLC27A2"
3.37869689434106e-09,0.255749138700187,0.223,0.179,6.4837193402405e-05,"DRG2"
3.39316805096265e-09,-0.562096427466662,0.077,0.104,6.51148948979732e-05,"AC093818.1"
3.41062492883407e-09,-0.339140362800325,0.276,0.311,6.54498923843258e-05,"NBPF14"
3.53759664451886e-09,-0.346026565819915,0.245,0.281,6.7886479608317e-05,"SAV1"
3.55629677449153e-09,0.25890155353121,0.181,0.142,6.82453351024924e-05,"ZNF584"
3.74406181667913e-09,0.295490299774924,0.173,0.134,7.18485462620724e-05,"TRADD"
3.78519009679511e-09,0.272346568142567,0.172,0.134,7.26377979574982e-05,"HSD11B1L"
4.17990979320973e-09,-0.373090387525751,0.217,0.253,8.02124689316947e-05,"STAG1"
4.18727974361166e-09,-0.44316000484518,0.169,0.202,8.03538982799077e-05,"ALOX5AP"
4.21323473241728e-09,-0.47600938318344,0.115,0.146,8.08519745150877e-05,"TBL1X"
4.22005764421109e-09,0.264954935061801,0.204,0.163,8.09829061924109e-05,"ZFP62"
4.24586691519026e-09,0.312428206108615,0.112,0.081,8.14781861025011e-05,"LRRC34"
4.25022194576146e-09,0.320736432661375,0.153,0.117,8.15617591391624e-05,"USP20"
4.30142998160232e-09,-0.442360426112482,0.169,0.202,8.25444413469485e-05,"PRDM16"
4.32656955013426e-09,-0.255438677287604,0.405,0.435,8.30268696670765e-05,"DECR1"
4.39381147122328e-09,0.294823407389567,0.195,0.156,8.43172421327747e-05,"PAQR7"
4.40139941666563e-09,-0.374640530360252,0.234,0.269,8.44628548058135e-05,"REV3L"
4.88969463447722e-09,0.37543479533704,0.115,0.084,9.38332400356178e-05,"FNTB"
4.95041518945185e-09,0.281006469021087,0.17,0.132,9.4998467485581e-05,"TRAF3IP1"
5.12843142386302e-09,0.262401323257661,0.179,0.139,9.84145990239314e-05,"CABLES1"
5.37293608373586e-09,0.276852640922401,0.188,0.149,0.000103106643446891,"SHCBP1"
5.48839792421191e-09,-0.566428561351068,0.09,0.118,0.000105322356165627,"MLH3"
5.54586435163585e-09,-0.37600133572235,0.23,0.264,0.000106425136907892,"BICD1"
5.62680575421458e-09,-0.282726755505025,0.369,0.398,0.000107978402423378,"ACTR1B"
5.64326980189594e-09,0.369790987571048,0.115,0.084,0.000108294347498383,"TTC27"
5.74726320168754e-09,-0.441925604367225,0.191,0.224,0.000110289980840384,"DEDD2"
5.78899579055731e-09,0.364164294535062,0.139,0.106,0.000111090829220795,"PCCA"
5.9013827876146e-09,-0.375568495467605,0.258,0.289,0.000113247535694324,"TRIM8"
6.0655601607392e-09,0.305277896591271,0.151,0.116,0.000116398099484585,"C12orf66"
6.17191705232647e-09,0.302657481127773,0.133,0.099,0.000118439088234145,"ZNF583"
6.22208226090364e-09,-0.481366632378188,0.253,0.285,0.000119401758586741,"BCYRN1"
6.23676274164253e-09,0.269835848690916,0.185,0.147,0.00011968347701212,"UQCC1"
6.363621287156e-09,-0.340468989095092,0.229,0.263,0.000122117892500524,"PKNOX1"
6.43800108300214e-09,0.261660509523896,0.197,0.156,0.000123545240782811,"MAN1B1-AS1"
6.93379102241648e-09,-0.28470753852006,0.356,0.387,0.000133059449720172,"RASSF2"
6.95595186007775e-09,0.286176442440258,0.184,0.145,0.000133484716194892,"ZNF579"
7.04218323159277e-09,-0.392011845676566,0.221,0.253,0.000135139496214265,"DIABLO"
7.34770256313283e-09,-0.439474837205352,0.182,0.215,0.000141002412186519,"USP6NL"
7.92957753460413e-09,0.327406292052702,0.164,0.128,0.000152168592889053,"TBC1D13"
7.96075981649896e-09,0.30980085953015,0.152,0.116,0.000152766980878615,"NKRF"
7.96880447902243e-09,0.317706258376569,0.194,0.156,0.00015292135795244,"PIK3R5"
7.99062593114339e-09,0.339426694719862,0.126,0.094,0.000153340111618642,"IKBKAP"
8.00249338726623e-09,-0.404070331792035,0.201,0.234,0.000153567848101639,"CNTLN"
8.03311652752719e-09,-0.314252665204369,0.276,0.312,0.000154155506163247,"RICTOR"
8.327387054045e-09,-0.307357471577118,0.343,0.371,0.000159802557567124,"BRCA2"
8.38721435827428e-09,0.266229962948995,0.127,0.095,0.000160950643535284,"ELL"
8.4178473780327e-09,0.285525214903396,0.154,0.118,0.000161538491184447,"RP11-792A8.4"
8.53136091175413e-09,0.279275383561333,0.215,0.173,0.000163716815896562,"PLEKHA2"
8.78336801082642e-09,0.31728725754756,0.141,0.108,0.000168552832127759,"GHDC"
9.19906071022954e-09,-0.284066356348043,0.4,0.431,0.000176529975029305,"ASPM"
9.60749770047221e-09,-0.28661487814856,0.366,0.396,0.000184367880872062,"OSBPL9"
9.64038419842747e-09,-0.257740140480262,0.33,0.364,0.000184998972767823,"BIN2"
9.76788121394087e-09,0.288587351170639,0.118,0.087,0.000187445640495525,"PUS3"
9.92160525468297e-09,0.337779736563948,0.139,0.106,0.000190395604837366,"CAMTA2"
9.94276879765029e-09,-0.281969508000031,0.393,0.421,0.000190801733226909,"NFKBIE"
1.03955633126928e-08,0.287254147051208,0.136,0.103,0.000199490859970574,"SMYD5"
1.04100590852068e-08,-0.446014967662376,0.1,0.129,0.000199769033845118,"SERAC1"
1.05189612553742e-08,-0.587560934407849,0.11,0.138,0.000201858866490631,"CD109"
1.11964103519373e-08,-0.431755727209991,0.136,0.167,0.000214859114653677,"ACOT2"
1.12553291773073e-08,0.477254222003528,0.144,0.112,0.000215989766912528,"BACE2"
1.14204340251287e-08,0.332988142834364,0.122,0.091,0.000219158128942221,"SLC17A5"
1.17351244575114e-08,-0.471892735886417,0.12,0.15,0.000225197038339644,"RP11-73E17.2"
1.21689653422612e-08,-0.426026179413786,0.164,0.196,0.000233522444917992,"BIVM"
1.27052097425987e-08,-0.343171331321724,0.285,0.315,0.000243812974960469,"CRYZL1"
1.296002855392e-08,-0.254941421936629,0.372,0.403,0.000248702947949724,"DENND6B"
1.33552148748631e-08,-0.275971773980747,0.348,0.38,0.000256286573448624,"RAP2C"
1.35365775489699e-08,-0.380054250647451,0.165,0.198,0.000259766923164733,"NBPF19"
1.40253931931839e-08,-0.471858046113795,0.129,0.159,0.000269147295377198,"MAP4K1"
1.42608390437243e-08,0.277290988754066,0.309,0.266,0.00027366550124907,"SAPCD2"
1.45264881489904e-08,0.269548259571629,0.252,0.21,0.000278763307579127,"MGLL"
1.49940320612964e-08,0.285526504433994,0.27,0.227,0.000287735475256279,"TSLP"
1.53105780376495e-08,0.36805126042219,0.125,0.094,0.000293809992542494,"COMTD1"
1.54314574872383e-08,0.269031986896222,0.203,0.164,0.000296129669180102,"MTOR"
1.57417181809822e-08,0.288882176744287,0.144,0.111,0.000302083571893049,"FOSL1"
1.58483464274886e-08,-0.433421686584768,0.134,0.165,0.000304129767943507,"DACH1"
1.60980740601816e-08,-0.329216000017173,0.218,0.251,0.000308922041214884,"DUSP14"
1.74224452576663e-08,-0.391647311249792,0.19,0.222,0.000334336724494617,"PLK4"
1.78852756823867e-08,-0.308464026892383,0.278,0.313,0.000343218440345001,"STARD10"
1.87484683326488e-08,-0.365126421313409,0.173,0.205,0.00035978310730353,"SLC31A1"
1.90109146085203e-08,-0.294810536275026,0.257,0.291,0.000364819451337505,"CRTC3"
1.90242354321846e-08,-0.445201553788226,0.124,0.155,0.000365075077943623,"USP51"
1.90762970840708e-08,-0.317555932059079,0.277,0.311,0.000366074141043319,"PIP5K1A"
2.15586058786538e-08,-0.270746718763724,0.368,0.396,0.000413709646811366,"WDFY2"
2.15644114306162e-08,-0.27554793907844,0.401,0.43,0.000413821055353525,"KLHL23"
2.20038848704405e-08,-0.493331534840959,0.108,0.137,0.000422254550663753,"MCTP1"
2.22367941680271e-08,-0.467812776871114,0.122,0.151,0.00042672408008444,"RABGAP1"
2.25469812639185e-08,0.336784417155312,0.103,0.075,0.000432676570454597,"RPS6KL1"
2.259154024772e-08,-0.268234031381861,0.343,0.372,0.000433531657353747,"GPS2"
2.39057744033768e-08,-0.277492539186223,0.329,0.359,0.000458751810800801,"VHL"
2.63476735909731e-08,-0.288397789842011,0.32,0.351,0.000505611856210774,"OTULIN"
2.64472545951317e-08,-0.446643185502515,0.123,0.152,0.000507522815680578,"SVIL"
2.70146163207419e-08,-0.37010428299999,0.181,0.214,0.000518410487195037,"FAAH"
2.74221430510519e-08,-0.364204297038921,0.236,0.268,0.000526230925149685,"MAP1S"
2.82497765428054e-08,0.422844995245441,0.123,0.093,0.000542113211856436,"STON2"
2.9421490186822e-08,0.400079432487922,0.104,0.076,0.000564598396685115,"GAL"
2.97341231459441e-08,0.250473095041745,0.161,0.126,0.000570597823170666,"SLC35C1"
3.07015358447019e-08,0.381391649479078,0.118,0.089,0.00058916247285983,"DNAJC12"
3.08886524673315e-08,-0.333587068898605,0.242,0.274,0.000592753240848092,"STAT6"
3.21105952137938e-08,0.394694154923676,0.13,0.099,0.000616202322152703,"FAM46C"
3.21914263331969e-08,-0.27631452394327,0.295,0.329,0.000617753471334048,"PELI2"
3.50020885607745e-08,0.286521110624291,0.154,0.12,0.000671690079481263,"MARS2"
3.50696924935004e-08,0.360457663216291,0.118,0.088,0.000672987398950272,"ZNF408"
3.83931803263393e-08,-0.459739939016691,0.107,0.136,0.000736765130462451,"RHPN1"
3.89692249250116e-08,-0.468020700152125,0.14,0.17,0.000747819426310973,"FAM118A"
4.18322002306881e-08,-0.332183532927082,0.221,0.253,0.000802759922426905,"RP11-452F19.3"
4.32475936557144e-08,-0.259592653265477,0.322,0.354,0.00082992132225316,"RPS6KA3"
4.50708837433732e-08,-0.29183610193151,0.326,0.357,0.000864910259035332,"EFCAB2"
4.53700092158141e-08,-0.449582980478946,0.141,0.17,0.000870650476851472,"FHIT"
4.72686254197061e-08,-0.53838327314189,0.075,0.1,0.00090708492180416,"FAM171B"
5.13489165352375e-08,0.269282016257268,0.156,0.122,0.000985385708311207,"DDX28"
5.52979757741616e-08,-0.333276180946029,0.247,0.278,0.00106116815510616,"ORAI3"
5.57141934958471e-08,-0.303938376428408,0.352,0.375,0.00106915537318531,"CASP4"
5.63481509842047e-08,0.307569554557238,0.138,0.106,0.00108132101738689,"LINC01268"
5.67059830731255e-08,0.319400949679634,0.113,0.084,0.00108818781517328,"SLC25A35"
5.99104737244741e-08,0.294831077047956,0.132,0.101,0.00114968199077266,"NAGPA"
6.07569882236284e-08,-0.419674248039978,0.189,0.219,0.00116592660401143,"FAIM"
6.30300083971891e-08,-0.394053776419365,0.216,0.245,0.00120954586114206,"LPIN1"
7.08815674695746e-08,-0.37256264685247,0.225,0.255,0.00136021727974114,"PDK1"
7.17162445192997e-08,-0.293295100000625,0.288,0.317,0.00137623473232536,"MYO1G"
7.68274894524678e-08,0.45565000773734,0.314,0.266,0.00147431952259286,"ISG15"
7.6985047686838e-08,0.333994335588728,0.121,0.092,0.00147734306511042,"NCKIPSD"
7.91184321858616e-08,0.261544818750373,0.193,0.156,0.00151828271364668,"SLC8B1"
7.97573009858235e-08,0.253405497593157,0.153,0.12,0.00153054260591795,"TEX2"
8.32928008754379e-08,-0.480394057819233,0.083,0.109,0.00159838884879965,"CYSTM1"
8.52446341918061e-08,-0.48547909596443,0.107,0.134,0.00163584453014076,"FBXO30"
8.7017116823427e-08,-0.432242601847182,0.113,0.141,0.00166985847184156,"SCOC-AS1"
8.88249704170291e-08,0.342661036339281,0.166,0.133,0.00170455118230279,"PROSER2"
8.90816101001364e-08,-0.333408698820949,0.221,0.252,0.00170947609782162,"SLC1A4"
8.92078510058171e-08,0.25572575389397,0.139,0.107,0.00171189866080163,"WDR55"
9.38383782269322e-08,-0.361694744577584,0.173,0.204,0.00180075847817483,"RHBDD2"
1.00825721378659e-07,-0.497487569483589,0.097,0.123,0.00193484559325646,"MEGF9"
1.01250111993225e-07,-0.332163949001692,0.204,0.234,0.00194298964915,"CRY1"
1.03391242398672e-07,0.277740225724915,0.17,0.135,0.00198407794163051,"SMCR8"
1.05941212033188e-07,-0.25385193350947,0.384,0.412,0.00203301185891687,"H2AFJ"
1.0916673859082e-07,-0.252833614842762,0.362,0.39,0.00209490971355783,"MND1"
1.10497027662276e-07,0.269682558563207,0.197,0.161,0.00212043796083908,"UBE2E2"
1.11318154974134e-07,-0.357153043383475,0.188,0.217,0.00213619539395362,"CRYL1"
1.11693243183417e-07,-0.468471436648437,0.129,0.157,0.00214339333668977,"ZNF711"
1.12712973000681e-07,-0.295125235669687,0.276,0.306,0.00216296195188307,"CIR1"
1.13560368481454e-07,0.333352345399706,0.111,0.084,0.0021792234711591,"KIF21B"
1.14676034344346e-07,0.256542980347184,0.13,0.099,0.002200633099068,"DYNC2LI1"
1.183641159129e-07,-0.313244868662865,0.24,0.27,0.00227140738436855,"PKMYT1"
1.19336607815735e-07,0.322521654457444,0.212,0.175,0.00229006950398396,"MTURN"
1.21573011301492e-07,0.330058620971231,0.127,0.098,0.00233298608687562,"PCCB"
1.22641173597429e-07,-0.279348160297946,0.253,0.285,0.00235348412133466,"MIR155HG"
1.26272183819552e-07,-0.451158673306952,0.094,0.12,0.0024231632074972,"GNAI1"
1.40300999016539e-07,-0.497759552147719,0.096,0.122,0.00269237617112738,"RP11-367G6.3"
1.45449592681244e-07,-0.405244522692718,0.121,0.15,0.00279117768355307,"IKZF2"
1.46088029941409e-07,0.263029697451446,0.166,0.132,0.00280342929457563,"NUFIP1"
1.47946269755433e-07,0.326592359250448,0.123,0.094,0.00283908891660677,"FBXO44"
1.50184565450033e-07,-0.278619254908324,0.267,0.297,0.00288204181098614,"TANK"
1.53455622665002e-07,-0.534848323076486,0.077,0.1,0.00294481339894138,"SPAG6"
1.63672730685573e-07,-0.331365706156699,0.164,0.194,0.00314087970185614,"GCHFR"
1.70843659466756e-07,-0.319611747590637,0.237,0.267,0.00327848982516705,"ZNF367"
1.71601915245886e-07,0.340392735861907,0.115,0.087,0.00329304075356855,"NMNAT3"
1.72693413115966e-07,-0.358228606641459,0.15,0.179,0.0033139865976954,"CTC-338M12.5"
1.74681246516196e-07,0.372380610876518,0.106,0.08,0.00335213312064581,"RP1-40E16.12"
1.80586817104584e-07,-0.337081542242549,0.224,0.254,0.00346546102023696,"HJURP"
1.91144465718557e-07,-0.311102665724432,0.284,0.313,0.0036680622971391,"CEP78"
1.92498234420738e-07,0.297886126822253,0.127,0.098,0.00369404111853396,"NUDT9"
1.95526052323583e-07,-0.402090691271235,0.164,0.193,0.00375214494408956,"NOA1"
1.95654256538268e-07,-0.440309053205678,0.1,0.126,0.00375460518296936,"PRKCZ"
1.98922734426123e-07,0.312498854468316,0.127,0.098,0.0038173272736373,"PIGQ"
1.99666500631847e-07,0.263288633543471,0.194,0.158,0.00383160014712514,"INPPL1"
2.01465507625696e-07,0.359094661800215,0.102,0.076,0.00386612309133711,"SPTLC1"
2.01781694737047e-07,-0.260307425637766,0.35,0.377,0.00387219072200394,"ACAA1"
2.04181630383421e-07,0.371372773922486,0.113,0.086,0.00391824548705784,"TMPRSS9"
2.07354216823441e-07,-0.473457461910305,0.128,0.155,0.00397912742084183,"KIAA1524"
2.10285755869608e-07,-0.270549228365483,0.325,0.352,0.00403538365513777,"DPP8"
2.18075630633677e-07,0.303031208594211,0.108,0.081,0.00418487135186026,"DNAAF5"
2.22308822084689e-07,0.314350773966825,0.122,0.094,0.00426610629580517,"CTB-55O6.8"
2.27029036760268e-07,0.269387890857321,0.148,0.116,0.00435668721542953,"COX10"
2.44376533664987e-07,-0.488572646838046,0.081,0.104,0.00468958568103111,"SLC44A2"
2.50739004807125e-07,-0.360627099385748,0.227,0.257,0.00481168150224873,"LRRCC1"
2.58903778062277e-07,-0.282150870248338,0.252,0.284,0.0049683635010151,"LINC00869"
2.84787251563852e-07,-0.257851036283388,0.368,0.392,0.00546506735751033,"SERTAD2"
2.88054838781271e-07,0.339008603076972,0.106,0.08,0.00552777235621259,"RARA-AS1"
2.9225497110612e-07,-0.426101676683253,0.105,0.131,0.00560837289552644,"ANKRD65"
2.94765383319085e-07,-0.360236363661451,0.182,0.21,0.00565654770589324,"ITPRIPL1"
3.13802442473629e-07,0.255465848395792,0.421,0.377,0.00602186887106894,"GSN"
3.30547473205822e-07,-0.354914343354253,0.216,0.244,0.00634320601081972,"HOXA7"
3.44899140983519e-07,-0.307755689391464,0.241,0.269,0.00661861451547374,"RPAP3"
3.53021887124175e-07,-0.252412002051354,0.377,0.402,0.00677449001391292,"EPB41"
3.67506497195362e-07,0.255618917734423,0.141,0.111,0.00705244968117899,"EARS2"
3.84224439535905e-07,-0.384740794826607,0.13,0.158,0.00737326699469401,"ANKS1A"
4.03789037794576e-07,-0.262436520243448,0.347,0.373,0.00774871163527791,"DOCK8"
4.07226892992452e-07,0.303916506209652,0.12,0.093,0.00781468407652515,"ATG4A"
4.19236140064713e-07,-0.356105387044975,0.21,0.238,0.00804514152784184,"ANKRA2"
4.38152579108887e-07,0.254028092219629,0.16,0.128,0.00840814799309954,"RP11-156K23.3"
4.45797592622291e-07,-0.485750834103746,0.105,0.13,0.00855485580242177,"FAM161A"
4.68303181173107e-07,0.329865083167508,0.12,0.093,0.00898673804671193,"KIF3B"
4.84549608001382e-07,-0.338428051957322,0.174,0.203,0.00929850697754653,"NBPF1"
5.18948016014536e-07,-0.556758678213668,0.08,0.103,0.00995861242731895,"IQCH-AS1"
5.23001902479867e-07,-0.31048638909214,0.238,0.267,0.0100364065085886,"PMPCB"
5.42674654627371e-07,-0.392537622396645,0.136,0.163,0.0104139266222992,"DHTKD1"
5.52551411527509e-07,0.276477257854927,0.125,0.097,0.0106034615872129,"INPP5A"
5.60111823380116e-07,0.351746432671115,0.104,0.078,0.0107485458906644,"RP11-783K16.5"
5.62839441057376e-07,-0.289621275150086,0.256,0.283,0.010800888873891,"RABEP2"
5.80352305944657e-07,-0.280630264904209,0.322,0.349,0.011136960751078,"CCNB2"
5.93036577580085e-07,-0.392046924728571,0.138,0.165,0.0113803719237618,"GUSB"
5.95903074882581e-07,0.314076149627821,0.11,0.084,0.0114353800069967,"ERCC2"
6.04043224526075e-07,-0.439246094562918,0.128,0.154,0.0115915894786554,"RP11-544A12.8"
6.04898992264462e-07,-0.368031578070446,0.186,0.214,0.011608011661555,"PTPN9"
6.09422867476402e-07,-0.369447458303906,0.157,0.185,0.0116948248268722,"CCNE2"
6.15430304589289e-07,-0.42846389796679,0.148,0.175,0.0118101075450685,"NT5DC1"
6.35649690779946e-07,-0.387918023775059,0.117,0.144,0.0121981175660672,"ZMAT3"
6.60984068846273e-07,-0.421089551098678,0.094,0.118,0.01268428428116,"CREBRF"
6.71107396260544e-07,-0.372143356015362,0.167,0.194,0.0128785509342398,"ADCY7"
6.72717795097405e-07,-0.486205842934337,0.091,0.115,0.0129094544879192,"FLVCR1-AS1"
7.62362856366533e-07,-0.331596507686347,0.205,0.233,0.0146297432136738,"KRCC1"
7.98700808797691e-07,0.264645682090032,0.22,0.184,0.0153270685208277,"FYB"
8.29054243223077e-07,-0.408502530559021,0.11,0.136,0.0159095509274509,"CA11"
8.80264088867839e-07,-0.459754052908078,0.094,0.118,0.0168922678653738,"ZNF682"
9.12335550767621e-07,0.266289015460417,0.137,0.108,0.0175077192192306,"KPTN"
9.18518886826534e-07,-0.344294256897548,0.197,0.225,0.0176263774382012,"C21orf58"
1.0143839595996e-06,-0.453139964869211,0.116,0.141,0.0194660281847162,"PNPLA8"
1.01752810970329e-06,-0.394726189767492,0.161,0.187,0.0195263644252062,"ZNF559"
1.07160049307928e-06,0.264513116657934,0.171,0.14,0.0205640134621915,"RBMS2"
1.09324616493505e-06,-0.297591230047372,0.2,0.229,0.0209793939051036,"PAPSS1"
1.09683010735692e-06,0.331924933418064,0.106,0.081,0.0210481697601794,"BRAT1"
1.0996891521039e-06,-0.35726531728691,0.223,0.249,0.0211030348288738,"FAM43A"
1.14371650839902e-06,-0.420242058380935,0.136,0.161,0.0219479197961771,"TNRC6C"
1.14796761638279e-06,0.260639036749774,0.126,0.099,0.0220294985583858,"PIGN"
1.1722509732439e-06,-0.276971389797818,0.276,0.303,0.0224954961765504,"FBXL5"
1.21873589151548e-06,0.299046533374049,0.107,0.082,0.023387541758182,"SLC38A6"
1.24623026442726e-06,-0.330463002767448,0.196,0.224,0.023915158774359,"ATN1"
1.33907346823097e-06,0.266618582866644,0.149,0.12,0.0256968198553522,"MAN2A1"
1.35168821528932e-06,0.290329213756155,0.122,0.096,0.0259388968514021,"ADARB1"
1.38410875005949e-06,-0.448479054313178,0.101,0.125,0.0265610469136416,"LY75"
1.43049061425524e-06,-0.285557236805992,0.258,0.284,0.0274511148875581,"ATG16L2"
1.52758858944057e-06,-0.317461311714041,0.251,0.278,0.0293144250313646,"PATL1"
1.53912586901498e-06,-0.374270728127424,0.151,0.177,0.0295358254263974,"ZEB1-AS1"
1.56834134992039e-06,-0.363744825731223,0.199,0.224,0.0300964705049723,"SMPD2"
1.59565388813131e-06,-0.348382495526678,0.158,0.184,0.0306205981132398,"CNKSR3"
1.61122937655404e-06,0.298550493073723,0.124,0.098,0.0309194917360721,"PTAFR"
1.6215959854778e-06,-0.341696407202032,0.155,0.182,0.0311184269613191,"CEP68"
1.62565245316568e-06,-0.285246802002375,0.288,0.312,0.0311962705762495,"DOCK2"
1.68952795011301e-06,-0.422020538650005,0.127,0.152,0.0324220413626686,"VPS45"
1.7014740510372e-06,-0.255289836783149,0.307,0.332,0.0326512870394038,"SPRYD7"
1.70588287715455e-06,-0.358975790618041,0.184,0.211,0.0327358924125959,"TRIO"
1.73311271207338e-06,-0.376332396496438,0.185,0.211,0.0332584329446882,"SFR1"
1.7406975401434e-06,-0.379496923708175,0.122,0.148,0.0334039857953518,"PTPN4"
1.77133931461819e-06,-0.510058154881075,0.083,0.105,0.033992001447523,"SCAPER"
1.8406822788991e-06,-0.312517675374216,0.174,0.201,0.0353226929320737,"INTS8"
1.84521515806835e-06,-0.384773163313679,0.118,0.142,0.0354096788833317,"NDC80"
2.02776856120758e-06,-0.465973233143927,0.113,0.136,0.0389128786895734,"C11orf54"
2.04307328800338e-06,-0.294781159441788,0.181,0.208,0.0392065763967849,"ALG14"
2.141665492384e-06,-0.302308356473922,0.256,0.282,0.0410985607988489,"CASC5"
2.21353040353736e-06,-0.315501209279455,0.212,0.239,0.042477648443882,"NAA16"
2.24095887170446e-06,-0.359325259949242,0.175,0.201,0.0430040007480086,"FAM89A"
2.24936841159764e-06,-0.359767960339949,0.166,0.192,0.0431653798185587,"CDKN1B"
2.33708927937744e-06,0.27183277414703,0.105,0.081,0.0448487432712532,"RTN4R"
2.41010265562029e-06,0.271887771530255,0.106,0.082,0.0462498699613534,"CCDC169"
2.42619182398027e-06,-0.295658786038582,0.255,0.283,0.0465586211021814,"ZNF516"
2.42916493855754e-06,0.316976048905525,0.151,0.122,0.0466156751709191,"STAM"
2.54750543855792e-06,0.274583595988688,0.14,0.113,0.0488866293659265,"GRPEL2"
2.66977494715176e-06,-0.322666798364544,0.2,0.227,0.0512329812358423,"PPWD1"
2.74408296865846e-06,-0.324737175886174,0.103,0.127,0.0526589521685559,"SGMS1"
2.78743923364906e-06,-0.330206562133075,0.181,0.207,0.0534909588937254,"RP11-262H14.4"
2.80394492368307e-06,-0.44237782609353,0.088,0.11,0.0538077030854781,"AC004951.6"
2.90863400428873e-06,-0.373204362300489,0.17,0.196,0.0558166865423007,"APOL6"
3.02650802815188e-06,-0.409894807315879,0.114,0.138,0.0580786890602346,"E2F2"
3.26266962166866e-06,-0.315254923034487,0.161,0.187,0.0626106300398216,"PCK2"
3.49394270453292e-06,-0.493659081829079,0.099,0.121,0.0670487604999867,"CARD16"
3.54401390190764e-06,-0.437303319690175,0.081,0.103,0.0680096267776076,"RP11-147L13.11"
3.64650116599424e-06,-0.272529402617922,0.188,0.215,0.0699763573754295,"UBQLN2"
3.7558363912291e-06,-0.437028983448428,0.099,0.122,0.0720745003476864,"ETV3"
3.88277790582954e-06,-0.403139114219603,0.157,0.181,0.0745105080128688,"DTNB"
4.12260641331557e-06,-0.299891376120748,0.225,0.25,0.0791128170715259,"N4BP2"
4.13669764770761e-06,-0.258001196410917,0.365,0.388,0.0793832278595091,"NPR3"
4.22528364219997e-06,0.300557210382307,0.126,0.1,0.0810831930938173,"KLHDC8B"
4.35333465704684e-06,-0.306929240298237,0.201,0.227,0.0835404920687288,"SKAP1"
4.39846295434596e-06,-0.251474309738439,0.254,0.285,0.084406504093899,"CLEC12A"
4.39978188092604e-06,-0.443006701181687,0.089,0.111,0.0844318142949707,"FKBP15"
4.48827933906392e-06,-0.270649264600564,0.273,0.299,0.0861300805166367,"XPA"
4.83947302603824e-06,-0.281603879821631,0.24,0.266,0.0928694873696737,"TXNDC5"
5.08599828271863e-06,-0.35401512758694,0.159,0.184,0.0976003070453705,"EPSTI1"
5.14516458268688e-06,-0.369779613025711,0.107,0.131,0.0987357083417612,"ERAP1"
5.28849248506059e-06,-0.397782160941062,0.121,0.144,0.101486170788313,"FYN"
5.40349869195338e-06,-0.412662663046847,0.116,0.139,0.103693139898585,"MRC2"
6.11941012682245e-06,-0.390026757459963,0.161,0.185,0.117431480333723,"USP11"
6.49007288683526e-06,-0.459279112192962,0.112,0.134,0.124544498698369,"B3GAT2"
6.71802460260405e-06,-0.358246460641389,0.139,0.164,0.128918892123972,"TTC28"
6.93417959783999e-06,-0.302224473011618,0.207,0.232,0.133066906482549,"XAF1"
7.05492986129677e-06,-0.40015044605331,0.138,0.161,0.135384104038285,"CH507-154B10.1"
7.22803353452721e-06,-0.400347658317308,0.115,0.138,0.138705963527577,"ASPHD2"
7.9166773019557e-06,-0.274259154726106,0.325,0.342,0.15192103742453,"SSH2"
8.22085913202839e-06,0.302059884257389,0.143,0.117,0.157758286743625,"FSTL3"
8.48701680648473e-06,0.253695835483491,0.148,0.121,0.162865852516442,"DGKD"
8.85809635421304e-06,-0.261989246811275,0.261,0.288,0.169986869037348,"TRIM56"
9.47705562928967e-06,-0.302459779292187,0.189,0.213,0.181864697526069,"DIP2B"
9.50241662777374e-06,-0.478700960794329,0.128,0.15,0.182351375086978,"CXCL2"
9.6083093502903e-06,-0.29565800428507,0.294,0.314,0.184383456432071,"PHACTR4"
9.64333558327273e-06,-0.283284743483416,0.257,0.28,0.185055609843004,"FBXL3"
9.68592703213521e-06,-0.420157614552548,0.118,0.14,0.185872939746675,"TTLL1"
9.69795014597379e-06,-0.388594234320561,0.117,0.139,0.186103663301237,"AMPD3"
9.971424557175e-06,-0.273653646403887,0.291,0.316,0.191351637252188,"TRPM4"
1.01916496494159e-05,-0.372466147883308,0.149,0.173,0.195577756772291,"ARMCX1"
1.02326130106914e-05,-0.531397977342181,0.129,0.15,0.196363843675168,"IGHD"
1.02654235322003e-05,-0.2902039001809,0.253,0.275,0.196993477582923,"RNF13"
1.03950891911271e-05,-0.274289208712619,0.251,0.274,0.19948176157773,"STX11"
1.06353067713978e-05,0.334297172342558,0.584,0.544,0.204091536943124,"SLC40A1"
1.09787930752282e-05,-0.261740200024657,0.291,0.314,0.21068303911363,"FBXW9"
1.12459144952404e-05,-0.350023213117278,0.162,0.186,0.215809099163664,"SARNP"
1.12613026364202e-05,-0.308065085153278,0.255,0.277,0.216104397592904,"AKAP7"
1.21813254711148e-05,-0.381593478344202,0.142,0.165,0.233759635790693,"MAML3"
1.22783555658388e-05,-0.368224803092696,0.162,0.185,0.235621643308446,"CD200"
1.31017943888189e-05,-0.280926251722911,0.243,0.266,0.251423434321435,"ZNF652"
1.37341623796497e-05,-0.30452062646146,0.242,0.264,0.263558576065478,"ILVBL"
1.51071044179154e-05,-0.344382628753051,0.145,0.168,0.289905333779797,"TMTC4"
1.51202374244437e-05,0.390118807245064,0.232,0.201,0.290157356175075,"PLPP1"
1.56124094801408e-05,-0.455241035073802,0.095,0.115,0.299602137923901,"MASTL"
1.59780998993169e-05,-0.411317610216527,0.108,0.129,0.306619737067891,"RUFY3"
1.69975618838885e-05,-0.279269493149996,0.265,0.287,0.32618321255182,"CDS2"
1.77052095123016e-05,-0.388670396115205,0.094,0.115,0.339762970541069,"UBA7"
1.77907062313992e-05,-0.26516244027966,0.275,0.297,0.341403652580551,"ACSL3"
1.78344339358717e-05,-0.381729920385103,0.101,0.122,0.342242787229378,"AGO4"
1.86143983694448e-05,-0.259797560076854,0.282,0.305,0.357210304709645,"SFXN1"
1.87414531875903e-05,-0.290283976731,0.207,0.231,0.359648486669858,"EIF4E3"
1.88572655033998e-05,0.454810537066325,0.324,0.296,0.361870925010242,"CSF2RB"
1.92395521068933e-05,-0.318611100428066,0.201,0.225,0.369207004931282,"MAP4K5"
2.06628478951153e-05,-0.317790968294614,0.164,0.187,0.396520051107263,"BUD13"
2.1566791818641e-05,-0.394358071681436,0.115,0.136,0.41386673499972,"CCDC71L"
2.20391480433113e-05,0.294636740960107,0.104,0.083,0.422931250951144,"IGSF10"
2.24424331087898e-05,-0.267616683366316,0.262,0.284,0.430670291357677,"ENTPD1-AS1"
2.28376636059655e-05,0.261015754421427,0.1,0.079,0.438254764598478,"PLEKHM1"
2.42951804278483e-05,-0.348818950643911,0.174,0.197,0.466224512410409,"NUDT11"
2.43876404724315e-05,-0.394391825539976,0.114,0.135,0.467998820665961,"UBR5-AS1"
2.44249514533983e-05,-0.363108299840718,0.118,0.139,0.468714818390714,"SUPT3H"
2.61469735778622e-05,0.430687129284137,0.132,0.109,0.501760422959176,"AIG1"
2.82489069307535e-05,-0.253516468530143,0.275,0.298,0.542096524001159,"NCK1"
2.85353932055175e-05,-0.317372106133745,0.164,0.186,0.54759419561388,"ASGR1"
3.07831380807422e-05,-0.343205349877974,0.162,0.184,0.590728419769443,"AMN1"
3.12214191021265e-05,-0.398460494686571,0.086,0.105,0.599139032569807,"ARID3B"
3.23275393479757e-05,-0.262979973760737,0.239,0.262,0.620365480087653,"CHD6"
3.45152083636234e-05,-0.252725199203403,0.234,0.256,0.662346848497933,"FLOT2"
3.4536208459452e-05,-0.428190989008117,0.128,0.149,0.662749840336884,"CTC-260E6.6"
3.52447206328177e-05,-0.409995527481589,0.133,0.153,0.676346188943771,"EXOG"
3.5501633716051e-05,-0.398110178890174,0.11,0.131,0.681276351011018,"KIAA1958"
4.10464260347867e-05,-0.357186412558108,0.144,0.165,0.787680915607557,"HIST1H1D"
4.20249843131067e-05,-0.269188180123821,0.211,0.235,0.806459448968519,"SEC23A"
4.27264979777062e-05,-0.338158454859582,0.136,0.157,0.819921496192182,"ZBTB21"
4.35189940834503e-05,-0.322539722571763,0.165,0.187,0.83512949646141,"PRMT9"
4.51702073324775e-05,-0.259694773291237,0.262,0.283,0.866816278710244,"CD2AP"
4.55151845653219e-05,-0.337920239522168,0.138,0.159,0.873436391808527,"ZNF618"
4.58030061097553e-05,-0.281469238819815,0.185,0.207,0.878959687246204,"CLK4"
4.66595748237554e-05,-0.458523283043676,0.086,0.104,0.895397240867866,"LRP6"
4.88464838983042e-05,-0.351426234371676,0.164,0.184,0.937364026008457,"SMYD4"
4.89301898882799e-05,-0.282476865072233,0.177,0.2,0.938970343956091,"PPP3CC"
4.92011265174294e-05,-0.392714534763607,0.122,0.142,0.94416961786947,"MIER2"
4.9598437318536e-05,-0.354188472991077,0.151,0.172,0.951794012142705,"NFATC2"
4.98878523667709e-05,-0.330002910305033,0.195,0.218,0.957347886918334,"ERV3-1"
5.24506832594523e-05,-0.404376421730665,0.102,0.121,1,"AC074117.10"
5.51638413319609e-05,0.377758150261217,0.262,0.233,1,"OSM"
5.63950856277767e-05,-0.342900580711826,0.146,0.167,1,"ZEB1"
6.13504818860889e-05,-0.35342540439823,0.145,0.166,1,"DDHD1"
6.17528987893838e-05,-0.405085906431584,0.1,0.119,1,"SV2A"
6.22402213461611e-05,0.266741845148913,0.104,0.084,1,"RP11-644F5.11"
6.38699901128913e-05,-0.388127773831237,0.136,0.156,1,"TP53I11"
6.81961925696029e-05,-0.28355108447357,0.276,0.295,1,"HOXB5"
7.24780237725485e-05,-0.282704944139242,0.227,0.247,1,"RMI1"
7.60898075434812e-05,-0.264776233062673,0.188,0.21,1,"MOK"
7.80166078153653e-05,-0.30224172342391,0.196,0.217,1,"FANCL"
7.83185125254889e-05,-0.449701523807081,0.096,0.114,1,"ASB9"
7.8327689184347e-05,-0.286317215769393,0.239,0.259,1,"FBXO11"
7.84607620686997e-05,-0.266793157319147,0.222,0.244,1,"CEP57L1"
8.28778098313904e-05,-0.254247098232903,0.275,0.295,1,"CARD8-AS1"
8.52130435502595e-05,-0.423576617484367,0.1,0.118,1,"SESN1"
9.4226589358886e-05,-0.356434074911753,0.091,0.11,1,"PLEKHO2"
9.52727058483594e-05,-0.366516690245499,0.147,0.167,1,"DOCK10"
0.000100929591179777,-0.40500798113704,0.102,0.121,1,"SMAD1"
0.000102453788480452,-0.287151505288092,0.153,0.176,1,"HRH2"
0.000102497009151919,0.251278984257077,0.122,0.1,1,"TPM1"
0.000105502244682655,-0.254487503308598,0.305,0.322,1,"CREB3"
0.000105826297363435,-0.250600463884448,0.195,0.216,1,"CCDC77"
0.000109409167642964,-0.406895228813778,0.097,0.115,1,"RASAL3"
0.000118798219949259,0.275475014306954,0.104,0.084,1,"C3orf58"
0.000121790270258442,-0.251214122247854,0.289,0.306,1,"ABCD4"
0.000139225746862114,-0.370972707146638,0.116,0.135,1,"DNASE1L1"
0.000154733614351118,-0.383654230171726,0.105,0.123,1,"ST8SIA4"
0.000155630434993632,-0.279977797155665,0.207,0.226,1,"MTG1"
0.000155710407696058,-0.281596066352007,0.147,0.167,1,"SP140L"
0.000162956992394043,-0.325295044264331,0.14,0.159,1,"PLAU"
0.000170764128971591,-0.271428043106573,0.231,0.251,1,"RGL2"
0.000175212233795617,-0.404669435179968,0.112,0.13,1,"PIBF1"
0.000186239157000463,-0.373256463518659,0.116,0.134,1,"RP11-977G19.11"
0.000198265826644925,-0.253816352999767,0.206,0.227,1,"GDI1"
0.000206705052303523,-0.29301087373975,0.195,0.214,1,"EXOC1"
0.00020715341295977,-0.280758984414318,0.212,0.231,1,"ASXL2"
0.000214689097056931,-0.348059392711186,0.106,0.124,1,"ARSD"
0.000214946944392245,-0.413799696510999,0.091,0.107,1,"SCYL3"
0.000215848628458828,-0.380710973259834,0.084,0.1,1,"RP11-35G9.3"
0.000216605738549959,-0.283509006327097,0.25,0.267,1,"INSIG2"
0.000217588139201968,-0.349449660131368,0.132,0.151,1,"ATF7IP"
0.000230695747829819,-0.285034265702337,0.163,0.183,1,"ACSS2"
0.000231670433793411,-0.331646902746365,0.136,0.155,1,"ZBTB1"
0.000237200846743101,-0.391682218991106,0.107,0.125,1,"RP1-34B20.21"
0.000239146165514461,-0.348688852293864,0.095,0.113,1,"CENPBD1"
0.000242275852752746,-0.270808284437434,0.225,0.244,1,"MDP1"
0.000270325550871342,-0.419162692473916,0.098,0.115,1,"KLHL6"
0.000277085377138774,-0.432534673980066,0.085,0.101,1,"EFEMP2"
0.000284089256876027,-0.29301383998392,0.155,0.175,1,"FAM21C"
0.000295862366414964,-0.280234058891658,0.184,0.203,1,"FMR1"
0.000297151830258816,-0.25115848831029,0.228,0.247,1,"FCF1"
0.000297984422356124,-0.318105814992061,0.133,0.152,1,"ZNF44"
0.000302554617566477,-0.314065814896803,0.126,0.145,1,"IER5"
0.00030390630821035,-0.266078562697764,0.153,0.173,1,"DHX32"
0.00033065540012084,-0.334132410244974,0.137,0.155,1,"SRGAP2C"
0.000334438192245862,-0.283636446200082,0.173,0.192,1,"PRR11"
0.000343174257619433,-0.342009118845898,0.158,0.176,1,"RAB3IP"
0.000347226064935807,-0.390186921692421,0.093,0.109,1,"B4GAT1"
0.000362419180996491,-0.253416310045345,0.26,0.277,1,"SUN2"
0.00037050451280769,-0.365427264047922,0.118,0.135,1,"CCDC102A"
0.000375654164314745,-0.348038943915271,0.098,0.115,1,"PPM1D"
0.000380269113010348,-0.27966291562144,0.122,0.14,1,"TOB1"
0.00038818457729263,-0.399977475600164,0.102,0.119,1,"ARNTL2"
0.000407460661085579,-0.333297595224334,0.125,0.142,1,"DNLZ"
0.000416844218548519,-0.390239350167684,0.121,0.138,1,"CHRNA5"
0.000436934152949121,-0.318307166454394,0.159,0.177,1,"ZDHHC13"
0.000436936430949082,-0.299888019971162,0.106,0.123,1,"FBXO8"
0.00044636794861211,-0.302191895752766,0.142,0.16,1,"MYLIP"
0.000456712926172071,-0.31612998255626,0.176,0.194,1,"SNX2"
0.000491117872691715,-0.326148735935345,0.104,0.121,1,"PBX3"
0.00050230427286172,-0.372608258375569,0.113,0.13,1,"PFKFB3"
0.000508587961135266,-0.360616733211168,0.13,0.147,1,"LOXL3"
0.000571337680059717,-0.321718050642007,0.091,0.107,1,"PARP16"
0.000576380376373973,-0.386207689648597,0.089,0.105,1,"ZNF585A"
0.000632044204411327,-0.320238459107934,0.122,0.139,1,"NAV1"
0.000636572013244953,-0.316092440491359,0.138,0.156,1,"HLTF"
0.000639460084676574,-0.250558904001865,0.176,0.194,1,"HDAC5"
0.000658760609752104,-0.328364177786113,0.086,0.102,1,"ZNF277"
0.000671578933385746,-0.262748673293096,0.138,0.156,1,"CIT"
0.000728031077406821,-0.315232804727382,0.089,0.105,1,"TPK1"
0.000800626159589719,-0.347305556023051,0.129,0.145,1,"SMN1"
0.000861761816279816,-0.368133595580487,0.102,0.117,1,"P2RY11"
0.000903643586471877,-0.280650731511848,0.139,0.156,1,"ARSA"
0.00093256508803695,-0.298628922993887,0.156,0.173,1,"HIBADH"
0.000936097814099828,-0.258946896312237,0.245,0.261,1,"PPP1R3E"
0.00095469192499949,-0.27817242196485,0.123,0.14,1,"TNNI2"
0.000969304643585969,-0.301714628107154,0.085,0.1,1,"EXO1"
0.00100356838281668,-0.373021056312231,0.1,0.115,1,"HELB"
0.00102491603212493,-0.275000646033099,0.201,0.217,1,"RNF149"
0.00107569397110943,-0.259766145778685,0.157,0.174,1,"CYB5R1"
0.00109552139199538,-0.426281114412765,0.098,0.112,1,"SAMD9"
0.00111134049782062,-0.333457540043448,0.114,0.129,1,"LDOC1"
0.00116270958659476,-0.281314134157141,0.194,0.21,1,"PREX1"
0.00119141260951744,-0.268159322794398,0.222,0.237,1,"NEDD1"
0.00120294217165088,-0.394673369738987,0.096,0.11,1,"MVK"
0.00120394261142655,-0.386500177333796,0.09,0.105,1,"RP11-670E13.6"
0.00121085400112796,-0.286964128722809,0.136,0.153,1,"SKIL"
0.00126091252319501,-0.257496579418658,0.239,0.256,1,"TAB2"
0.00126166215417487,-0.276617180048234,0.167,0.183,1,"ACOT9"
0.00133053193879769,-0.323430537509056,0.087,0.101,1,"IGSF8"
0.00138908022885924,-0.282080853961775,0.164,0.18,1,"ZNF43"
0.00146115575769284,-0.345883665196871,0.116,0.131,1,"ZNF793"
0.00148313401139795,-0.372762907937461,0.101,0.115,1,"ZNF230"
0.00151189318464376,-0.256243662540862,0.269,0.282,1,"SH3RF1"
0.00172433399676801,-0.318168946065574,0.139,0.154,1,"PACS2"
0.00173631783623122,-0.276493497426523,0.225,0.239,1,"ENG"
0.00191466185282643,-0.314813820265053,0.099,0.114,1,"ICK"
0.00192539321753335,-0.274925825387499,0.122,0.138,1,"PINK1"
0.0019603283792694,-0.260215375055865,0.197,0.213,1,"HOXA10-AS"
0.00198901877455998,-0.335717594528997,0.1,0.114,1,"SPECC1"
0.00215700749642957,-0.252977427857035,0.197,0.213,1,"MDFIC"
0.0022602111042643,-0.312166699055687,0.105,0.12,1,"KLF11"
0.00226341894864423,-0.281190402244142,0.087,0.102,1,"SLC35G1"
0.00235559581292385,-0.29208653454768,0.17,0.186,1,"VSIG10"
0.00240296510098452,-0.317019938284859,0.105,0.119,1,"KHK"
0.00251702646871031,-0.254492636875146,0.188,0.203,1,"FBXO34"
0.00251895696877609,-0.265115082269268,0.171,0.186,1,"BCAS4"
0.00266900171293445,-0.277383814405393,0.199,0.212,1,"LINC00685"
0.00268501445927259,-0.264600929848343,0.09,0.104,1,"DAB2"
0.00272657700249836,-0.335602491623546,0.134,0.148,1,"QTRTD1"
0.00298476446113657,-0.293013320252853,0.144,0.158,1,"STX12"
0.00305185259953775,-0.310237109868167,0.097,0.111,1,"PRIMPOL"
0.00326261230755364,-0.262321479887905,0.131,0.146,1,"MOSPD3"
0.00329931941323426,-0.339855707196015,0.101,0.114,1,"RASA2"
0.00341976308154798,-0.323681054354166,0.126,0.14,1,"ZNF85"
0.00349240401731298,-0.273123186333391,0.145,0.16,1,"CYFIP1"
0.0035047473866497,-0.285021910313064,0.177,0.192,1,"GNA12"
0.00351241714180433,-0.336294073027113,0.112,0.126,1,"KRBOX4"
0.00360227097142095,-0.273151866434878,0.133,0.147,1,"KNTC1"
0.00366394283967002,-0.276763337915395,0.096,0.109,1,"SPATA13"
0.00382195294125545,-0.305541517383921,0.107,0.12,1,"PARG"
0.00430982460954441,-0.278015981304355,0.195,0.209,1,"HAUS5"
0.00440593039474162,-0.255819443276882,0.203,0.217,1,"RALGDS"
0.00442067188638787,-0.347320722496644,0.114,0.127,1,"RAB40B"
0.00460803317097556,-0.338094009805894,0.139,0.152,1,"B4GALT6"
0.00475733177093204,-0.265007587355215,0.204,0.217,1,"ZNF91"
0.00511003979424863,-0.250614472348597,0.137,0.151,1,"AP1AR"
0.00515672690133711,-0.271679707681824,0.13,0.143,1,"ATP8A1"
0.00527737732208837,-0.270761767686474,0.15,0.165,1,"MSH3"
0.00528458038685858,-0.289882609381662,0.095,0.108,1,"INPP5K"
0.00530299169127288,-0.296092287959493,0.168,0.181,1,"CTAGE5"
0.00531774882505205,-0.35643763933298,0.129,0.142,1,"ABTB1"
0.0053598033946885,-0.348350202078236,0.093,0.106,1,"AK9"
0.00544391047939152,-0.296036059977713,0.135,0.149,1,"ZNF519"
0.00549801323010836,-0.310250846282536,0.099,0.111,1,"HMGA2"
0.00555958971088708,-0.256399368545234,0.142,0.156,1,"GSTM5"
0.00561424226795061,-0.298090888644888,0.141,0.154,1,"CDK17"
0.00569815560744876,-0.347355414050518,0.09,0.102,1,"FLT3"
0.00575273882595424,-0.279092919269591,0.097,0.11,1,"GTSF1"
0.00598804477017266,0.290528339274231,0.451,0.427,1,"SOCS1"
0.00607533016452206,-0.347246660071335,0.096,0.108,1,"DTX3L"
0.00650341509409203,-0.260248787935159,0.141,0.154,1,"ANKRD13C"
0.00688717627259145,-0.31243701539967,0.191,0.205,1,"LTC4S"
0.00710347221839763,-0.320404774990119,0.092,0.105,1,"MIRLET7BHG"
0.00748130806404941,-0.281200881857245,0.102,0.114,1,"NCOA2"
0.00795806559218559,-0.265939380452658,0.091,0.103,1,"GOLGA8N"
0.00855422723216054,-0.289257959163511,0.093,0.105,1,"FMNL3"
0.0087997040889377,-0.301858363548586,0.088,0.1,1,"EZH1"
0.00900604246995657,-0.259546988768211,0.131,0.143,1,"FBXO25"
0.00951348984874959,-0.302745557993526,0.092,0.104,1,"C17orf75"
0.00969998758915095,-0.289685093754686,0.092,0.103,1,"FDXR"
0.01039392334727,-0.260626039671197,0.179,0.191,1,"ZDHHC21"
0.0109125454915344,-0.27364783537482,0.092,0.104,1,"GPHN"
0.012565646202257,-0.267798598910135,0.099,0.111,1,"TMEM204"
0.0126770144036119,-0.288582873746543,0.092,0.103,1,"B3GLCT"
0.0128768201949594,-0.254561242448201,0.173,0.186,1,"SUSD6"
0.0133985239566124,-0.328952955054189,0.091,0.102,1,"ICOSLG"
0.0137738721371917,-0.257381310862161,0.131,0.143,1,"THG1L"
0.0142290921126528,-0.251267510334814,0.1,0.112,1,"RABGAP1L"
0.0145160645932655,-0.289618799577418,0.107,0.118,1,"RFX1"
0.0145561199956895,-0.25266391643174,0.164,0.175,1,"CRNKL1"
0.0154919503563095,-0.286765252411811,0.111,0.122,1,"BRIP1"
0.0165227452052965,-0.304488577329627,0.096,0.107,1,"TGIF1"
0.0179220095518159,-0.294584630828958,0.102,0.113,1,"GPM6B"
0.0182236839962447,-0.290729093523052,0.096,0.106,1,"KIFC3"
0.0184698218423797,-0.312314242814509,0.108,0.118,1,"AHDC1"
0.0197694309898072,-0.286748560639117,0.104,0.114,1,"PPP1R21"
0.020509591890553,-0.274177938878122,0.095,0.105,1,"RP11-545E17.3"
0.0216973992079083,-0.263551125190379,0.131,0.142,1,"MZF1"
0.0263600298442667,-0.258440758328638,0.164,0.173,1,"MAGEH1"
0.0311693933628311,-0.287576931278072,0.132,0.142,1,"EFHC1"
0.0314752981209948,-0.257416632537363,0.101,0.11,1,"CCDC69"
0.0314768392222779,-0.264855363802296,0.108,0.117,1,"CKMT2-AS1"
0.0330457905153885,-0.258604653084987,0.094,0.103,1,"LINC00294"
0.0331253809601204,-0.268542042008147,0.107,0.117,1,"PALD1"
0.0343086010787591,-0.270327341132933,0.097,0.106,1,"SAMD10"
0.0367349514497533,-0.325793648038182,0.093,0.101,1,"C22orf46"
0.0408332134678617,-0.311053454158326,0.096,0.105,1,"NKIRAS1"
0.045976111995993,-0.250376996486335,0.095,0.103,1,"XRN1"
0.0463641026656534,-0.25513228622517,0.126,0.135,1,"GSPT2"
0.0523287958820813,-0.259442696139246,0.108,0.116,1,"FGD3"
0.0573628946676234,-0.287471708774333,0.11,0.118,1,"HSD17B7"
0.059902211830625,-0.251557070225669,0.105,0.112,1,"POLQ"
0.0600791120002588,-0.261381167752394,0.102,0.11,1,"VPS8"
0.0623822348984701,-0.260214857352093,0.118,0.126,1,"LINC01355"
0.0640191284353597,-0.264622764007601,0.155,0.162,1,"CLCN3"
0.0777954620421101,-0.285046026605042,0.113,0.12,1,"PAQR4"
0.086413129853897,-0.25694879860513,0.105,0.112,1,"AP3S2"
0.093536820501856,-0.258130765577949,0.136,0.143,1,"TXNDC16"
0.211498101206545,-0.270816708731875,0.123,0.127,1,"CFP"
0.254805499527479,-0.274053847422687,0.096,0.1,1,"RP11-706O15.3"
0.294731759928011,-0.257910531993372,0.099,0.102,1,"PTGR1"
