"p_val","avg_log2FC","pct.1","pct.2","p_val_adj","gene"
0,-3.43821743071294,0.116,0.636,0,"ANXA2"
0,-2.97965117596663,0.261,0.78,0,"RNASEK"
0,-2.74492306374486,0.296,0.738,0,"CRIP1"
0,-2.02267219771422,0.275,0.677,0,"GFI1B"
0,-3.08134881606271,0.119,0.505,0,"C11orf98"
0,-2.48765346283694,0.428,0.77,0,"FO538757.2"
0,-3.76971677247841,0.048,0.383,0,"PROCR"
0,1.79295949385267,0.508,0.188,0,"RGL4"
0,1.48876967049675,0.667,0.349,0,"CTSG"
0,-1.96082282249805,0.515,0.827,0,"IFITM1"
0,-1.73662211454722,0.352,0.658,0,"RCSD1"
0,-2.1069896861546,0.17,0.467,0,"RP11-108M9.4"
0,-1.88255781324831,0.237,0.526,0,"GLIPR1"
0,1.16779489039666,0.734,0.445,0,"TESC"
0,-1.97048344676116,0.222,0.51,0,"TM4SF1"
0,1.27930094484742,0.851,0.569,0,"GLUL"
0,-1.65431376376022,0.324,0.591,0,"HLA-DQA2"
0,-3.06211585006048,0.056,0.307,0,"MRPS24"
0,-1.50770282603867,0.277,0.527,0,"S100A10"
0,-1.80777961898431,0.715,0.963,0,"VIM"
0,-2.72129196803255,0.724,0.969,0,"NME2"
0,-1.36562624416233,0.393,0.635,0,"COX16"
0,-1.51200620057743,0.346,0.583,0,"TRAPPC5"
0,-1.19083455602765,0.499,0.731,0,"CCDC109B"
0,-1.14480024597031,0.477,0.695,0,"LPXN"
0,0.986135018299052,0.898,0.697,0,"LSP1"
0,-1.47599231110594,0.678,0.879,0,"HLA-DRB1"
0,0.756764218276903,0.89,0.702,0,"RASGRP2"
0,0.900239973420134,0.932,0.756,0,"RAC3"
0,0.969276522884455,0.918,0.763,0,"IGFBP2"
0,-1.00980580581975,0.629,0.777,0,"CD47"
0,0.76891767221495,0.947,0.807,0,"NPM3"
0,0.761825647789427,0.948,0.812,0,"CCND2"
0,0.729118138394583,0.934,0.806,0,"TOMM40"
0,0.762354712755897,0.958,0.837,0,"CHCHD10"
0,0.79643314135255,0.966,0.849,0,"DCXR"
0,0.718329326839625,0.968,0.855,0,"MRPS12"
0,-1.14939252095035,0.819,0.919,0,"TOMM5"
0,-1.8744784760319,0.844,0.942,0,"LGALS1"
0,0.719237286538761,0.961,0.865,0,"MSN"
0,-2.11641886202973,0.83,0.918,0,"AC090498.1"
0,-0.886698129608457,0.878,0.965,0,"S100A11"
0,-0.768192926516897,0.803,0.89,0,"C12orf75"
0,0.667113529259924,0.954,0.872,0,"PRSS57"
0,-1.20907917144111,0.906,0.983,0,"CD44"
0,0.73906820374498,0.972,0.897,0,"P4HB"
0,0.632378304459328,0.974,0.902,0,"MRPL12"
0,0.543730767456136,0.979,0.922,0,"CNPY2"
0,0.554345294527847,0.979,0.924,0,"SNU13"
0,0.577309065233951,0.987,0.939,0,"SF3B5"
0,0.645530590518561,0.986,0.938,0,"PPP1R14B"
0,0.547705809185258,0.981,0.937,0,"TOMM22"
0,0.536545676662286,0.988,0.945,0,"NME1"
0,-1.02181226915343,0.893,0.934,0,"LMO4"
0,-0.669440654471905,0.927,0.967,0,"CD164"
0,0.518673484193893,0.988,0.954,0,"RBM3"
0,0.636520195821831,0.995,0.963,0,"ATP5G1"
0,0.552293831029611,0.984,0.952,0,"TMEM147"
0,0.648577218380222,0.984,0.953,0,"GYPC"
0,0.510948765021966,0.988,0.959,0,"NDUFB8"
0,-0.688316673619385,0.947,0.976,0,"NDUFB1"
0,0.528480463242472,0.988,0.96,0,"ATP6V0B"
0,0.562306666959494,0.991,0.964,0,"SRM"
0,0.462631522806091,0.991,0.964,0,"PRR13"
0,0.886482218155755,0.993,0.967,0,"EIF4EBP1"
0,0.59960849040504,0.991,0.966,0,"STOML2"
0,0.547047184424347,0.991,0.967,0,"PEBP1"
0,0.564835143303913,0.996,0.98,0,"JTB"
0,0.51573133202779,0.991,0.975,0,"ODC1"
0,-0.721729061623547,0.968,0.984,0,"HLA-DRA"
0,-0.703725490062072,0.963,0.978,0,"MRPL33"
0,0.561200440373379,0.998,0.983,0,"TIMM13"
0,-0.909710510522463,0.98,0.994,0,"MT-ND3"
0,-0.564591538177203,0.979,0.992,0,"CD74"
0,0.513240966300199,0.996,0.985,0,"ATP5G3"
0,0.42769517753111,0.996,0.985,0,"NHP2"
0,-0.813126333188862,0.986,0.996,0,"PRDX1"
0,0.590944554964131,0.995,0.986,0,"GTF3A"
0,0.44281488437188,0.998,0.991,0,"VAMP8"
0,-0.532213745135497,0.989,0.996,0,"HLA-A"
0,0.341404987964948,1,0.997,0,"CHCHD2"
0,0.42343259735543,0.998,0.995,0,"MTDH"
0,0.389019924269827,1,0.998,0,"UQCRH"
0,-0.906308591096998,0.997,0.999,0,"TMSB10"
0,-1.66005081508026,0.998,1,0,"RPL17"
0,0.423854825800722,1,0.999,0,"YBX1"
0,-0.355570073090822,1,0.999,0,"ATP5L"
0,-1.16926608237074,0.999,1,0,"MIF"
0,0.545215963590294,0.998,0.997,0,"MT-ND1"
0,-0.872297917256297,1,1,0,"RPS27"
0,-0.372375772045652,1,1,0,"RPL31"
0,-0.633910986338451,1,1,0,"RPL37A"
0,0.250826824455624,1,1,0,"RPL29"
0,-0.298864284444562,1,1,0,"RPL34"
0,-0.680989303951883,1,1,0,"RPL37"
0,-0.743614663332639,1,1,0,"RPL39"
0,0.335046288367833,1,1,0,"RPL8"
0,-0.609904574280414,1,1,0,"FTH1"
0,-0.268034628854474,1,1,0,"TPT1"
0,-0.639053078927796,1,1,0,"RPS29"
0,-0.601548134480821,1,1,0,"B2M"
0,-0.568887965674138,1,1,0,"RPL38"
0,-0.598684748997427,1,1,0,"ATP5E"
0,-0.430045011432198,1,1,0,"RPS21"
0,-0.253452667954696,1,1,0,"RPL36"
0,-0.626796648360409,1,1,0,"RPS28"
0,0.548991661826424,1,1,0,"FTL"
5.05820693606763e-306,-0.993618938820782,0.658,0.799,9.70669911031379e-302,"SOX4"
8.57616743253878e-306,-1.55646369045648,0.375,0.602,1.64576653030419e-301,"TPSAB1"
1.01109483879955e-303,-0.450406845947965,0.988,0.991,1.94029099565634e-299,"NAA38"
5.65581404719566e-303,0.385343383524643,0.997,0.987,1.08535071565685e-298,"EEF1D"
6.78477020705519e-303,0.475732560131902,0.991,0.956,1.30199740273389e-298,"NDUFB9"
9.36835396383414e-302,0.661131335131231,0.917,0.762,1.79778712565977e-297,"C20orf27"
4.58279257131009e-296,0.699009021321191,0.893,0.728,8.79437894434406e-292,"LRRC59"
4.49452069049235e-295,0.572501979119318,0.994,0.98,8.62498520505483e-291,"CALR"
1.12164587244558e-294,0.682980682973387,0.917,0.767,2.15243842922307e-290,"MRPL4"
2.61186528117697e-293,-0.294753961420377,1,1,5.0121694745786e-289,"RPS15A"
2.87662231127702e-289,0.568984445843561,0.96,0.885,5.5202382153406e-285,"PSMB7"
2.62616490231729e-288,0.757423995412321,0.853,0.637,5.03961044754689e-284,"ISOC2"
3.6678035668285e-287,-0.27451672456526,1,1,7.03851504474389e-283,"TMA7"
4.75925313542087e-287,-0.581858799686542,0.893,0.938,9.13300676687265e-283,"KRTCAP2"
1.03609459751949e-286,-2.11294175139813,0.121,0.346,1.9882655326399e-282,"PRICKLE4"
4.0009693050692e-285,0.564727156155595,0.976,0.912,7.6778600964278e-281,"DCTPP1"
3.35551965980874e-283,0.680544063975678,0.911,0.766,6.43924222717297e-279,"EBNA1BP2"
6.19488132979626e-282,-2.32079846145704,0.092,0.305,1.1887977271879e-277,"PAM16"
4.6269737368367e-281,0.422065821047174,0.996,0.987,8.87916260098963e-277,"HMGA1"
2.68545207874177e-280,0.641311060598761,0.911,0.768,5.15338253910546e-276,"LSM10"
3.44573070741566e-280,0.611232731655978,0.957,0.86,6.61235722753065e-276,"PSMB3"
3.91157804004319e-277,0.470199199867816,0.982,0.936,7.50631825884288e-273,"LAGE3"
1.34399788748265e-276,-2.15358888762615,0.105,0.321,2.57913194607921e-272,"TMEM243"
1.81703110346906e-275,0.622733597432742,0.929,0.8,3.48688268755714e-271,"FAM136A"
9.17173277841132e-275,0.868890677787197,0.766,0.522,1.76005552017713e-270,"NEK6"
1.0992675347327e-274,0.626569730374918,0.92,0.772,2.10949439915205e-270,"TMED3"
1.14280644154401e-272,0.554889662358289,0.961,0.879,2.19304556132296e-268,"SLC39A3"
1.21893596507838e-271,-1.18987140291645,0.473,0.67,2.33913811698541e-267,"HLA-DQB1"
3.55636318114491e-271,0.400057474700291,0.997,0.981,6.82466094461708e-267,"GADD45GIP1"
8.26322213869868e-271,0.956008687257457,0.747,0.484,1.58571232841628e-266,"TFRC"
1.00840689599751e-270,0.382511537159128,0.999,0.998,1.93513283341922e-266,"GSTP1"
1.31151637955039e-269,0.532415929937962,0.977,0.931,2.5167999323572e-265,"GSPT1"
3.91009465099615e-268,0.431099361921913,0.993,0.977,7.50347163526161e-264,"CCDC85B"
7.8704913441588e-266,-3.09149235902962,0.031,0.201,1.51034728894407e-261,"CALHM2"
2.82147116107193e-265,0.508704267431645,0.962,0.877,5.41440315809702e-261,"TMEM160"
3.06639758060703e-265,0.353604901190232,0.998,0.992,5.8844169571849e-261,"PRELID1"
6.01669391704257e-265,0.532503185415445,0.965,0.891,1.15460356268047e-260,"TMED9"
8.32638777039501e-265,0.587047610593247,0.937,0.825,1.5978338131388e-260,"MLEC"
2.12605990495807e-264,-2.56958315728783,0.053,0.239,4.07990895761453e-260,"JAML"
4.96721686159302e-263,-3.34605799099886,0.023,0.182,9.532089157397e-259,"ALOX5"
3.33200483065167e-262,-0.565573889484123,1,1,6.39411727002056e-258,"RPL36A"
3.31381362238095e-261,0.518902751222877,0.959,0.879,6.35920834134904e-257,"NME4"
2.88489562717315e-259,0.328115842971861,0.998,0.989,5.53611470854528e-255,"NEDD8"
3.45341621181996e-258,1.04760130768893,0.597,0.317,6.6271057104825e-254,"MFSD12"
6.91882639280959e-257,-0.548919549855173,0.903,0.94,1.32772278478016e-252,"ROMO1"
5.41873146430224e-256,-0.343773906095088,0.999,0.998,1.0398545679996e-251,"POLR2L"
3.41205309471716e-255,-1.15393570734593,0.453,0.632,6.54772988876224e-251,"ETV6"
5.05824704435981e-255,-1.40806635562871,0.266,0.491,9.70677607812647e-251,"IQGAP1"
1.10046819280041e-253,0.469840904090416,0.983,0.94,2.11179846198399e-249,"MYDGF"
2.8679581590756e-252,-4.22707647022863,0.009,0.145,5.50361170726607e-248,"LY96"
6.47118106831049e-251,0.459725100569855,0.966,0.904,1.24181964700878e-246,"MRPL11"
2.40027431994598e-250,-1.06779234871896,0.596,0.747,4.60612641997634e-246,"NFKBIA"
4.77189981330236e-249,-0.590498444122763,0.918,0.95,9.15727574172723e-245,"LITAF"
6.06078745603435e-248,0.296929159754191,1,1,1.16306511281299e-243,"MT-ND2"
1.98348797726987e-247,-0.375641492122004,0.988,0.994,3.80631342838088e-243,"TMEM258"
2.86691560773042e-246,1.14342949202816,0.503,0.225,5.50161105123468e-242,"CTC-524C5.2"
2.88425488533834e-244,-2.07696993379245,0.11,0.311,5.53488512496428e-240,"CA8"
7.32429184137811e-244,-0.611053212676212,0.885,0.935,1.40553160436046e-239,"HHEX"
7.45190873220995e-244,0.513573576502204,0.975,0.951,1.43002128571109e-239,"AIF1"
1.91131612901242e-243,0.36101001653978,0.996,0.987,3.66781565157484e-239,"ATP5D"
8.12614638503525e-243,-2.26959102270617,0.085,0.276,1.55940749128826e-238,"ZNF749"
9.36586247571819e-242,0.516822608466672,0.962,0.898,1.79730900909032e-237,"COPE"
2.99056399994654e-241,-5.1082270217728,0.005,0.13,5.73889231589742e-237,"GLYATL2"
3.00179132647508e-240,-3.52020217904986,0.013,0.15,5.76043755550568e-236,"IL1RN"
3.75347449603992e-240,0.789741265487556,0.81,0.624,7.20291755790061e-236,"LRPAP1"
6.42648877144974e-240,0.583890080351185,0.916,0.781,1.2332431952412e-235,"ZNF593"
1.93546287308345e-238,0.570755577086836,0.917,0.793,3.71415325344714e-234,"CENPV"
1.01955954201134e-237,-0.450743440255541,0.955,0.971,1.95653476111976e-233,"PCBP1"
1.68837783069393e-237,-1.4366498190313,0.222,0.441,3.23999705710165e-233,"CD53"
2.90068471471577e-237,0.332888136768848,0.998,0.986,5.56641396753956e-233,"COX6A1"
3.06958213961393e-236,-0.582154033041931,0.946,0.968,5.89052812591913e-232,"HLA-DPB1"
1.65735885662649e-233,-4.58696285298747,0.01,0.138,3.18047164586623e-229,"WFDC1"
1.94992869941729e-232,0.860517997741239,0.765,0.558,3.74191317418178e-228,"C10orf54"
3.24680337172339e-232,0.270257564272544,1,0.999,6.23061567033719e-228,"GPX4"
6.24020831986463e-232,0.431686578356269,0.987,0.945,1.19749597658202e-227,"DRAP1"
1.02851472856369e-230,0.635527597038858,0.941,0.84,1.97371976411373e-226,"RNASEH2C"
3.59815008924924e-230,0.873650080992661,0.681,0.425,6.9048500212693e-226,"POLR3H"
1.11334229978054e-229,-0.417787568719082,0.97,0.977,2.13650387327886e-225,"COMMD6"
2.06682862080324e-229,0.444836613862042,0.981,0.929,3.96624412332142e-225,"NDUFAB1"
1.2647497511949e-228,0.47732436166152,0.977,0.937,2.42705477254301e-224,"TUFM"
6.80052841800277e-227,0.532418911351237,0.971,0.928,1.30502140341473e-222,"NPW"
7.02713149588242e-226,0.319737672073749,0.998,0.992,1.34850653405984e-221,"COX5B"
1.87700046860863e-225,0.467663181903638,0.971,0.918,3.60196389925996e-221,"PGAM1"
1.99277932014311e-225,-1.13844254529484,0.42,0.614,3.82414351535463e-221,"AP001171.1"
6.1788658497956e-225,0.368170885479352,0.992,0.971,1.18572435657578e-220,"AURKAIP1"
8.15885969036417e-225,1.03459634702268,0.703,0.491,1.56568517458088e-220,"FAM46A"
4.59363167277032e-224,-0.311831352577019,0.995,0.997,8.81517918004624e-220,"OST4"
5.42757548212893e-224,-0.571131010978005,0.875,0.918,1.04155173502054e-219,"NDUFA3"
6.48459689149059e-224,0.539363611303252,0.939,0.835,1.24439414347704e-219,"NAA10"
6.56444261133652e-224,0.628510416102912,0.873,0.713,1.25971653711548e-219,"DCUN1D5"
2.0525394304124e-222,-0.490569561471821,0.933,0.946,3.93882316696139e-218,"YWHAZ"
1.810910470549e-221,-1.13124996482951,0.39,0.582,3.47513719298354e-217,"GFI1"
6.75532882948111e-220,0.59568821720579,0.895,0.755,1.29634760237742e-215,"YDJC"
4.98142173538306e-219,0.401354897743208,0.984,0.943,9.5593483102001e-215,"CUTA"
1.55398670601316e-218,-1.26913398888546,0.337,0.532,2.98210048883926e-214,"HLA-DQA1"
2.5111168514972e-218,0.821328186348945,0.959,0.879,4.81883323802313e-214,"SRGN"
6.50571006442199e-218,0.565274611694308,0.894,0.748,1.24844576136258e-213,"CCDC124"
1.79902988190981e-217,-0.928131218917576,0.548,0.709,3.45233834338493e-213,"MEF2C"
1.45913945011861e-216,0.721202275655856,0.814,0.637,2.80008860477761e-212,"SYNGR1"
5.86971442508907e-216,0.430630289624848,0.97,0.908,1.12639819817459e-211,"MRPL20"
6.76088187499677e-215,-0.431418638328499,0.956,0.968,1.29741323181188e-210,"NDUFA1"
6.91676927590179e-215,-1.29508636289191,0.297,0.497,1.32732802404555e-210,"RPP21"
2.89792208360843e-214,0.716789012777991,0.764,0.53,5.56111247844458e-210,"DEAF1"
4.13607541573465e-213,0.372775894904135,0.998,0.992,7.9371287227948e-209,"RAN"
8.80124512861354e-213,0.645015125297183,0.877,0.745,1.68895894018094e-208,"APLP2"
2.54080569769349e-212,-1.34767194583167,0.27,0.467,4.87580613387381e-208,"CCDC18"
1.33027656632344e-209,0.497054766514736,0.955,0.881,2.55280073077468e-205,"C9orf78"
5.11846459775924e-209,-0.833293501100572,0.609,0.728,9.82233356309999e-205,"CBWD5"
1.44938463878045e-208,0.536627379260259,0.908,0.765,2.78136912181969e-204,"RILPL2"
2.40445652137341e-208,-0.39698825133683,0.981,0.99,4.61415206451557e-204,"GMFG"
1.62052588927699e-207,-2.69632459230965,0.041,0.189,3.10978918152254e-203,"LILRA2"
4.32898252561076e-206,1.28442052823258,0.431,0.194,8.30731746664704e-202,"MLC1"
5.38976573623167e-206,0.674158111419643,0.798,0.602,1.03429604478286e-201,"TMEM141"
4.25241046969011e-205,0.483734370411184,0.936,0.848,8.16037569133531e-201,"MRPS15"
6.53765085602814e-205,-0.994304852943835,0.478,0.634,1.2545751992718e-200,"MT-ND4L"
1.29974107399363e-204,0.387615497413993,0.982,0.957,2.49420312099378e-200,"CDK4"
2.42154733944996e-204,0.330283799777037,0.999,0.998,4.64694934440446e-200,"NPM1"
5.90242856585259e-203,-2.84827319925238,0.03,0.168,1.13267604178711e-198,"RP11-437B10.1"
2.1392870549664e-202,0.502198372456926,0.922,0.81,4.10529185848052e-198,"EI24"
2.04115572958199e-201,0.438630690041146,0.961,0.89,3.91697784506783e-197,"PHB2"
4.35808515085311e-201,0.326451275106127,0.994,0.984,8.36316540448711e-197,"SSR4"
1.06395748191265e-200,0.758048396258701,0.715,0.487,2.04173440779037e-196,"EMG1"
1.65444312084024e-200,0.417037128408497,0.999,0.996,3.17487634889243e-196,"ALDOA"
3.2489068656677e-200,-4.27724471781642,0.007,0.117,6.23465227521632e-196,"CLEC4A"
5.42082694829282e-200,0.337395782560385,0.992,0.971,1.04025669137739e-195,"EIF3K"
9.07473966642336e-200,0.598199583091991,0.848,0.673,1.74144254198664e-195,"SIGMAR1"
3.50725871138795e-198,0.399395929692883,0.975,0.929,6.73042946715347e-194,"NDUFS8"
3.61111393365076e-198,0.819149565707697,0.658,0.406,6.9297276386758e-194,"PPIF"
3.93809436948576e-198,-1.35475708620689,0.259,0.45,7.55720309504317e-194,"GLMN"
7.04048190197754e-196,0.443854979827387,0.95,0.863,1.35106847698949e-191,"COTL1"
2.15179483035561e-195,0.53520440388382,0.891,0.749,4.12929427945242e-191,"AK2"
2.37359126660824e-195,-1.17193292657829,0.233,0.443,4.55492164062122e-191,"RAB27B"
7.89005458402997e-193,-2.18869059893029,0.07,0.23,1.51410147467535e-188,"ZNF521"
1.5007459989122e-192,0.594227212697598,0.858,0.695,2.87993157191252e-188,"C8orf33"
2.05995326799427e-191,0.378962083134824,0.981,0.939,3.953050321281e-187,"NDUFC2"
6.27160710198147e-191,0.486096324278753,0.925,0.818,1.20352140287024e-186,"COA4"
2.22922535780919e-189,-0.930385411689817,0.85,0.906,4.27788346163584e-185,"HIST1H4C"
2.29620408714271e-189,-0.425344464634646,1,1,4.40641564322686e-185,"MALAT1"
1.45723175426922e-188,0.303781351409028,0.999,0.998,2.79642773644263e-184,"TUBA1B"
1.67314478587996e-188,0.570117004377782,0.865,0.718,3.21076484410365e-184,"MRPL21"
2.514953095552e-187,-2.35003656938847,0.056,0.206,4.82619499036428e-183,"SEPHS2"
2.82605659500217e-186,0.619503116596654,0.819,0.63,5.42320260580917e-182,"NOP16"
1.01992936666828e-185,0.858721024837852,0.605,0.363,1.95724445463643e-181,"SLC27A5"
3.14172241484826e-185,-1.98314982850827,0.086,0.249,6.02896531409381e-181,"GPR84"
8.09766051817783e-185,0.419212524453231,0.96,0.896,1.55394105343833e-180,"PHB"
3.26550427653916e-184,0.632018387617672,0.789,0.6,6.26650270667864e-180,"YIF1A"
1.05766000680563e-183,0.389305641865334,0.975,0.929,2.02964955306001e-179,"AP2S1"
1.16854358470817e-183,0.466180003375115,0.934,0.833,2.24243513905498e-179,"C16orf13"
3.95683753967037e-183,0.743599708831726,0.779,0.611,7.59317123862744e-179,"MEST"
1.60064039388119e-182,0.457382448929731,0.938,0.847,3.07162891585801e-178,"AGPAT2"
2.08578053915934e-182,0.510586267537237,0.91,0.791,4.00261285464677e-178,"MRPL37"
2.74352046837301e-182,0.369496106511075,0.976,0.932,5.2648157788078e-178,"SSU72"
3.3299393338076e-182,0.561656402486815,0.853,0.695,6.39015358157679e-178,"MAP2K2"
3.43837552365617e-182,0.431513279395477,0.947,0.862,6.59824262989619e-178,"MRPL18"
7.81281824089685e-182,0.543351491836582,0.9,0.757,1.4992798204281e-177,"SDF2L1"
1.11877272599243e-181,0.301205948579935,0.996,0.988,2.14692486117946e-177,"LSM7"
2.30757601853996e-181,0.810762883545411,0.622,0.382,4.42823837957818e-177,"NCLN"
5.60307693980223e-181,0.277276209395129,1,0.998,1.07523046474805e-176,"TXN"
5.64424847250373e-181,0.306705356735011,0.993,0.979,1.08313128187347e-176,"GUK1"
5.83811388134111e-181,0.350398847333208,0.988,0.96,1.12033405382936e-176,"C17orf89"
3.18945013203283e-179,0.264514126838649,1,1,6.120554803371e-175,"GAPDH"
8.78270703490043e-179,0.311738410087014,0.992,0.971,1.68540147999739e-174,"MRPL57"
1.83137469869303e-178,-3.35513730193067,0.011,0.117,3.51440804679192e-174,"CKAP4"
2.35385544554263e-178,0.60791426796777,0.793,0.596,4.5170485999963e-174,"IFRD2"
3.499318888062e-178,-0.47410142809173,0.172,0.364,6.71519294619098e-174,"CXCL8"
1.28876467441646e-177,-3.13875310191924,0.024,0.143,2.47313941020519e-173,"HLA-DRB5"
2.1458168506032e-177,0.676507983108592,0.725,0.499,4.11782253630755e-173,"PYCR1"
7.66449410457728e-177,0.306954375450313,0.994,0.982,1.47081641866838e-172,"LAMTOR1"
3.12225869908525e-176,0.435342633225282,0.932,0.832,5.9916144435446e-172,"TXN2"
1.62468560514562e-175,-0.821722178936668,0.535,0.671,3.11777167627444e-171,"FAM117A"
1.83053805341605e-175,0.442915416343792,0.947,0.863,3.5128025245054e-171,"PDCD6"
5.17142892521954e-175,0.484615786826139,0.91,0.787,9.9239721074963e-171,"MRPL55"
9.33653454140335e-175,0.613976612038706,0.797,0.605,1.7916809784953e-170,"PHF5A"
5.42187243616616e-174,0.691875629781719,0.751,0.552,1.04045732050029e-169,"SRD5A3"
9.91904153000674e-174,-0.434153870259735,0.952,0.966,1.90346406960829e-169,"HLA-C"
1.22951847478205e-173,0.726457297722222,0.667,0.432,2.35944595310675e-169,"CHID1"
1.01964276806223e-172,0.43439947418356,0.958,0.895,1.95669447191142e-168,"UBE2L3"
1.48533709457883e-172,-1.40144885456447,0.203,0.381,2.85036188449677e-168,"SLC35F6"
1.56390544000938e-171,0.506335188011216,0.877,0.736,3.00113453937799e-167,"CIB1"
1.59555013020391e-171,0.756042790810719,0.64,0.414,3.06186069986131e-167,"MLST8"
2.55674523107086e-171,-1.19021332018049,0.267,0.448,4.90639409842499e-167,"STAB1"
6.36905610239204e-171,0.677919333495035,0.706,0.483,1.22222186604903e-166,"ERI3"
1.00875326638679e-170,-1.81110086523731,0.109,0.273,1.93579751819624e-166,"CNFN"
3.91558985259061e-170,0.46407890756197,0.924,0.822,7.51401692712138e-166,"GRB2"
4.96279422530477e-169,0.490635031129496,0.9,0.77,9.52360211835985e-165,"MAPKAPK3"
1.72804534608382e-168,0.714462465359415,0.661,0.428,3.31611901913485e-164,"AP3D1"
2.13886197796106e-168,-2.38236872494506,0.051,0.186,4.10447613570727e-164,"KCTD12"
3.12118899970478e-168,0.423070670368251,0.955,0.885,5.98956169043347e-164,"ATF4"
2.98817541934369e-167,0.355563139161523,0.981,0.946,5.73430862972053e-163,"LSM2"
5.67734212688032e-166,0.825380304840739,0.594,0.368,1.08948195414833e-161,"CHST12"
7.32305590803807e-166,0.353501552872859,0.978,0.942,1.40529442875251e-161,"SPCS1"
1.42148874614844e-165,0.398855488970757,0.96,0.911,2.72783690385885e-161,"LY6E"
4.18087593400626e-165,0.553044608632658,0.846,0.709,8.02310091735802e-161,"NDUFV1"
4.58592887193828e-165,0.624189281544471,0.759,0.542,8.80039750524956e-161,"BRI3BP"
1.0878420627341e-164,0.822463938960202,0.583,0.353,2.08756891838674e-160,"FAM162A"
1.10082203807272e-164,0.439228287684557,0.945,0.884,2.11247749106155e-160,"CYC1"
1.40214817850175e-164,-2.33288155367445,0.05,0.184,2.69072235454485e-160,"IL18R1"
2.63610413050218e-164,1.3032455935389,0.309,0.117,5.05868382643368e-160,"GNPDA1"
1.04352169937982e-163,0.274095406992032,0.997,0.983,2.00251814110987e-159,"C19orf53"
9.98337574978061e-163,0.291280497823389,0.999,0.997,1.9158098063829e-158,"PSMA7"
4.5304465426912e-161,-1.14128839801955,0.286,0.46,8.69392691542441e-157,"SNX10"
5.28360104108112e-161,0.636995145843097,0.694,0.474,1.01392303978347e-156,"SMARCA4"
1.19510007020708e-160,0.522259111449778,0.861,0.718,2.29339703472738e-156,"MRPS34"
4.88972067600839e-160,0.311078704169498,0.99,0.97,9.3833739772601e-156,"EIF1AX"
5.01982405823657e-160,-0.672146106273782,0.601,0.721,9.63304236775598e-156,"SNCA"
8.08977740572956e-160,0.319351286230111,0.989,0.959,1.5524282841595e-155,"MRPL51"
1.90447169596234e-159,0.736164802894686,0.591,0.361,3.65468118455173e-155,"FAM195A"
4.62799425614526e-159,0.406901862937459,0.938,0.852,8.88112097754276e-155,"POLR2E"
3.6218863061463e-158,0.360285297354741,0.971,0.924,6.95039982149474e-154,"UQCRFS1"
2.25681407420819e-157,-0.990280165899859,0.37,0.54,4.33082620840551e-153,"GCSAML"
5.11347392966162e-157,0.279487173486179,0.995,0.987,9.81275647102066e-153,"COX5A"
1.17148105126408e-156,0.469342789473571,0.895,0.767,2.24807213737576e-152,"LMAN2"
1.40321871831132e-156,0.554363927384343,0.8,0.607,2.69277672043942e-152,"MTFP1"
1.75002383482288e-156,1.42593276773937,0.466,0.266,3.35829573902511e-152,"BEX1"
2.6111044480217e-156,-1.25536383890456,0.225,0.396,5.01070943575365e-152,"ODF3B"
3.02418808859349e-156,-0.333411340526339,0.988,0.99,5.80341694201091e-152,"STMN1"
8.35865268834563e-156,-0.350880715590336,0.99,0.992,1.60402545089353e-151,"HLA-B"
1.11190851214031e-155,0.383682428699246,0.993,0.979,2.13375243479726e-151,"NCL"
1.80785780821202e-155,0.380765965511358,0.952,0.884,3.46927913395886e-151,"EMC6"
3.11560852441721e-155,0.370916952463498,0.967,0.912,5.97885275835662e-151,"RPS19BP1"
3.51874459516414e-155,-0.300538041938784,0.995,0.995,6.75247087811999e-151,"ATP5I"
3.75889197322177e-155,0.657618758417175,0.686,0.468,7.21331369661257e-151,"C7orf50"
6.97193944316861e-155,0.481952147846153,0.884,0.757,1.33791517914406e-150,"TAF9"
1.23953106006743e-154,0.587552797606107,0.782,0.592,2.3786601042694e-150,"TXNDC12"
5.35641664171794e-154,0.362181620957155,0.964,0.901,1.02789635354567e-149,"GLRX5"
6.38399801120364e-154,0.383878670506064,0.955,0.883,1.22508921834998e-149,"FAM96A"
8.77127522446859e-154,0.45592077428218,0.909,0.798,1.68320771557552e-149,"STRA13"
1.55613907328168e-153,0.538407521751937,0.821,0.648,2.98623088162754e-149,"IMP4"
2.67444782610814e-153,-0.348195021243288,0.971,0.984,5.13226537830151e-149,"PKM"
3.14160532784217e-153,0.686004007313271,0.665,0.458,6.02874062412912e-149,"WDR18"
3.87520858804646e-153,0.360875569005976,0.964,0.906,7.43652528046117e-149,"C19orf70"
1.91104588742609e-152,-1.21732963902889,0.288,0.45,3.66729705797066e-148,"CTSH"
2.57771561782978e-152,1.2024630454424,0.38,0.187,4.94663627061535e-148,"BZRAP1"
3.67763067525574e-152,0.421220040460753,0.929,0.848,7.05737326581576e-148,"PDCD2"
3.7213505832706e-152,1.07532792301956,0.44,0.241,7.14127176929628e-148,"CEBPD"
4.41746253454635e-152,0.4802219843101,0.894,0.772,8.47711060379445e-148,"RAP1B"
7.08522467764635e-152,0.294216022043268,0.991,0.982,1.35965461564034e-147,"PARK7"
7.42145707179001e-152,0.760857251342021,0.611,0.397,1.4241776120765e-147,"TRAP1"
1.94673662952171e-151,-0.355587537913038,0.976,0.986,3.73578759205216e-147,"CALM2"
2.24738831944522e-151,0.543231721295397,0.816,0.66,4.31273818501538e-147,"RAB8A"
3.72468716734698e-151,0.348076227574365,0.979,0.94,7.14767467413885e-147,"SSR2"
4.86601145347868e-151,0.306039897942064,0.999,0.999,9.33787597922558e-147,"SH3BGRL3"
6.46398179786874e-151,0.572042015650197,0.778,0.593,1.24043810701101e-146,"RPUSD3"
3.23074108948786e-150,0.319140126824114,0.983,0.949,6.19979215072721e-146,"NDUFS6"
1.02239854748797e-149,-1.14257238234036,0.306,0.47,1.96198281262941e-145,"YPEL3"
1.08241091268504e-149,-2.76255905232985,0.025,0.132,2.07714654144259e-145,"GSTM1"
1.51942555689406e-149,0.519634014221294,0.846,0.708,2.91577764367971e-145,"AHCY"
1.7874619374636e-149,0.47891296549536,0.886,0.76,3.43013945799264e-145,"MRPS26"
3.00409088271474e-149,-1.63942878030563,0.112,0.263,5.76485040392958e-145,"UBE2V1"
2.3454519973384e-148,0.396864820169185,0.94,0.851,4.50092238289239e-144,"C19orf24"
2.42898651636226e-148,-1.11559492256199,0.305,0.468,4.66122512489917e-144,"HLA-DMB"
4.99972034727144e-148,0.461925485179878,0.897,0.779,9.5944633464139e-144,"DNPH1"
6.03443123266665e-148,0.312769269610837,0.988,0.956,1.15800735354873e-143,"C20orf24"
9.69915347935405e-148,-2.85517869581298,0.022,0.125,1.86126755268804e-143,"RP5-821D11.7"
1.76010788028976e-147,-0.310782481994759,0.944,0.96,3.37764702227605e-143,"DBI"
4.84488401096891e-147,0.351553391714157,0.963,0.913,9.29733241704935e-143,"FBL"
6.31532570857159e-147,0.362846700781705,0.958,0.898,1.21191100347489e-142,"COX14"
1.07404535842594e-146,0.393019065668388,0.951,0.867,2.06109304281939e-142,"APRT"
1.99980625267837e-146,0.464873085465452,0.9,0.788,3.83762819888979e-142,"SNRPC"
5.29952957807166e-146,0.441206420948801,0.899,0.782,1.01697972603195e-141,"BABAM1"
2.50188026429521e-145,-0.786352858763732,0.5,0.631,4.8011082271825e-141,"GRN"
5.51161116879156e-145,0.338311210671161,0.982,0.934,1.0576781832911e-140,"MINOS1"
5.93911491305627e-145,0.459479977928485,0.912,0.798,1.1397161518155e-140,"UBE2M"
9.21277005290444e-145,0.52338363161919,0.825,0.66,1.76793057315236e-140,"CNN2"
1.12920255857257e-144,-1.75776365203841,0.088,0.229,2.16693970990076e-140,"AIM1"
3.23134464393168e-144,-2.25127667855004,0.029,0.137,6.2009503717049e-140,"ACP5"
5.49632346470096e-144,0.318877112910879,0.985,0.961,1.05474447287612e-139,"PRDX5"
1.31992518891412e-143,0.47480123426391,0.863,0.719,2.5329364375262e-139,"MRPS7"
1.41077458552666e-143,0.665353427873278,0.667,0.461,2.70727642962565e-139,"TIMM50"
3.35946561909502e-143,0.429936156426345,0.907,0.805,6.44681452304334e-139,"CTDNEP1"
1.07749857328328e-142,0.575045665525734,0.829,0.688,2.06771976213062e-138,"GLRX"
4.29217263623515e-142,-0.567156144584687,0.773,0.835,8.23667928893525e-138,"PNRC1"
1.3277498364953e-141,0.273656054606087,0.994,0.985,2.54795193623447e-137,"C1QBP"
1.73223961361596e-141,-0.462517509091845,0.858,0.908,3.32416781852902e-137,"IFITM3"
1.77571562602248e-141,1.10636013224038,0.388,0.195,3.40759828633714e-137,"GFOD1"
4.25315828147613e-141,0.338144217867094,0.968,0.917,8.16181074215269e-137,"MRPL34"
2.13219856401556e-140,0.366639475592718,0.964,0.917,4.09168904434586e-136,"PPA1"
2.23015121889031e-140,-0.374990381763271,0.942,0.955,4.27966018905051e-136,"CSTB"
6.77511924861181e-140,0.480988477353924,0.879,0.759,1.30014538380861e-135,"DKC1"
1.0117628390871e-139,0.965327579663382,0.432,0.231,1.94157288820814e-135,"TRGC1"
2.56976017987467e-139,0.334279122688096,0.973,0.93,4.93136978517949e-135,"TXNL4A"
2.68432259836467e-139,0.40185128143168,0.93,0.845,5.15121506626181e-135,"PSMB5"
5.64116226902852e-139,0.369590179158809,0.972,0.933,1.08253903942657e-134,"MAZ"
1.7892115948916e-138,0.513507414426386,0.835,0.693,3.43349705059698e-134,"EIF6"
2.60834029634329e-138,-0.604781642597895,0.68,0.766,5.00540502868277e-134,"PYCARD"
9.38379442804537e-138,0.618928266430484,0.673,0.464,1.80075015074191e-133,"PRADC1"
1.10661315565582e-137,0.547001554676855,0.84,0.681,2.12359064570352e-133,"RP6-159A1.4"
1.23408331072718e-137,-1.12208184648531,0.271,0.428,2.36820587328546e-133,"SEPT1"
2.55833237172717e-137,0.509108591790274,0.784,0.589,4.90943982134444e-133,"PAGR1"
9.29272880854745e-137,0.432747095452192,0.977,0.93,1.78327465836026e-132,"EIF5A"
1.2197122625617e-136,-2.63561226915565,0.027,0.129,2.3406278318559e-132,"CMC4"
1.29277085749624e-136,-0.532831250266017,0.771,0.831,2.48082727553528e-132,"TKT"
4.98081702362785e-136,0.560966467836603,0.76,0.58,9.55818786834185e-132,"DLEU1"
2.81074991190452e-135,-0.293426816553717,0.984,0.984,5.39382908094478e-131,"ZNF706"
3.50379689765305e-135,0.472179487232757,0.847,0.714,6.7237862465962e-131,"FAM207A"
7.21882327115875e-135,0.401292500424775,0.911,0.814,1.38529218573536e-130,"DDX46"
7.83289028950372e-135,0.446966673484844,0.924,0.833,1.50313164655576e-130,"CRELD2"
1.47757163087918e-134,0.574941618213697,0.71,0.512,2.83545995965714e-130,"MRPL24"
2.30937854973457e-134,-1.35320767746137,0.165,0.318,4.43169743694064e-130,"C19orf38"
3.90755025768093e-134,0.367761019554917,0.953,0.882,7.4985889444897e-130,"BAG1"
8.70394369512623e-134,0.308380585669226,0.979,0.94,1.67028679509472e-129,"NENF"
8.87258932126767e-134,0.455698512206505,0.857,0.708,1.70264989075127e-129,"TUSC2"
1.31911416640299e-133,0.632815041679531,0.659,0.457,2.53138008532734e-129,"MAPK12"
6.03595403313383e-133,-0.430687216318062,0.895,0.939,1.15829957895838e-128,"HLA-DPA1"
1.21466657240358e-132,0.487692288959433,0.837,0.689,2.33094515244247e-128,"SLC1A5"
2.30741150396951e-132,0.622404828168538,0.67,0.474,4.42792267611748e-128,"SLC25A19"
2.35032029130694e-132,-1.24161648672888,0.218,0.37,4.51026463901802e-128,"EVI2B"
4.65801668102248e-132,0.529871886697504,0.786,0.616,8.93873401088215e-128,"SNRNP25"
6.90533965457537e-132,0.432849249445378,0.89,0.769,1.32513467971301e-127,"TMED10"
1.66750308994429e-131,0.426593542330488,0.88,0.751,3.19993842960309e-127,"KXD1"
4.252801317665e-131,0.516286750759383,0.807,0.639,8.16112572859913e-127,"FARSA"
1.80815279135761e-130,0.708539589937664,0.559,0.352,3.46984520661526e-126,"ATAD3A"
1.93804435921229e-129,0.529805951521971,0.78,0.604,3.71910712532838e-125,"BAZ1A"
3.4648982103911e-127,0.520606570711672,0.782,0.614,6.64913966574052e-123,"GPATCH4"
6.33787983095805e-127,0.709508529439117,0.556,0.354,1.21623913956085e-122,"BASP1"
8.52194139605524e-127,0.591392948393748,0.678,0.484,1.635360553903e-122,"PREB"
2.48554945033605e-126,0.365105697458526,0.941,0.877,4.76976939519489e-122,"RAB5C"
2.81761972750553e-126,-1.27528132032981,0.179,0.328,5.40701225708312e-122,"OPTN"
3.42307191246105e-126,0.575979459497723,0.728,0.545,6.56887500001276e-122,"SLC2A4RG"
3.63803824975648e-126,0.270353542266617,0.998,0.995,6.98139540128268e-122,"RANBP1"
4.17433336014254e-126,0.580932902853625,0.695,0.509,8.01054571811354e-122,"PTGES2"
9.1616206896024e-126,0.54260714886702,0.775,0.611,1.7581150103347e-121,"VAT1"
1.57962818305455e-125,-1.12733560998097,0.42,0.547,3.03130648328168e-121,"CYTL1"
4.98934615518536e-125,0.522521917981511,0.759,0.586,9.5745552718007e-121,"EMD"
6.4257409669364e-125,0.411426155974572,0.888,0.772,1.23309969155509e-120,"MKKS"
1.43889457640465e-124,0.533259870058566,0.735,0.548,2.76123869212051e-120,"SH3KBP1"
4.36982141767169e-124,0.295371616407007,0.982,0.955,8.38568730051198e-120,"TRMT112"
7.18896539896323e-124,0.47382273160199,0.805,0.646,1.37956246006104e-119,"GCSH"
1.30378014634266e-123,-0.33301951487993,0.972,0.979,2.50195410083157e-119,"CD99"
1.33299872434982e-123,0.273938277522199,0.99,0.97,2.5580245520273e-119,"NDUFA13"
1.46244778289599e-123,-0.829158888341569,0.466,0.586,2.80643729537741e-119,"CCP110"
1.55312649601105e-123,-0.835014097076546,0.132,0.283,2.98044974584521e-119,"IGFBP4"
3.40427549866378e-123,0.396522135147647,0.902,0.802,6.5328046819358e-119,"NXT1"
3.57444470686749e-123,0.407317987378317,0.91,0.802,6.85935939247872e-119,"BCL7C"
1.4995344097193e-122,0.416289307798738,0.878,0.754,2.87760653225134e-118,"TRIAP1"
1.92742074609672e-122,0.539254953730609,0.739,0.56,3.69872041175961e-118,"DUS1L"
1.96901888623216e-122,0.450481264325046,0.926,0.86,3.77854724267952e-118,"ATP5B"
8.58213214030485e-122,0.523811889668584,0.78,0.617,1.6469111577245e-117,"CDV3"
9.51004617403914e-122,-0.412193117831433,0.859,0.902,1.82497786079811e-117,"ITM2B"
1.17824460270841e-121,0.462474301555325,0.841,0.697,2.26105139259744e-117,"POLDIP2"
1.57557037581451e-121,0.362728700474074,0.97,0.927,3.02351955118804e-117,"TSPO"
2.25198182945473e-121,0.621684221876226,0.635,0.438,4.32155313072363e-117,"CTSA"
2.5865084060358e-120,0.561096032265166,0.709,0.521,4.96350963118271e-116,"ITPA"
2.73114533600351e-120,-0.361687366286949,0.921,0.938,5.24106789979074e-116,"AKR1A1"
4.30426250508647e-120,0.329840568305632,0.96,0.9,8.25987974726094e-116,"POLR2F"
4.97027895404769e-120,-0.54389668026757,0.682,0.762,9.53796531281752e-116,"SOCS2"
2.23299590123335e-119,0.431379307833679,0.874,0.741,4.2851191344668e-115,"FAM32A"
2.34671296617071e-119,0.692717482194526,0.535,0.333,4.5033421820816e-115,"PES1"
4.54194720456666e-119,-1.90481391584533,0.059,0.173,8.71599668556341e-115,"GLIDR"
5.71329729088446e-119,0.488719844802056,0.804,0.646,1.09638175012073e-114,"TM7SF3"
2.48382259360798e-118,0.647113622360789,0.666,0.489,4.76645555713372e-114,"FKBP11"
2.68990214429757e-118,-0.761082884358402,0.491,0.605,5.16192221490704e-114,"LTA4H"
3.04927601322386e-118,0.966454896649251,0.332,0.161,5.85156066937659e-114,"SNTB1"
4.2314404514282e-118,-1.51265532486305,0.125,0.258,8.12013422629071e-114,"DNLZ"
5.03520830962353e-118,0.41858831627672,0.86,0.732,9.66256474616755e-114,"ILF3"
9.34958265922791e-118,0.444362416089428,0.821,0.666,1.79418491230584e-113,"SRP72"
1.16493943561159e-117,-0.599999970430483,0.725,0.785,2.23551877693864e-113,"BTG1"
1.51749489879389e-117,-1.8333655419206,0.095,0.221,2.91207271078547e-113,"MCEMP1"
1.62150364559466e-117,0.419509487467855,0.911,0.838,3.11166549589616e-113,"PSMD8"
3.33377600093561e-117,0.325610747547378,0.959,0.901,6.39751614579543e-113,"LAMTOR2"
6.19829299535144e-117,0.326352066962087,0.956,0.908,1.18945242580794e-112,"PHPT1"
9.43571781060069e-117,0.414280965001181,0.941,0.873,1.81071424785427e-112,"CORO1A"
1.07785032718746e-116,0.426202831388688,0.848,0.696,2.06839477787273e-112,"PMVK"
2.09461554839249e-116,-1.17119712119615,0.183,0.332,4.01956723736519e-112,"PPP1R14A"
3.32890013854486e-116,0.586134942987463,0.651,0.455,6.38815936586759e-112,"SURF6"
3.46396204144904e-116,0.284588911104688,0.991,0.979,6.6473431575407e-112,"SF3B6"
3.94597180515112e-116,-0.537355885078654,0.733,0.785,7.572319894085e-112,"NPC2"
5.22017056400099e-116,0.270271651771568,0.994,0.983,1.00175073123179e-111,"SERBP1"
6.00738282378926e-116,1.74329089235864,0.157,0.04,1.15281676388516e-111,"MAD1L1"
8.0015958872659e-116,0.493940943860285,0.804,0.651,1.53550625076633e-111,"VDAC1"
1.23385339828468e-115,-3.20573395692876,0.036,0.134,2.3677646713083e-111,"RP11-1143G9.4"
2.10973656652705e-115,0.443039880481644,0.818,0.671,4.0485844711654e-111,"CLN6"
2.72976923159623e-115,-1.83838665056386,0.061,0.173,5.23842715543317e-111,"MPZL3"
3.80927021238661e-115,0.35734999413366,0.946,0.878,7.3099895375699e-111,"DDX21"
4.61593796505231e-115,0.536964040202033,0.749,0.586,8.85798495493539e-111,"RUVBL2"
7.41836069422464e-115,0.547584036933443,0.699,0.515,1.42358341722171e-110,"NTPCR"
8.24398693712999e-115,0.581313020366216,0.611,0.408,1.58202109323524e-110,"RNASEH1-AS1"
9.23088822316562e-115,0.635417992384053,0.622,0.434,1.77140745002548e-110,"PDHA1"
1.4416082177565e-114,-2.3634827507642,0.027,0.118,2.76644616987472e-110,"GBP1"
1.84672837019017e-114,0.64076340425822,0.617,0.435,3.54387174239493e-110,"AGTRAP"
2.38446221056106e-114,0.505239954764804,0.754,0.593,4.57578298206667e-110,"ZNRD1"
3.47033671987489e-114,0.544951521552984,0.7,0.514,6.65957616543991e-110,"TIMM44"
3.71117972151544e-114,0.476692038513831,0.776,0.614,7.12175388558814e-110,"TAF10"
4.34792243280009e-114,0.459901654209857,0.855,0.741,8.34366314854338e-110,"LAPTM4B"
5.31399239287225e-114,-0.640876139592496,0.291,0.452,1.01975514019218e-109,"DDIT4"
8.50139146686829e-114,0.685228346181227,0.528,0.332,1.63141702249202e-109,"QDPR"
1.36268428988504e-113,0.559354605864398,0.682,0.5,2.6149911522894e-109,"RFXANK"
1.69549611941891e-113,0.293615660707259,0.977,0.941,3.25365705316489e-109,"ABRACL"
1.72293484195135e-113,-0.280336867233,0.982,0.982,3.30631196170465e-109,"PCBP2"
2.39013279870194e-113,-1.56715313417961,0.163,0.297,4.58666484070902e-109,"CRHBP"
2.68291542566498e-113,0.633388127338244,0.568,0.371,5.14851470185109e-109,"YARS"
3.31718469223744e-113,0.484560598876204,0.897,0.793,6.36567742440365e-109,"MYC"
5.14592148285806e-113,0.303695274382931,0.966,0.926,9.87502332560462e-109,"ATP5O"
5.56001086666738e-113,0.501181121389645,0.751,0.579,1.06696608531347e-108,"HSD17B10"
1.28159273500849e-112,0.602919076421454,0.631,0.444,2.45937645848129e-108,"MATK"
1.42270168001877e-112,-1.02306458835637,0.296,0.435,2.73016452395602e-108,"TNFSF10"
1.85340534065932e-112,0.381875208039746,0.924,0.848,3.55668484872524e-108,"MTCH2"
5.77339835687951e-112,0.371270097286287,0.93,0.839,1.10791514468518e-107,"SSR1"
8.06135035985733e-112,0.412255086127554,0.851,0.71,1.54697313405662e-107,"NUDT3"
1.22804283893191e-111,0.53960911756481,0.68,0.498,2.35661420791033e-107,"C21orf59"
1.41900714261238e-111,0.549073071578294,0.682,0.488,2.72307470667317e-107,"NABP2"
1.71000997759503e-111,0.322807080825263,0.966,0.911,3.28150914700485e-107,"EIF4G2"
3.52284206847168e-111,0.422119639912481,0.838,0.713,6.76033392939716e-107,"TIMM10"
3.57934201744448e-111,-1.73493827889203,0.076,0.191,6.86875733147595e-107,"HMGN4"
3.81326350416594e-111,0.590429525691628,0.603,0.409,7.31765266449444e-107,"DDX49"
4.41709736671752e-111,0.480275106262097,0.763,0.604,8.47640984673092e-107,"PPIH"
6.74351614002548e-111,0.371633398540559,0.917,0.825,1.29408074727089e-106,"MRPL36"
1.28383784806864e-110,0.59606512187932,0.558,0.358,2.46368483044372e-106,"B3GNTL1"
1.65630038902254e-110,0.309559277491767,0.961,0.897,3.17844044653425e-106,"ELP5"
1.9722117575141e-110,0.670164368188181,0.524,0.332,3.78467436266956e-106,"HSPBP1"
1.98887282906827e-110,0.468340040584042,0.771,0.616,3.816646958982e-106,"TMEM126A"
2.35190789121544e-110,0.684240597926467,0.491,0.298,4.51331124324244e-106,"C2orf74"
2.49780715473638e-110,0.288993581252333,0.97,0.931,4.79329192993912e-106,"GTF3C6"
2.55941879241593e-110,0.463643769726627,0.805,0.654,4.91152466264617e-106,"MDH2"
3.61858426142723e-110,0.413109274610382,0.882,0.8,6.94406319767886e-106,"PRDX4"
3.92478208130386e-110,0.523822635661759,0.705,0.517,7.53165681402211e-106,"ZCCHC17"
4.65618894088724e-110,0.715518298923681,0.473,0.282,8.93522657756261e-106,"EIF5AL1"
6.091430372382e-110,0.323225872682038,0.995,0.987,1.16894548846011e-105,"HSP90AA1"
9.40831885740648e-110,0.56928488325966,0.648,0.456,1.8054563887363e-105,"HPCAL1"
9.9721197761853e-110,0.566225997145696,0.666,0.489,1.91364978504996e-105,"RRP7A"
2.12701449616971e-109,0.54973699314554,0.682,0.493,4.08174081814968e-105,"ABHD14B"
3.71292443948718e-109,0.361250325133153,0.915,0.822,7.1251019993759e-105,"COMMD7"
9.04409854415894e-109,0.632009613438774,0.679,0.505,1.7355625106241e-104,"SPNS1"
9.80586170671298e-109,-0.840761977077635,0.389,0.513,1.88174486151822e-104,"AP1S2"
1.82114591838408e-108,-0.963653562223855,0.343,0.468,3.49477901737905e-104,"FAM111A"
1.84616745507299e-108,0.674999367336175,0.601,0.42,3.54279534628506e-104,"TP53RK"
2.35280821605049e-108,-0.579725998280329,0.655,0.742,4.51503896660089e-104,"VAMP5"
5.01692978476604e-108,0.628101429234861,0.557,0.361,9.62748825696604e-104,"ACO2"
5.27835372126079e-108,0.297464960173135,0.967,0.925,1.01291607910995e-103,"EBPL"
5.79321105119579e-108,-0.538218985401843,0.69,0.767,1.11171720072447e-103,"SNHG19"
1.09060655621015e-107,0.519791899672125,0.7,0.512,2.09287398136728e-103,"HDLBP"
2.41411320218098e-107,0.331364354892499,0.987,0.975,4.63268323498531e-103,"FKBP4"
2.71716844090923e-107,0.511223387819958,0.705,0.528,5.21424623810481e-103,"RNASEH1"
2.72713033551345e-107,-2.44528119725335,0.025,0.109,5.23336311385031e-103,"RWDD3"
2.77671378668664e-107,0.851558519522001,0.421,0.243,5.32851375665166e-103,"GSN"
3.44493731677866e-107,-1.42474637418587,0.12,0.246,6.61083471089826e-103,"ST3GAL6"
1.68800549414565e-106,0.571948763317938,0.648,0.465,3.2392825432655e-102,"RITA1"
1.72495894095327e-106,-0.585657833687041,0.665,0.742,3.31019620768932e-102,"C4orf48"
1.73189275036994e-106,0.265280961586802,0.993,0.979,3.32350218795991e-102,"HSPE1"
5.03554598661402e-106,-0.925480814581938,0.336,0.469,9.66321274831231e-102,"FCER1G"
9.0047969413532e-106,-1.06849184171563,0.227,0.367,1.72802053304568e-101,"FCGRT"
1.34214760627117e-105,0.377017524900192,0.932,0.868,2.57558125643437e-101,"CYBA"
1.77840647021817e-105,-1.94769146998869,0.052,0.154,3.41276201634867e-101,"BIRC3"
1.89381743706145e-105,0.417094453346209,0.824,0.678,3.63423566172093e-101,"PABPC4"
1.96299723660074e-105,0.422217133940519,0.837,0.697,3.76699169703682e-101,"HINT2"
2.19946196308973e-105,0.374599096559201,0.898,0.802,4.22076750716918e-101,"AUP1"
2.2453964972256e-105,0.509559304298917,0.705,0.528,4.30891587817593e-101,"PFDN6"
3.49563846946397e-105,0.640058642347621,0.563,0.378,6.70813022290136e-101,"ENDOG"
5.64199125858878e-105,0.707595600227607,0.474,0.29,1.08269812252319e-100,"FBRSL1"
6.4054652013339e-105,-0.634964121883209,0.595,0.678,1.22920877213598e-100,"TSTD1"
8.2568224818691e-105,0.751904482702325,0.508,0.331,1.58448423427068e-100,"SMIM24"
9.24868698334653e-105,0.383069194127672,0.9,0.806,1.7748230321042e-100,"SSRP1"
1.26910484567002e-104,-0.388572036291418,0.921,0.948,2.43541219884077e-100,"HSPB1"
1.78058765871815e-104,0.356999887453191,0.938,0.866,3.41694771708012e-100,"COMT"
2.42278767002607e-104,0.32815305727522,0.937,0.861,4.64932953878004e-100,"IMP3"
5.37761958016761e-104,0.536309296317271,0.726,0.576,1.03196519743416e-99,"ADA"
8.81301094662368e-104,0.49938775135248,0.7,0.513,1.69121680065708e-99,"NOLC1"
1.28607265232655e-103,0.873583005190061,0.277,0.125,2.46797341981466e-99,"GNG7"
1.5363538908377e-103,-1.13985301265928,0.177,0.313,2.94826311651754e-99,"MYCT1"
1.78667457007344e-103,0.466765278471442,0.767,0.599,3.42862849997094e-99,"UROS"
4.74934476237218e-103,0.356067342198075,0.917,0.831,9.1139925989922e-99,"NDUFB10"
6.07035136142793e-103,-0.936221807272706,0.335,0.464,1.16490042625802e-98,"AC004381.6"
8.81655159430942e-103,0.775034924615491,0.396,0.222,1.69189625094798e-98,"SLC7A5"
9.55944823224406e-103,1.31018749006953,0.283,0.139,1.83445811576764e-98,"RP11-84C10.2"
1.81401727943273e-102,0.786429082415135,0.405,0.231,3.48109915923141e-98,"ATAD3B"
2.72939584614895e-102,-0.627480217146199,0.622,0.709,5.23771062875984e-98,"ELMSAN1"
3.54129842533941e-102,0.34693620616585,0.93,0.855,6.79575167822632e-98,"CYCS"
1.18663179734326e-101,0.63429514339753,0.526,0.338,2.27714641910172e-97,"DOHH"
1.29361753190786e-101,0.619082506973986,0.51,0.32,2.48245204373119e-97,"PEMT"
1.59146036662029e-101,-1.59331756737075,0.107,0.225,3.05401244354433e-97,"TFPI"
1.98528683644138e-101,-0.372127523688185,0.984,0.984,3.809765439131e-97,"HMGB2"
2.20513511673928e-101,0.353846064735811,0.91,0.812,4.23165428902267e-97,"M6PR"
2.58941067044001e-101,0.46111538103692,0.755,0.593,4.96907907657438e-97,"ANAPC15"
3.19609363507851e-101,0.896866030288453,0.354,0.193,6.13330368571567e-97,"NRXN2"
4.32549546941051e-101,0.355877111344921,0.893,0.785,8.30062580579877e-97,"RALBP1"
4.65600522950798e-101,0.51326963307174,0.682,0.493,8.93487403542582e-97,"NCBP2-AS2"
5.00503814026602e-101,0.316881031756951,0.952,0.902,9.60466819117049e-97,"PRDX6"
1.13824196813135e-100,0.397186198596192,0.836,0.692,2.18428633684406e-96,"TMEM183A"
1.25709195451308e-100,0.535998065148424,0.789,0.647,2.41235946071059e-96,"CITED2"
3.55400538709737e-100,0.409527713234158,0.866,0.761,6.82013633783985e-96,"PSMB2"
6.61353442409908e-100,0.250458707232796,0.987,0.96,1.26913725598461e-95,"NDUFB7"
7.93904262966217e-100,0.745440392150147,0.414,0.239,1.52350228063217e-95,"GCAT"
8.14291642844826e-100,0.316245082896589,0.947,0.882,1.56262566261922e-95,"SSNA1"
1.142174148833e-99,0.490886101354222,0.729,0.565,2.19183219161052e-95,"ECH1"
2.15970584805991e-99,0.665017984758707,0.473,0.291,4.14447552242696e-95,"BCS1L"
2.31646194444468e-99,0.414365085837242,0.802,0.653,4.44529047138935e-95,"SDF4"
2.3862099064106e-99,0.390803038827848,0.858,0.751,4.57913681040195e-95,"RER1"
9.64613707224014e-99,-2.45867675566037,0.025,0.105,1.85109370416288e-94,"TMSB15B"
9.93479661684972e-99,0.782778097010502,0.356,0.191,1.90648747077346e-94,"SELPLG"
1.13417498451603e-98,-0.47619624136868,0.723,0.782,2.17648179528627e-94,"DCK"
4.18470847272184e-98,0.55102894917697,0.552,0.355,8.03045555915321e-94,"PRKAR2A"
4.9560703013888e-98,0.464544236730179,0.73,0.553,9.5106989083651e-94,"POLR3GL"
5.68749668034389e-98,0.646744194934307,0.479,0.296,1.09143061295799e-93,"THAP4"
7.1206847100543e-98,0.698583276517543,0.404,0.231,1.36645939585942e-93,"NCOR2"
1.07000409848143e-97,0.612946419591955,0.51,0.326,2.05333786498585e-93,"PUS1"
1.99246391779564e-97,0.487396579894723,0.73,0.57,3.82353825824984e-93,"TSTA3"
2.44712396601312e-97,0.530092635296536,0.647,0.468,4.69603089077917e-93,"MRTO4"
2.46205291404512e-97,-1.80439739759004,0.072,0.175,4.72467954205258e-93,"RCBTB2"
4.34144071514332e-97,0.287091389129151,0.958,0.901,8.33122473236002e-93,"ARL2"
6.80820835843222e-97,0.339062767083311,0.935,0.867,1.30649518398314e-92,"PFDN2"
7.02051913836523e-97,0.625391595955397,0.5,0.318,1.34723762265229e-92,"ECSIT"
8.0761677717956e-97,0.372303718553042,0.873,0.759,1.54981659540758e-92,"TRAPPC3"
9.4393806637952e-97,0.529754650895088,0.684,0.526,1.8114171493823e-92,"KIAA0125"
1.60879842278706e-96,0.430090174480459,0.819,0.687,3.08728417332837e-92,"NDUFA8"
1.88380663976873e-96,0.317581618851753,0.932,0.861,3.6150249417162e-92,"CANX"
2.07428926404105e-96,0.632084719619469,0.517,0.335,3.98056109769478e-92,"YRDC"
2.43317790714699e-96,0.408332416460108,0.849,0.747,4.66926840381508e-92,"PSMG1"
2.47401873099797e-96,0.500106883237961,0.69,0.518,4.7476419447851e-92,"GANAB"
2.7487405142402e-96,0.410423334473023,0.809,0.662,5.27483304682694e-92,"RTN3"
3.17563194778626e-96,-1.7903330589257,0.061,0.161,6.09403770780183e-92,"IER3"
3.72982607467527e-96,0.563765774141789,0.609,0.43,7.15753623730184e-92,"SLC52A2"
3.75958808621815e-96,0.990696081146256,0.278,0.134,7.21464953745264e-92,"SLA2"
3.7851307251177e-96,0.367004070104116,0.864,0.757,7.26366586150086e-92,"NDUFS3"
4.72865490079891e-96,-0.353963286321188,0.889,0.905,9.07428875463311e-92,"PSME1"
5.01797599685639e-96,0.43495110480904,0.818,0.692,9.62949593796741e-92,"PSMD14"
5.3784721607262e-96,0.394114918584603,0.844,0.722,1.03212880764336e-91,"DPP7"
6.21122924718927e-96,0.540388521011784,0.65,0.476,1.19193489253562e-91,"GAR1"
1.20184038643867e-95,-0.39019132333794,0.892,0.906,2.30633170157581e-91,"YWHAH"
1.21568724311659e-95,1.12802330421172,0.254,0.117,2.33290381954074e-91,"CLU"
1.60066876276472e-95,1.34682164758833,0.192,0.073,3.07168335574549e-91,"PVRL1"
1.66523375672614e-95,0.405043653014587,0.817,0.672,3.19558357915747e-91,"RPL26L1"
2.49371753196165e-95,0.675647151573351,0.404,0.235,4.78544394383441e-91,"WARS"
2.76570416049335e-95,0.583350435032504,0.55,0.37,5.30738628398674e-91,"OGFOD3"
3.49905947746907e-95,-0.546057188638237,0.661,0.719,6.71469513726314e-91,"COX17"
3.57390861895984e-95,0.664828203952645,0.422,0.249,6.85833063978393e-91,"TMEM99"
9.59391804784559e-95,-1.02694683171672,0.318,0.433,1.84107287338157e-90,"ITGAL"
1.63721774087177e-94,-0.818800928065169,0.487,0.582,3.14182084473293e-90,"HELLS"
2.57328864371894e-94,1.24129779856306,0.234,0.107,4.93814090729664e-90,"RGCC"
1.18519656885824e-93,0.327696949897557,0.919,0.83,2.27439221563896e-89,"TOMM20"
1.3061292288801e-93,0.592085918550455,0.529,0.348,2.50646199022092e-89,"COMMD9"
1.37293688337545e-93,0.392551148045827,0.824,0.684,2.63466587919748e-89,"CTSD"
1.94717700793892e-93,0.426675723928246,0.863,0.759,3.73663267823479e-89,"NUDC"
7.0339282955334e-93,-1.24403825557152,0.158,0.279,1.34981083991286e-88,"HOOK3"
8.62838494966446e-93,0.288947574704867,0.95,0.887,1.65578707184061e-88,"ITGAE"
1.32995574154678e-92,0.500121496068145,0.627,0.44,2.55218506802827e-88,"APOPT1"
1.41218098976881e-92,0.529560477780156,0.603,0.423,2.70997531936635e-88,"COA1"
1.99011900098273e-92,0.488781184624485,0.751,0.604,3.81903836288586e-88,"SSBP1"
2.1662243783155e-92,0.358734296539513,0.887,0.779,4.15698458198745e-88,"CLTB"
2.99090475037193e-92,0.336689790994531,0.884,0.786,5.73954621596374e-88,"C11orf73"
3.1854539008428e-92,-0.429368609112244,0.782,0.823,6.11288603571734e-88,"TYMP"
1.47539474717895e-91,0.263526741823393,0.963,0.931,2.83128251983641e-87,"C1orf43"
1.51498099787972e-91,-2.18278473465886,0.037,0.12,2.90724853493119e-87,"ABI3"
2.82309813108167e-91,0.578904513746225,0.528,0.348,5.41752531354572e-87,"ALG3"
3.94974507600423e-91,-0.559428997271523,0.647,0.715,7.57956080085213e-87,"MESDC1"
4.40038970777524e-91,0.710058517135702,0.411,0.246,8.44434784922068e-87,"SPNS2"
6.7193541118089e-91,0.414046141096082,0.824,0.694,1.28944405405613e-86,"EIF3I"
6.74496103592595e-91,0.565931812131546,0.558,0.38,1.29435802279419e-86,"SEC61A1"
7.34140876807985e-91,0.454995593817929,0.755,0.605,1.40881634259452e-86,"SCO2"
7.43628329712885e-91,0.566335809617307,0.592,0.414,1.42702276471903e-86,"RAB31"
1.04770125606412e-90,0.44546711732479,0.767,0.615,2.01053871038704e-86,"ZDHHC24"
1.85688147617948e-90,0.649929550167787,0.838,0.736,3.56335555278842e-86,"HSPA8"
2.83008640504306e-90,0.749716173803709,0.335,0.18,5.43093581127763e-86,"METTL8"
3.18502102787e-90,0.365359167431692,0.819,0.686,6.11205535248254e-86,"DPM2"
5.01072981311481e-90,0.592806700468473,0.504,0.327,9.61559051136733e-86,"KATNB1"
5.04025964531906e-90,0.527766318201302,0.614,0.44,9.67225825936728e-86,"SYTL1"
5.93065607273428e-90,-1.54597662886602,0.109,0.22,1.13809290035771e-85,"C1QTNF4"
6.08555613866324e-90,-1.00573849689933,0.247,0.371,1.16781822300948e-85,"TCF4"
6.80573216398941e-90,0.386053991899089,0.835,0.71,1.30602000226957e-85,"APOA1BP"
9.6026869068394e-90,0.601996163851134,0.488,0.313,1.84275561742248e-85,"EIF3B"
1.46874761792825e-89,0.485468209749209,0.625,0.445,2.81852667880432e-85,"SSBP3"
1.98671834000739e-89,0.478803050889874,0.673,0.501,3.81251249447419e-85,"PPP6R1"
2.03947279408654e-89,0.384617054307894,0.821,0.685,3.91374829185208e-85,"CRLS1"
3.37627380818961e-89,-0.67757134771099,0.486,0.578,6.47906943791586e-85,"C17orf49"
3.94428531047207e-89,0.606781713886257,0.508,0.332,7.5690835107959e-85,"PQLC1"
7.37990641637138e-89,0.868947398743542,0.29,0.148,1.41620404130167e-84,"TMEM150A"
1.32408537554504e-88,0.525371089775068,0.58,0.402,2.54091983567093e-84,"RPP25L"
1.88447793759403e-88,-1.10701900897295,0.196,0.317,3.61631316224295e-84,"TIGAR"
1.99681647571412e-88,-0.856702142496865,0.342,0.457,3.83189081689539e-84,"ERG"
2.46094396137035e-88,0.450366272841545,0.73,0.57,4.72255146186971e-84,"PTDSS1"
3.18224085133017e-88,0.929708033927525,0.288,0.147,6.10672019370259e-84,"CTSW"
3.28620712094991e-88,0.325504304477174,0.946,0.908,6.30623146510289e-84,"VDAC2"
3.40672606936546e-88,0.578869121021301,0.524,0.352,6.53750732711231e-84,"RRP1"
3.57763748222084e-88,0.746973146934709,0.358,0.202,6.86548632838179e-84,"RRP9"
6.08034069988618e-88,0.530957636076686,0.574,0.397,1.16681738030816e-83,"NOL12"
6.24985110919297e-88,-0.435127805788125,0.797,0.842,1.19934642785413e-83,"HLA-DMA"
1.07295476741923e-87,0.38124416059725,0.84,0.708,2.05900019867751e-83,"DGUOK"
1.58009181771942e-87,-0.26981501101812,0.967,0.98,3.03219619820356e-83,"TPM4"
2.46356894552691e-87,0.721697020859795,0.379,0.22,4.72758880646614e-83,"PLD6"
2.82753333070683e-87,0.486395982524249,0.641,0.467,5.4260364616264e-83,"SMARCC1"
3.87054195409388e-87,-0.46218045870364,0.737,0.781,7.42757000990616e-83,"PET100"
4.55989576855466e-87,0.252068342855181,0.971,0.937,8.75043997985639e-83,"FXYD5"
5.96196072902459e-87,0.253874627101058,0.969,0.935,1.14410026389982e-82,"KPNB1"
9.14292481035579e-87,0.588913045744184,0.501,0.324,1.75452727110728e-82,"C16orf91"
1.01060218160902e-86,-1.63241968677453,0.067,0.162,1.93934558650771e-82,"ANXA5"
2.55226993257353e-86,0.31982332756203,0.913,0.828,4.8978060006086e-82,"HDGF"
2.63123867106617e-86,0.324135337373758,0.911,0.819,5.04934700977598e-82,"ARPC4"
2.71714859178055e-86,0.418711007436353,0.776,0.631,5.21420814762687e-82,"SNRPN"
3.66795083276664e-86,0.504812137360855,0.689,0.528,7.03879764807918e-82,"PSMD3"
8.10889798856077e-86,0.348047740713971,0.896,0.809,1.55609752400481e-81,"NOL7"
1.07219213206724e-85,1.30409539960899,0.183,0.074,2.05753670143703e-81,"RHOU"
1.46144042786043e-85,0.498055206082452,0.604,0.429,2.80450418106417e-81,"TMX2"
1.51295732107478e-85,0.476785782783071,0.706,0.556,2.9033650991425e-81,"ACADVL"
1.55163681081709e-85,0.50318957257501,0.672,0.511,2.977591039958e-81,"MRPL3"
3.93115429522352e-85,0.535998788471901,0.541,0.366,7.54388509253394e-81,"DYRK4"
5.91440239923139e-85,0.397653867615605,0.793,0.656,1.1349738204125e-80,"RANGRF"
5.99922508714549e-85,0.360607294081896,0.881,0.788,1.15125129422322e-80,"SNHG7"
1.15750901328537e-84,0.385740408682463,0.815,0.688,2.22125979649463e-80,"C14orf1"
1.6039973037686e-84,0.376196064296959,0.811,0.675,3.07807082593194e-80,"TMEM261"
1.60553739427858e-84,0.651512920231531,0.579,0.423,3.08102625962059e-80,"TIMP1"
1.62209513117171e-84,0.569909162828805,0.528,0.358,3.1128005567185e-80,"ROGDI"
2.14864459360718e-84,-2.04525162404942,0.035,0.113,4.12324897513218e-80,"NBPF26"
3.70854157765851e-84,0.659312276318643,0.415,0.253,7.11669128752668e-80,"BOP1"
5.15449935939647e-84,0.448566007622761,0.684,0.519,9.89148427068183e-80,"TIMM8A"
5.9464017657976e-84,-1.52214198238264,0.083,0.182,1.14111449885656e-79,"APITD1-CORT"
7.71247541450124e-84,-0.39671717085472,0.986,0.989,1.48002403204279e-79,"METTL9"
8.22869241192008e-84,-1.16628492163357,0.197,0.312,1.57908607384746e-79,"C1orf21"
9.48708665979631e-84,0.722186054850015,0.32,0.172,1.82057193001491e-79,"SCARB1"
1.04009573681909e-83,0.559827331131899,0.546,0.376,1.99594371895582e-79,"MTX1"
2.83144076693216e-83,-0.699716077145283,0.253,0.38,5.43353483174282e-79,"BTG2"
3.02490624758809e-83,0.461907697849747,0.645,0.474,5.80479508912155e-79,"RNF114"
5.85807073231506e-83,2.7703729447551,0.115,0.031,1.12416377353126e-78,"TIMP3"
5.97268489931084e-83,0.440542375481455,0.73,0.579,1.14615823217775e-78,"TIMM17A"
1.78420717205771e-82,-0.531612852336232,0.609,0.675,3.42389356317874e-78,"IDS"
2.07605042660208e-82,0.445974910991226,0.699,0.538,3.98394076864939e-78,"FXN"
2.29556447156285e-82,0.426947643654167,0.75,0.607,4.40518822092911e-78,"LYAR"
3.71345563746463e-82,0.722258858119502,0.342,0.192,7.12612136829462e-78,"FASN"
5.33890276599625e-82,0.53246925883067,0.547,0.376,1.02453544079468e-77,"SLC5A6"
6.4471323636772e-82,0.556506084756748,0.545,0.378,1.23720470058966e-77,"RPS6KA1"
1.15880856793023e-81,0.503119032575346,0.584,0.415,2.2237536418581e-77,"MAPKAP1"
1.55092608277703e-81,-0.435393985450231,0.734,0.782,2.97622715284912e-77,"RNF130"
2.97465688747565e-81,0.738897493961575,0.326,0.181,5.70836656706577e-77,"CD3EAP"
3.94277921207091e-81,0.363770604002734,0.82,0.679,7.56619330796408e-77,"SNHG9"
4.03102373204755e-81,0.290520814862832,0.946,0.885,7.73553454179926e-77,"BSG"
6.77950366681186e-81,0.339786868802041,0.876,0.772,1.3009867536612e-76,"HAX1"
7.55159820954291e-81,0.554247762786715,0.496,0.328,1.44915169641129e-76,"SRPRB"
7.55497893667064e-81,0.673622330882783,0.297,0.158,1.4498004579471e-76,"PSAT1"
1.29410010088004e-80,0.324362220409031,0.9,0.814,2.4833780935888e-76,"SFT2D1"
1.40580495954285e-80,0.450549711348879,0.735,0.591,2.69773971736272e-76,"CCT5"
1.76769905440599e-80,-1.51609360197366,0.084,0.18,3.39221448540509e-76,"ZFHX3"
1.96735364680394e-80,0.44304269421636,0.66,0.499,3.77535164821676e-76,"CDK6"
2.15467693415569e-80,0.409887711099546,0.731,0.577,4.13482503664478e-76,"C1orf122"
2.41456114172255e-80,0.554748765637023,0.52,0.353,4.63354283096557e-76,"C11orf1"
3.13622294283393e-80,0.439278985636091,0.678,0.512,6.01841182729831e-76,"TARS"
3.60015895350187e-80,0.273251827753019,0.962,0.92,6.9087050317701e-76,"PA2G4"
3.95596022058596e-80,-1.79339630814443,0.05,0.134,7.59148766330446e-76,"HLA-DOA"
4.46499107332896e-80,0.254546631361495,0.982,0.955,8.56831786971827e-76,"SNRPB"
4.71312372329795e-80,0.264084611266518,0.945,0.886,9.04448442500877e-76,"PARP1"
4.87514593338779e-80,0.355873020823732,0.854,0.745,9.35540504617118e-76,"BCAP31"
6.03598274129186e-80,-1.02446906855846,0.244,0.361,1.15830508805391e-75,"SOCS3"
7.74559592073066e-80,0.458132959794083,0.574,0.402,1.48637985718821e-75,"ANKRD11"
9.32402646040684e-80,0.497797615276001,0.575,0.404,1.78928067775207e-75,"SGTA"
1.28516197427198e-79,0.424007004990482,0.792,0.68,2.46622582862793e-75,"UQCRC1"
1.35068298905413e-79,-1.70689676234787,0.059,0.146,2.59196065599487e-75,"USP53"
2.85208826734352e-79,0.402993785647157,0.739,0.588,5.47315738503222e-75,"POLD2"
3.38317663840371e-79,-0.298459483543301,0.949,0.954,6.49231596909671e-75,"TMEM123"
3.76787150055018e-79,0.373120717872685,0.827,0.705,7.2305454095558e-75,"MRPS23"
3.99818026071713e-79,0.481113243351346,0.613,0.444,7.67250792031618e-75,"CCDC57"
5.29194935620423e-79,0.337851630800121,0.846,0.722,1.01552508145559e-74,"MCUR1"
6.52152326713761e-79,0.521101366620194,0.535,0.368,1.25148031496371e-74,"C21orf2"
8.72996273963654e-79,-0.497405246724864,0.667,0.716,1.67527984973625e-74,"ARF5"
9.43054473370341e-79,0.490462960905518,0.64,0.48,1.80972153439768e-74,"CTSC"
1.08240206119953e-78,0.30496791419861,0.916,0.838,2.0771295554419e-74,"ATRAID"
1.21097572749489e-78,-0.81400389537767,0.357,0.46,2.3238624210627e-74,"RNF213"
1.75513114924416e-78,0.507893006332739,0.542,0.368,3.36809667539955e-74,"ZBTB8OS"
1.77720076468704e-78,0.452003759876174,0.665,0.506,3.41044826743443e-74,"EXOSC3"
2.06087081966994e-78,0.570155953769137,0.48,0.314,3.95481110294662e-74,"RP11-111M22.3"
3.42116044066928e-78,0.536348093382352,0.515,0.346,6.56520688564435e-74,"WDR74"
6.50295021209016e-78,0.776247778913682,0.284,0.15,1.2479161457001e-73,"DPCD"
8.66047362660552e-78,0.525436350210529,0.565,0.405,1.6619448889456e-73,"PPAN"
9.1415740050974e-78,0.276459893623378,0.978,0.951,1.75426805157819e-73,"TAGLN2"
9.83811657773148e-78,0.467754642762619,0.623,0.457,1.88793457126667e-73,"PKN1"
1.11114692499943e-77,0.359545631719801,0.827,0.71,2.1322909490739e-73,"TMEM126B"
1.11553885261918e-77,-0.705658114193441,0.453,0.548,2.14071905817621e-73,"NUDT14"
1.30544168236625e-77,0.506066877253866,0.563,0.399,2.50514258846083e-73,"XPOT"
1.36114487827525e-77,0.509383449345425,0.529,0.36,2.6120370214102e-73,"ESRRA"
1.44706924633609e-77,0.868399554709188,0.296,0.162,2.77692588371896e-73,"ALAS1"
1.53905833128283e-77,-1.0896544344671,0.207,0.319,2.95345293773174e-73,"RP11-251M1.1"
1.55685972760012e-77,0.265624270005121,0.961,0.922,2.98761381726463e-73,"VKORC1"
1.68907517410876e-77,-1.15852424874465,0.136,0.245,3.24133525911472e-73,"SERPINB8"
2.64358710913767e-77,0.270090416017841,0.95,0.89,5.07304366243519e-73,"ZC3H15"
4.88309966285668e-77,0.377872178065803,0.815,0.685,9.37066825302197e-73,"MFSD10"
5.62796802723099e-77,-0.872132864357713,0.218,0.335,1.08000706442563e-72,"KLF6"
8.0455829367769e-77,0.287125407005763,0.921,0.851,1.54394736556749e-72,"APH1A"
9.00323786558736e-77,-1.66517331686205,0.064,0.151,1.72772134640621e-72,"RP11-301G19.1"
1.16007121126446e-76,-0.264489737457388,0.985,0.985,2.2261766544165e-72,"DEK"
1.20419838574889e-76,-0.945576728728417,0.239,0.351,2.31085670225212e-72,"IL4R"
1.82220331306458e-76,-1.04676516628173,0.199,0.31,3.49680815777092e-72,"TRPS1"
2.21762614554586e-76,0.423323703928962,0.699,0.543,4.2556245733025e-72,"SSSCA1"
2.4023633017515e-76,0.644018727633697,0.37,0.22,4.61013517606113e-72,"CCDC86"
2.41470280463937e-76,0.296360280210525,0.96,0.931,4.63381468210295e-72,"EIF5"
2.68129450580118e-76,0.286133772973083,0.911,0.84,5.14540415663246e-72,"CLNS1A"
3.11694218111314e-76,0.727608147345973,0.282,0.148,5.98141204555611e-72,"CHCHD6"
3.65191186102636e-76,-1.67221169180287,0.054,0.137,7.00801886130958e-72,"CTD-2035E11.3"
3.94533424805764e-76,-0.973480206848239,0.244,0.355,7.57109642202261e-72,"RB1"
4.35629949286037e-76,0.442378816360606,0.666,0.513,8.35973872679904e-72,"MRPS2"
4.38298836935815e-76,1.53478368010697,0.131,0.043,8.41095468079829e-72,"CEACAM4"
4.75421426596275e-76,0.442872328362925,0.772,0.655,9.12333717638251e-72,"PRMT1"
4.76700695728649e-76,0.41406401403305,0.756,0.621,9.14788635103277e-72,"SDHB"
5.64116742767403e-76,0.322698090504877,0.884,0.777,1.08254002937065e-71,"HNRNPM"
5.82856631356681e-76,0.421158379445558,0.67,0.514,1.11850187557347e-71,"PYM1"
6.51514724841359e-76,-2.08558126140229,0.031,0.101,1.25025675697057e-71,"RP11-74E22.3"
8.16019217751259e-76,0.411161070860106,0.679,0.513,1.56594087886467e-71,"NCBP2"
1.20248022774379e-75,-0.783130983292037,0.365,0.467,2.30755955704033e-71,"SPTBN1"
1.40979596680112e-75,0.421755003041969,0.753,0.617,2.70539846029135e-71,"NIFK"
2.20230864188316e-75,0.419756481488564,0.759,0.624,4.22623028377379e-71,"EMB"
2.21573132983027e-75,0.616373943779059,0.412,0.257,4.25198842194429e-71,"ECE2"
2.21916748077699e-75,0.682598799766289,0.322,0.181,4.25858239561104e-71,"SLC43A1"
2.22200578194053e-75,0.397740259593811,0.824,0.7,4.26402909554387e-71,"ST3GAL4"
2.44838443162247e-75,0.286057924948263,0.937,0.883,4.69844972428352e-71,"DGCR6L"
3.82057827674731e-75,0.403951879344129,0.741,0.601,7.33168971307809e-71,"COPS5"
4.20194682799381e-75,0.413095964060945,0.779,0.648,8.06353596292012e-71,"CCT7"
6.94407363769149e-75,0.46866633844722,0.621,0.455,1.332567731073e-70,"UROD"
1.06663656200654e-74,0.62451292189652,0.353,0.206,2.04687556249054e-70,"STX8"
1.36780381686777e-74,0.577426461742656,0.484,0.328,2.62481552456926e-70,"ARRB1"
1.47892427655366e-74,0.301311142727449,0.907,0.812,2.83805568670648e-70,"MTHFD2L"
2.05983463012109e-74,0.340068947975135,0.839,0.724,3.95282265520237e-70,"AK6"
2.95103011002485e-74,0.364866922095252,0.78,0.633,5.66302678113769e-70,"ZNHIT1"
3.82384830398279e-74,-1.27238480536308,0.053,0.135,7.33796489534297e-70,"HPGD"
4.55931646848833e-74,0.422944029459222,0.682,0.52,8.74932830302911e-70,"MYH9"
4.92226389491662e-74,0.636448438770074,0.383,0.235,9.445824414345e-70,"B4GALT5"
8.2895148660618e-74,-0.494937644320162,0.586,0.67,1.59075790279726e-69,"C1orf228"
1.1310895636788e-73,0.31663811655972,0.901,0.812,2.17056087269962e-69,"HEBP2"
1.1758490525557e-73,0.296174242458063,0.898,0.809,2.25645433185438e-69,"STARD7"
1.24357143024464e-73,0.536966014361211,0.52,0.355,2.38641357463947e-69,"SNHG21"
1.30830054120419e-73,0.262081502200791,0.989,0.976,2.51062873857084e-69,"ZFAS1"
2.28673572438313e-73,0.359617533428381,0.79,0.653,4.38824585509122e-69,"SYNGR2"
2.5009118158478e-73,0.405833514703497,0.717,0.569,4.79924977461192e-69,"STUB1"
4.62715091916384e-73,-1.26917798530283,0.139,0.24,8.87950261387542e-69,"C22orf34"
4.863931974526e-73,0.413941920838524,0.732,0.596,9.33388545911538e-69,"ECHS1"
5.25693686768254e-73,0.490254199325736,0.575,0.418,1.00880618490828e-68,"ZNF787"
5.60951592553225e-73,0.778109462038405,0.263,0.137,1.07646610610964e-68,"TLCD1"
5.64702391942211e-73,0.390928338467043,0.759,0.619,1.0836638901371e-68,"SLC39A4"
5.78575113022161e-73,-0.274153340673928,0.985,0.982,1.11028564188953e-68,"KIAA0101"
6.46133391831171e-73,0.5967532700231,0.422,0.269,1.23992997892402e-68,"SLC38A5"
6.98401467889455e-73,0.575669862701266,0.422,0.268,1.34023241687986e-68,"TIMMDC1"
7.74670373746896e-73,0.997525713290079,0.196,0.088,1.48659244722029e-68,"HAGHL"
9.75477736165978e-73,0.612427770123896,0.43,0.279,1.87194177570251e-68,"ZBTB16"
1.13280899325805e-72,0.679414066758752,0.316,0.179,2.17386045806221e-68,"LONP1"
1.19364294815843e-72,0.438127382850344,0.642,0.478,2.29060081751602e-68,"IARS"
1.22709842445125e-72,0.555242122637818,0.451,0.296,2.35480187652195e-68,"MRPS30"
1.68947344508995e-72,0.543852221269792,0.46,0.298,3.24209954112762e-68,"QTRT1"
2.18584909673329e-72,0.407222054072092,0.776,0.644,4.19464441663118e-68,"AHSA1"
3.0751359087221e-72,0.585559870476244,0.417,0.266,5.90118580883772e-68,"GMPPB"
3.14119336240575e-72,0.490997866417465,0.578,0.421,6.02795006245664e-68,"FAH"
3.27560387716298e-72,0.33560704522834,0.847,0.737,6.28588384027575e-68,"MAD2L2"
3.87770193057752e-72,0.496059647835342,0.625,0.464,7.44131000477827e-68,"FAM107B"
3.93840609544999e-72,0.559533805431488,0.474,0.317,7.55780129716853e-68,"PNO1"
5.03165928747999e-72,0.536339764114896,0.456,0.297,9.6557541726741e-68,"DPH2"
6.14105775375616e-72,0.543918332176689,0.472,0.313,1.17846898294581e-67,"ST20"
7.4155468300759e-72,0.532559362410879,0.466,0.307,1.42304343669157e-67,"CABIN1"
9.0463761757456e-72,0.356032178589617,0.808,0.688,1.73599958812558e-67,"RPL7L1"
9.27379246877303e-72,0.512250043078778,0.486,0.329,1.77964077475754e-67,"FTSJ1"
1.10546214609608e-71,0.453318796361508,0.617,0.454,2.12138185835838e-67,"CLPTM1L"
1.15397921445696e-71,0.395476798902282,0.778,0.648,2.21448611254291e-67,"ADI1"
1.49751231261465e-71,0.689996091373524,0.302,0.17,2.87372612790751e-67,"PFAS"
1.89556628668505e-71,0.260710661042503,0.95,0.911,3.6375917041486e-67,"MLF2"
1.93530411795661e-71,-0.70542854707994,0.346,0.448,3.71384860235874e-67,"CTSB"
2.3154684225989e-71,-1.12559024711834,0.163,0.267,4.44338390296728e-67,"CTSS"
2.70845549402173e-71,0.611532988017053,0.37,0.225,5.1975260930277e-67,"MAP7"
3.52370744629462e-71,0.504646230485003,0.539,0.382,6.76199458943937e-67,"NDUFAF4"
6.38749627211568e-71,-0.517226400425193,0.65,0.697,1.225760534619e-66,"TMEM251"
8.40995955751786e-71,0.421929416106654,0.659,0.498,1.61387123908768e-66,"LAMP1"
1.11465576606883e-70,-0.380497872012171,0.803,0.828,2.13902441508609e-66,"CDK2AP1"
1.47862245345442e-70,-0.260849868158755,0.976,0.975,2.83747648817903e-66,"SLIRP"
1.59108673057361e-70,0.745447830509689,0.246,0.126,3.05329543597075e-66,"KIT"
1.61406265457342e-70,0.480132947328492,0.544,0.381,3.0973862341264e-66,"HSPA9"
2.07857897828351e-70,0.38604364431459,0.712,0.554,3.98879305932605e-66,"PLEKHJ1"
2.45314483991814e-70,0.553233375594463,0.42,0.268,4.70758494780291e-66,"RBFA"
2.75212337716518e-70,0.488556277023861,0.544,0.383,5.28132476077998e-66,"RP11-660L16.2"
2.85802203009342e-70,0.376387750216988,0.762,0.633,5.48454427574927e-66,"UFD1L"
2.89438826948064e-70,-1.34658228101039,0.107,0.203,5.55433108913335e-66,"GBP4"
3.10705730296675e-70,0.382764685291339,0.754,0.611,5.96244296439319e-66,"RNF126"
3.17570648465533e-70,0.747740793556216,0.282,0.154,6.09418074405359e-66,"MORN2"
4.14544690884714e-70,0.615324471692524,0.364,0.219,7.95511261807766e-66,"PGAM5"
4.33713116115386e-70,0.427484305644972,0.617,0.455,8.32295469825427e-66,"MRPL1"
4.5352745516505e-70,2.4179529733538,0.143,0.055,8.70319186461731e-66,"LAT"
4.63524562777097e-70,-1.61202057612582,0.059,0.14,8.89503635969249e-66,"TNFAIP3"
4.72311516187393e-70,0.477840337705915,0.545,0.386,9.06365799563607e-66,"COMMD1"
5.12838262476908e-70,0.519647425338869,0.514,0.354,9.84136625693187e-66,"FAM173A"
7.66501682548746e-70,0.420158214161428,0.618,0.446,1.47091672881104e-65,"STRADB"
9.50073841322966e-70,-0.365139232086839,0.803,0.817,1.82319170149877e-65,"BNIP2"
1.00942427845403e-69,0.372934204987937,0.77,0.633,1.93708519035328e-65,"NTMT1"
1.07038144198623e-69,0.359406000910093,0.781,0.645,2.05406198717157e-65,"TIMM17B"
1.12490154071587e-69,-0.719635979980278,0.35,0.452,2.15868605663375e-65,"KCNK6"
1.34464729796797e-69,0.619538202598031,0.427,0.281,2.58037816480053e-65,"RNASE2"
1.41849344115257e-69,-0.546166458403836,0.579,0.642,2.72208891357179e-65,"CBWD2"
1.71900688734934e-69,0.724099774959029,0.294,0.164,3.29877421682339e-65,"COLGALT1"
2.42680971667959e-69,0.403325020731919,0.684,0.524,4.65704784630814e-65,"DGKZ"
2.62232510934628e-69,0.438889770652903,0.647,0.491,5.03224188483551e-65,"DPH3"
2.81017457895836e-69,0.448435684451896,0.593,0.43,5.39272501702108e-65,"COASY"
2.90489333817807e-69,-0.861644443505835,0.263,0.372,5.57449031596371e-65,"IFI16"
3.76095258392156e-69,0.412313107744751,0.67,0.515,7.21726800854546e-65,"CYHR1"
4.55549375861274e-69,0.618521398033664,0.362,0.219,8.74199252277784e-65,"TRMT61A"
5.85491918374291e-69,-0.367109398998811,0.827,0.835,1.12355899136027e-64,"PNRC2"
6.45172585871427e-69,0.332072279682574,0.842,0.735,1.23808619228727e-64,"NPDC1"
8.11243391887756e-69,-1.2184896968556,0.153,0.253,1.5567760690326e-64,"SELL"
1.39177823780268e-68,0.379785706649461,0.711,0.554,2.67082243834334e-64,"COA6"
1.49219389740795e-68,-0.756535957597116,0.421,0.51,2.86352008912586e-64,"PTPRE"
1.65571503890431e-68,-1.34235580373312,0.118,0.211,3.17731715965736e-64,"TCF15"
1.8960200126431e-68,-1.85842311708848,0.054,0.131,3.6384624042621e-64,"TNF"
1.92644464294255e-68,0.447026729228834,0.607,0.45,3.69684726980674e-64,"DUSP3"
2.06552735232551e-68,0.349701458924733,0.858,0.759,3.96374698911265e-64,"PCMT1"
3.00077735956347e-68,0.512180333169927,0.505,0.35,5.75849175300231e-64,"GRPEL1"
3.53647238659865e-68,0.418289698385085,0.631,0.468,6.78649050988281e-64,"PARL"
4.10352550220887e-68,0.501920510042605,0.468,0.311,7.87466543873882e-64,"GRWD1"
4.11913715291319e-68,0.353666208302435,0.806,0.686,7.90462419644042e-64,"EBP"
4.69747507699049e-68,0.276458929981517,0.903,0.816,9.01445467274475e-64,"LSM1"
4.99606760638191e-68,0.496713241670057,0.533,0.377,9.58745373664688e-64,"FUOM"
5.71131460404672e-68,0.600772993638,0.348,0.209,1.09600127251656e-63,"STK10"
1.23636080705627e-67,-1.08207294913645,0.166,0.268,2.37257638874097e-63,"TMEM65"
1.70342209699145e-67,0.375060043030687,0.793,0.68,3.26886700412659e-63,"ORAI1"
1.94490680524697e-67,0.379826816458799,0.754,0.623,3.73227615926894e-63,"MRPL42"
2.0128403979718e-67,-0.514728732629983,0.609,0.668,3.86264072370788e-63,"A1BG"
2.10474376546982e-67,-1.60047846576663,0.059,0.137,4.03900328593659e-63,"CFAP161"
2.34771438200533e-67,0.560073029710116,0.398,0.253,4.50526389906823e-63,"CAMKK2"
3.95895256676765e-67,0.337625884210155,0.799,0.667,7.59722997562712e-63,"MRPS11"
4.20486509372428e-67,0.349425157483582,0.796,0.675,8.0691361148569e-63,"MRPL40"
4.34798369125143e-67,-0.30405000681016,0.914,0.922,8.3437807035115e-63,"SON"
4.65292765118488e-67,0.28528104737209,0.906,0.83,8.92896816262379e-63,"MAF1"
5.10167797801761e-67,0.376274687023507,0.73,0.58,9.79012003981579e-63,"ISCA1"
5.96585173030262e-67,0.464096212255887,0.615,0.459,1.14484694704507e-62,"NAPRT"
6.47590284963249e-67,0.687951666191024,0.283,0.157,1.24272575684447e-62,"CTNNAL1"
7.79944901461965e-67,0.486498684187126,0.551,0.393,1.49671426590551e-62,"PDZD8"
7.94368158843723e-67,-0.42528543542891,0.731,0.759,1.5243924968211e-62,"CGGBP1"
8.53556833181204e-67,0.623158316285931,0.342,0.205,1.63797556287473e-62,"VCL"
9.94269447777284e-67,0.283820138412703,0.904,0.821,1.90800307028461e-62,"EIF3G"
1.11024109555799e-66,0.25656417755819,0.98,0.961,2.13055266237578e-62,"PPIB"
1.48726106162503e-66,-0.845837707156958,0.276,0.377,2.85405397725843e-62,"FBXL5"
1.7785729470755e-66,0.457429486573571,0.57,0.417,3.41308148543789e-62,"EXOSC7"
1.90976219240732e-66,0.538338883020693,0.416,0.268,3.66483364722964e-62,"RPF2"
2.00094982784708e-66,0.385553814546153,0.703,0.561,3.83982271963855e-62,"TIMM9"
2.06037432760891e-66,0.666622556277594,0.279,0.153,3.95385833468151e-62,"OXNAD1"
2.06470408017556e-66,-0.653463169333507,0.38,0.481,3.96216712985689e-62,"RHOC"
2.14071530673815e-66,4.05124857173061,0.103,0.031,4.10803267363051e-62,"HBD"
2.23098298192543e-66,0.382923053969333,0.731,0.598,4.28125634231489e-62,"POLR2G"
2.40984328850717e-66,0.415074371690374,0.635,0.478,4.62448927064526e-62,"HSPA5"
3.72834333126706e-66,-1.50498858240745,0.077,0.161,7.15469085270149e-62,"NAAA"
4.602937320806e-66,0.420323297534826,0.646,0.496,8.83303671862671e-62,"MRPS10"
4.70665198414538e-66,0.533384355421377,0.417,0.269,9.03206515757499e-62,"GGA2"
5.00264715547938e-66,0.537166104040113,0.423,0.271,9.60007989136493e-62,"FASTKD3"
5.6234219726213e-66,0.384872272092357,0.775,0.645,1.07913467654603e-61,"XRCC6"
7.53293261983909e-66,0.27584547381036,0.913,0.84,1.44556976974712e-61,"ERP29"
8.07042363615828e-66,0.656515675508992,0.295,0.167,1.54871429577877e-61,"RP11-115C21.2"
1.00619448185585e-65,0.348936882336052,0.771,0.629,1.93088721068138e-61,"ELF1"
1.40123591123549e-65,-0.838736957225786,0.295,0.396,2.68897171366091e-61,"PSMD5-AS1"
2.15391465792936e-65,0.325879309380711,0.823,0.695,4.13336222856645e-61,"SURF4"
3.84990320560232e-65,0.490014122078622,0.501,0.346,7.38796425155086e-61,"AKT1S1"
5.70721093828843e-65,0.331123923216461,0.82,0.7,1.09521377905755e-60,"SMIM7"
6.55200469596035e-65,0.372314569345564,0.76,0.63,1.25732970115479e-60,"COPS3"
6.76615003394614e-65,0.327268546272405,0.792,0.665,1.29842419151426e-60,"DESI1"
8.0638918789344e-65,0.4136804461946,0.65,0.494,1.54746085156751e-60,"MRPS33"
1.63672707471509e-64,0.509504081144678,0.434,0.285,3.14087925637826e-60,"WBSCR22"
2.70213434629015e-64,0.386439669916231,0.757,0.638,5.18539581053079e-60,"ADSL"
4.06879047384591e-64,0.713415637541671,0.246,0.13,7.80800891931031e-60,"TBC1D22A"
4.27535793427267e-64,0.425585618514477,0.502,0.34,8.20441187586926e-60,"DDX41"
5.49040064514049e-64,0.332943353714808,0.824,0.711,1.05360788380246e-59,"THAP7"
7.31665354899295e-64,0.281097451486624,0.907,0.827,1.40406581605175e-59,"PPM1G"
9.60935220977697e-64,0.279639025755995,0.952,0.914,1.8440346890562e-59,"HSPD1"
1.140171752904e-63,0.572941549739142,0.389,0.247,2.18798959382277e-59,"CCDC189"
1.16866408725354e-63,0.398967024595673,0.68,0.533,2.24266638343955e-59,"UBAC1"
1.32251956349537e-63,0.407787870141327,0.651,0.501,2.53791504234762e-59,"TOR1A"
1.70634792002583e-63,-0.65634310675752,0.439,0.519,3.27448165852956e-59,"ZNF302"
1.86085988994467e-63,0.467133756351226,0.498,0.345,3.57099012880382e-59,"PLA2G12A"
2.09989321856672e-63,0.318375155541587,0.823,0.708,4.02969508642953e-59,"COA3"
2.35208713685975e-63,0.68798704330484,0.344,0.215,4.51365521563386e-59,"CD84"
2.37537049344058e-63,-0.485169408099787,0.617,0.665,4.55833597691247e-59,"CD81"
3.06842452187118e-63,0.625145557925511,0.314,0.186,5.8883066574708e-59,"GNB1L"
3.11143623366189e-63,0.335342448975978,0.787,0.652,5.97084613239717e-59,"LYRM4"
3.27989111204482e-63,0.439155208500408,0.58,0.426,6.29411104401401e-59,"ACIN1"
3.60611627541301e-63,0.452560484395489,0.523,0.37,6.92013713251758e-59,"PDXK"
4.69804716439117e-63,0.299138608185873,0.789,0.656,9.01555250846665e-59,"NMT1"
5.64868208330083e-63,0.398201984943417,0.616,0.457,1.08398209178543e-58,"GEMIN7"
5.72924473848839e-63,0.447404284821122,0.548,0.393,1.09944206531592e-58,"RABL6"
6.01971370542256e-63,0.443112976945794,0.531,0.377,1.15518306007059e-58,"TPGS1"
6.63695657443113e-63,0.331050688216965,0.818,0.712,1.27363196663333e-58,"CLPP"
7.37700493794118e-63,0.46957255868385,0.517,0.37,1.41564724759091e-58,"HMGN5"
8.22221092517219e-63,0.310842034116838,0.823,0.701,1.57784227654054e-58,"RNF7"
8.69680926354447e-63,0.627856303414988,0.296,0.171,1.66891769767418e-58,"RP11-872J21.3"
1.15307436440358e-62,0.366821232056195,0.743,0.611,2.21274970529047e-58,"SLC25A33"
1.25420637302148e-62,0.568033761143339,0.373,0.237,2.40682202982822e-58,"NFATC3"
1.60285287082272e-62,0.689111340963677,0.322,0.196,3.0758746591088e-58,"METRN"
1.71985712127506e-62,0.493730730581217,0.483,0.335,3.30040581572684e-58,"KIAA2013"
2.2714672040567e-62,0.460311152854354,0.529,0.38,4.35894556458482e-58,"CSNK1G2"
2.76575516383679e-62,0.430173429317984,0.598,0.445,5.3074841594028e-58,"POLR2H"
4.19203515371185e-62,0.423248660833939,0.606,0.456,8.04451545997303e-58,"RIOK1"
4.89965822517308e-62,0.306667097622143,0.844,0.743,9.40244413410714e-58,"UQCC3"
6.23857458526377e-62,-0.421658761116812,0.708,0.735,1.19718246291212e-57,"TRMT1"
6.34072283006187e-62,0.449012633715315,0.561,0.41,1.21678471108887e-57,"ERLIN1"
7.56527625752168e-62,0.390080330327358,0.619,0.465,1.45177651381841e-57,"CDK12"
8.12479686389577e-62,-0.993635033478529,0.207,0.303,1.5591485181816e-57,"MTG1"
8.25890319893463e-62,0.333402990427101,0.758,0.621,1.58488352387556e-57,"POP7"
1.12443794656263e-61,0.625348001518053,0.302,0.176,2.15779641945369e-57,"FGFBP3"
1.26696263257455e-61,0.347006589985881,0.701,0.553,2.43130129191056e-57,"MRPL17"
1.32293708045566e-61,0.639146562040946,0.28,0.159,2.5387162573944e-57,"UBASH3B"
1.5257405961028e-61,0.311557645459602,0.83,0.711,2.92789620392127e-57,"UBE2J1"
1.525940497844e-61,-0.749656974883859,0.054,0.129,2.92827981536263e-57,"CCL2"
1.98969943164715e-61,0.252889790904584,0.939,0.89,3.81823320933087e-57,"RAB32"
2.2177933414965e-61,-0.424968425303288,0.718,0.756,4.25594542233179e-57,"SMIM4"
2.58623916395403e-61,0.410675637560065,0.613,0.46,4.96299295562779e-57,"IRAK1"
2.87926946267781e-61,0.282950816786419,0.902,0.822,5.52531809887872e-57,"MPC2"
2.90601449049746e-61,-1.09340967236592,0.159,0.253,5.57664180726462e-57,"SCMH1"
3.74374011281374e-61,0.328066620663644,0.806,0.686,7.18423727648957e-57,"RPS6KB2"
4.43865256537649e-61,-0.62120099807822,0.468,0.543,8.51777427295749e-57,"RP11-126K1.6"
5.47233085001863e-61,0.629926592502237,0.285,0.164,1.05014029011858e-56,"SIL1"
7.48974956292674e-61,0.472823079845379,0.479,0.326,1.43728294112564e-56,"NMRAL1"
9.29932212274236e-61,-0.455288003865482,0.642,0.694,1.78453991535426e-56,"ZNF580"
1.07199872307016e-60,0.408706197155807,0.612,0.466,2.05716554957163e-56,"ETFB"
1.2955968352841e-60,0.509004506225498,0.425,0.282,2.48625032691019e-56,"PRR5"
1.37077482788483e-60,0.59638077495743,0.319,0.191,2.630516894711e-56,"CTU1"
1.43539875285365e-60,0.461579664051388,0.513,0.361,2.75453020672615e-56,"YIPF2"
1.76371472856968e-60,-1.05613079847771,0.164,0.259,3.38456856412521e-56,"TVP23B"
2.06984585234224e-60,0.638509126325257,0.294,0.172,3.97203419064476e-56,"CLUH"
2.12138395667983e-60,0.37140104168366,0.689,0.549,4.0709358128686e-56,"PWP1"
2.19320366289459e-60,0.441631733582746,0.553,0.403,4.20875782909472e-56,"TAF12"
2.30209059084411e-60,0.312383010842348,0.869,0.793,4.41771184382984e-56,"MTHFD2"
2.34801947188146e-60,0.798247895832245,0.204,0.101,4.50584936654053e-56,"AC002454.1"
2.5092612598226e-60,0.385778738217897,0.638,0.479,4.81527235759956e-56,"TSC22D4"
2.99884371860516e-60,-0.870277963475923,0.238,0.335,5.7547810960033e-56,"DYNLT3"
3.48431633149544e-60,-0.738772900038058,0.304,0.4,6.68640304013974e-56,"ARHGAP30"
3.6345725007974e-60,0.281320551518888,0.857,0.752,6.97474462903021e-56,"ZNF428"
4.40781707469182e-60,0.39452754215104,0.63,0.488,8.45860096633361e-56,"MRPL19"
5.29249635675856e-60,0.469877495557403,0.494,0.343,1.01563005086197e-55,"PET117"
5.57861248778138e-60,0.438823049269024,0.526,0.381,1.07053573640525e-55,"MTHFD1L"
5.90642970519134e-60,0.504345699021715,0.408,0.266,1.13344386042622e-55,"SNAP23"
6.13986454513049e-60,-0.811945762583083,0.254,0.354,1.17824000621054e-55,"HTATIP2"
9.13267998912405e-60,0.779572170173949,0.235,0.127,1.75256128991291e-55,"BAHCC1"
9.64858584318778e-60,0.654104753398085,0.303,0.181,1.85156362330774e-55,"TRIB3"
1.00913317965942e-59,-0.959410951537392,0.183,0.281,1.93652657176642e-55,"FUCA1"
1.48934696691754e-59,-0.840244507076929,0.263,0.358,2.85805682951475e-55,"MRPL53"
1.48963048913286e-59,-1.793316749548,0.038,0.102,2.85860090864595e-55,"POLR2J2"
1.59552188200403e-59,0.429035943755157,0.561,0.412,3.06180649156574e-55,"WDR61"
1.76670499712138e-59,0.285431221036886,0.855,0.758,3.39030688947593e-55,"EMC4"
1.76988136010937e-59,0.357532910192563,0.682,0.537,3.39640233004989e-55,"PSMG3"
1.86916183730172e-59,0.337850553898281,0.785,0.665,3.586921565782e-55,"CHMP2A"
1.90749745423603e-59,0.303081331543377,0.83,0.728,3.66048761467894e-55,"PSMA5"
2.71603729808185e-59,0.518072201251802,0.383,0.245,5.21207557501907e-55,"BCAT1"
3.12230020720131e-59,0.648230857306842,0.24,0.129,5.99169409761932e-55,"TXNDC5"
3.28579543257375e-59,0.412765595697028,0.64,0.491,6.30544143510902e-55,"NUDT4"
3.7728015503317e-59,0.363819711633247,0.727,0.596,7.24000617508654e-55,"ALYREF"
4.82508758168659e-59,-0.440246687876225,0.675,0.719,9.25934306925656e-55,"FAM45A"
5.18061591498388e-59,0.712779307913419,0.252,0.14,9.94160194085407e-55,"MGLL"
5.9860879432876e-59,0.519159686542915,0.346,0.213,1.14873027631689e-54,"CD320"
5.99790022569264e-59,0.595099050641225,0.279,0.159,1.15099705331042e-54,"RPS6KA4"
7.48315497368802e-59,-0.947234816780401,0.232,0.33,1.43601743945073e-54,"CXCR4"
9.91499863666454e-59,0.533121097634954,0.369,0.235,1.90268823837593e-54,"TRUB2"
1.18569863441158e-58,0.44007105065516,0.456,0.306,2.27535567943583e-54,"ZMYND19"
2.19263520470291e-58,0.553260124714759,0.371,0.237,4.20766695782489e-54,"SLC25A10"
2.24192481659482e-58,0.261194477124998,0.955,0.919,4.30225372304547e-54,"ZFP36L2"
2.46407807841639e-58,-0.938614976400849,0.191,0.288,4.72856583248104e-54,"FLJ37453"
2.68885523115867e-58,0.486978352227503,0.371,0.233,5.15991318859348e-54,"EHMT1"
3.42884514080475e-58,0.283886457233294,0.863,0.775,6.57995382520431e-54,"CDC37"
3.81866686095858e-58,0.466420444069348,0.421,0.277,7.32802170617951e-54,"SLC25A26"
4.00656448998331e-58,0.403038728595911,0.525,0.372,7.68859725627798e-54,"FLYWCH2"
4.4223821947834e-58,0.341483070356387,0.717,0.582,8.48655143178934e-54,"STK25"
6.12738575468347e-58,0.417201706029336,0.588,0.441,1.17584532632376e-53,"ZPR1"
6.80171874665006e-58,0.452341129505633,0.457,0.314,1.30524982748215e-53,"STRBP"
6.92096856226607e-58,0.665668149456035,0.257,0.143,1.32813386709886e-53,"MRM1"
7.88741151441698e-58,0.40463806877683,0.582,0.434,1.51359426961662e-53,"LETM1"
8.52896362724974e-58,0.455368482135752,0.498,0.35,1.63670812006923e-53,"CDC34"
8.8536995220346e-58,0.346051278504474,0.743,0.614,1.69902493827844e-53,"RNH1"
9.99424140871087e-58,0.253041095268266,0.914,0.844,1.91789492633162e-53,"SS18L2"
1.1781308211523e-57,0.444933342683463,0.394,0.253,2.26083304579126e-53,"PRKAG2-AS1"
1.30209334572034e-57,0.303262913834122,0.841,0.744,2.49871713043733e-53,"SYNCRIP"
1.55821969600235e-57,0.53305443162046,0.388,0.254,2.99022359662851e-53,"TMEM177"
1.80123962124001e-57,-0.337840491237006,0.871,0.887,3.45657883315957e-53,"CDCA7"
1.94107180587386e-57,-0.685776175453166,0.353,0.441,3.72491679547193e-53,"IL2RG"
2.5630670564855e-57,0.280103465278775,0.827,0.716,4.91852568139567e-53,"PAICS"
2.62572898015064e-57,0.348990278949194,0.704,0.566,5.03877391290908e-53,"NAA20"
2.78352750929241e-57,0.852309554632577,0.169,0.079,5.34158929033213e-53,"PDCD2L"
2.89385663320046e-57,0.289432532690166,0.818,0.698,5.55331087911167e-53,"PIH1D1"
4.83114352747104e-57,0.537981582568074,0.362,0.231,9.27096442921692e-53,"CHKA"
5.32744731788387e-57,0.390650264077578,0.618,0.471,1.02233714030191e-52,"SLC43A3"
7.28422340509922e-57,0.571251901467668,0.313,0.189,1.39784247143854e-52,"DNAAF3"
7.38640572159373e-57,0.846934685153761,0.199,0.101,1.41745125797384e-52,"LINC00539"
7.8293563785358e-57,0.69721660890907,0.227,0.123,1.50245348904102e-52,"PALM"
9.2563338105176e-57,0.355009222169537,0.678,0.534,1.77629045823833e-52,"REXO4"
9.43869292995369e-57,0.402771940035833,0.56,0.41,1.81128517325811e-52,"PFKL"
9.73330725552978e-57,0.318717511636908,0.771,0.648,1.86782166233617e-52,"HM13"
9.83281790954772e-57,0.396176072301052,0.545,0.393,1.88691775684221e-52,"POLR3E"
1.04639317183643e-56,0.605258377000308,0.317,0.194,2.0080284967541e-52,"NSUN5"
1.18183767274898e-56,0.349043350766144,0.748,0.623,2.26794649400529e-52,"TADA3"
1.20886711634178e-56,0.475124849328927,0.449,0.309,2.31981599625987e-52,"HYAL2"
1.42932500862736e-56,-0.880012940899038,0.237,0.328,2.74287469155591e-52,"CEP55"
1.43213617626838e-56,0.374705395252001,0.675,0.542,2.74826932225903e-52,"PGP"
1.55360071991816e-56,-0.751279295960618,0.348,0.438,2.98135978152295e-52,"OCIAD2"
1.69518048127762e-56,0.94935394678987,0.32,0.206,3.25305134357175e-52,"GMPR"
1.95138154027832e-56,0.422226911361141,0.536,0.385,3.7447011757941e-52,"AP006222.2"
2.00021352599481e-56,0.33211497208358,0.746,0.613,3.83840975638404e-52,"EIF2AK4"
2.24128983233297e-56,0.2698663673756,0.868,0.773,4.30103518824696e-52,"RPIA"
2.34787629523585e-56,0.494434524631548,0.398,0.263,4.50557461055759e-52,"RANGAP1"
2.42236317180868e-56,0.587013145219698,0.312,0.191,4.64851492670086e-52,"PEPD"
2.67469190590634e-56,0.462349409932845,0.476,0.33,5.13273376743426e-52,"GADD45A"
3.11234608013991e-56,0.393090826500575,0.607,0.454,5.97259212778848e-52,"BLOC1S4"
4.14633111108536e-56,0.294504792188118,0.815,0.705,7.95680940217281e-52,"MRPL27"
4.68528432725971e-56,0.366970298915275,0.706,0.582,8.99106062401139e-52,"SMAD2"
6.5217547356185e-56,0.286778005687754,0.879,0.792,1.25152473376519e-51,"ANAPC5"
6.86951826581454e-56,0.365996169092915,0.657,0.507,1.31826055520981e-51,"C1orf35"
8.56504468711156e-56,0.258061505627936,0.885,0.799,1.64363207545671e-51,"POLR2J"
1.37738425461048e-55,0.634297833415082,0.264,0.152,2.6432003845975e-51,"PODXL2"
1.39160338862367e-55,0.55201467281468,0.33,0.205,2.67048690276882e-51,"NIP7"
1.4278916034644e-55,0.456061903409428,0.472,0.329,2.74012398704818e-51,"ALKBH3"
1.65407697137862e-55,-0.270637545424182,0.943,0.943,3.17417370807557e-51,"SPN"
2.0706449519308e-55,0.631116811894457,0.265,0.153,3.9735676627552e-51,"POM121"
2.20698867633749e-55,0.413679650218368,0.489,0.342,4.23521126989165e-51,"C21orf33"
2.22460273883278e-55,0.447398232357639,0.481,0.337,4.26901265582011e-51,"ETF1"
2.90994784139852e-55,-1.14723771973455,0.117,0.201,5.58418990764376e-51,"FBXO21"
3.07380565389775e-55,0.564572715186094,0.306,0.186,5.89863304982978e-51,"RFT1"
3.2000889848587e-55,0.284473925229343,0.84,0.74,6.14097076194385e-51,"EEF1E1"
3.50542723309789e-55,0.481932643915156,0.433,0.298,6.72691486031486e-51,"SRRD"
3.83989633150513e-55,0.321344310852628,0.798,0.688,7.36876106015834e-51,"PSMA2"
4.95751231609177e-55,0.329651104985736,0.702,0.556,9.51346613458011e-51,"NDUFV3"
5.65688802868357e-55,-0.337719519417777,0.778,0.792,1.08555681270438e-50,"CHURC1"
5.72361215038561e-55,0.402281109656529,0.529,0.383,1.098361171659e-50,"ACOT7"
6.45730420775574e-55,0.576473232621984,0.304,0.184,1.23915667746833e-50,"DUSP2"
6.52283083786008e-55,-0.60323019619878,0.462,0.535,1.25173123778535e-50,"PHACTR1"
6.79756175651321e-55,0.380044556915664,0.633,0.491,1.30445210107489e-50,"DNAJC2"
7.28058348045595e-55,0.276558125575058,0.938,0.898,1.3971439698995e-50,"PSMB1"
7.72802424927756e-55,0.45039908639955,0.449,0.306,1.48300785343636e-50,"POP4"
8.19302531539363e-55,0.559190291939677,0.324,0.202,1.57224155802404e-50,"CBFA2T3"
9.16809191841878e-55,0.543200530016755,0.357,0.228,1.75935683914456e-50,"COA7"
9.32292694622605e-55,0.474953872240264,0.418,0.281,1.78906968098078e-50,"SHC1"
9.78756756539147e-55,0.251515882115993,0.877,0.79,1.87823421579862e-50,"MAT2A"
9.84348020015536e-55,0.27849222515554,0.898,0.838,1.88896385040981e-50,"ARPC1B"
1.04041584283292e-54,-1.39641530077734,0.08,0.156,1.99655800239637e-50,"IQCH-AS1"
1.14879803749708e-54,-0.969165571302101,0.19,0.281,2.20454343395689e-50,"TMEM51"
1.26811821133423e-54,0.493441109197864,0.393,0.259,2.4335188475504e-50,"EIF4G1"
1.26837898977187e-54,0.345850814349201,0.694,0.552,2.43401928137221e-50,"ILF3-AS1"
1.4246012356185e-54,0.743458498389168,0.19,0.096,2.73380977115191e-50,"EEF2KMT"
1.47235803271269e-54,0.319093530117109,0.781,0.661,2.82545506477565e-50,"CCNB1IP1"
1.68166716898451e-54,0.413933015961484,0.477,0.33,3.22711929728127e-50,"FLAD1"
2.50490077711563e-54,0.358460513490699,0.615,0.472,4.8069045912849e-50,"TIMM10B"
2.56318900683391e-54,0.296713289672363,0.795,0.676,4.91875970411428e-50,"RWDD4"
2.57813031676531e-54,0.407800065331493,0.494,0.347,4.94743207787264e-50,"PPP1R8"
2.89463655532611e-54,0.543711145724195,0.305,0.184,5.55480754967081e-50,"BRE"
3.85172061120733e-54,-0.453678785813215,0.59,0.649,7.39145185290686e-50,"DYNLT1"
4.43962297728669e-54,0.272766882443573,0.858,0.746,8.51963649341317e-50,"VTI1B"
4.47913219595936e-54,0.348584249775493,0.639,0.488,8.59545468404601e-50,"UBE2G1"
6.71572761372113e-54,0.292918746590529,0.789,0.666,1.28874812907308e-49,"PDAP1"
8.07814309358461e-54,0.541681789855035,0.303,0.183,1.55019565965889e-49,"HGH1"
9.63032788356763e-54,0.374750553561256,0.663,0.524,1.84805992085663e-49,"MRPL50"
9.71899669186908e-54,0.357868687737303,0.599,0.452,1.86507546516968e-49,"ACBD6"
1.11991885907718e-53,0.393508539688308,0.554,0.409,2.14912429056911e-49,"WDR5"
1.17921696254151e-53,0.430389009661169,0.44,0.299,2.26291735111715e-49,"CCDC58"
1.37104652734149e-53,0.40806843211336,0.499,0.354,2.63103828596831e-49,"FKBP5"
1.61554322658465e-53,0.332303770550621,0.714,0.582,3.10022745181594e-49,"EPB41L4A-AS1"
1.64203973189486e-53,-0.548540519604382,0.465,0.535,3.15107424550624e-49,"CARHSP1"
1.73692624599293e-53,0.364068380191297,0.659,0.52,3.33316146606042e-49,"STAU1"
1.75846565572994e-53,0.409620929175674,0.541,0.4,3.37449559334575e-49,"MALSU1"
1.79413622977729e-53,-0.650606636690019,0.356,0.44,3.44294742494262e-49,"HS6ST1"
1.83598703617538e-53,0.503595778576872,0.377,0.248,3.52325912242056e-49,"FAM98A"
2.04512459509891e-53,0.47093485234677,0.398,0.265,3.9245940979948e-49,"RPUSD1"
3.09418985903286e-53,-0.446196283243085,0.435,0.53,5.93775033948405e-49,"SAMSN1"
3.71651320341861e-53,0.332205239110857,0.741,0.626,7.13198883736032e-49,"METTL5"
3.97226488648155e-53,0.387579151783632,0.546,0.399,7.62277631715809e-49,"RABEPK"
4.06068324204673e-53,0.286148980444229,0.773,0.65,7.79245114148767e-49,"PSMG4"
4.1098677296936e-53,0.318288741354592,0.704,0.555,7.88683617328202e-49,"GGCT"
5.42018358321561e-53,0.275724534319665,0.846,0.752,1.04013322961908e-48,"SMIM12"
5.45008189641225e-53,-1.05878442528059,0.136,0.222,1.04587071592151e-48,"RELB"
5.57591185508459e-53,0.449629502844211,0.434,0.297,1.07001748499073e-48,"SFSWAP"
5.75729846971052e-53,0.674369259255218,0.221,0.121,1.10482557633745e-48,"TMEM161A"
5.82295189578893e-53,0.353091072266312,0.607,0.453,1.1174244688019e-48,"SDHAF1"
7.38587842178335e-53,0.479257491790257,0.39,0.26,1.41735006914022e-48,"MRRF"
8.34264805046192e-53,0.361047439692065,0.62,0.474,1.60095416088364e-48,"HPS1"
8.5315113746723e-53,-0.799255395931122,0.466,0.539,1.63719703279961e-48,"LTB"
9.08586247578563e-53,0.473833465225347,0.4,0.267,1.74357700910326e-48,"FEM1A"
9.96866012753222e-53,0.292881516434775,0.782,0.662,1.91298587847343e-48,"UBE2V2"
1.08101624345398e-52,0.432027876188668,0.434,0.297,2.07447017118819e-48,"LINC00665"
1.15702721776109e-52,0.394809035890999,0.509,0.363,2.22033523088353e-48,"TARBP2"
1.1920617238441e-52,0.391096476249189,0.539,0.396,2.28756644805683e-48,"GTPBP4"
1.42289338812644e-52,0.294933769942543,0.799,0.679,2.73053241181464e-48,"RP11-1094M14.11"
1.47319676949056e-52,-0.992907734171027,0.069,0.141,2.82706460065239e-48,"CDKN1A"
1.58306717364584e-52,0.483098487953752,0.363,0.234,3.03790590622636e-48,"DNM2"
1.73397953239163e-52,0.681673114654849,0.215,0.116,3.32750672265954e-48,"AC007325.4"
2.12413060150337e-52,0.314084031418769,0.697,0.556,4.07620662428497e-48,"PPCS"
2.45848018806335e-52,0.666933564140638,0.226,0.124,4.71782348089357e-48,"UBE2D4"
2.81533625737274e-52,0.408977729823096,0.528,0.387,5.40263027789829e-48,"PIGH"
3.08218414434931e-52,0.358479637898054,0.608,0.464,5.91471137300633e-48,"NKAP"
4.34710667172703e-52,-0.8377086526313,0.241,0.331,8.34209770304417e-48,"SPTAN1"
4.41294965297547e-52,0.405656128067936,0.491,0.349,8.46845038405993e-48,"N6AMT2"
4.77976361029226e-52,0.32755764088559,0.736,0.61,9.17236636815084e-48,"SRI"
4.87578258023614e-52,0.507216408157093,0.378,0.251,9.35662677147316e-48,"SBF1"
4.97140292384169e-52,0.355775496453164,0.533,0.381,9.5401222108522e-48,"NUBP2"
5.21047109289672e-52,0.328923658289397,0.792,0.68,9.99889402726881e-48,"CLEC11A"
5.61335028020738e-52,0.289539837983416,0.783,0.665,1.0772019187718e-47,"NUTF2"
5.69014444583172e-52,0.315947043821981,0.72,0.581,1.09193871915511e-47,"HMG20B"
6.88595521958196e-52,0.256349925364266,0.863,0.761,1.32141480663778e-47,"KLHDC3"
7.2493140354845e-52,0.545404779987932,0.334,0.213,1.39114336340948e-47,"PTRH1"
7.80627948362893e-52,-1.27171478828175,0.084,0.159,1.49802503290839e-47,"CCNG2"
8.53570168110186e-52,0.464426710992798,0.4,0.27,1.63800115260345e-47,"PXK"
8.65829490651401e-52,0.360650340521909,0.653,0.516,1.66152679256004e-47,"CHCHD3"
9.30331503855842e-52,0.819161794764268,0.17,0.084,1.78530615589936e-47,"GPSM1"
1.11112833540559e-51,0.404352027135969,0.529,0.384,2.13225527564333e-47,"B4GALT7"
1.13090054866482e-51,0.351121240642284,0.618,0.47,2.17019815288779e-47,"NOC2L"
1.22065559724141e-51,-0.718374135387027,0.333,0.418,2.34243809110627e-47,"CCPG1"
1.42638313850226e-51,0.400331702577549,0.567,0.423,2.73722924278583e-47,"VPS26B"
1.56494780587079e-51,0.479278666934883,0.365,0.238,3.00313483946605e-47,"PROSER1"
2.15603307256199e-51,0.552750683212578,0.292,0.177,4.13742746624646e-47,"NPRL3"
2.18322971822933e-51,0.423273377734347,0.482,0.342,4.18961782928208e-47,"DDX54"
2.3965322935855e-51,0.513341154374582,0.313,0.195,4.59894547139057e-47,"AGPAT3"
2.6743228159295e-51,0.338004866934375,0.672,0.527,5.1320254837687e-47,"UBE2G2"
3.20150071275229e-51,0.48219585004253,0.437,0.305,6.14367986777165e-47,"SDSL"
3.50914423954783e-51,0.51669804425108,0.355,0.231,6.73404779569229e-47,"STK11"
3.74908714391278e-51,0.315862038358138,0.734,0.612,7.19449822916862e-47,"PPP1R11"
4.13113349270649e-51,0.432026286534752,0.486,0.347,7.92764517250375e-47,"ABHD14A"
5.62746751189704e-51,-0.693568587482169,0.27,0.362,1.07991101553304e-46,"ANXA2R"
6.14677216181345e-51,-0.463897715369171,0.583,0.634,1.179565577852e-46,"POLR2J3"
6.82859357525539e-51,0.25106033475028,0.891,0.808,1.31040710709151e-46,"RGS10"
7.30965804211876e-51,-0.820587335350072,0.273,0.357,1.40272337828259e-46,"IPO11"
7.30970936068093e-51,0.286914089183948,0.783,0.658,1.40273322631467e-46,"NIPA2"
8.02159439751707e-51,0.298574741050579,0.851,0.763,1.53934396488352e-46,"ADRM1"
8.93842657037227e-51,0.312998003266391,0.706,0.572,1.71528405885444e-46,"DNAJC19"
8.98553969173008e-51,0.400545435658084,0.547,0.409,1.724325066843e-46,"SFXN4"
9.07561456780135e-51,-1.36041169993971,0.071,0.141,1.74161043556108e-46,"MSH5"
1.03757590674206e-50,0.323625418754296,0.678,0.545,1.99110816503802e-46,"POLR3K"
1.05099889166519e-50,-1.57156796386116,0.047,0.109,2.01686687310549e-46,"PMS2"
1.11044960553417e-50,0.560868472437155,0.267,0.158,2.13095279302007e-46,"IL3RA"
1.32003813689734e-50,0.347230210201849,0.701,0.574,2.533153184706e-46,"MPC1"
1.5533622620002e-50,0.337785553736313,0.66,0.516,2.98090218077839e-46,"COQ4"
1.59678743618596e-50,0.348432798341779,0.7,0.573,3.06423509004085e-46,"TEX264"
1.62597467085796e-50,0.388005426246809,0.601,0.466,3.12024539337642e-46,"DTD1"
1.68274410104735e-50,-0.4906483591663,0.544,0.592,3.22918592990987e-46,"AAK1"
1.78943949281516e-50,-0.827621166456448,0.236,0.323,3.43393438671229e-46,"RBPMS"
2.16928226870654e-50,0.532358347092411,0.334,0.214,4.16285267364786e-46,"NUDT16L1"
2.2889150564168e-50,0.354158342235556,0.625,0.485,4.39242799326384e-46,"NUDT1"
2.3121829918357e-50,-1.65881686787514,0.055,0.12,4.43707916133271e-46,"SPP1"
2.3946312809085e-50,0.424463719398439,0.448,0.311,4.59529742806341e-46,"BLMH"
2.40933234904607e-50,0.412084882430088,0.463,0.325,4.62350877781941e-46,"CTD-2336O2.1"
2.64443139017345e-50,-1.40743194845402,0.068,0.136,5.07466383774286e-46,"AC007246.3"
2.72093455349609e-50,0.46221766436907,0.374,0.246,5.221473408159e-46,"MRPL35"
2.76199324781126e-50,0.587561221886379,0.285,0.175,5.30026504254981e-46,"FBXO6"
2.83240194464762e-50,0.334972619881632,0.661,0.524,5.43537933177878e-46,"PPA2"
2.84831016025519e-50,0.307571221205604,0.703,0.562,5.4659071975297e-46,"PAK2"
3.30779333858823e-50,0.378380274706969,0.573,0.433,6.34765541675082e-46,"RRS1"
3.69934878014824e-50,0.322651291797172,0.715,0.588,7.09905030910447e-46,"DRG1"
4.07895784288855e-50,0.29334688102519,0.633,0.477,7.82752010050312e-46,"ZNF667-AS1"
4.38796589616593e-50,0.528093690912391,0.319,0.201,8.42050655474242e-46,"CIAPIN1"
4.45097684064456e-50,0.445541614969807,0.432,0.297,8.5414245571969e-46,"MARS"
4.91878017965999e-50,-1.06866293903671,0.121,0.202,9.43913916476752e-46,"MAGEF1"
5.25516092379303e-50,0.289554940136787,0.844,0.753,1.00846538127588e-45,"SSB"
7.44544527523325e-50,0.302306641634802,0.869,0.786,1.42878094831726e-45,"LIMD2"
9.22235901222174e-50,-0.519770866396673,0.54,0.598,1.76977069444535e-45,"H1FX"
9.45675471852336e-50,-0.451145996254522,0.626,0.664,1.81475123048463e-45,"FOXP1"
1.26458184170007e-49,0.417527072972245,0.483,0.346,2.42673255422244e-45,"C7orf49"
1.39264846980727e-49,0.358273843984439,0.549,0.403,2.67249241356015e-45,"CCDC137"
1.41854974746178e-49,0.388975756899341,0.508,0.368,2.72219696537916e-45,"SLC35C2"
1.44315717180459e-49,0.450882023794156,0.413,0.283,2.76941861269301e-45,"C8orf82"
1.52526320509578e-49,-1.18121025092053,0.097,0.172,2.9269800905788e-45,"APOLD1"
1.59885089195552e-49,0.372762666908561,0.557,0.416,3.06819486166265e-45,"IMPAD1"
1.6806367889809e-49,0.42630915911663,0.456,0.322,3.22514199805434e-45,"PPP2R4"
1.70623522455073e-49,-0.360579734518125,0.796,0.801,3.27426539591284e-45,"GABARAP"
1.85790833068521e-49,0.391936452886719,0.536,0.398,3.56532608658493e-45,"GSTK1"
1.87081452010639e-49,0.450128709416617,0.471,0.337,3.59009306408417e-45,"TPMT"
1.94129373929242e-49,0.509624136984222,0.339,0.219,3.72534268570216e-45,"C15orf39"
2.00533064367734e-49,0.735556088934267,0.201,0.109,3.84822950521682e-45,"GRB10"
2.06794899016526e-49,0.542805276928729,0.307,0.192,3.96839411212713e-45,"BYSL"
2.42605970557112e-49,0.517286156275433,0.303,0.188,4.65560857499098e-45,"UBXN8"
2.45481864669308e-49,0.353908087122574,0.623,0.483,4.71079698300403e-45,"AP2B1"
2.92100508877657e-49,-1.28574063299411,0.075,0.145,5.60540876536223e-45,"CYLD"
3.00530455682962e-49,0.437052680079045,0.398,0.267,5.76717944455604e-45,"NFKBIB"
4.37604529897069e-49,0.390161461699656,0.528,0.39,8.39763092872476e-45,"GLRX2"
4.65366040380328e-49,0.29470732653317,0.83,0.736,8.9303743148985e-45,"TBCB"
4.83116916938043e-49,-1.34408309803035,0.074,0.143,9.27101363604104e-45,"GCNT2"
4.87737063492457e-49,0.570461188852363,0.297,0.187,9.35967424842025e-45,"TRAF7"
5.13721169062929e-49,0.308389792252532,0.756,0.634,9.85830923431761e-45,"LMAN1"
5.76228720538315e-49,0.369021902529084,0.564,0.426,1.10578291471303e-44,"PISD"
6.2978822858465e-49,0.391719714255646,0.505,0.366,1.20856361065394e-44,"GTF2F2"
6.62708861837045e-49,0.462357407850383,0.344,0.224,1.27173830586529e-44,"CPD"
7.88861112892215e-49,-0.822146651459987,0.245,0.33,1.51382447564016e-44,"SSBP2"
8.05902348497931e-49,0.258197731857934,0.88,0.797,1.54652660676753e-44,"ATP5F1"
8.41893432905748e-49,0.607290853989158,0.252,0.149,1.61559349774613e-44,"JMJD8"
8.47570081248769e-49,0.408353907959827,0.559,0.431,1.62648698591639e-44,"WDR77"
8.68402132242065e-49,0.446240597064786,0.414,0.286,1.66646369177252e-44,"NOP14"
1.0325326999287e-48,0.27548703284142,0.816,0.704,1.98143025116318e-44,"MED28"
1.06563236040294e-48,0.395059509951429,0.529,0.393,2.04494849961324e-44,"PXN-AS1"
1.55045732248038e-48,-1.00931314411819,0.134,0.215,2.97532760183984e-44,"HERC5"
1.65830388724653e-48,0.521022924996629,0.286,0.175,3.18228515962609e-44,"ELAC2"
1.76772925538406e-48,0.550810224903365,0.288,0.177,3.39227244108201e-44,"METTL13"
1.93499431639444e-48,0.261670122416098,0.875,0.796,3.71325409316093e-44,"SEC11C"
1.95529668589862e-48,0.366431467594557,0.565,0.423,3.75221434023945e-44,"TIMM22"
2.36339780948318e-48,0.411952582092108,0.476,0.341,4.53536039639822e-44,"GPS1"
2.71500370649801e-48,0.342951213168016,0.612,0.475,5.21009211276969e-44,"PSME3"
2.81430515779014e-48,0.403497647180073,0.523,0.387,5.40065159779927e-44,"ARPC1A"
2.87172000947755e-48,0.354432548751526,0.604,0.473,5.51083069818742e-44,"MPDU1"
3.38998988183079e-48,0.318840245358101,0.618,0.48,6.50539058323328e-44,"NFIC"
3.75691016269537e-48,0.474884083329552,0.384,0.259,7.20951060221241e-44,"EIF1AD"
4.20763690087731e-48,0.34856947104858,0.695,0.572,8.07445521278357e-44,"PSMD11"
4.21756380153739e-48,-0.764000966180916,0.256,0.341,8.09350493515026e-44,"PSMB10"
4.29424596454274e-48,-0.590942178925804,0.399,0.472,8.24065800595752e-44,"BNIP3L"
4.88672928434831e-48,0.665749609435144,0.224,0.128,9.37763349666441e-44,"PIGU"
5.12659563027924e-48,0.467037822958252,0.386,0.263,9.83793701450587e-44,"GARS"
5.6419746049611e-48,1.08844718873026,0.144,0.069,1.08269492669204e-43,"BACE2"
6.2089313966652e-48,0.340562906521058,0.686,0.554,1.19149393502005e-43,"CNIH4"
6.66639239053502e-48,0.341119825217234,0.662,0.527,1.27928069974367e-43,"EIF4H"
8.81020548727895e-48,0.522591314311576,0.313,0.201,1.69067843300883e-43,"ATG13"
9.91891231562382e-48,0.302241574989061,0.779,0.666,1.90343927336821e-43,"SDHC"
1.00746796425033e-47,0.360379009170976,0.496,0.354,1.93333102339638e-43,"TMEM50B"
1.03380924227637e-47,0.553004071211489,0.324,0.212,1.98387993592836e-43,"NMB"
1.05701374795691e-47,0.277462546448438,0.841,0.749,2.02840938232932e-43,"EIF4E"
1.18186631943337e-47,0.39574570224866,0.398,0.268,2.26800146699263e-43,"DYM"
1.25975891141441e-47,0.434243466032393,0.413,0.282,2.41747735100425e-43,"LRRC47"
1.30339766015163e-47,-1.21835258912446,0.081,0.151,2.50122010983097e-43,"PLEC"
1.30823120078001e-47,0.295865552286069,0.742,0.623,2.51049567429684e-43,"MRPL43"
1.46382499112441e-47,-1.01192701316449,0.139,0.219,2.80908015796775e-43,"C5orf56"
1.82626913647052e-47,0.347146915503545,0.634,0.499,3.50461047288692e-43,"CS"
2.64614359728971e-47,-1.03345603702146,0.126,0.205,5.07794956319896e-43,"NAALADL1"
2.82916718204875e-47,0.413189641283215,0.477,0.344,5.42917182235156e-43,"TCEB3"
3.0190288684824e-47,0.574297557228314,0.258,0.154,5.79351639861773e-43,"MECR"
3.31219504088572e-47,0.282495855574963,0.768,0.639,6.3561022834597e-43,"ALKBH7"
4.45460765622796e-47,0.265328047894406,0.829,0.75,8.54839209230145e-43,"DTYMK"
4.68856234054313e-47,0.32551940931899,0.621,0.482,8.99735113150226e-43,"SNAPC5"
4.73770835871962e-47,0.455776327687545,0.323,0.207,9.09166234038296e-43,"PTDSS2"
5.12275820191181e-47,0.403225331315043,0.539,0.407,9.83057298946875e-43,"RNF41"
5.55650464738352e-47,0.317760198108283,0.654,0.518,1.0662932418329e-42,"RAB7A"
6.81904926790293e-47,0.348915817480684,0.652,0.526,1.30857555451057e-42,"MRPL15"
8.00312299906891e-47,0.406561384759728,0.421,0.292,1.53579930352132e-42,"PDDC1"
8.0221441200923e-47,0.358781315010521,0.537,0.395,1.53944945664571e-42,"SF3A3"
9.18175836508495e-47,-0.94165546583947,0.163,0.244,1.7619794302598e-42,"LRRC8C"
9.93157574540907e-47,-1.11789478943004,0.099,0.173,1.905869385544e-42,"CLOCK"
1.0874667742383e-46,0.335218355413114,0.635,0.498,2.0868487397633e-42,"BUD31"
1.37117306843139e-46,0.436238132670747,0.36,0.237,2.63128111831984e-42,"ARHGAP1"
1.42036615876803e-46,0.39129566516111,0.533,0.402,2.72568265867586e-42,"AAMP"
1.51223503547931e-46,0.523476508498645,0.292,0.183,2.9019790330848e-42,"RP4-728D4.2"
1.59239814815071e-46,0.529736319425667,0.358,0.242,3.05581204630122e-42,"PSMC4"
1.74213692955771e-46,0.404643792114589,0.46,0.332,3.34316076782125e-42,"MMAB"
2.21947600612849e-46,0.32309055362889,0.651,0.519,4.25917445576057e-42,"GRK6"
2.33806411277671e-46,0.259978668979932,0.843,0.76,4.48674503241851e-42,"NDUFS7"
2.49463789205889e-46,0.416299708839696,0.496,0.365,4.78721011486102e-42,"RBM42"
2.63194181859472e-46,0.390945459882263,0.474,0.338,5.05069634988327e-42,"ICT1"
2.71064531172888e-46,0.434518239361635,0.382,0.258,5.20172835320773e-42,"SDCCAG3"
3.30306952467409e-46,0.477407697814349,0.343,0.225,6.33859041784958e-42,"PPCDC"
5.2021973646606e-46,0.34882824215149,0.655,0.535,9.98301674278369e-42,"PRPF19"
5.50344631810432e-46,0.351073793126521,0.529,0.39,1.05611134844422e-41,"GATAD2A"
5.69453198165531e-46,0.435675769384798,0.378,0.254,1.09278068727965e-41,"C9orf114"
5.87080538281188e-46,0.579960331333709,0.239,0.141,1.1266075529616e-41,"AVEN"
5.92516926083027e-46,-0.554966286689367,0.451,0.511,1.13703998115333e-41,"VMP1"
5.96409265555349e-46,0.324310208023177,0.669,0.535,1.14450938060071e-41,"DCTD"
6.51933388738779e-46,0.310920624539777,0.639,0.498,1.25106017298972e-41,"PDCD7"
6.89101643600584e-46,0.37385192862358,0.435,0.301,1.32238605406952e-41,"DHRSX"
8.25288968877311e-46,0.259600926675596,0.752,0.645,1.58372953127556e-41,"SPINK2"
1.03272939068551e-45,0.342168563806544,0.609,0.476,1.9818077007255e-41,"UTP11L"
1.14548202673398e-45,0.863396000755655,0.121,0.053,2.19818000930251e-41,"SLC7A11"
1.16050377839424e-45,0.596011819127955,0.209,0.117,2.22700675073855e-41,"AEN"
1.28492841472356e-45,-1.23427979271909,0.084,0.153,2.46577762785451e-41,"ST3GAL5"
1.33971157505748e-45,0.338591703271869,0.636,0.49,2.57090651253531e-41,"SAT1"
1.37018948818332e-45,0.354649159848601,0.582,0.44,2.6293936278238e-41,"PTBP3"
1.39715974674847e-45,0.428250252690322,0.392,0.268,2.68114955401031e-41,"SLC19A1"
1.49684817812365e-45,0.320545335036348,0.63,0.498,2.87245165381927e-41,"PIGF"
1.59401007035337e-45,0.280872010831458,0.711,0.574,3.05890532500811e-41,"NARS"
1.69489421683932e-45,0.257079679971198,0.887,0.831,3.25250200211466e-41,"CSNK2B"
1.8404542318008e-45,-0.307308525824017,0.757,0.769,3.53183167082573e-41,"PGD"
2.01121485741613e-45,0.381245375402516,0.493,0.36,3.85952131138155e-41,"RRP36"
2.19182004597159e-45,0.307124151790777,0.659,0.523,4.20610266821948e-41,"MAGOHB"
2.29663263676299e-45,0.51838639739179,0.297,0.189,4.40723802994818e-41,"GRAMD4"
2.41655774032238e-45,0.46608697189889,0.337,0.221,4.63737430367865e-41,"AC093323.3"
2.68632433963416e-45,0.398905565100869,0.437,0.31,5.15505640775795e-41,"XPO6"
2.70618400547116e-45,0.477518955057658,0.353,0.236,5.19316710649916e-41,"GSS"
2.71448863727821e-45,-0.683443056705561,0.295,0.375,5.20910369493688e-41,"TIMP2"
3.08962932049631e-45,0.446308265395651,0.359,0.24,5.92899866603241e-41,"VRK3"
3.28587731836328e-45,0.395311195433165,0.45,0.317,6.30559857393914e-41,"LMNB2"
3.49045700039517e-45,0.425568852456131,0.341,0.223,6.69818698375833e-41,"MPV17L"
3.50148635900921e-45,0.450788310949715,0.326,0.21,6.71935232293868e-41,"DPP3"
3.69248300357957e-45,0.425827563212522,0.365,0.245,7.08587488386919e-41,"PMPCA"
3.72748903059233e-45,0.301414774346843,0.742,0.621,7.15305144970668e-41,"TSSC4"
3.78030725983758e-45,0.383165837094449,0.451,0.319,7.25440963162831e-41,"CHCHD4"
3.99007867280165e-45,-0.654137715273267,0.359,0.429,7.65696097310637e-41,"NFKB1"
4.71988673305425e-45,-0.438044906347548,0.55,0.613,9.05746264073111e-41,"HOXB2"
6.06282011975806e-45,0.508083920096493,0.274,0.17,1.16345518098157e-40,"TTLL12"
6.1510379169526e-45,0.966247622803844,0.154,0.079,1.1803841762632e-40,"RNASE3"
6.31087576009911e-45,0.354437603473738,0.65,0.516,1.21105705836302e-40,"SLC3A2"
6.96275100915821e-45,0.355838832032141,0.58,0.448,1.33615191865746e-40,"PRPF31"
7.78398890890194e-45,0.624441432736718,0.205,0.115,1.49374747161828e-40,"ADGRG5"
9.25288818083205e-45,0.477585596734859,0.333,0.219,1.77562924190167e-40,"RP11-12G12.7"
1.15441108325388e-44,0.440463883064179,0.375,0.255,2.21531486876419e-40,"CETN2"
1.15776829982906e-44,0.662964921540246,0.172,0.09,2.22175736737196e-40,"XXbac-B135H6.18"
1.18053315406719e-44,-1.27144864969089,0.064,0.127,2.26544312265495e-40,"TRG-AS1"
1.25784234629668e-44,0.363454532267154,0.466,0.335,2.41379946254333e-40,"FAF1"
1.39451359565197e-44,0.495214617604829,0.302,0.192,2.67607159005613e-40,"NAT10"
1.99019392059886e-44,0.320184173143098,0.693,0.568,3.81918213362921e-40,"MRPS18B"
2.55481900540986e-44,0.568676187162952,0.24,0.143,4.90269767138153e-40,"MYBBP1A"
2.68080530364049e-44,0.44138912876568,0.363,0.245,5.1444653776861e-40,"CINP"
3.1341700982077e-44,0.408582506989391,0.297,0.189,6.01447241846058e-40,"HCK"
3.66526908961912e-44,0.542197755261091,0.273,0.17,7.03365138297909e-40,"JMJD4"
4.37820010606533e-44,0.413807694939451,0.376,0.256,8.40176600353937e-40,"ECI1"
4.62222756822672e-44,0.354953097961028,0.543,0.41,8.87005470342708e-40,"STOM"
4.64560724645554e-44,0.81988126072841,0.166,0.088,8.91492030594818e-40,"MCU"
4.7752812640276e-44,0.389151952054714,0.435,0.308,9.16376474566897e-40,"ACLY"
5.8399003403648e-44,-0.352046112680237,0.672,0.707,1.120676875316e-39,"LBR"
5.971016745913e-44,0.320308839159354,0.601,0.461,1.14583811354071e-39,"POP5"
6.07410745681069e-44,0.289362243189584,0.693,0.562,1.16562122096197e-39,"SLC38A1"
6.0881667925765e-44,0.480395713053423,0.332,0.22,1.16831920749543e-39,"BCR"
6.11060301766451e-44,0.460731859261707,0.341,0.226,1.17262471908982e-39,"DNAJC25"
6.14337392892038e-44,-0.475901198437168,0.635,0.661,1.17891345695982e-39,"TMEM106C"
6.60700610428677e-44,0.322020738399564,0.608,0.472,1.26788447141263e-39,"PSMF1"
7.14430020262443e-44,0.526393384385797,0.271,0.168,1.37099120888363e-39,"CNBD2"
7.4264068103046e-44,0.290742015760637,0.707,0.577,1.42512746689745e-39,"YTHDF2"
1.06710061787518e-43,-0.597505053889225,0.359,0.436,2.04776608570247e-39,"DAPK1"
1.10862766531236e-43,0.364240156243011,0.573,0.445,2.12745648973442e-39,"HACD3"
1.14568443885289e-43,0.309928548613097,0.714,0.59,2.1985684381587e-39,"PSMD4"
1.14665993311167e-43,0.256327813791716,0.826,0.717,2.2004404116413e-39,"GNB1"
1.17536199307523e-43,0.748441822128088,0.175,0.094,2.25551966471137e-39,"SLC39A11"
1.35591906285712e-43,0.257138740212973,0.878,0.805,2.60200868162282e-39,"GHITM"
1.37744935523104e-43,0.457225744903311,0.32,0.209,2.64332531268836e-39,"PEX10"
1.63600357105968e-43,0.361661556811055,0.478,0.346,3.13949085286352e-39,"RNF40"
1.64981830649347e-43,0.764289599108554,0.169,0.089,3.16600133016097e-39,"GPR160"
1.68299180160923e-43,0.379859752088561,0.445,0.318,3.22966126728811e-39,"WDR46"
1.73489029806026e-43,0.273341088047216,0.742,0.615,3.32925448197764e-39,"PTBP1"
1.75299727841563e-43,-1.43520333059905,0.047,0.103,3.3640017772796e-39,"IQCK"
2.20594893299441e-43,0.444254062260496,0.406,0.286,4.23321600241628e-39,"APMAP"
2.21363300244802e-43,0.557539930835369,0.234,0.139,4.24796173169775e-39,"C10orf2"
2.59658054957421e-43,0.39024386571749,0.461,0.332,4.98283807463291e-39,"SYS1"
2.59886128247991e-43,0.393451163831772,0.352,0.236,4.98721480107895e-39,"FNDC3B"
2.60328850596565e-43,-0.57975413619808,0.413,0.479,4.99571064294808e-39,"STAT1"
3.0477710757665e-43,-1.21401170476735,0.101,0.171,5.84867269439592e-39,"NOG"
3.50363515731566e-43,-1.26072056069371,0.161,0.236,6.72347586688875e-39,"S100A9"
3.72345931849494e-43,-1.19722547941177,0.07,0.134,7.14531843219178e-39,"UPP1"
3.83465842814347e-43,0.264467061489677,0.763,0.652,7.35870952360732e-39,"URM1"
5.91452407094755e-43,0.376959512649842,0.487,0.36,1.13499716921484e-38,"MRPL48"
6.95873753207265e-43,-0.835484235644672,0.221,0.3,1.33538173240474e-38,"IRF1"
8.91404200773411e-43,0.270027873761347,0.738,0.62,1.71060466128418e-38,"GRHPR"
8.99549768385061e-43,0.35824416887692,0.48,0.351,1.72623600553093e-38,"CLN3"
1.04939992561665e-42,0.407851512117085,0.376,0.257,2.01379845725836e-38,"TSFM"
1.12880658930505e-42,0.394628838146849,0.364,0.246,2.1661798448764e-38,"POC1A"
1.28320180803831e-42,0.380936232916081,0.477,0.348,2.46246426962552e-38,"C12orf45"
1.4354077972823e-42,0.354816776644147,0.5,0.37,2.75454756298474e-38,"ZMAT5"
1.78334128100064e-42,-0.732662139396589,0.574,0.625,3.42223191824023e-38,"MT2A"
2.01009854706809e-42,0.422425147374063,0.384,0.266,3.85737911182366e-38,"LTB4R"
2.04216415988189e-42,0.352958556865865,0.504,0.375,3.91891302281335e-38,"MRPS18A"
2.15392832888865e-42,0.727111734589981,0.183,0.102,4.13338846313732e-38,"PLTP"
2.16220939666055e-42,0.356268709098754,0.427,0.3,4.1492798321916e-38,"PUSL1"
2.19925680325353e-42,0.276757181392806,0.758,0.645,4.22037380544353e-38,"MRPS14"
2.29120716290945e-42,0.329887165110386,0.582,0.447,4.39682654562323e-38,"DAXX"
2.49497848285997e-42,0.41184588198347,0.456,0.332,4.78786370860828e-38,"SH3BP1"
2.52711924358519e-42,-0.601786449553778,0.369,0.44,4.84954182843997e-38,"PHTF1"
2.77227838429381e-42,0.288051877589388,0.661,0.532,5.32000221945982e-38,"MIS18A"
3.28639340102405e-42,0.303250025405823,0.531,0.394,6.30658893656515e-38,"LARS"
3.7526722933635e-42,-1.13023566671607,0.152,0.229,7.20137813096456e-38,"HGF"
4.05336140435366e-42,0.321401710173097,0.607,0.478,7.77840053495467e-38,"RHOF"
4.14876787298916e-42,0.380491716175486,0.474,0.346,7.96148554826619e-38,"PEF1"
5.33849815707576e-42,0.368193741630875,0.486,0.358,1.02445779634284e-37,"NR2F6"
5.42500239244757e-42,0.508397843648937,0.282,0.18,1.04105795911069e-37,"ZNHIT2"
5.63275202732302e-42,0.459210184601964,0.309,0.201,1.08092511404329e-37,"FAM229B"
6.05079469264056e-42,0.657866103125985,0.163,0.085,1.16114750151772e-37,"KDM4B"
6.56518205934934e-42,0.75404503077278,0.125,0.058,1.25985843718914e-37,"INPP5A"
7.12793899507579e-42,0.414786608635664,0.383,0.264,1.36785149315505e-37,"RPN1"
8.1392618367246e-42,0.310523752965714,0.623,0.489,1.56192434646745e-37,"DAP3"
8.45855415444882e-42,0.345869639360638,0.487,0.358,1.62319654223873e-37,"YTHDF1"
8.49584482100937e-42,-0.54825422381054,0.454,0.508,1.6303526211517e-37,"TOPORS-AS1"
9.87716119629712e-42,-0.550942737819572,0.442,0.496,1.89542723356942e-37,"PRR34-AS1"
9.90605569515773e-42,0.492326270694908,0.196,0.111,1.90097208790077e-37,"RRP12"
1.18055859909969e-41,0.428516491315715,0.654,0.552,2.2654919516723e-37,"HOPX"
1.20873000862578e-41,0.360601318094145,0.428,0.3,2.31955288655288e-37,"KIF9"
1.24415992589349e-41,0.534036583561434,0.233,0.139,2.3875428977896e-37,"LIAS"
1.25932333595392e-41,0.577359700345527,0.218,0.129,2.41664148169557e-37,"ZNF74"
1.28026392163882e-41,-1.39556193116131,0.049,0.104,2.4568264656249e-37,"SHE"
1.28298289657124e-41,0.329959294701539,0.498,0.365,2.46204417852021e-37,"TMEM218"
1.32599727408166e-41,-0.507715803439641,0.409,0.486,2.5445887689627e-37,"BIN1"
1.41146980228869e-41,-0.400816072909715,0.691,0.702,2.70861055059199e-37,"H2AFX"
1.44077862765176e-41,0.438852981849719,0.306,0.199,2.76485418646372e-37,"RP11-400F19.6"
1.44292127524796e-41,0.450392912802343,0.318,0.21,2.76896592720084e-37,"LAS1L"
1.44587599033609e-41,0.459828064512704,0.285,0.181,2.77463602545495e-37,"TMEM41A"
1.44712726407816e-41,0.307665423355626,0.669,0.545,2.77703721976598e-37,"ABT1"
2.17560873480626e-41,0.31643537450974,0.516,0.383,4.17499316209322e-37,"EXOSC5"
2.25555158095025e-41,0.264054022372287,0.75,0.635,4.32840348384353e-37,"FDPS"
2.69088489665517e-41,0.295042061881717,0.663,0.538,5.16380811668128e-37,"SRPK1"
2.83821067866712e-41,0.324701997391199,0.515,0.38,5.44652629236221e-37,"GUCD1"
3.68202869845174e-41,0.442833846539302,0.334,0.225,7.06581307232889e-37,"SLC37A4"
4.00341619935471e-41,0.429558297061096,0.455,0.332,7.68255568656169e-37,"RREB1"
4.2248347231905e-41,-0.2819069799258,0.8,0.813,8.10745783380258e-37,"CHPT1"
4.25619581371174e-41,0.775981693564308,0.152,0.079,8.16763976651282e-37,"PARP8"
4.27070705475984e-41,0.360068833297027,0.478,0.348,8.19548683808413e-37,"BOLA1"
4.65325046289458e-41,0.281606598244098,0.667,0.53,8.92958763829469e-37,"BAD"
4.76117684656499e-41,0.3655187025463,0.467,0.34,9.13669836855821e-37,"CYB561D2"
5.66825585465203e-41,0.336628448200298,0.487,0.358,1.08773829850773e-36,"COPS7B"
5.77231247700983e-41,0.255482575755795,0.814,0.7,1.10770676433819e-36,"SNX5"
5.78332362767731e-41,0.385797189701169,0.427,0.306,1.10981980415128e-36,"RSRC1"
6.17795572593667e-41,0.288712251197428,0.639,0.508,1.18554970380725e-36,"LTBR"
6.85890575848113e-41,0.489503762545892,0.296,0.193,1.31622401505253e-36,"NOL10"
6.9162543750193e-41,0.319091495771509,0.622,0.492,1.3272292145662e-36,"SNHG10"
7.12163505161546e-41,0.407124852677457,0.386,0.267,1.36664176640501e-36,"TSPAN5"
7.17836987606862e-41,0.429498249741293,0.335,0.224,1.37752917921757e-36,"PINLYP"
7.19078416285351e-41,0.384745740417293,0.435,0.311,1.37991148085159e-36,"DOK1"
7.39846175932473e-41,0.493154395869668,0.276,0.175,1.41976481161442e-36,"POLR1E"
7.68107295821202e-41,-0.891571921146345,0.214,0.289,1.47399790068089e-36,"AC011043.1"
8.08211982458582e-41,0.300906586667345,0.6,0.46,1.55095879433802e-36,"MAPKAPK5-AS1"
8.29944304265094e-41,-0.694202620615108,0.273,0.349,1.59266311988472e-36,"SASH3"
1.01558018549833e-40,0.321682958228972,0.588,0.457,1.9488983759713e-36,"FAM103A1"
1.06575217006059e-40,-0.743350370612534,0.284,0.356,2.04517841434628e-36,"KIAA1551"
1.21397044963008e-40,0.322394021421171,0.604,0.472,2.32960929284011e-36,"NAA15"
1.21943569218301e-40,0.256755218177454,0.767,0.642,2.34009709329919e-36,"RAB1A"
1.36560927716433e-40,-0.886772966204169,0.156,0.23,2.62060420287835e-36,"SCAI"
1.39897909259277e-40,-0.399433602326136,0.573,0.621,2.68464087868553e-36,"RHOH"
1.45258180566296e-40,0.283050506953495,0.669,0.535,2.78750448506721e-36,"TMEM203"
1.51152292844977e-40,0.354191014042992,0.5,0.369,2.9006124996951e-36,"TRMT2A"
1.53330143111663e-40,0.602152800999755,0.201,0.115,2.94240544631282e-36,"RPP40"
1.61405323654575e-40,0.520968151955622,0.216,0.127,3.0973681609313e-36,"L3MBTL2"
1.66825416986616e-40,0.564571417805138,0.216,0.127,3.20137975197316e-36,"MVD"
2.04872850041923e-40,0.251135564922367,0.834,0.739,3.93150999230451e-36,"CCT3"
2.28446362944649e-40,0.45530446652312,0.329,0.22,4.38388570490782e-36,"DGAT1"
2.98621002648156e-40,-0.535925272452661,0.513,0.571,5.73053704081812e-36,"RMI2"
3.17475912903539e-40,0.317739056118911,0.63,0.507,6.09236276861891e-36,"IDH3B"
3.22447228488586e-40,0.342893033985116,0.514,0.386,6.18776231469597e-36,"PNP"
3.26283908335073e-40,-1.11575937873273,0.095,0.161,6.26138820095006e-36,"TBC1D10A"
3.33105961485461e-40,0.261841909064661,0.67,0.536,6.39230340090599e-36,"METTL21A"
3.35173285760178e-40,0.308380488831053,0.603,0.474,6.43197535373782e-36,"SMIM20"
3.39255467723807e-40,0.571931680640474,0.236,0.144,6.51031242561987e-36,"SCD"
3.42250744295998e-40,0.299576547185222,0.635,0.517,6.56779178304021e-36,"ASNA1"
3.54916105895072e-40,0.334403597233317,0.553,0.423,6.81084007212642e-36,"PPIE"
3.73570172580556e-40,0.511605533339275,0.252,0.157,7.16881161182086e-36,"LRFN4"
3.80580287954971e-40,0.559148814659159,0.222,0.132,7.30333572585588e-36,"ZFAND2A"
4.10641325654274e-40,0.530816584086513,0.274,0.174,7.88020703930553e-36,"C2orf88"
4.24495304270838e-40,0.428045205602704,0.35,0.238,8.14606488895739e-36,"PRMT5"
4.83651130572235e-40,0.466188245595018,0.302,0.198,9.28126519568119e-36,"TBC1D1"
5.02267242334087e-40,0.377816709300278,0.397,0.278,9.63850838039113e-36,"LARP4B"
5.5324420462654e-40,0.355166247609968,0.429,0.305,1.06167562867833e-35,"MPHOSPH6"
5.76450141617847e-40,0.314842356731176,0.59,0.464,1.10620782176465e-35,"G6PC3"
5.82000582964664e-40,0.33428683257576,0.468,0.343,1.11685911870919e-35,"ADK"
5.90654237734297e-40,0.277871140543129,0.765,0.657,1.13346548221212e-35,"SF3B2"
5.96022342058342e-40,0.761071076750444,0.123,0.058,1.14376687440996e-35,"RPTOR"
5.97366442312248e-40,0.333328519489338,0.482,0.354,1.1463462027972e-35,"PSTPIP2"
6.3703108808044e-40,0.344637343820797,0.806,0.735,1.22246265802636e-35,"CCND3"
6.52187082152294e-40,0.282625409567181,0.742,0.64,1.25154701065025e-35,"TECR"
6.81795401170331e-40,0.450564523958757,0.279,0.178,1.30836537484587e-35,"PGAP2"
7.31387545269366e-40,0.517094046791975,0.24,0.147,1.40353269937191e-35,"SCAP"
7.34240538766782e-40,-0.645077511999466,0.307,0.38,1.40900759389345e-35,"PPFIBP1"
8.14871760324797e-40,0.284284919056492,0.634,0.499,1.56373890806329e-35,"NDUFS4"
9.03166574130494e-40,0.30295971574064,0.634,0.504,1.73317665575642e-35,"NUDT22"
9.30862674339439e-40,0.465428615865263,0.275,0.175,1.78632547205738e-35,"RPUSD2"
1.00347943472067e-39,0.464127353954897,0.266,0.168,1.92567703522896e-35,"ASAP1"
1.01403195273939e-39,0.476804682610485,0.34,0.232,1.94592731730689e-35,"ARHGAP22"
1.08628393901975e-39,0.372702222600561,0.465,0.342,2.0845788789789e-35,"STX4"
1.13400955073389e-39,0.309825742450556,0.477,0.348,2.17616432785834e-35,"PDCD11"
1.1775332631935e-39,0.299648264319935,0.618,0.489,2.25968633206832e-35,"HDDC3"
1.26504672571447e-39,0.35302829612383,0.536,0.41,2.42762466664608e-35,"TMEM208"
1.36724296063647e-39,0.341024735679089,0.47,0.343,2.62373924146139e-35,"C11orf57"
1.37103190898643e-39,0.299138247946147,0.676,0.557,2.63101023334495e-35,"MANF"
1.38873959992587e-39,0.413355380437928,0.322,0.214,2.66499129225775e-35,"CCDC51"
1.50901314912719e-39,0.492285572117029,0.233,0.141,2.89579623317508e-35,"NLE1"
1.66607716604326e-39,-0.259625767212574,0.875,0.876,3.19720208163702e-35,"KTN1"
1.82174555188736e-39,0.36779930123029,0.419,0.3,3.49592971407185e-35,"ACOT13"
1.90745759677383e-39,0.420583765748136,0.342,0.233,3.66041112820898e-35,"DDX23"
2.00199394611876e-39,0.305698290840135,0.592,0.463,3.84182638260189e-35,"BFAR"
2.12017312835279e-39,0.771838325854623,0.142,0.073,4.068612233309e-35,"C11orf21"
2.12188208646043e-39,0.50107636109462,0.277,0.18,4.07189172391756e-35,"DHCR7"
2.16394477724573e-39,0.268936523195305,0.755,0.641,4.15261002753455e-35,"ZDHHC3"
2.34906270579989e-39,0.387735751593801,0.406,0.287,4.50785133242999e-35,"XRCC6BP1"
2.70372489704902e-39,-0.445622064915452,0.55,0.599,5.18844807743706e-35,"PSMB9"
3.4656219549472e-39,0.327044205347033,0.543,0.414,6.65052853154367e-35,"ADAM15"
3.58862206292318e-39,0.342984381239436,0.42,0.297,6.88656573874957e-35,"USP39"
3.59913090407025e-39,0.393797633069375,0.39,0.274,6.90673220491081e-35,"NELFB"
3.67135161419738e-39,0.281921889956888,0.658,0.533,7.04532374764477e-35,"NSMCE1"
3.84377015795562e-39,-0.478543712401082,0.523,0.571,7.37619493311684e-35,"NUSAP1"
3.97650158778278e-39,0.273260745719734,0.785,0.686,7.63090654695516e-35,"CDC123"
3.99212232477911e-39,0.34812349997623,0.455,0.333,7.66088274125112e-35,"GTPBP6"
4.76977481178236e-39,-0.493923325581605,0.468,0.521,9.15319786381035e-35,"GCLM"
4.78282216301021e-39,0.298463032697699,0.633,0.504,9.17823573081659e-35,"NDUFAF6"
5.02183028962369e-39,-0.291723682435845,0.828,0.833,9.63689232578787e-35,"CMPK1"
5.41189808228644e-39,0.721110179462513,0.141,0.072,1.03854324199077e-34,"EARS2"
5.59775424776833e-39,0.330105951669763,0.447,0.321,1.07420904014674e-34,"MEN1"
5.9558675831693e-39,0.307374803147487,0.498,0.367,1.14293098921019e-34,"SLC7A1"
6.03201901871814e-39,0.332251947008706,0.498,0.37,1.15754444969201e-34,"FDX1L"
6.10345868701327e-39,0.438665249752161,0.378,0.27,1.17125372203785e-34,"FUT4"
6.33586490168518e-39,0.441429702448435,0.332,0.226,1.21585247463339e-34,"PRR7"
6.34850094728467e-39,0.310233143096865,0.694,0.573,1.21827733178393e-34,"PLEK"
6.40635592102622e-39,0.479031336898911,0.247,0.153,1.22937970124493e-34,"UTP14A"
6.81906269236326e-39,0.648939400645545,0.164,0.089,1.30857813066451e-34,"TET1"
6.96555312520636e-39,0.582708317691755,0.208,0.124,1.3366896447271e-34,"HIPK2"
7.51150274842358e-39,0.346528894456875,0.422,0.301,1.44145737742249e-34,"TSR3"
8.37375825485812e-39,0.343828189384894,0.422,0.3,1.60692420910727e-34,"TSR1"
9.07952573591522e-39,0.44207539210188,0.296,0.194,1.74236098872213e-34,"CAD"
9.2636840862479e-39,0.420971811047365,0.364,0.253,1.77770097615097e-34,"KARS"
9.29900366857694e-39,0.572215442081307,0.218,0.131,1.78447880399992e-34,"SLC2A1"
9.33618048693826e-39,0.3159357230831,0.608,0.484,1.79161303544345e-34,"LYRM5"
9.77866119277716e-39,0.61082805057755,0.213,0.129,1.87652508289394e-34,"CD38"
1.19084021006629e-38,0.399493880291024,0.663,0.55,2.28522236311721e-34,"SLC16A3"
1.29500170202282e-38,0.33608222172425,0.473,0.346,2.48510826618178e-34,"CUL4A"
1.3061906311041e-38,-0.753343669965918,0.22,0.295,2.50657982108877e-34,"ABI2"
1.3507017708432e-38,0.27128379415325,0.707,0.59,2.5919966982481e-34,"UBE2J2"
1.40881211937694e-38,-0.296340147540927,0.8,0.81,2.70351045708435e-34,"HLA-E"
1.50573431534946e-38,0.697224866288668,0.157,0.084,2.88950415115562e-34,"THRA"
2.01687283072904e-38,0.429671908560215,0.317,0.211,3.87037896216903e-34,"TEX261"
2.19028863731578e-38,0.433789019400729,0.296,0.194,4.20316389500898e-34,"MAK16"
2.33932279287324e-38,-0.777678128658335,0.22,0.293,4.48916043952375e-34,"JAK3"
2.34835217864335e-38,0.355929225605524,0.428,0.308,4.50648783081659e-34,"SNAPC2"
2.62728296278743e-38,0.306149314257961,0.633,0.515,5.04175600558907e-34,"TWF2"
2.63230160720577e-38,-0.520042803694411,0.427,0.489,5.05138678422788e-34,"SMCO4"
2.6703555098399e-38,0.467858189925772,0.249,0.155,5.12441222338276e-34,"DPP9"
2.7592553827896e-38,0.526717990329771,0.22,0.133,5.29501107957324e-34,"DOT1L"
2.84550420071927e-38,0.513230754712427,0.236,0.146,5.46052256118028e-34,"C6orf120"
3.24389691308298e-38,0.526078482392843,0.511,0.379,6.22503817620624e-34,"IGHM"
3.31930423637442e-38,0.288534534143591,0.595,0.46,6.36974482960252e-34,"USE1"
3.76824949651773e-38,0.390563351570174,0.365,0.252,7.23127078381752e-34,"HGS"
3.79735846426149e-38,0.387739570260347,0.361,0.252,7.28713089291779e-34,"BCL2"
4.35288866883937e-38,0.640907096445142,0.164,0.09,8.35319335550274e-34,"CAPN15"
5.52677148715753e-38,0.497540261000643,0.227,0.138,1.06058744838553e-33,"RP11-259N19.1"
5.65917019825125e-38,0.549735729618833,0.213,0.127,1.08599476104441e-33,"CCNYL1"
5.76942957455534e-38,0.314859521407739,0.489,0.359,1.10715353535717e-33,"RABL2B"
5.787387563307e-38,0.289530881974397,0.654,0.529,1.11059967339861e-33,"MCFD2"
5.79265414610907e-38,0.29526845451352,0.565,0.433,1.11161033063833e-33,"GTF2F1"
6.38066329063816e-38,0.327255259323903,0.556,0.432,1.22444928547346e-33,"MRPL2"
6.4073204610886e-38,0.400940020514073,0.338,0.229,1.2295647964829e-33,"TCF3"
7.53717434257301e-38,0.257083820585621,0.755,0.632,1.44638375633976e-33,"ALKBH5"
8.43204408318482e-38,0.528600518107763,0.204,0.12,1.61810925956317e-33,"ZNF598"
8.52618670368602e-38,0.371091395480639,0.385,0.271,1.63617522843735e-33,"C1orf216"
8.59414272793037e-38,0.521060599326768,0.236,0.147,1.64921598948984e-33,"OGG1"
9.12455458145696e-38,0.289463401137096,0.651,0.529,1.75100202418159e-33,"PSMD7"
9.43635290596829e-38,0.471520111190661,0.27,0.173,1.81083612265532e-33,"KCNN4"
9.87521238573388e-38,0.384434683064806,0.408,0.292,1.89505325682233e-33,"SAYSD1"
1.08324980395368e-37,0.347217705095379,0.462,0.34,2.07875637378711e-33,"COPS7A"
1.09867934357711e-37,0.294943811004499,0.544,0.416,2.10836566032447e-33,"B3GALT6"
1.14134470647846e-37,0.411354705652577,0.302,0.199,2.19024049173217e-33,"METTL16"
1.18947188261988e-37,0.26749935348382,0.632,0.507,2.28259654274755e-33,"FAM216A"
1.21850872296293e-37,0.406291668899872,0.445,0.325,2.33831823936587e-33,"ACTN1"
1.39744614818278e-37,0.25778572739382,0.719,0.596,2.68169915836276e-33,"SLC35B1"
1.50534720218706e-37,0.416893353216652,0.27,0.172,2.88876128099696e-33,"ACSF3"
1.56826263069646e-37,0.51261196812118,0.23,0.142,3.00949598830651e-33,"CARS"
2.25856696464121e-37,0.26592488941821,0.812,0.727,4.33419000514648e-33,"VDAC3"
2.73931825671179e-37,0.803333076828219,0.144,0.076,5.25675173462993e-33,"ZNF385A"
2.81622900939315e-37,-0.280069767787506,0.563,0.629,5.40434346902546e-33,"GATA2"
2.83750923211783e-37,0.296606251268167,0.584,0.455,5.44518021643412e-33,"NAPA"
3.0793110576633e-37,0.570271222573435,0.201,0.12,5.90919791965588e-33,"INO80B"
3.10343414541628e-37,0.447218921876011,0.33,0.227,5.95549012505384e-33,"EXOSC2"
3.69056689460957e-37,0.405470612173739,0.367,0.256,7.08219787075577e-33,"PTPN1"
3.69355822721635e-37,0.331573278700739,0.573,0.451,7.08793823802817e-33,"CD68"
3.81969320430635e-37,0.394930610298779,0.44,0.329,7.32999125906388e-33,"IL6R"
3.84019993140874e-37,0.345632864283383,0.344,0.234,7.36934366837337e-33,"KAT2A"
4.07713519285338e-37,0.344727335473549,0.466,0.347,7.82402243508564e-33,"NME6"
4.12929809246165e-37,0.502854289530855,0.224,0.136,7.92412303943391e-33,"LRRC28"
4.40138855592689e-37,0.450586299836855,0.252,0.159,8.4462646388237e-33,"RNMTL1"
4.59012702300716e-37,0.471066077053246,0.233,0.144,8.80845375715074e-33,"VARS"
4.67595649307312e-37,0.279945501915863,0.689,0.567,8.97316051020731e-33,"DNAJC7"
4.99743332935372e-37,0.335222870921471,0.389,0.272,9.59007455902979e-33,"GUF1"
5.19401526667518e-37,0.510517010431036,0.252,0.162,9.96731529674967e-33,"AP5B1"
5.48133656548867e-37,0.31496662824672,0.519,0.392,1.05186848691727e-32,"BCCIP"
5.57350881542089e-37,-0.625413177710392,0.376,0.44,1.06955634167927e-32,"WBP5"
5.94905062873048e-37,-0.477527356469498,0.313,0.391,1.14162281565338e-32,"MARCKS"
7.13230192062668e-37,0.567643061804273,0.185,0.107,1.36868873856826e-32,"ANKRD16"
7.168483474078e-37,0.39742085072257,0.305,0.202,1.37563197867557e-32,"GMDS"
7.61173282573591e-37,0.348483876503811,0.364,0.252,1.46069152925872e-32,"SLC17A9"
7.7968024432623e-37,0.482307195093465,0.229,0.141,1.49620638886204e-32,"CBY1"
9.84118819830971e-37,0.391016778964258,0.317,0.213,1.88852401525563e-32,"TUBE1"
1.05831714208058e-36,-0.903962239503271,0.145,0.214,2.03091059565263e-32,"DUSP22"
1.09550776403082e-36,0.315595128073005,0.505,0.377,2.10227939917515e-32,"TMEM259"
1.13334490595869e-36,0.308478287957038,0.547,0.419,2.17488887453473e-32,"IDH3G"
1.14562081476102e-36,0.324737564464919,0.463,0.341,2.1984463435264e-32,"CARS2"
1.15264387417116e-36,-0.275530410712973,0.867,0.866,2.21192359453446e-32,"TAOK3"
1.23602996280673e-36,0.559788148611587,0.185,0.107,2.37194149862612e-32,"UQCC1"
1.27807507247598e-36,0.284637784897538,0.645,0.518,2.45262606408141e-32,"CCDC106"
1.28894794974048e-36,0.364844926928664,0.358,0.248,2.47349111555199e-32,"IVD"
1.31160384085178e-36,0.3142166588168,0.613,0.493,2.51696777059457e-32,"RASGRP3"
1.41028340232571e-36,-0.357078134022643,0.65,0.675,2.70633384906303e-32,"SEC62"
1.48406068190942e-36,0.324590761911936,0.442,0.32,2.84791244858418e-32,"UTP23"
1.82774290564004e-36,0.286084960218026,0.628,0.504,3.50743863592324e-32,"NAA50"
1.85361427179077e-36,0.562900181264808,0.192,0.113,3.55708578756649e-32,"DFFB"
1.87947660814509e-36,0.260121737760864,0.758,0.644,3.60671561103043e-32,"UBE2K"
1.95040064844155e-36,0.588597880338966,0.198,0.119,3.74281884435933e-32,"KDM1B"
1.95850689986896e-36,0.292637174576006,0.624,0.5,3.75837474084853e-32,"FAM120AOS"
2.28609810922759e-36,-0.701708123658877,0.271,0.342,4.38702227160774e-32,"RPS6KA5"
2.29088747025047e-36,0.329747761008337,0.455,0.335,4.39621305541066e-32,"TMEM115"
2.65628339014305e-36,0.335254202431039,0.426,0.309,5.0974078256845e-32,"MRPL49"
2.74533143928918e-36,0.287097166156681,0.657,0.531,5.26829103199594e-32,"ALG5"
2.79369951615438e-36,0.2711253019956,0.695,0.584,5.36110937150026e-32,"RPN2"
2.87669460911883e-36,0.402032020809295,0.303,0.202,5.52037695489903e-32,"ZNF263"
2.93804062564137e-36,-0.495381682618045,0.529,0.567,5.6380999606058e-32,"ATAD2"
2.99298799838018e-36,0.297485307305144,0.689,0.573,5.74354396889157e-32,"MRPL13"
3.17016598694516e-36,0.434229655254101,0.301,0.201,6.08354852894776e-32,"GCDH"
3.21171249599573e-36,-0.850327521870851,0.179,0.249,6.16327627981581e-32,"RP11-25K19.1"
3.23243373110086e-36,0.604779339896693,0.173,0.098,6.20304032998256e-32,"PYCRL"
3.87242856841784e-36,0.37899581749044,0.297,0.196,7.43119042279383e-32,"ACSL5"
3.97122162504331e-36,0.406868255338475,0.328,0.223,7.62077429845812e-32,"GSTM4"
4.11828807304849e-36,0.320372417954349,0.486,0.365,7.90299481218005e-32,"STIP1"
4.21381333561809e-36,0.370306146078433,0.339,0.231,8.08630779105111e-32,"MAP4"
4.63039920270947e-36,-0.907860333562238,0.139,0.207,8.88573606999948e-32,"PRKACA"
4.87083681261946e-36,0.264400468295437,0.658,0.532,9.34713584341675e-32,"ARL16"
5.81759579978197e-36,0.403580602490513,0.298,0.199,1.11639663397816e-31,"THUMPD3"
6.07413115249025e-36,0.3431502178424,0.536,0.415,1.16562576816288e-31,"DERL1"
6.37312945067856e-36,0.389265008286315,0.383,0.273,1.22300354158522e-31,"SIRT7"
6.48414439453211e-36,0.285484161532198,0.577,0.447,1.24430730931071e-31,"GLOD4"
7.4360447504568e-36,0.387456800157337,0.344,0.238,1.42697698761266e-31,"TRMT6"
7.73122041761114e-36,0.298805663450227,0.484,0.361,1.48362119813958e-31,"FEZ2"
8.15843904491941e-36,0.49140410227024,0.226,0.141,1.56560445272003e-31,"HSPA4"
8.58478813443553e-36,0.385766330256627,0.349,0.245,1.64742084299818e-31,"CXorf38"
8.98529990579851e-36,0.262540715844151,0.68,0.55,1.72427905192273e-31,"LLPH"
1.02029590577439e-35,0.66169048213673,0.128,0.064,1.95794784318106e-31,"AVPI1"
1.0488027033152e-35,0.40707069513824,0.342,0.237,2.01265238766187e-31,"AATF"
1.18142363782154e-35,-0.902414900296814,0.159,0.227,2.26715196097954e-31,"CTD-2020K17.1"
1.20542233523916e-35,0.366544113207008,0.396,0.285,2.31320546132394e-31,"LZIC"
1.35953036365871e-35,-0.551193311448701,0.422,0.478,2.60893876786107e-31,"AURKB"
1.4118633511113e-35,0.359844670229348,0.435,0.323,2.70936577078258e-31,"DCPS"
1.44176294052488e-35,-0.758074838239749,0.217,0.289,2.76674308286724e-31,"SLC2A6"
1.6037923050152e-35,0.291156329464251,0.547,0.418,3.07767743332417e-31,"GTF2I"
1.62167677712566e-35,-0.562252657696902,0.396,0.456,3.11199773530414e-31,"CD58"
1.62760400553753e-35,0.458580972320586,0.231,0.144,3.12337208662652e-31,"ZNF467"
1.67152012614266e-35,0.672794916986442,0.132,0.067,3.20764712206777e-31,"NAGPA"
1.68207113873276e-35,0.425962065583958,0.271,0.177,3.22789451522816e-31,"DBP"
1.79310210211893e-35,0.486916936098536,0.219,0.135,3.44096293396622e-31,"CD300LF"
2.18275184639067e-35,0.372593464320823,0.308,0.209,4.1887007932237e-31,"KIAA0930"
2.23432957343243e-35,0.25891696171182,0.61,0.483,4.28767845141683e-31,"NUDT2"
2.59117921423815e-35,0.335214494445787,0.504,0.383,4.97247291212301e-31,"RBM15B"
2.60841199024832e-35,0.306165740936121,0.488,0.366,5.00554260928653e-31,"SMARCD2"
2.68121764509963e-35,0.3998597379093,0.29,0.192,5.14525666094618e-31,"TCTN3"
2.75848878245362e-35,0.39349105884795,0.367,0.26,5.2935399735285e-31,"CHRNB1"
3.00586947745515e-35,0.36047745255929,0.399,0.287,5.76826352723643e-31,"RCOR1"
3.03358291833332e-35,0.27446644428529,0.63,0.508,5.82144562028165e-31,"DCAF12"
3.62538535408386e-35,0.487190516892043,0.214,0.131,6.95711449448692e-31,"MSTO1"
3.67021836590857e-35,0.396735440660927,0.321,0.219,7.04314904417855e-31,"TXLNG"
3.79862816766961e-35,0.296350734514724,0.564,0.441,7.28956745375798e-31,"EMC8"
3.80311985238861e-35,0.307365025938341,0.472,0.349,7.29818699673374e-31,"FEM1B"
3.86573529752114e-35,0.367420928723537,0.391,0.28,7.41834603594307e-31,"CAPN1"
3.93033829515437e-35,0.309713744268355,0.461,0.342,7.54231918840123e-31,"PLIN3"
4.06972625216543e-35,0.363333949895019,0.417,0.305,7.80980467790546e-31,"PLGRKT"
4.60926975017958e-35,0.348955759998557,0.435,0.321,8.84518865059461e-31,"MED8"
4.84750177224822e-35,0.399001196823299,0.32,0.219,9.30235590094433e-31,"C11orf71"
4.8647788089577e-35,0.39099074611287,0.376,0.267,9.33551053438982e-31,"TOMM34"
4.96142785298241e-35,0.438100591580487,0.245,0.156,9.52098004987325e-31,"REXO1"
5.01529659667518e-35,0.440104533166902,0.312,0.215,9.62435416901967e-31,"SORD"
5.05825072579821e-35,-0.853430335473295,0.141,0.21,9.70678314280677e-31,"DUSP10"
5.10201342369252e-35,0.347481165096594,0.468,0.354,9.79076376006594e-31,"ERAL1"
5.48606487950922e-35,0.306579865545813,0.425,0.308,1.05277585037782e-30,"PDE6D"
6.08543529542591e-35,0.609065902795467,0.181,0.106,1.16779503319223e-30,"CLPB"
6.31496265042308e-35,0.297940381929624,0.547,0.421,1.21184133261619e-30,"TOLLIP"
6.34222910396035e-35,0.259466374817877,0.706,0.593,1.21707376504999e-30,"TMEM11"
6.4490563470475e-35,0.566483120556567,0.195,0.116,1.23757391299842e-30,"DERL3"
6.83968131928914e-35,-1.17666340729758,0.073,0.129,1.31253484517159e-30,"RP1-244F24.1"
6.8479023553011e-35,0.350445287933753,0.427,0.311,1.31411246198228e-30,"C19orf52"
7.03068598193425e-35,0.559400259287667,0.215,0.133,1.34918863993318e-30,"PLEKHA2"
7.04454675360215e-35,0.317954339982096,0.579,0.457,1.35184852201625e-30,"ZBED4"
7.20715917824965e-35,0.45883321658955,0.244,0.156,1.38305384630611e-30,"IRF2BP1"
8.04790616226453e-35,0.331034608984343,0.546,0.426,1.54439319253856e-30,"BRIX1"
8.20909776806187e-35,0.340595461818356,0.454,0.332,1.57532586169107e-30,"BNIP3"
8.59787083882277e-35,0.577572995413112,0.184,0.109,1.64993141397009e-30,"TCEB3-AS1"
8.60028449426775e-35,0.301323730254496,0.499,0.377,1.65039459444998e-30,"GEMIN6"
9.11626783518601e-35,-0.578709009735586,0.312,0.381,1.74941179757219e-30,"STK17B"
9.43207422548725e-35,0.414453714002171,0.261,0.169,1.810015043871e-30,"MAFG-AS1"
1.25961077248945e-34,0.368982785448388,0.38,0.273,2.41719307240726e-30,"SLC38A10"
1.37985502580295e-34,0.318671634600234,0.426,0.308,2.64794179451585e-30,"FAM122A"
1.45125157344639e-34,0.334044668390057,0.465,0.35,2.78495176944362e-30,"NAE1"
1.54517455702761e-34,0.349709211933242,0.528,0.409,2.96518997493598e-30,"NIPSNAP3A"
1.56851286297575e-34,0.424415836207184,0.267,0.174,3.00997618405046e-30,"TMEM120B"
1.57247271287337e-34,0.311869340390823,0.525,0.405,3.017575136004e-30,"FAM217B"
1.66545771050067e-34,0.368455231680635,0.356,0.252,3.19601334645079e-30,"CWC27"
1.74173708793983e-34,0.363107411244485,0.427,0.317,3.34239347175653e-30,"RUVBL1"
1.8171979842369e-34,0.295246022517408,0.477,0.351,3.48720293175061e-30,"MTFR1L"
1.82802237586614e-34,0.382606755772987,0.306,0.211,3.50797493928713e-30,"DDIT3"
1.93699437265918e-34,0.297770808461816,0.657,0.543,3.71709220113296e-30,"DCTN3"
2.046369591603e-34,0.410317527986013,0.296,0.2,3.92698324628615e-30,"SEC16A"
2.12461532983271e-34,0.262969704074498,0.689,0.572,4.07713681794897e-30,"SMIM3"
2.1606859120617e-34,0.328951793975505,0.45,0.336,4.1463562652464e-30,"ZNF768"
2.22198616251848e-34,0.286657008567294,0.514,0.393,4.26399144587295e-30,"NF2"
2.25743384342512e-34,0.453467101650535,0.241,0.154,4.3320155455328e-30,"ENTPD6"
2.53580650025693e-34,0.406617608982644,0.339,0.238,4.86621267399305e-30,"SRP68"
2.57913510161506e-34,0.315416811504137,0.452,0.335,4.94936025999929e-30,"BAK1"
2.65136783573117e-34,-0.958694586071894,0.135,0.201,5.08797487676812e-30,"FAM64A"
3.06064755549351e-34,0.351747353101632,0.447,0.333,5.87338265899204e-30,"PVRL2"
3.22316789074424e-34,0.357270795891434,0.397,0.285,6.1852591823382e-30,"JOSD1"
3.38338495436219e-34,-0.571377218074736,0.344,0.407,6.49271572742103e-30,"DNASE2"
3.69399266046709e-34,-1.07201261300233,0.071,0.128,7.08877191543635e-30,"TNFRSF4"
3.80887250344547e-34,0.39751559018967,0.286,0.19,7.30922633411186e-30,"THTPA"
3.96838394848339e-34,0.32697195121366,0.376,0.265,7.61532879713962e-30,"SETDB2"
4.3579343077162e-34,0.254524376481158,0.672,0.549,8.36287593650738e-30,"FBXW5"
4.40162444741336e-34,0.499119354146845,0.2,0.121,8.44671731458624e-30,"DHX37"
4.63960016771031e-34,0.253192740430691,0.696,0.582,8.90339272183608e-30,"TSPAN4"
4.88777171336621e-34,0.304653319772555,0.467,0.346,9.37963391794975e-30,"RNF8"
4.98238040058138e-34,0.389399159937192,0.302,0.205,9.56118798871567e-30,"UNC13D"
5.01484955613698e-34,0.41082150881061,0.304,0.206,9.62349629822686e-30,"ARMCX6"
5.12399688717168e-34,0.366262014975858,0.316,0.215,9.83295002648246e-30,"GON4L"
5.19439180927889e-34,0.297160076390473,0.567,0.444,9.9680378820062e-30,"DCAF11"
5.38440739243744e-34,0.460242690302071,0.213,0.131,1.03326777860874e-29,"PIEZO1"
6.29483770826581e-34,0.357848092381827,0.279,0.184,1.20797935621621e-29,"PLD3"
6.49526863409813e-34,-0.835595330869169,0.14,0.207,1.24644205088343e-29,"ISG20"
6.56803952200123e-34,0.354576992452352,0.414,0.304,1.26040678427204e-29,"KDM5B"
6.67064972847183e-34,0.536673455978617,0.15,0.083,1.28009768289374e-29,"POLRMT"
6.8729865768483e-34,0.304446778914782,0.614,0.497,1.31892612409719e-29,"PSMD13"
7.15576807280443e-34,0.35004009414003,0.413,0.301,1.37319189317117e-29,"PPIL1"
7.47726179538828e-34,-0.276297893741786,0.858,0.857,1.43488653853501e-29,"TEX30"
8.20095035345175e-34,0.412834072702527,0.271,0.18,1.57376237282739e-29,"MED16"
8.73154360565662e-34,0.294168322829866,0.494,0.375,1.67558321792551e-29,"HSPH1"
9.82681855811804e-34,0.281635195117057,0.576,0.454,1.88576648130285e-29,"PRCC"
1.06281574253757e-33,0.293015359725518,0.542,0.421,2.0395434099296e-29,"DFFA"
1.06474953715058e-33,0.367358804083916,0.345,0.242,2.04325436179197e-29,"COQ5"
1.07022072208291e-33,0.329742021267593,0.354,0.246,2.0537535656771e-29,"AIFM1"
1.32956406013127e-33,0.27569393783241,0.659,0.541,2.55143343139191e-29,"PTPN11"
1.45523757945002e-33,0.322716336641257,0.37,0.26,2.79260091496459e-29,"ALG12"
1.52759241564439e-33,0.478298639217095,0.197,0.119,2.93144984562159e-29,"CLCN7"
1.58373403182896e-33,0.514217817549762,0.183,0.108,3.03918560707978e-29,"CCNJ"
1.61829596001633e-33,0.450942536593177,0.245,0.159,3.10550994727133e-29,"ATP13A1"
1.62793569473295e-33,0.380666043006171,0.373,0.267,3.12400859819253e-29,"MPV17L2"
1.6447407861859e-33,0.25779581607135,0.637,0.519,3.15625756869075e-29,"ARID1A"
1.66606996730108e-33,0.251143064063833,0.821,0.733,3.19718826725077e-29,"PPP1R18"
1.69599234850103e-33,0.29111709956855,0.44,0.323,3.25460931677347e-29,"ALKBH2"
1.80382275046056e-33,0.565945675161503,0.174,0.102,3.46153585813381e-29,"VAC14"
1.82157707640645e-33,-0.699513183025696,0.226,0.294,3.49560640962399e-29,"CRLF3"
1.88796958829183e-33,0.488185525896263,0.207,0.127,3.62301363993203e-29,"PLXND1"
1.90149652095828e-33,0.538587503592566,0.175,0.103,3.64897182371895e-29,"NOL6"
2.0742711851288e-33,0.273729150513905,0.553,0.43,3.98052640426217e-29,"METTL10"
2.10376400716037e-33,0.27463888636917,0.489,0.369,4.03712312974075e-29,"COMMD5"
2.12532541529601e-33,0.312940133659289,0.415,0.298,4.07849947195305e-29,"MTERF4"
2.12765046920275e-33,0.445139280784341,0.276,0.184,4.08296125040008e-29,"NOMO1"
2.34413309950522e-33,-0.494297516146246,0.4,0.458,4.49839141795051e-29,"CSNK1E"
2.55068575554992e-33,0.588586738301487,0.156,0.088,4.8947659649003e-29,"ADAP1"
2.55860028418038e-33,0.394017946801002,0.346,0.244,4.90995394534214e-29,"ICAM2"
2.85637835237867e-33,0.296643413663789,0.526,0.407,5.48139005821467e-29,"MRPL22"
2.90334590555812e-33,0.347409647689665,0.398,0.29,5.57152079276604e-29,"EIF2D"
2.90481619726197e-33,0.365665664737124,0.331,0.23,5.57434228254573e-29,"METTL1"
3.17578414285004e-33,0.948708026742159,0.132,0.072,6.09432977012923e-29,"AIG1"
3.31188418492087e-33,0.319771541144058,0.49,0.372,6.35550575086315e-29,"TACO1"
3.42271039679601e-33,0.359330748015928,0.351,0.249,6.56818125145154e-29,"MTIF2"
3.94661502316605e-33,0.321594321200479,0.471,0.357,7.57355422945565e-29,"EPRS"
4.05181963559221e-33,0.438585419553142,0.26,0.171,7.77544188070146e-29,"GEMIN2"
4.11528802408517e-33,0.521939670908947,0.223,0.142,7.89723771821944e-29,"IGFBP7"
4.28695484123299e-33,0.708904196759233,0.124,0.064,8.22666634032611e-29,"SNAPC4"
4.55185692504178e-33,0.26268284023144,0.633,0.505,8.73501343915518e-29,"TPD52L2"
4.97744464244493e-33,0.355621404261733,0.368,0.264,9.55171626885183e-29,"LTV1"
5.29480966526769e-33,0.311988740295423,0.387,0.277,1.01607397476487e-28,"APTX"
5.33452007063109e-33,0.261021234087,0.661,0.539,1.02369440155411e-28,"LSM12"
5.7581976234176e-33,0.283119134691012,0.57,0.448,1.10499812393384e-28,"NDUFA10"
5.85341100963806e-33,-0.346138115487954,0.693,0.712,1.12326957274954e-28,"MARCH6"
6.04941177908255e-33,0.323725221957179,0.453,0.34,1.16088212040594e-28,"MTL5"
6.16189564029609e-33,0.304860924310225,0.422,0.31,1.18246777337282e-28,"CDCA7L"
6.21804928559188e-33,0.763826161682273,0.12,0.061,1.19324365790508e-28,"PWP2"
6.44894379563407e-33,0.304522160575523,0.467,0.351,1.23755231438218e-28,"PPM1K"
6.45276445582397e-33,0.364512846773704,0.313,0.216,1.23828549907262e-28,"RNF141"
7.07088389047239e-33,0.291923024253842,0.698,0.6,1.35690261858165e-28,"PSMC3"
7.41885191592972e-33,0.331008358141321,0.47,0.359,1.42367768266691e-28,"PPP1R7"
7.42657376711419e-33,0.293130350191612,0.503,0.382,1.42515950590921e-28,"PRPF8"
7.81491533419047e-33,0.503755022196762,0.22,0.139,1.49968225263115e-28,"GRK4"
8.2525223804529e-33,0.322054358358306,0.372,0.265,1.58365904480891e-28,"ABHD2"
8.30136035180869e-33,0.623435654809648,0.148,0.082,1.59303105151209e-28,"GS1-124K5.4"
9.56612305825625e-33,0.384549338394267,0.348,0.247,1.83573901487937e-28,"CLPTM1"
1.11704991106564e-32,0.372917387346561,0.257,0.167,2.14361877933497e-28,"HAUS7"
1.12835784294237e-32,0.261917454122926,0.57,0.447,2.16531870060641e-28,"TMEM97"
1.27220353456799e-32,0.35677450294163,0.321,0.221,2.44135858283597e-28,"TOE1"
1.27893380482707e-32,0.499038707964155,0.209,0.13,2.45427397146315e-28,"CDPF1"
1.33817967285494e-32,-0.630661164869637,0.26,0.328,2.56796679220864e-28,"AHNAK"
1.45613452109378e-32,0.314431120311582,0.383,0.274,2.79432214597897e-28,"PCID2"
1.59425442157989e-32,0.336430731583226,0.363,0.257,3.05937423501182e-28,"CDIP1"
1.63612320307702e-32,0.365680505952219,0.344,0.242,3.13972042670479e-28,"IMPACT"
1.76605889381138e-32,0.341126688632065,0.352,0.247,3.38906701722403e-28,"GTPBP3"
1.86486738336933e-32,0.578280555203965,0.173,0.103,3.57868050868574e-28,"PIK3CB"
2.05358801396096e-32,-0.64030999478323,0.283,0.347,3.94083539879109e-28,"TGFBR1"
2.10608952559244e-32,0.250999146404896,0.628,0.505,4.04158579961189e-28,"SDHAF2"
2.1747317442158e-32,0.357461335922399,0.288,0.193,4.17331021715012e-28,"SLC35A4"
2.26308624319181e-32,0.341470240562616,0.367,0.261,4.34286250068509e-28,"ACOT8"
2.30979265249777e-32,0.314938972494325,0.461,0.345,4.43249210014323e-28,"DDB1"
2.42278290468337e-32,-0.371869915081319,0.659,0.668,4.64932039408739e-28,"SMC4"
2.47927689053915e-32,0.285046331044412,0.559,0.437,4.75773235294464e-28,"STX5"
2.53251099518296e-32,0.277226595405478,0.527,0.406,4.8598885997561e-28,"MTA1"
2.54573378667626e-32,-0.358535531071133,0.624,0.645,4.88526313663175e-28,"NFE2L2"
2.98312264031662e-32,0.541019474504146,0.183,0.11,5.72461234676759e-28,"SEMA4A"
3.16986851075782e-32,0.610054657723939,0.156,0.089,6.08297767214426e-28,"DDX28"
3.23635883787412e-32,0.591360001156376,0.177,0.106,6.21057260988044e-28,"NFS1"
3.6617487066173e-32,0.386369856320607,0.267,0.177,7.0268957679986e-28,"SCAMP1"
3.75730744648832e-32,0.28941821559482,0.533,0.423,7.21027298981108e-28,"ASCL2"
4.41102641220793e-32,0.299542143988138,0.407,0.294,8.46475968502702e-28,"TPRA1"
4.57628329056118e-32,-0.417543429681305,0.513,0.553,8.7818876345869e-28,"KRT8"
4.62030786967868e-32,0.346925328519615,0.341,0.239,8.86637080191339e-28,"FAM3A"
4.64065539490614e-32,0.341961219511959,0.361,0.258,8.90541770282488e-28,"ZMPSTE24"
5.32523217886788e-32,0.596826076456102,0.159,0.092,1.02191205512475e-27,"IPO4"
5.32669149403461e-32,0.376233355592321,0.325,0.227,1.02219209770524e-27,"IMPDH1"
5.79060961686541e-32,0.283869601787446,0.433,0.319,1.11121798547647e-27,"CFDP1"
5.85726062867162e-32,0.312957416130247,0.425,0.315,1.12400831464208e-27,"MRPL28"
5.98609063356387e-32,0.269243311079585,0.61,0.491,1.14873079258091e-27,"CSTF3"
6.0934995002265e-32,0.257626635742565,0.714,0.606,1.16934255409347e-27,"BID"
6.19956217721009e-32,0.318211630116079,0.379,0.269,1.18969598180662e-27,"FTSJ2"
6.23850680668528e-32,0.43791370066549,0.231,0.148,1.19716945620291e-27,"PPP1R16A"
6.83054419864244e-32,0.260069528579998,0.667,0.548,1.31078143171948e-27,"TYW3"
7.71389807452209e-32,-1.01536615474741,0.072,0.125,1.48029704050079e-27,"CLDN7"
8.57913815575796e-32,0.357687849285569,0.286,0.193,1.64633661208995e-27,"ZCCHC7"
9.25948392410286e-32,0.733878784869546,0.123,0.065,1.77689496503534e-27,"DVL1"
9.44438219863996e-32,0.317127420644449,0.382,0.275,1.81237694391901e-27,"FARSB"
9.70227277534225e-32,-0.515057302864707,0.38,0.436,1.86186614558818e-27,"DCUN1D3"
1.01716786622877e-31,-0.45174338917052,0.575,0.615,1.951945135293e-27,"TK1"
1.01780152791538e-31,0.279398855958204,0.558,0.439,1.95316113206961e-27,"KCMF1"
1.05174527646538e-31,-0.586513578690581,0.332,0.39,2.01829918553707e-27,"VEZF1"
1.05922533424914e-31,-0.432597051769865,0.511,0.552,2.0326534164241e-27,"FLOT1"
1.11954328895274e-31,0.396493846861045,0.26,0.172,2.14840357150031e-27,"URB1-AS1"
1.14514131808749e-31,0.340151067226945,0.373,0.272,2.1975261894099e-27,"NEURL1"
1.19614764897552e-31,0.45858722602569,0.232,0.149,2.29540733838402e-27,"SLC35A2"
1.20303643293538e-31,-1.15795718852801,0.073,0.125,2.308626914803e-27,"EEFSEC"
1.20877774738924e-31,-1.03909910654988,0.087,0.143,2.31964449723995e-27,"HLA-F"
1.23107363815299e-31,0.283928945480636,0.425,0.309,2.36243031161558e-27,"MED1"
1.43710655122135e-31,0.345244765930628,0.36,0.256,2.75780747179378e-27,"APEH"
1.57448631491857e-31,0.369251451716414,0.334,0.236,3.02143923832873e-27,"DIAPH1"
1.90040782961695e-31,-0.439536468390494,0.528,0.561,3.64688262503492e-27,"RAB13"
1.9263001212508e-31,0.576089026053231,0.12,0.062,3.69656993268028e-27,"SLC39A14"
2.04808220747526e-31,0.459258163422783,0.225,0.144,3.93026975614502e-27,"GCN1"
2.07017956058919e-31,0.602732030909344,0.166,0.098,3.97267457677065e-27,"PROSER2"
2.12699983114369e-31,0.29202428748842,0.527,0.408,4.08171267596474e-27,"NRDC"
2.17716703217962e-31,0.512175847201062,0.203,0.127,4.17798353475269e-27,"MTOR"
2.22799683296898e-31,0.475551987391606,0.192,0.117,4.27552592246746e-27,"MON1A"
2.29727882225845e-31,0.46528004449044,0.212,0.133,4.40847805991397e-27,"DHRS11"
2.34719385966791e-31,0.303695903200615,0.37,0.264,4.50426501670273e-27,"ERVK3-1"
2.58059195954237e-31,-0.642638622308679,0.276,0.34,4.95215597036182e-27,"NBPF14"
2.7952249663341e-31,0.34415477274225,0.297,0.203,5.36403671039515e-27,"PAAF1"
2.98667489646169e-31,0.3149562845468,0.423,0.312,5.73142912630999e-27,"RRAGD"
3.06156209695254e-31,0.471957427146369,0.228,0.147,5.87513766405193e-27,"DEPTOR"
3.27376667545229e-31,0.400653637246831,0.262,0.175,6.28235825019294e-27,"ITPK1"
3.97331879075361e-31,0.253506134034961,0.549,0.426,7.62479875945619e-27,"TGS1"
4.01451110248301e-31,0.577437776667499,0.158,0.091,7.7038468056649e-27,"ZNF487"
4.23452658463796e-31,0.343208100061508,0.374,0.273,8.12605651592024e-27,"APBB1IP"
4.29069288022766e-31,0.312783600589753,0.348,0.246,8.23383963715689e-27,"VWA9"
4.52645144153261e-31,0.287431690792872,0.541,0.423,8.68626031630107e-27,"ZNF330"
4.60412964438147e-31,0.408556688063771,0.268,0.181,8.83532478756804e-27,"CTB-50L17.10"
4.64442263599122e-31,0.367881743586566,0.308,0.213,8.91264703846715e-27,"NME7"
4.73402496517413e-31,0.264489259213052,0.569,0.45,9.08459390816916e-27,"ARIH2"
5.06164970473601e-31,-0.646407325176111,0.254,0.326,9.71330578338841e-27,"CLEC12A"
5.34174294661776e-31,0.268409444698329,0.468,0.352,1.02508047145595e-26,"SBDS"
5.72783488644046e-31,0.608827314046331,0.144,0.081,1.09917151470792e-26,"TYW1"
5.83896758487623e-31,0.293490056833407,0.458,0.346,1.12049787953775e-26,"PARVG"
5.87690799121416e-31,0.686075855237168,0.139,0.078,1.127778643514e-26,"PCCA"
5.92995901541174e-31,-0.668556722518699,0.246,0.311,1.13795913505751e-26,"MMD"
6.21677575644704e-31,0.422141588045216,0.222,0.143,1.19299926766219e-26,"MAN1B1"
7.00908296449998e-31,0.520925761989029,0.231,0.152,1.34504302088755e-26,"CTA-29F11.1"
7.0695126952132e-31,0.418162385571032,0.264,0.178,1.35663948621141e-26,"FURIN"
7.14276481438851e-31,0.320257948794878,0.449,0.337,1.37069656788116e-26,"PAK1IP1"
7.60649977868968e-31,0.310234761835082,0.448,0.336,1.45968730753055e-26,"PCYT2"
7.81812661878115e-31,0.360327273589308,0.277,0.186,1.5002984981441e-26,"NLN"
7.92009214454557e-31,0.301320892208291,0.43,0.321,1.5198656825383e-26,"ECI2"
8.14198099929465e-31,0.28610779224656,0.418,0.305,1.56244615376464e-26,"SKP2"
8.20484001892928e-31,0.275900080080592,0.655,0.544,1.57450879963253e-26,"EIF2S1"
8.91413039175315e-31,0.375461110207108,0.325,0.231,1.71062162217743e-26,"TRIM14"
9.09750244581785e-31,0.277394390793338,0.456,0.341,1.74581071935245e-26,"MUS81"
9.1411816779047e-31,0.394377897024561,0.281,0.192,1.75419276398991e-26,"FBXO45"
9.44975928757664e-31,0.269276811857142,0.613,0.493,1.81340880728596e-26,"EXOSC1"
9.55201472687119e-31,0.487621585106024,0.161,0.094,1.83303162608658e-26,"SLC35C1"
9.7321443360108e-31,0.52656425575972,0.194,0.121,1.86759849808047e-26,"ZMYM3"
1.03324229962171e-30,-0.534424234834157,0.414,0.458,1.98279197297407e-26,"AKIRIN2"
1.07725469451166e-30,0.374041280691351,0.311,0.217,2.06725175876788e-26,"SLCO3A1"
1.09701504418268e-30,0.344990438407348,0.316,0.22,2.10517186978657e-26,"SH3GL1"
1.10472588192848e-30,0.360798890490352,0.325,0.229,2.11996896742076e-26,"PTK2B"
1.15459012897787e-30,-1.14692162628859,0.066,0.117,2.21565845750853e-26,"EHD2"
1.17411203271751e-30,0.346680671953631,0.269,0.179,2.25312099078491e-26,"BDH1"
1.32338322918792e-30,0.333544436609019,0.397,0.291,2.53957241681162e-26,"NT5C3A"
1.33500992737418e-30,0.272405600814326,0.569,0.448,2.56188405063106e-26,"COA5"
1.34188720711632e-30,-1.12110662319742,0.085,0.139,2.57508155045623e-26,"EXD3"
1.50345787789884e-30,0.342149127855403,0.396,0.292,2.88513566768787e-26,"CD302"
1.60767082685092e-30,0.549753988272426,0.162,0.096,3.08512031672692e-26,"YTHDF3-AS1"
1.64335737956771e-30,0.302630566218634,0.422,0.311,3.15360281139043e-26,"TSEN54"
1.79850327010147e-30,0.330045218259798,0.372,0.268,3.45132777532471e-26,"TUBGCP4"
1.80778556016718e-30,-1.08559743378269,0.081,0.135,3.46914048996081e-26,"TRAF5"
1.869976150419e-30,0.467577078409202,0.22,0.142,3.58848423265406e-26,"ZC3H7B"
1.94710033934187e-30,0.643266361864501,0.108,0.054,3.73648555119706e-26,"TBXAS1"
2.05424595353508e-30,0.449783110393942,0.228,0.149,3.94209798483381e-26,"FCF1"
2.07145153196178e-30,0.455557914859761,0.2,0.125,3.97511548983466e-26,"PIK3CD"
2.10727246208997e-30,0.466216905442645,0.197,0.123,4.04385585475065e-26,"UBE2E2"
2.53866553486058e-30,0.417443851771873,0.219,0.14,4.87169916139746e-26,"THOC5"
2.76014606938067e-30,0.281898231958674,0.52,0.401,5.29672030714151e-26,"GPI"
2.81483355398128e-30,0.33167422070267,0.321,0.225,5.40166559009008e-26,"CHERP"
3.29271571705715e-30,0.31751892551009,0.467,0.358,6.31872146103266e-26,"UCK2"
3.29463326101475e-30,0.482865168633889,0.181,0.111,6.32240122788731e-26,"ZNF584"
3.39509085007841e-30,-0.361655947371384,0.647,0.659,6.51517934130048e-26,"BPTF"
3.4483077808432e-30,0.277325444357319,0.477,0.361,6.61730263143811e-26,"FAM192A"
3.73548447263127e-30,0.816279168492385,0.104,0.052,7.16839470297941e-26,"GAL"
3.73956666759659e-30,0.380067974101114,0.253,0.168,7.17622843511785e-26,"BAIAP2"
3.95197189945255e-30,0.31314036453581,0.321,0.224,7.58383407504944e-26,"SRPK2"
4.22460297492749e-30,-1.01518998610397,0.086,0.14,8.10701310888586e-26,"DTX3"
4.34455700806093e-30,0.256817578564485,0.844,0.772,8.33720489846892e-26,"HSP90B1"
4.35299671252144e-30,0.30262726210954,0.417,0.308,8.35340069132864e-26,"UBN1"
4.38656833304726e-30,0.423878851090514,0.249,0.167,8.41782463111769e-26,"HYAL3"
4.85393467096316e-30,0.291455114707451,0.613,0.504,9.3147006335783e-26,"MGST2"
5.18077455577066e-30,0.327221186331065,0.338,0.24,9.9419063725239e-26,"SKI"
5.20226161489112e-30,0.313103886105104,0.373,0.271,9.98314003897606e-26,"CTNNBL1"
5.24577343009052e-30,0.304844137840746,0.408,0.302,1.00666392123437e-25,"HN1L"
5.37499644318671e-30,0.621844815691152,0.144,0.082,1.03146181744753e-25,"SESN2"
5.37995807514343e-30,0.318098577002898,0.366,0.266,1.03241395462002e-25,"TMEM167B"
5.71992812009812e-30,-0.978091216863684,0.102,0.158,1.09765420624683e-25,"AC074117.10"
6.54924636110598e-30,0.443870016286527,0.188,0.116,1.25680037669624e-25,"MRPS22"
6.7770113352307e-30,0.446703914675819,0.2,0.126,1.30050847523077e-25,"STK40"
6.85056002151896e-30,0.497151808621514,0.137,0.076,1.31462246812949e-25,"C19orf73"
6.89832356655108e-30,0.3421968068725,0.286,0.195,1.32378829242115e-25,"SLC10A3"
7.03585834396801e-30,0.280914339319016,0.583,0.472,1.35018121620746e-25,"SUCLG1"
7.68311032648522e-30,0.381174233148089,0.262,0.176,1.47438887165251e-25,"GMPPA"
7.78600042676201e-30,0.485583786198055,0.204,0.131,1.49413348189563e-25,"PCYT1A"
7.94044706210624e-30,0.28464136383659,0.783,0.705,1.52377179121819e-25,"EIF1B"
7.97033641932168e-30,0.378471362631204,0.289,0.199,1.52950755886783e-25,"B3GNT5"
8.14107653915067e-30,0.35917172420825,0.295,0.202,1.56227258786301e-25,"TBRG4"
8.25652016946731e-30,0.254733296088425,0.519,0.404,1.58442622052078e-25,"SNW1"
8.43367005989841e-30,0.538293537324104,0.17,0.102,1.6184212844945e-25,"TRAF3IP1"
9.29996981303282e-30,0.375388202223387,0.274,0.186,1.784664207121e-25,"MAN2A2"
9.76903388494183e-30,0.367932936955065,0.278,0.19,1.87467760252034e-25,"CPSF3L"
9.98301955657754e-30,0.401546145238104,0.238,0.158,1.91574145290723e-25,"RP11-61K9.3"
1.01533909259882e-29,0.254121398801014,0.643,0.535,1.94843571869713e-25,"PDLIM2"
1.02569722191211e-29,0.396899123938361,0.261,0.175,1.96831296884933e-25,"ZNF622"
1.03961849301103e-29,0.27722828977405,0.489,0.375,1.99502788808816e-25,"IFI27L1"
1.0730128157706e-29,0.258091913652985,0.605,0.489,2.05911159346377e-25,"MPV17"
1.13217765873467e-29,0.251649892357068,0.551,0.432,2.17264892711183e-25,"DNPEP"
1.13282583058718e-29,0.259084251320299,0.431,0.318,2.1738927688968e-25,"TOX4"
1.14303320581303e-29,0.35148392316534,0.326,0.23,2.19348072195521e-25,"AARSD1"
1.17110450915287e-29,0.266897905384535,0.466,0.352,2.24734955306435e-25,"CFAP36"
1.18710931678664e-29,0.356491659105267,0.302,0.216,2.27806277891357e-25,"CST7"
1.2541762587303e-29,0.377463806643229,0.242,0.159,2.40676424050344e-25,"GSTZ1"
1.30688709712952e-29,0.36469436084172,0.244,0.16,2.50791633939155e-25,"TRIM16"
1.37972395515264e-29,0.294510126376429,0.456,0.345,2.64769026993792e-25,"BORCS8"
1.39281471785901e-29,0.451374293360609,0.188,0.116,2.67281144357145e-25,"CDKAL1"
1.48975862827769e-29,0.287381666305998,0.427,0.318,2.85884680766489e-25,"UBIAD1"
1.49051213080874e-29,0.396021127524962,0.28,0.192,2.86029277902197e-25,"C6orf106"
1.50631597990141e-29,0.279149567663891,0.498,0.388,2.8906203654308e-25,"CIAO1"
1.55921404691807e-29,0.425169050712115,0.218,0.14,2.99213175603577e-25,"MFN2"
1.79188447051597e-29,0.286181579821867,0.498,0.385,3.43862629892015e-25,"MTMR14"
1.81582624299358e-29,0.612583040263635,0.153,0.09,3.48457056030467e-25,"NCF2"
2.18060968248731e-29,0.290984975497712,0.43,0.32,4.18458998069314e-25,"MRGBP"
2.20676010879102e-29,0.264142517556122,0.581,0.464,4.23477264876996e-25,"DPM1"
2.39358908374346e-29,0.329377352256854,0.346,0.248,4.5932974517037e-25,"PEX16"
2.58550555587709e-29,0.340802217127627,0.28,0.191,4.96158516172813e-25,"PACSIN2"
2.60076065595597e-29,0.573441816777547,0.211,0.138,4.9908596987795e-25,"MAP1A"
2.90002701422237e-29,-0.696358410155027,0.209,0.271,5.56515184029273e-25,"NISCH"
3.45743515095855e-29,0.349100119971165,0.308,0.216,6.63481805468946e-25,"TMEM206"
3.54515343467748e-29,0.366115383850674,0.207,0.131,6.80314944114608e-25,"CFAP97"
3.68932997086979e-29,0.302717614166891,0.384,0.282,7.07982421409912e-25,"ATF5"
3.8978886916673e-29,0.29046075513992,0.463,0.353,7.48004839930954e-25,"PGRMC2"
3.93849260225755e-29,0.252256536571608,0.661,0.545,7.55796730373224e-25,"SAR1A"
4.33035856014252e-29,0.497139762377847,0.171,0.103,8.3099580769135e-25,"HIC2"
4.58342946613275e-29,0.263854028049212,0.502,0.386,8.79560114550876e-25,"CHAF1A"
4.91239083150149e-29,0.369354291287459,0.265,0.18,9.42687800565135e-25,"INO80"
5.03439206939101e-29,0.27243674287949,0.589,0.478,9.66099838116134e-25,"ATXN10"
5.22861245534296e-29,0.304189806254399,0.365,0.265,1.00337073018031e-24,"TFDP2"
5.27438757598976e-29,0.27500243651931,0.351,0.25,1.01215497583244e-24,"GOSR2"
5.3056123575672e-29,-0.983734844190724,0.104,0.159,1.01814701141715e-24,"RPGR"
5.40933597416831e-29,0.414396276536235,0.254,0.171,1.0380515734429e-24,"GOLPH3L"
5.96632588625144e-29,0.463476085238138,0.183,0.113,1.14493793757165e-24,"TRIM16L"
6.5790511394254e-29,0.252325436023135,0.641,0.534,1.26251991365573e-24,"NELFE"
7.27942836207594e-29,-0.714081343659674,0.201,0.263,1.39692230268237e-24,"SQRDL"
7.28743850244577e-29,-0.405736458163994,0.494,0.53,1.39845944861934e-24,"ZNF106"
7.56869853475196e-29,-0.346621600342006,0.607,0.625,1.4524332488189e-24,"TAPBP"
7.82871536547969e-29,0.256520636891711,0.491,0.379,1.50233047863555e-24,"PRPS1"
9.04481540401535e-29,0.518471198424423,0.151,0.088,1.73570007603055e-24,"C12orf66"
9.11613386989724e-29,-0.906602072691329,0.123,0.18,1.74938608963328e-24,"TNFRSF1B"
9.14067463018993e-29,-0.276570478366037,0.674,0.697,1.75409546153345e-24,"MYL12A"
9.58515210139146e-29,0.548178922972633,0.143,0.082,1.83939068825702e-24,"SLC27A4"
9.67425199772143e-29,-0.876658598997381,0.113,0.17,1.85648895836274e-24,"YPEL1"
1.02110952860354e-28,0.338566616632287,0.362,0.262,1.9595091853902e-24,"C12orf73"
1.10991678199588e-28,0.329864760691287,0.382,0.28,2.12993030465009e-24,"PSMD2"
1.15123603723421e-28,0.401821553443475,0.238,0.158,2.20922195545244e-24,"RELT"
1.22260772233679e-28,0.255942076789505,0.536,0.422,2.34618421916429e-24,"ZNHIT3"
1.24622023882676e-28,0.459409804982029,0.196,0.124,2.39149663830855e-24,"INPP5F"
1.25364297754255e-28,0.25052170374959,0.697,0.597,2.40574087390415e-24,"DDRGK1"
1.29514212011312e-28,0.455986582521884,0.212,0.138,2.48537772849708e-24,"IFT46"
1.32218731416108e-28,0.563508751246289,0.182,0.114,2.53727745587511e-24,"CD69"
1.78683380353426e-28,0.35401825576972,0.287,0.199,3.42893406898225e-24,"PER2"
1.81316413848771e-28,0.256446876683356,0.598,0.485,3.47946198175792e-24,"DHX29"
2.09062529790523e-28,-0.346907996811178,0.903,0.89,4.01190994668013e-24,"ARL6IP1"
2.31213527185315e-28,0.266286107504291,0.596,0.485,4.43698758668619e-24,"NSFL1C"
2.33919670845709e-28,0.28528006709723,0.455,0.346,4.48891848352915e-24,"MIEF1"
2.48762093714373e-28,0.272801768886043,0.527,0.414,4.77374457837882e-24,"C17orf62"
2.50757996115988e-28,0.288023627092917,0.387,0.284,4.8120459454658e-24,"DDX55"
2.52875252821089e-28,0.366519241419613,0.34,0.247,4.85267610163669e-24,"ARMCX3"
2.70360716280834e-28,0.477549634114288,0.173,0.107,5.1882221454292e-24,"JDP2"
2.77581249119982e-28,0.257661245895093,0.571,0.459,5.32678417061245e-24,"C1orf123"
2.99963383972481e-28,0.288451834224302,0.329,0.232,5.7562973384319e-24,"SPIN4"
3.14009703003257e-28,0.358568635902908,0.273,0.189,6.0258462006325e-24,"WDR3"
3.14544678354907e-28,0.423170632703108,0.225,0.148,6.03611237763067e-24,"PWWP2B"
3.41363832335305e-28,0.288445450772472,0.373,0.272,6.55077194251451e-24,"EAF2"
3.43885018344015e-28,0.337447271433578,0.32,0.227,6.59915350202164e-24,"NAT6"
3.4502017397206e-28,0.280943628174473,0.431,0.324,6.62093713852383e-24,"IP6K2"
3.47053706339421e-28,0.261797275767632,0.62,0.506,6.65996062465349e-24,"ATG101"
3.47890738050763e-28,0.714894220579132,0.13,0.074,6.67602326319413e-24,"FAM46C"
3.61535808332473e-28,-0.629697455532996,0.246,0.305,6.93787216190016e-24,"CAST"
3.82857047443275e-28,-0.414573957261903,0.524,0.552,7.34702674043646e-24,"CKAP2"
4.03174551913795e-28,0.294121377755416,0.47,0.365,7.73691965122572e-24,"FAM58A"
4.19542647218168e-28,-0.785655078478079,0.153,0.214,8.05102340011665e-24,"CPNE8"
4.66517136809348e-28,0.268070238273055,0.393,0.289,8.95246385537139e-24,"GALNT2"
4.68571365343558e-28,0.325762390145579,0.398,0.298,8.99188450094287e-24,"MED6"
4.84021006809603e-28,0.370261539084004,0.457,0.363,9.28836312067628e-24,"CDC20"
4.95799733245888e-28,-0.272602117884976,0.752,0.761,9.51439688098859e-24,"CISD3"
4.98299633608869e-28,0.27333083808776,0.421,0.312,9.56236996895419e-24,"MCAT"
5.37586804222522e-28,0.303205762174946,0.33,0.235,1.03162907730302e-23,"C5orf28"
5.53509748317173e-28,-0.791608310503832,0.208,0.266,1.06218520702065e-23,"ITPR2"
5.6969678411392e-28,0.321598364651742,0.281,0.193,1.09324812871461e-23,"COQ9"
5.76688573923986e-28,0.316259818665561,0.363,0.265,1.10666537336013e-23,"LRRC14"
5.89255804606868e-28,0.285391746487961,0.417,0.309,1.13078188904058e-23,"TXLNA"
5.9109130220508e-28,0.266536228372708,0.404,0.302,1.13430420893155e-23,"ECHDC1"
5.95184871091695e-28,0.279075732443306,0.436,0.327,1.14215976762496e-23,"TIMM21"
6.14786229951665e-28,-0.768895496416859,0.161,0.222,1.17977477527725e-23,"LRRK1"
6.16237841812571e-28,-0.954649281739789,0.092,0.146,1.18256041843832e-23,"TMEM106A"
6.35198456645949e-28,0.591456955404891,0.133,0.075,1.21894583830358e-23,"MPND"
6.40093008397489e-28,-0.469560063484895,0.463,0.501,1.22833848311478e-23,"NRIP1"
6.55071074972602e-28,0.4625859617034,0.247,0.169,1.25708139287242e-23,"ASRGL1"
6.60436040518999e-28,0.367428018402193,0.245,0.166,1.26737676175596e-23,"NOM1"
6.88262714894204e-28,0.336265653207527,0.245,0.163,1.32077614988198e-23,"PAXIP1-AS1"
7.65871945560528e-28,0.251147240892026,0.599,0.485,1.46970826353065e-23,"RNF10"
7.74715935268505e-28,0.345775693476712,0.297,0.208,1.48667987978026e-23,"AGBL5"
8.33237921985722e-28,0.476018478488548,0.15,0.088,1.5989835722906e-23,"ZNF599"
8.6594436081646e-28,0.311725757584381,0.366,0.268,1.66174722840679e-23,"R3HDM1"
8.98925218788241e-28,0.319268873861291,0.416,0.315,1.72503749485463e-23,"NIT2"
1.17406606629753e-27,0.278296288900674,0.383,0.279,2.25303278122495e-23,"C12orf29"
1.27168434670305e-27,0.371876766396886,0.218,0.142,2.44036226132316e-23,"ZNF174"
1.30624531187865e-27,-0.544452282211697,0.345,0.4,2.50668475349513e-23,"BTG3"
1.43913047727598e-27,0.42829342648979,0.199,0.128,2.7616913858926e-23,"CCDC94"
1.46948886592701e-27,0.278841277358393,0.463,0.356,2.81994913371393e-23,"STK16"
1.4900486139856e-27,-0.829279608814424,0.15,0.209,2.85940329023836e-23,"SLC16A1-AS1"
1.53557942421375e-27,0.289190109681821,0.393,0.292,2.94677691506619e-23,"MRS2"
1.59868522048258e-27,0.321629779229422,0.281,0.195,3.06787693810608e-23,"GPR89A"
1.62326502560347e-27,-0.946802028753898,0.091,0.144,3.11504558413306e-23,"PTGIR"
1.65173395824384e-27,0.403149572349609,0.183,0.114,3.16967746586994e-23,"DDX19A"
1.71087267678705e-27,0.377511153139479,0.281,0.196,3.28316466675434e-23,"SUCO"
1.71640955826966e-27,0.422327000673505,0.192,0.121,3.29378994231948e-23,"PMM1"
1.73178335336496e-27,0.340710407189524,0.293,0.206,3.32329225510736e-23,"PBX2"
1.74962385720858e-27,-0.930461178331521,0.131,0.187,3.35752818198327e-23,"NFAT5"
1.77078143343158e-27,-0.374921552732042,0.588,0.612,3.3981295707552e-23,"TPSB2"
1.78192967276368e-27,0.292670857765555,0.375,0.277,3.4195230420335e-23,"AC009005.2"
1.82468532385358e-27,0.42537343524478,0.184,0.115,3.50157113647501e-23,"SPIDR"
1.84522957295606e-27,0.551749142108866,0.134,0.077,3.54099555050268e-23,"MROH1"
1.96097862151087e-27,0.758382673162973,0.113,0.062,3.76311797467936e-23,"TMPRSS9"
2.16744531091405e-27,0.468757051183642,0.166,0.101,4.15932755164407e-23,"RCAN1"
2.49281336571539e-27,0.265699233180089,0.427,0.32,4.78370884880784e-23,"MPHOSPH10"
2.56532242837309e-27,0.290574979877674,0.425,0.324,4.92285374004796e-23,"TMEM138"
2.57981775650845e-27,0.256020679413606,0.382,0.279,4.95067027473971e-23,"DUS3L"
2.76129944740352e-27,0.669621582495224,0.11,0.059,5.29893363956735e-23,"ERCC2"
2.78588043473397e-27,0.257154576255886,0.611,0.503,5.34610455425449e-23,"MED10"
2.87875919587022e-27,0.497633681150934,0.144,0.084,5.52433889687495e-23,"C11orf49"
2.98089948177912e-27,-0.973106274160906,0.091,0.143,5.72034610553413e-23,"C9orf72"
2.98793784299958e-27,0.306220892792906,0.322,0.229,5.7338527207162e-23,"RP11-332H14.2"
3.04343436816109e-27,0.253925608969956,0.541,0.431,5.84035055250113e-23,"SBNO1"
3.29447297257916e-27,0.273160081517781,0.457,0.35,6.32209363437941e-23,"CTCF"
3.32137676071452e-27,0.271857187641786,0.35,0.252,6.37372200381117e-23,"CCDC6"
3.44491258305303e-27,0.73716927839078,0.101,0.052,6.61078724687877e-23,"RASA3"
3.65081199726935e-27,0.336841877017414,0.308,0.219,7.00590822275988e-23,"EP400"
3.8357020960165e-27,0.419051301782113,0.206,0.134,7.36071232225567e-23,"DDX51"
3.8909934644912e-27,0.293185770052034,0.372,0.274,7.46681645835861e-23,"CCDC71"
4.09898985166706e-27,0.289500328791847,0.388,0.289,7.86596152534909e-23,"CTD-3184A7.4"
4.36400417708712e-27,0.398906533103169,0.24,0.163,8.37452401583019e-23,"TRAF2"
5.12809608615805e-27,0.421353949863012,0.187,0.118,9.8408163893373e-23,"SIRT5"
5.16722715835178e-27,-0.531704024075009,0.346,0.398,9.91590891687706e-23,"PHF11"
5.3275001849052e-27,0.418057975505151,0.218,0.144,1.02234728548331e-22,"UBE3B"
6.16010375598479e-27,0.348016915920765,0.277,0.192,1.18212391077348e-22,"LIMA1"
6.38706750098763e-27,0.479717746535574,0.135,0.077,1.22567825343953e-22,"TAMM41"
6.54380147247393e-27,-0.977865246829115,0.086,0.137,1.25575550256775e-22,"CASP7"
6.84985269048248e-27,0.63868796500577,0.102,0.053,1.31448673130359e-22,"WDR4"
7.21676530692591e-27,-1.01447282403321,0.067,0.115,1.38489726239908e-22,"SYCE1L"
7.50844245677521e-27,0.259174497622624,0.535,0.423,1.44087010745516e-22,"CDKN2AIPNL"
7.63121768870748e-27,0.39379580386808,0.248,0.169,1.46443067446296e-22,"MPI"
7.68728267199584e-27,0.393827386434237,0.26,0.179,1.475189544756e-22,"RGS14"
8.13128492016752e-27,0.289825676782155,0.442,0.336,1.56039357618015e-22,"PRMT6"
8.14424967569762e-27,0.34697001173702,0.279,0.194,1.56288151276637e-22,"FASTK"
8.1754500947408e-27,0.599773514872004,0.118,0.065,1.56886887318076e-22,"DNAJC12"
8.66966163691851e-27,0.268092737986696,0.436,0.332,1.66370806812466e-22,"CHSY1"
8.93797039004736e-27,0.372961531644931,0.229,0.151,1.71519651785009e-22,"WBSCR16"
1.05983023060369e-26,0.415469027018541,0.223,0.15,2.03381421252848e-22,"QSOX1"
1.09384325024411e-26,0.266617721736647,0.35,0.253,2.09908519721845e-22,"NTHL1"
1.14568287546704e-26,-0.76261204702924,0.165,0.222,2.19856543802126e-22,"PRMT9"
1.17866396045151e-26,0.292702416891529,0.371,0.275,2.26185614010645e-22,"C12orf43"
1.18816249931634e-26,-0.427403868258504,0.405,0.453,2.28008383618806e-22,"SHKBP1"
1.20751256684318e-26,0.794386378119574,0.124,0.07,2.31721661577207e-22,"IGLL1"
1.21846716981288e-26,0.295427866805227,0.318,0.227,2.33823849887092e-22,"GTF3C2"
1.30884145553984e-26,0.278136731024685,0.384,0.282,2.51166675318096e-22,"SLC39A7"
1.35550537908917e-26,0.275727301134071,0.452,0.346,2.60121482247212e-22,"SMCHD1"
1.35568299649666e-26,0.460182512831583,0.396,0.3,2.60155567027709e-22,"BLVRB"
1.35684806084579e-26,0.405754081777183,0.178,0.111,2.60379142876307e-22,"D2HGDH"
1.37436197958452e-26,0.662493130118196,0.115,0.063,2.63740063882269e-22,"NMNAT3"
1.41497555340332e-26,0.393563633122541,0.224,0.149,2.71533808698097e-22,"RBM19"
1.44866715089148e-26,0.384261822447554,0.177,0.11,2.77999226256074e-22,"UMPS"
1.59697877292797e-26,0.346875207886146,0.229,0.152,3.06460226524877e-22,"MRPL38"
1.69114930571152e-26,0.264736551039758,0.39,0.288,3.2453155176604e-22,"VAMP3"
1.75530243458979e-26,0.269394301885573,0.378,0.279,3.36842537197782e-22,"EFTUD2"
1.79600149403384e-26,0.265581875180592,0.538,0.435,3.44652686705095e-22,"EIF2B1"
1.82462253669235e-26,0.328558148290088,0.33,0.239,3.50145064791261e-22,"ANKRD33B"
1.87140736019989e-26,0.275717970542189,0.392,0.29,3.59123072422359e-22,"FAM189B"
1.88022363202481e-26,0.264816492551918,0.458,0.351,3.60814914985561e-22,"TAX1BP1"
2.18735892302783e-26,0.432668099985989,0.204,0.133,4.1975417732904e-22,"PINX1"
2.22666429374111e-26,0.411663797682587,0.213,0.14,4.27296877968919e-22,"DNAJC11"
2.22668863336814e-26,0.346584480184206,0.289,0.204,4.27301548743345e-22,"KRI1"
2.2715541519784e-26,-1.01796045547696,0.083,0.133,4.35911241764655e-22,"ERO1B"
2.28649733275628e-26,0.288041582314866,0.346,0.25,4.3877883815593e-22,"BET1L"
2.60675536827814e-26,0.30949084287836,0.319,0.229,5.00236355172575e-22,"LUC7L"
2.62004947875882e-26,0.389251532873395,0.218,0.145,5.02787494973818e-22,"POLR1A"
2.65799938637879e-26,0.417052414244732,0.232,0.158,5.1007008224609e-22,"ADGRE5"
2.8279478261131e-26,0.297287990390638,0.285,0.198,5.42683187831104e-22,"AKAP8"
2.97877340662203e-26,0.256084846504315,0.603,0.492,5.71626616730768e-22,"MRPL45"
3.12150878273093e-26,0.296746836421725,0.286,0.2,5.99017535406065e-22,"NOC3L"
3.28455896863894e-26,-1.04321373167274,0.069,0.116,6.30306866081813e-22,"FNBP1L"
3.3063657531929e-26,0.257806997556211,0.479,0.368,6.34491588037717e-22,"TM2D2"
3.53910754958595e-26,0.378841478585538,0.255,0.176,6.79154738765544e-22,"YARS2"
3.60887234281587e-26,0.299960395120401,0.374,0.277,6.92542602586366e-22,"MFAP1"
3.6158221716924e-26,0.381284955986836,0.185,0.117,6.93876274747772e-22,"RAVER1"
3.64536218886962e-26,0.331596275135163,0.215,0.141,6.99545004044079e-22,"PTK7"
3.6583984569183e-26,0.269043795467889,0.465,0.36,7.02046663882622e-22,"PPP1R35"
3.67326030249863e-26,0.308396435104181,0.33,0.238,7.04898652049488e-22,"NOB1"
3.95056910932598e-26,0.397929187412903,0.185,0.118,7.58114212079655e-22,"GAK"
4.85155793010713e-26,0.258457853556796,0.389,0.289,9.31013966787559e-22,"HCFC1R1"
5.00308330754506e-26,0.408630440066885,0.211,0.139,9.60091686717897e-22,"ESYT2"
5.17710547180835e-26,0.294857222971062,0.395,0.297,9.93486540040022e-22,"B4GALT3"
5.3379161314539e-26,0.387071225277118,0.244,0.166,1.024346105626e-21,"RAE1"
5.36937637100072e-26,0.348427705766661,0.233,0.156,1.03038332559504e-21,"GID4"
5.57566305388092e-26,0.321142687299252,0.278,0.195,1.06996974003975e-21,"LYPLAL1"
5.58372900720808e-26,0.485161077729019,0.151,0.091,1.07151759648323e-21,"RBM38"
5.59022318676665e-26,0.303605112138579,0.34,0.247,1.07276382954052e-21,"GTF2H3"
5.71824421189786e-26,0.294390968586219,0.326,0.236,1.0973310642632e-21,"POLR1C"
5.79197758998343e-26,0.324315859132413,0.317,0.228,1.11148049951782e-21,"BET1"
6.38080752749681e-26,0.2669745549203,0.473,0.37,1.22447696452664e-21,"TWISTNB"
6.45919903039451e-26,0.321997158803374,0.29,0.204,1.23952029393271e-21,"SNX12"
6.71544730252647e-26,0.413797992009521,0.241,0.165,1.28869433735483e-21,"FBXL19"
7.57597651229053e-26,0.271033407485181,0.51,0.4,1.45382989270855e-21,"ADAM10"
7.5809893042233e-26,0.381169966124763,0.279,0.198,1.45479184748045e-21,"ERN1"
7.71402064006037e-26,0.277859561438991,0.389,0.29,1.48032056082758e-21,"ADH5"
7.8198652452815e-26,0.254039540573787,0.511,0.405,1.50063214056952e-21,"SEC13"
7.94419884018837e-26,0.480627212044091,0.153,0.093,1.52449175743215e-21,"TEX2"
8.26264555378543e-26,-0.540256432195182,0.208,0.272,1.58560168177143e-21,"SLC45A3"
8.41882733504576e-26,0.380720482677363,0.249,0.172,1.61557296559528e-21,"PLAGL2"
8.42041012568768e-26,0.271133688897401,0.441,0.336,1.61587670311947e-21,"CXXC1"
8.8538659022646e-26,0.284262277935556,0.366,0.269,1.69905686664458e-21,"ARFRP1"
9.41681212832586e-26,0.413464663283134,0.187,0.12,1.80708624742573e-21,"ARFGAP1"
9.60527359370075e-26,0.258938112429482,0.57,0.461,1.84325200263117e-21,"MRPL47"
9.85601472746318e-26,0.289773762739909,0.335,0.242,1.89136922620018e-21,"DEF8"
1.02602698906614e-25,0.316285901358881,0.289,0.204,1.96894579201792e-21,"CTC-444N24.11"
1.06194330685104e-25,0.351856642225816,0.248,0.169,2.03786920584714e-21,"MTFR1"
1.09016651629388e-25,-0.519820388459706,0.413,0.454,2.09202954476795e-21,"FOSL2"
1.11749947825698e-25,0.251049211545507,0.445,0.337,2.14448149877514e-21,"RIC8A"
1.12472224631271e-25,0.258338128836223,0.437,0.338,2.15834199067409e-21,"NREP"
1.14397002998994e-25,0.487710314491652,0.162,0.1,2.19527848755069e-21,"MFSD3"
1.16287614635117e-25,0.303049603206944,0.401,0.305,2.23155932484789e-21,"ATP2A3"
1.26418217403062e-25,-0.345554100141211,0.543,0.577,2.42596559196475e-21,"HOXB4"
1.27862396141855e-25,0.250233991782823,0.672,0.578,2.4536793819622e-21,"CXXC5"
1.29532474987746e-25,0.539479035432771,0.262,0.186,2.48572819501484e-21,"PIM2"
1.50271314874015e-25,0.376182655043572,0.228,0.154,2.88370653243234e-21,"TFB2M"
1.5099162002421e-25,0.29975694214441,0.282,0.199,2.89752918826459e-21,"DEF6"
1.5725262625762e-25,0.421001970452085,0.187,0.12,3.01767789788374e-21,"KBTBD6"
1.61540363614365e-25,0.326653099553057,0.271,0.189,3.09995957775967e-21,"NACC1"
1.67055693995813e-25,0.581071046370531,0.122,0.069,3.20579876777965e-21,"RDH13"
1.67863092874838e-25,0.401617613421488,0.186,0.119,3.22129275226814e-21,"MXI1"
1.72498535253702e-25,0.462108302916528,0.175,0.111,3.31024689151855e-21,"CRCP"
1.74536492450605e-25,0.263613140164487,0.362,0.267,3.34935529012712e-21,"IWS1"
1.7936745299816e-25,0.467908675126425,0.143,0.086,3.44206142303468e-21,"ABCA2"
1.81968962202992e-25,0.408175673991073,0.194,0.127,3.49198438467542e-21,"PIK3R5"
1.84291110929917e-25,0.294999871761795,0.363,0.267,3.53654641874511e-21,"TAZ"
2.01176901002524e-25,0.323586786392274,0.297,0.211,3.86058473023843e-21,"VAV1"
2.01571758340943e-25,0.454663002124635,0.163,0.101,3.8681620425627e-21,"PHRF1"
2.14740998101445e-25,0.291501777842204,0.397,0.301,4.12087975356672e-21,"TRAPPC4"
2.16804857971915e-25,0.333366356825552,0.28,0.198,4.16048522448105e-21,"SLC25A22"
2.30376573306468e-25,0.346358033748764,0.265,0.184,4.42092644175111e-21,"HILPDA"
2.3183016510839e-25,0.28612458407094,0.352,0.26,4.44882086843e-21,"ANKRD54"
2.43722189875476e-25,0.310609573071001,0.346,0.255,4.67702882371038e-21,"HK2"
2.51912244451022e-25,0.41909014019612,0.194,0.127,4.8341959710151e-21,"EP400NL"
2.59554608644351e-25,0.272219915367159,0.265,0.182,4.98085293988509e-21,"CDC25A"
2.60044845782122e-25,-0.320489192494274,0.633,0.642,4.99026059055892e-21,"SAP30"
2.60450818785746e-25,-0.30663864653048,0.644,0.661,4.99805121249847e-21,"PAIP1"
2.65561270191526e-25,0.281811355425352,0.35,0.256,5.09612077497539e-21,"PDSS1"
2.77999809540551e-25,-0.470616571848023,0.393,0.442,5.33481634508317e-21,"ID2"
2.81929113394906e-25,0.307966706218491,0.305,0.219,5.41021968604825e-21,"SWSAP1"
3.51079210362984e-25,-0.62580296300924,0.276,0.329,6.73721004686567e-21,"MXD3"
3.52146599938338e-25,0.331329441250579,0.243,0.167,6.7576932528167e-21,"QRICH1"
3.55402944358741e-25,0.379568104969578,0.205,0.135,6.82018250224424e-21,"THAP7-AS1"
3.85317539680967e-25,0.261604516917397,0.376,0.279,7.39424358647777e-21,"ARHGAP17"
3.85772613783778e-25,0.521780436198619,0.125,0.072,7.40297645851069e-21,"OXSM"
4.08376428679536e-25,0.339725271914288,0.29,0.207,7.83674366636029e-21,"SRF"
4.71566691177823e-25,0.387029614699933,0.203,0.134,9.04936480370242e-21,"ZC3H18"
4.97775846665496e-25,0.309449860914757,0.303,0.217,9.55231849751086e-21,"PIGS"
5.03045560386756e-25,0.258268662542745,0.371,0.275,9.65344430382185e-21,"AGPS"
5.05595971165716e-25,0.329587551154527,0.279,0.198,9.7023866866701e-21,"FLII"
5.16745824891073e-25,0.320918118083215,0.248,0.171,9.9163523796597e-21,"BRF1"
5.19796109559286e-25,0.419174821694932,0.201,0.133,9.9748873424427e-21,"SARS2"
5.26760117396834e-25,-0.46166411870514,0.434,0.475,1.01085266528452e-20,"ASF1B"
5.32048741904867e-25,0.399915635431835,0.217,0.146,1.02100153571544e-20,"POM121C"
5.70960170855874e-25,0.326937820695323,0.293,0.208,1.09567256787242e-20,"USP5"
6.37010822749843e-25,-0.627258908632093,0.234,0.289,1.22242376885695e-20,"RGP1"
6.61311700711152e-25,0.252700129699303,0.396,0.294,1.2690571536647e-20,"MBD3"
6.76802839213389e-25,-0.291839724526359,0.772,0.758,1.29878464845049e-20,"OAZ2"
7.01053004767742e-25,0.382246138621794,0.222,0.149,1.3453207161493e-20,"MAP2K4"
7.01406032051711e-25,0.523623501605602,0.132,0.078,1.34599817550723e-20,"TMCC1-AS1"
7.37057428131353e-25,-1.06764280851758,0.069,0.114,1.41441320458407e-20,"TTLL7"
7.6275105448584e-25,0.287426047964633,0.422,0.323,1.46371927355833e-20,"PTCD3"
8.13984508633288e-25,0.378019753785505,0.211,0.14,1.56203627206728e-20,"CTDP1"
8.67186185527966e-25,-0.71153323616002,0.228,0.28,1.66413029002817e-20,"MAST4"
9.25513413766794e-25,0.534328365914399,0.125,0.072,1.77606024101848e-20,"FAM53B"
9.41157619809268e-25,0.377343517862034,0.267,0.19,1.80608147241398e-20,"PSTPIP1"
1.0162299192832e-24,0.277363417569996,0.406,0.309,1.95014521510446e-20,"PPID"
1.04349253666805e-24,0.34455542891144,0.27,0.191,2.00246217786598e-20,"F12"
1.07990879742172e-24,0.314326775410603,0.261,0.181,2.07234498225228e-20,"ARV1"
1.11183372497364e-24,0.295020990971478,0.303,0.216,2.13360891822441e-20,"REC8"
1.15231329391163e-24,0.560376057779933,0.125,0.073,2.21128921101641e-20,"INTS1"
1.19271140679554e-24,0.268026657660696,0.402,0.303,2.28881318964063e-20,"SLMAP"
1.32017778859329e-24,0.273218147889129,0.391,0.292,2.53342117631053e-20,"PHKG2"
1.34025772521387e-24,-0.548406391232927,0.309,0.361,2.57195457468542e-20,"PRKD3"
1.35711734328711e-24,0.529236481858761,0.174,0.112,2.60430818176796e-20,"GADD45B"
1.46735200582275e-24,0.263977300797772,0.36,0.265,2.81584849917385e-20,"RMDN1"
1.49914833671091e-24,-0.993259611483273,0.079,0.125,2.87686565814824e-20,"HYPK"
1.61923055447756e-24,0.254021609675602,0.602,0.502,3.10730343404244e-20,"PSMD6"
1.72912530434962e-24,-0.412533905593353,0.475,0.509,3.31819145904692e-20,"LRRC58"
1.90959391145328e-24,0.293430729284465,0.425,0.331,3.66451071607884e-20,"BCL2L1"
1.9138381312236e-24,0.26357576937168,0.445,0.344,3.67265537381808e-20,"ARHGAP9"
2.03779947612295e-24,-0.663327674379604,0.245,0.298,3.91053719467994e-20,"PPP1R3E"
2.10193110501028e-24,0.318880142517456,0.32,0.234,4.03360579051473e-20,"MKRN2"
2.13076347360107e-24,0.676802180296584,0.101,0.054,4.08893510584045e-20,"AXIN1"
2.16109429344807e-24,-0.301600140836538,0.649,0.662,4.14713994912685e-20,"UGP2"
2.17319259334491e-24,0.304641976557901,0.286,0.203,4.17035658662889e-20,"PRKCD"
2.17521309163123e-24,-0.36771147553963,0.533,0.562,4.17423392284033e-20,"NT5DC2"
2.24419419940996e-24,0.329668507983844,0.255,0.177,4.30660866866772e-20,"OGFOD2"
2.24690134664425e-24,0.259967978502989,0.329,0.238,4.31180368421031e-20,"NT5C2"
2.41216112361785e-24,0.538651697964379,0.123,0.071,4.62893719622266e-20,"FARS2"
2.41410946133182e-24,0.366914738739689,0.197,0.13,4.63267605629576e-20,"MAN1B1-AS1"
2.48775258372609e-24,-1.0320008488851,0.096,0.144,4.77399720817037e-20,"ECHDC2"
2.49858737653459e-24,0.257945670373933,0.439,0.337,4.79478917556988e-20,"PDRG1"
2.7064133308891e-24,0.352483243308356,0.221,0.149,5.19360718197618e-20,"C16orf58"
2.77706770437588e-24,0.311982999078846,0.242,0.167,5.32919292469731e-20,"KCTD13"
2.81061916782996e-24,0.291505696082608,0.338,0.248,5.39357818306569e-20,"ANKRD39"
3.24122327711225e-24,0.457836026048119,0.143,0.087,6.2199074687784e-20,"ZC3H3"
3.31312013394282e-24,0.299686026922105,0.306,0.22,6.35787753703628e-20,"MAP3K8"
3.47031621537333e-24,0.517777418374954,0.127,0.075,6.65953681730143e-20,"ELL"
3.71997345344682e-24,-0.319161531428459,0.641,0.642,7.13862905716445e-20,"CD33"
3.77958838596195e-24,0.311440560654446,0.297,0.214,7.25303011266098e-20,"GPN2"
3.83685666779553e-24,0.303920786948345,0.275,0.193,7.36292794549962e-20,"SCAMP1-AS1"
3.89133465417155e-24,0.619294885032942,0.115,0.065,7.4674712013552e-20,"TTC27"
4.01504978318012e-24,0.332857288754498,0.222,0.15,7.70488053392264e-20,"ZNF668"
4.11483008283453e-24,0.265306269041027,0.352,0.26,7.89635892895946e-20,"LRRC41"
4.17735698835592e-24,0.433441388634401,0.183,0.12,8.01634806065501e-20,"LDB1"
4.41204647100438e-24,-0.57994866972503,0.207,0.264,8.46671717785741e-20,"RASSF5"
4.72678964298018e-24,0.319419234173216,0.257,0.178,9.07070932487897e-20,"AUNIP"
4.9938000996954e-24,0.251022047533855,0.398,0.299,9.58310239131547e-20,"C1orf50"
5.23192853436766e-24,0.414767505836699,0.153,0.094,1.00400708574515e-19,"TMEM62"
5.61382761784132e-24,0.553028787668598,0.123,0.072,1.07729351986375e-19,"TRAF3IP3"
5.84154017559155e-24,0.320015397523647,0.273,0.194,1.12099155969602e-19,"ATP6V0D1"
6.11736488053527e-24,0.302874856227433,0.221,0.149,1.17392232057472e-19,"DIABLO"
6.58967939708931e-24,0.35703968145533,0.207,0.138,1.26455947630144e-19,"TATDN3"
6.62636848395504e-24,0.292662120814871,0.271,0.19,1.27160011207097e-19,"KTI12"
6.6987196685128e-24,0.449267945431523,0.147,0.09,1.28548430438761e-19,"TMEM147-AS1"
7.17005802170714e-24,-0.817722857628628,0.134,0.187,1.3759341343656e-19,"PARP14"
7.27575990410161e-24,0.253542712778283,0.363,0.269,1.3962183255971e-19,"DYNLL2"
7.53529237245055e-24,0.399396125439397,0.192,0.126,1.44602260627326e-19,"MBTPS1"
7.5540336081289e-24,0.260745691769009,0.432,0.331,1.44961904939994e-19,"SLC35F2"
7.59016199110275e-24,0.367045506196185,0.237,0.164,1.45655208609262e-19,"UBQLN4"
8.65715001873394e-24,0.285780710262035,0.237,0.162,1.66130708859504e-19,"INSR"
8.76846944131161e-24,0.460962921618185,0.141,0.086,1.6826692857877e-19,"SCRIB"
9.44437494491735e-24,0.325261117440631,0.329,0.244,1.81237555192964e-19,"PRCP"
1.01958535101357e-23,-0.515750106159126,0.382,0.42,1.95658428859504e-19,"STK24"
1.03011168403416e-23,0.306697275477828,0.258,0.181,1.97678432166156e-19,"CENPB"
1.04930409199667e-23,0.315299982470859,0.25,0.175,2.0136145525416e-19,"HIRA"
1.1112688458224e-23,0.345530592110286,0.267,0.19,2.13252491513319e-19,"DSTYK"
1.12101111030821e-23,0.416215279356863,0.184,0.121,2.15122032068145e-19,"CD244"
1.19035224144238e-23,0.309335978387064,0.237,0.163,2.28428595132793e-19,"MED24"
1.24204164631321e-23,0.276351461399285,0.332,0.244,2.38347791927505e-19,"MBD1"
1.29669429532217e-23,0.308965507534094,0.289,0.208,2.48835635272324e-19,"PIGK"
1.30630522324914e-23,0.373506560408947,0.223,0.152,2.5067997234151e-19,"DRG2"
1.32966832748022e-23,0.340625543973068,0.216,0.146,2.55163352043454e-19,"DDX56"
1.51028097975346e-23,0.40993742173764,0.17,0.109,2.8982292001469e-19,"TONSL"
1.69445320041554e-23,0.585083138214496,0.108,0.061,3.25165569159742e-19,"DNAAF5"
1.96292646990579e-23,-0.628549014173686,0.249,0.303,3.7668558957492e-19,"RP11-294J22.6"
2.10086690358688e-23,-0.857072286321724,0.11,0.16,4.03156358798322e-19,"SETD7"
2.15456613613132e-23,0.378070145241135,0.195,0.13,4.13461241523601e-19,"ARHGAP35"
2.25292180458968e-23,0.256891148530354,0.368,0.276,4.32335694300759e-19,"EIF2B4"
2.33998501094808e-23,0.337725937288869,0.254,0.179,4.49043123600936e-19,"PLCB2"
2.51526209166328e-23,-0.902845319147178,0.101,0.149,4.82678795390184e-19,"ERAP2"
2.61169237788082e-23,-0.489949900311898,0.332,0.382,5.01183767315329e-19,"TMX4"
2.72886871911626e-23,0.572862868741224,0.118,0.068,5.2366990719841e-19,"ZNF408"
2.92143367412584e-23,0.282450377328441,0.253,0.179,5.60623122064749e-19,"BCYRN1"
3.33892029222519e-23,0.255352590191757,0.394,0.299,6.40738804078015e-19,"POLR3D"
3.37228385482168e-23,0.302490309925794,0.239,0.165,6.4714127174028e-19,"MCM2"
3.52603622025405e-23,0.253077572901751,0.32,0.232,6.76646350666752e-19,"AKT2"
3.60461495027489e-23,0.358713731871792,0.199,0.132,6.91725608957751e-19,"UTP20"
3.89666319731169e-23,0.494769688926735,0.14,0.085,7.47769667564113e-19,"PXMP4"
3.98376287915435e-23,0.261317942487609,0.397,0.301,7.64484096509721e-19,"SAP30BP"
4.08001556003839e-23,-1.0652956458622,0.065,0.107,7.82954985971367e-19,"PIK3C2B"
4.29182649511765e-23,0.305046726633754,0.265,0.188,8.23601504413077e-19,"GAPVD1"
4.38887257312824e-23,0.420477415352534,0.142,0.087,8.42224646783309e-19,"FDXACB1"
4.48211128724792e-23,0.276142895895275,0.352,0.264,8.60117156022877e-19,"GIT1"
4.80049871192634e-23,0.263360215749086,0.447,0.349,9.21215702818665e-19,"POLR2C"
5.33706652788586e-23,0.369477038046155,0.16,0.101,1.0241830667013e-18,"CHST10"
5.43614863390203e-23,0.319904959400864,0.258,0.182,1.0431969228458e-18,"MYL5"
5.86629285342954e-23,0.362301129149173,0.172,0.111,1.12574159857313e-18,"HSD11B1L"
6.13475820362854e-23,0.277431327558263,0.279,0.2,1.17726009927632e-18,"SORL1"
6.18592902642466e-23,0.318142741795267,0.237,0.164,1.18707978017089e-18,"KLHL12"
6.27645884490609e-23,0.376636148150108,0.193,0.128,1.20445245233748e-18,"ZNF761"
6.31187163821162e-23,0.355171957228738,0.185,0.121,1.21124816737281e-18,"PPP2R1B"
6.62580329861407e-23,0.319875252218384,0.182,0.119,1.27149165300404e-18,"LRP5"
7.06635469390205e-23,0.261580436151821,0.358,0.266,1.3560334657598e-18,"HRSP12"
7.16780241844828e-23,0.257485219573516,0.367,0.278,1.37550128410023e-18,"CISH"
7.21487586774295e-23,0.287890294587494,0.264,0.186,1.38453467901987e-18,"GOLGA3"
8.02606295276949e-23,0.348117372655382,0.193,0.128,1.54020148063646e-18,"OGFOD1"
8.52673563224689e-23,-0.611926672102883,0.212,0.266,1.63628056782818e-18,"SYNRG"
8.69751796715819e-23,0.382840115865291,0.171,0.11,1.66905369789766e-18,"URB1"
9.95626135969188e-23,0.397892073382741,0.18,0.118,1.91060655492487e-18,"TMEM143"
1.03429109007109e-22,-0.284943078927509,0.698,0.707,1.98480460184643e-18,"ANKRD28"
1.0440731062024e-22,-0.313053822041591,0.587,0.608,2.00357629080241e-18,"PIN4"
1.15122440110394e-22,0.250541769352168,0.505,0.404,2.20919962571845e-18,"DNAJB11"
1.19009441789014e-22,0.313909596293851,0.208,0.14,2.28379118793117e-18,"HPDL"
1.23759566619832e-22,-0.555265758637765,0.312,0.359,2.37494608343458e-18,"PRIM1"
1.28238207613294e-22,0.25887154554498,0.348,0.261,2.46089120409911e-18,"NPLOC4"
1.32253628583975e-22,0.370339996591232,0.197,0.132,2.53794713252648e-18,"CPTP"
1.51123381611877e-22,-0.346532521905629,0.576,0.597,2.90005769313193e-18,"CSRP1"
1.71611879082538e-22,0.416883191677379,0.558,0.477,3.2932319595939e-18,"DLK1"
1.86581529696817e-22,-0.82207394440294,0.121,0.17,3.58049955488193e-18,"TMEM154"
1.89593390959208e-22,0.276807831015625,0.267,0.189,3.63829717250721e-18,"RUFY1"
1.90150820884142e-22,-0.520877570680314,0.289,0.342,3.64899425276668e-18,"HEXB"
1.92309723297775e-22,-0.327169637662098,0.585,0.6,3.6904235900843e-18,"ETNK1"
1.94041014570608e-22,0.344324927798616,0.212,0.145,3.72364706960997e-18,"POLR1B"
2.01275231847242e-22,0.258083983222129,0.318,0.233,3.86247169914858e-18,"LSM14B"
2.03957708242273e-22,-0.435191701389842,0.475,0.507,3.91394842116921e-18,"CENPU"
2.17512539261892e-22,0.271974041060166,0.279,0.2,4.17406562843571e-18,"DVL2"
2.21501593807287e-22,0.372701918767128,0.184,0.121,4.25061558516184e-18,"ZNF579"
2.31029725317319e-22,0.361603813310854,0.233,0.163,4.43346042883936e-18,"MYCN"
2.41887184915888e-22,0.268612447148014,0.321,0.235,4.64181507853589e-18,"MICU1"
2.43661651114369e-22,-0.527041292031329,0.291,0.34,4.67586708488474e-18,"DGKE"
2.44479736447279e-22,-0.79676006610779,0.097,0.145,4.69156614242328e-18,"ARID5B"
2.45762862851302e-22,-0.280383017634406,0.685,0.689,4.71618933811649e-18,"COMMD3"
2.45840691712983e-22,0.266093004233992,0.308,0.225,4.71768287397215e-18,"MPRIP"
2.46114425308442e-22,0.26152648221067,0.333,0.248,4.72293582166899e-18,"SLC25A38"
2.53995821826981e-22,-0.745865114848257,0.182,0.233,4.87417982085977e-18,"LL22NC03-2H8.5"
2.59152535900067e-22,-0.735604922857298,0.165,0.216,4.97313716392229e-18,"CCSER2"
2.64411515209265e-22,0.300431018759096,0.246,0.173,5.07405697686579e-18,"FAHD2B"
2.69238914834222e-22,0.285282231950676,0.203,0.136,5.16669477566872e-18,"XXYLT1"
2.70413100434083e-22,0.276106243746426,0.28,0.2,5.18922739733005e-18,"ATG4D"
2.70931386192856e-22,0.521868302981996,0.107,0.061,5.19917330104091e-18,"DAG1"
2.71504682632922e-22,0.520840746946057,0.105,0.059,5.21017485972577e-18,"RTN4R"
2.86742219405492e-22,0.342861908684861,0.239,0.167,5.50258319039139e-18,"MOGS"
2.87264677822459e-22,0.395104900544494,0.154,0.098,5.51260916741299e-18,"BCL2A1"
3.11488123152531e-22,0.269240048258128,0.315,0.232,5.97745708329708e-18,"TUBGCP2"
3.42452410271229e-22,0.534421753723539,0.11,0.063,6.57166175310488e-18,"AUH"
3.46587312819189e-22,0.425073244379728,0.149,0.094,6.65101053300023e-18,"CDK7"
3.67684889242284e-22,-0.907959448505844,0.086,0.131,7.05587302455942e-18,"MAN2B1"
4.70258275059768e-22,0.413739088529279,0.151,0.095,9.02425629839696e-18,"PNPLA6"
4.70690968727911e-22,-0.784208891826357,0.136,0.186,9.03255968988862e-18,"SKIL"
4.85793856337263e-22,0.30493745039868,0.26,0.186,9.32238410311208e-18,"LRRC8D"
4.90591746945321e-22,0.406277460587353,0.194,0.131,9.4144556238807e-18,"INPPL1"
5.19861646422773e-22,-0.417918085298807,0.414,0.451,9.97614499485302e-18,"SMARCA2"
5.2601272581706e-22,0.372819693656338,0.236,0.166,1.00941842084294e-17,"TMEM164"
5.28386612498459e-22,0.250479317999874,0.4,0.307,1.01397390938454e-17,"JOSD2"
5.33297273398814e-22,-0.806842648307576,0.125,0.174,1.02339746765232e-17,"CYTH1"
5.44969484012402e-22,0.370542393956435,0.146,0.091,1.0457964398198e-17,"FAM86C1"
5.46392035974436e-22,-0.452365986799473,0.393,0.433,1.04852631703494e-17,"MCMBP"
7.18119760969728e-22,0.251085637171723,0.336,0.25,1.37807182130091e-17,"ADCK3"
7.2459042622762e-22,0.400733141738959,0.173,0.114,1.3904890279308e-17,"TSPAN32"
7.34723969990074e-22,0.501862475568888,0.125,0.075,1.40993529841095e-17,"COMTD1"
7.40771886827704e-22,0.254393007293887,0.377,0.285,1.42154125082236e-17,"NGDN"
7.51206693094568e-22,0.252493835583656,0.389,0.299,1.44156564404848e-17,"ITGA5"
7.62392797023786e-22,0.522895850409898,0.181,0.122,1.46303177748865e-17,"CITED4"
8.19946423854938e-22,0.350663020729781,0.237,0.168,1.57347718737763e-17,"DBN1"
8.25539943685473e-22,0.519369713024279,0.144,0.092,1.58421115193242e-17,"SERINC2"
8.32976671764795e-22,0.522345509900241,0.116,0.069,1.59848223311664e-17,"RP5-908M14.9"
8.3529946535443e-22,-0.704461911524705,0.146,0.197,1.60293967401515e-17,"IRF7"
8.45101911855522e-22,0.295250718982494,0.286,0.208,1.62175056885075e-17,"DHRS4"
8.66584903860758e-22,0.267430059222392,0.368,0.28,1.66297643050879e-17,"C2orf47"
8.90549840944246e-22,0.424217846691674,0.168,0.11,1.70896514477201e-17,"ZBTB7B"
8.99275091918142e-22,-0.873574941130586,0.117,0.164,1.72570890139091e-17,"ABHD3"
9.59539094501409e-22,0.386721193232563,0.176,0.116,1.8413555223482e-17,"HSD17B8"
9.62892403873112e-22,0.273874392080489,0.227,0.156,1.8477905230325e-17,"RCL1"
9.71090806079517e-22,0.320825869088072,0.214,0.148,1.86352325686659e-17,"GSR"
1.02717379515366e-21,-0.358899663057572,0.595,0.629,1.97114651289986e-17,"TOP2A"
1.06191404487328e-21,0.281575087900557,0.229,0.159,2.03781305211182e-17,"PPRC1"
1.09373510118654e-21,0.516566818821291,0.118,0.07,2.09887765917697e-17,"CTU2"
1.12607139776397e-21,-0.633376294374589,0.247,0.297,2.16093101230905e-17,"ABCA7"
1.16439321470805e-21,-0.483152123368122,0.358,0.402,2.23447057902476e-17,"TMEM237"
1.2180391322684e-21,-0.594278148690055,0.301,0.345,2.33741709482307e-17,"GCNT1"
1.23397192330653e-21,0.393178768062173,0.168,0.109,2.36799212082523e-17,"UTP15"
1.24600404301864e-21,0.261281338536488,0.382,0.291,2.39108175855277e-17,"RPE"
1.3078404332884e-21,-0.49349820366631,0.396,0.431,2.50974579148043e-17,"CALCOCO2"
1.3137232616768e-21,0.384028322521591,0.164,0.106,2.52103493915777e-17,"POMGNT2"
1.4306849277885e-21,0.273533689682118,0.249,0.175,2.74548437642613e-17,"GALK2"
1.52806438023798e-21,0.27568761105856,0.364,0.277,2.93235554567669e-17,"SMUG1"
1.62386572088736e-21,0.425092736273278,0.145,0.092,3.11619831838284e-17,"PUS7"
1.72085944341737e-21,-0.963426142183331,0.069,0.11,3.30232927191793e-17,"AP001055.6"
1.77753124068238e-21,0.312552361622024,0.214,0.148,3.41108245086948e-17,"PXN"
1.7933895790093e-21,-0.523070992429251,0.329,0.372,3.44151460211884e-17,"VHL"
1.85980769235078e-21,0.251551339994903,0.367,0.278,3.56897096162114e-17,"ADD1"
1.9073753617412e-21,0.441837271766069,0.183,0.123,3.66025331918136e-17,"RP11-395A13.2"
2.52065091237207e-21,0.416057023507243,0.139,0.087,4.83712910084201e-17,"TBL3"
2.53197009713496e-21,-0.520914940076433,0.329,0.376,4.85885061640198e-17,"FAM213A"
2.63440280045165e-21,0.284474291932989,0.303,0.223,5.05541897406672e-17,"MTFR2"
2.70482453077289e-21,0.300031570235067,0.239,0.168,5.19055827455318e-17,"MRPS9"
2.72097551915167e-21,0.482701345609267,0.137,0.085,5.22155202125206e-17,"RAPGEF2"
2.83006974608921e-21,0.378994782919606,0.145,0.091,5.43090384274519e-17,"AARS"
3.01572149701163e-21,-0.745190911471107,0.157,0.207,5.78716955276532e-17,"NPM2"
3.17213553631225e-21,0.259387979961525,0.232,0.161,6.08732809418321e-17,"C1orf233"
3.21853522801646e-21,-0.640590181816608,0.221,0.27,6.17636910256359e-17,"KLHL5"
3.24237695642813e-21,0.48321178993634,0.112,0.066,6.22212137938558e-17,"LRRC34"
3.33172116938762e-21,0.431547105240343,0.154,0.099,6.39357292405485e-17,"TBCE"
3.45975729722229e-21,0.31024067360429,0.246,0.175,6.63927425336957e-17,"TCTA"
3.50226826732872e-21,0.304854532377779,0.307,0.229,6.72085280500381e-17,"XKR8"
3.51378552215075e-21,0.403713393448633,0.171,0.113,6.74295441700729e-17,"RBMS2"
3.65548941599895e-21,0.405689406894604,0.156,0.1,7.01488418930199e-17,"CTD-2553L13.10"
3.69474396891378e-21,0.427322598479257,0.139,0.087,7.09021367634554e-17,"WDR55"
3.84048214778032e-21,0.431965519742702,0.22,0.154,7.36988524159043e-17,"NFATC1"
3.90000754943391e-21,0.302201833829956,0.308,0.23,7.48411448736366e-17,"KLF16"
3.92990654831994e-21,0.334980672947278,0.19,0.128,7.54149066622597e-17,"ZNF71"
3.95177644587871e-21,0.268244909721291,0.309,0.229,7.58345899964124e-17,"PPP2R2D"
3.99995379579664e-21,-0.745909351283931,0.137,0.186,7.67591133413375e-17,"GATSL3"
4.45640118876038e-21,0.252200073321642,0.285,0.207,8.55183388123118e-17,"MTMR4"
4.58958028928993e-21,-0.392137801189061,0.508,0.524,8.80740457514737e-17,"KMT2A"
4.82615549502624e-21,0.492943236689576,0.122,0.074,9.26139239495536e-17,"AMDHD2"
4.9299794138683e-21,0.285429941039689,0.224,0.154,9.46063049521326e-17,"RNF14"
5.12536003131517e-21,0.294920528585223,0.226,0.158,9.8355659000938e-17,"ALDH16A1"
5.15005859440243e-21,-0.423972203491681,0.409,0.444,9.88296244265826e-17,"AGFG1"
5.16134503088893e-21,0.250839106064772,0.337,0.254,9.90462111427586e-17,"TMC6"
5.57693870079655e-21,0.285433115064641,0.23,0.161,1.07021453668286e-16,"ORAOV1"
5.67173387936699e-21,0.364795326689684,0.186,0.125,1.08840573145052e-16,"MAP2K5"
5.68602621141486e-21,0.283709302653998,0.251,0.18,1.09114842997051e-16,"DDX10"
5.69497371302086e-21,0.438294376138014,0.123,0.074,1.0928654555287e-16,"FBXO44"
5.91090748434424e-21,-0.648173834778709,0.198,0.248,1.13430314624566e-16,"IRAK4"
6.21259419638904e-21,0.377234098823525,0.177,0.118,1.19219682628706e-16,"EXOC3-AS1"
6.35419387006312e-21,-1.03671167763001,0.074,0.115,1.21936980366511e-16,"TRAF3IP2"
6.62724610905791e-21,-0.349252473119481,0.527,0.548,1.27176852832821e-16,"CCDC117"
6.98022738882999e-21,0.288757226785898,0.236,0.166,1.33950563591648e-16,"DCAF17"
7.36002133052075e-21,0.439301603458913,0.138,0.087,1.41238809332693e-16,"RAB29"
7.45144946222714e-21,0.380639310246161,0.15,0.096,1.42993315180139e-16,"LDLRAP1"
7.93729590483056e-21,-0.315856634925242,0.624,0.63,1.52316708413698e-16,"CEBPZ"
9.50311952928502e-21,-1.05542422051532,0.065,0.104,1.8236486376698e-16,"C1orf54"
9.50967869742368e-21,-0.36892454140419,0.52,0.54,1.8249073420356e-16,"AC013461.1"
1.01808770596764e-20,0.444819800189654,0.141,0.089,1.9537103077519e-16,"GHDC"
1.09039698168049e-20,0.275804200862681,0.318,0.236,2.09247180784486e-16,"NAT14"
1.09136238299665e-20,0.317102485384052,0.223,0.156,2.09432441297058e-16,"ACADS"
1.11326609027369e-20,-0.840699472056434,0.097,0.142,2.13635762723521e-16,"SAMD8"
1.16037667122799e-20,-0.33398388593757,0.565,0.582,2.2267628320865e-16,"BMI1"
1.20421553057616e-20,-0.283686120431165,0.618,0.633,2.31088960317564e-16,"MBOAT7"
1.41048987617922e-20,-0.685270193403906,0.17,0.221,2.70673007238793e-16,"CTA-292E10.6"
1.42667734598535e-20,0.257235087261712,0.274,0.197,2.7377938269459e-16,"CEP104"
1.49664122547688e-20,0.288969327338013,0.246,0.177,2.87205451169014e-16,"SPAST"
1.50045222787807e-20,-0.558469960782701,0.304,0.346,2.87936782529802e-16,"U2AF1"
1.5404759452699e-20,0.267516885329013,0.243,0.172,2.95617333897294e-16,"PPP5C"
1.58868880174571e-20,0.347050687718434,0.17,0.112,3.04869381055002e-16,"CCDC22"
1.63361791259394e-20,-0.380748701340665,0.473,0.503,3.13491277426778e-16,"ZSCAN16-AS1"
1.81923146361594e-20,0.273813443976401,0.517,0.427,3.491105178679e-16,"ACAT2"
1.90644168159737e-20,-0.677951271792687,0.192,0.241,3.65846158698536e-16,"IL16"
1.99204924875248e-20,-0.525517135402216,0.4,0.435,3.82274250835601e-16,"ASPM"
2.1481655136847e-20,-0.405527766191363,0.441,0.473,4.12232962076095e-16,"ATRX"
2.15303740183071e-20,-0.62760097104695,0.22,0.27,4.13167877411313e-16,"RECQL"
2.40281198152348e-20,0.260923893920596,0.615,0.525,4.61099619254356e-16,"PDLIM1"
2.4105251442687e-20,0.298291541670641,0.251,0.181,4.62579775185163e-16,"HYOU1"
2.91786409549309e-20,0.360326806349117,0.193,0.132,5.59938119925125e-16,"EHBP1L1"
2.9227616482839e-20,0.273364021653737,0.234,0.165,5.60877960305681e-16,"NEIL2"
2.96312795099124e-20,-0.491904876138434,0.334,0.377,5.68624253795218e-16,"SDCCAG8"
3.02035444352001e-20,0.376716267050766,0.163,0.107,5.7960601771149e-16,"POFUT1"
3.04157541526524e-20,-0.903600711119582,0.089,0.132,5.83678322189399e-16,"ZNF585A"
3.07951850855959e-20,0.434310391984306,0.146,0.094,5.90959601792585e-16,"RP11-386G11.10"
3.4110982938747e-20,-0.590465586106103,0.189,0.241,6.54589762594554e-16,"TGFBR2"
3.53104513831718e-20,0.28654830828849,0.268,0.195,6.77607562043067e-16,"KATNA1"
3.53916349803496e-20,-1.04226274891299,0.062,0.101,6.79165475272909e-16,"VASH1"
3.83568976671444e-20,0.317070497259194,0.235,0.167,7.360688662325e-16,"OTUD5"
4.01715038656818e-20,0.409180192575153,0.113,0.067,7.70891159182434e-16,"NDRG3"
4.05393514204981e-20,0.270518613594863,0.297,0.219,7.77950153759359e-16,"CH17-340M24.3"
4.05745132501552e-20,0.426969230658549,0.154,0.1,7.78624909270479e-16,"RP11-792A8.4"
4.11815635062355e-20,0.406901881803174,0.164,0.108,7.9027420368466e-16,"SPATC1L"
4.65246064343529e-20,-0.477593830383516,0.33,0.374,8.92807197475232e-16,"EZR"
4.72910948319948e-20,0.258602045261641,0.289,0.212,9.0751610982598e-16,"CNPPD1"
4.94465046616212e-20,-0.880850019128651,0.096,0.139,9.48878424456511e-16,"NAIP"
4.95853673544735e-20,0.41341489708895,0.149,0.096,9.51543199532347e-16,"SETMAR"
5.95462304330759e-20,0.339575634498429,0.15,0.097,1.14269216201073e-15,"MTRF1"
6.09316755333171e-20,0.321339158220551,0.205,0.142,1.16927885348435e-15,"NOC4L"
6.74050012647047e-20,0.309448700642931,0.207,0.144,1.29350197426968e-15,"PDSS2"
6.74445348823275e-20,0.265711035200203,0.29,0.214,1.29426062439186e-15,"FAHD2A"
6.76977521698187e-20,0.354545184311783,0.193,0.132,1.29911986413882e-15,"SLC8B1"
6.95429866758161e-20,0.374244862281996,0.148,0.095,1.33452991430891e-15,"COX10"
7.07637391699953e-20,0.254805067623389,0.271,0.196,1.35795615467221e-15,"SLC35A1"
8.36552629235274e-20,0.273507422775732,0.252,0.18,1.60534449550249e-15,"RP9"
8.41632271093331e-20,0.32714264030202,0.182,0.123,1.6150923282281e-15,"NIF3L1"
8.82436950527722e-20,0.287936886584411,0.227,0.161,1.6933965080627e-15,"MCOLN1"
9.48482441118704e-20,0.289551231977782,0.225,0.159,1.82013780450679e-15,"PKIG"
9.53925627657245e-20,-0.617349050540271,0.268,0.312,1.83058327947425e-15,"C19orf81"
9.54734940993693e-20,0.388377779865263,0.159,0.105,1.8321363517669e-15,"TYK2"
9.84471603946325e-20,0.29631972506444,0.248,0.179,1.889201007973e-15,"SART1"
9.99680395035473e-20,0.421732868460074,0.169,0.114,1.91838667807307e-15,"GOT1"
1.11058489874896e-19,0.445267018860707,0.127,0.079,2.13121242069926e-15,"PCCB"
1.15680168004964e-19,0.321441952175162,0.175,0.118,2.21990242401527e-15,"MFAP2"
1.17304104834177e-19,-0.826782652800898,0.112,0.156,2.25106577176787e-15,"B3GAT2"
1.37053854866176e-19,0.30009244129092,0.239,0.172,2.63006347488191e-15,"SOX12"
1.38323908560588e-19,0.315423133909216,0.254,0.183,2.65443580527769e-15,"ASMTL"
1.38923190756111e-19,-0.720952782335384,0.126,0.173,2.66593603060977e-15,"HSBP1L1"
1.45118922236642e-19,0.333848370462554,0.219,0.156,2.78483211772116e-15,"TMEM217"
1.45690529098001e-19,0.334896370412397,0.173,0.116,2.79580125339064e-15,"RNF216"
1.62403771824674e-19,0.261652409745097,0.342,0.261,3.11652838131549e-15,"ATPAF1"
1.64288367114816e-19,-0.701865088043298,0.157,0.204,3.15269376493331e-15,"JUP"
1.66578437663231e-19,-0.615611472537423,0.195,0.244,3.19664021875741e-15,"MFGE8"
1.69101561501873e-19,0.495144025074017,0.125,0.079,3.24505896522094e-15,"ABHD17C"
1.77720137175194e-19,0.307224381335755,0.245,0.177,3.41044943239198e-15,"DGCR2"
1.96766845889185e-19,0.406442899373239,0.134,0.085,3.77595577261346e-15,"C10orf76"
1.99808022104551e-19,0.253164447263088,0.21,0.146,3.83431594418633e-15,"APOO"
2.02722675874758e-19,0.427687252578054,0.127,0.079,3.89024815003661e-15,"ZNF813"
2.19650284204584e-19,0.535936892711228,0.124,0.078,4.21508895388596e-15,"RP11-347C12.10"
2.24342366270136e-19,0.393222762808142,0.152,0.099,4.30513000872391e-15,"PITRM1"
2.37097806202009e-19,0.380463890932738,0.219,0.156,4.54990690101655e-15,"SPON2"
2.56773689270723e-19,-0.343349750858933,0.54,0.561,4.92748709710518e-15,"NHLRC3"
2.59312866892758e-19,0.270949036781072,0.244,0.175,4.97621391567203e-15,"NCBP1"
2.78811185034354e-19,0.281865028034982,0.261,0.19,5.35038664080925e-15,"C11orf68"
3.07369699727155e-19,0.280765976437454,0.236,0.169,5.89842453776411e-15,"RAD50"
3.13225994029681e-19,0.320230017003038,0.173,0.117,6.01080682542958e-15,"ZNF526"
3.14156899955905e-19,0.30232986291082,0.223,0.158,6.02867091015382e-15,"CLEC16A"
3.16814227036375e-19,0.319890721442837,0.189,0.129,6.07966501682804e-15,"VWA1"
3.29142296524154e-19,0.262236581538652,0.278,0.205,6.31624067029851e-15,"TNFAIP8L2"
3.29644213748157e-19,0.29968944395557,0.197,0.137,6.32587246182713e-15,"BRPF1"
3.42586206311434e-19,0.321683015783778,0.15,0.098,6.57422929911641e-15,"ZNF700"
3.63913885369023e-19,-0.517672528674395,0.337,0.376,6.98350746023155e-15,"HOXA9"
3.89380577197963e-19,-0.833436549416645,0.117,0.161,7.47221327642892e-15,"TRIM22"
4.06821664523321e-19,0.360823299139696,0.179,0.122,7.80690774220252e-15,"TNFRSF14"
4.15415551920244e-19,-0.735561706141817,0.208,0.254,7.97182444134948e-15,"IL1B"
4.36992773882492e-19,0.47376147129022,0.123,0.077,8.38589133080503e-15,"ENKD1"
4.39438287315679e-19,0.284592827224856,0.276,0.205,8.43282073358788e-15,"RPUSD4"
4.39499304318376e-19,0.311099620581394,0.19,0.131,8.43399164986963e-15,"GLB1"
4.41115432229813e-19,0.388127338012367,0.167,0.112,8.46500514449011e-15,"THAP2"
4.57461305106776e-19,-0.338777791600645,0.621,0.632,8.77868244499904e-15,"LYSMD2"
4.67688449455824e-19,0.287235933524669,0.178,0.121,8.97494134505726e-15,"DNAJC16"
4.94827413330888e-19,0.470897707346694,0.1,0.058,9.49573806181974e-15,"CTD-2162K18.4"
5.01178793476742e-19,0.40812809290489,0.13,0.082,9.61762104681869e-15,"DYNC2LI1"
5.36883185304256e-19,0.3370064293185,0.138,0.088,1.03027883259887e-14,"PEX14"
5.53695430248717e-19,0.312420197640649,0.202,0.142,1.06254153064729e-14,"C20orf196"
5.54231544129537e-19,0.292733792993564,0.194,0.134,1.06357033318458e-14,"EHD1"
5.86363587781175e-19,0.256833103529668,0.272,0.2,1.12523172495208e-14,"APEX2"
6.03126661582788e-19,0.308698905787802,0.168,0.113,1.15740006357737e-14,"FXR2"
6.37323868035459e-19,0.291007237456832,0.18,0.122,1.22302450276005e-14,"FAM50B"
6.61903790702325e-19,0.308566479284317,0.164,0.109,1.27019337435776e-14,"RNF121"
7.45023541680251e-19,-0.74613733078595,0.121,0.167,1.4297001764844e-14,"IKZF2"
7.75095852211606e-19,0.390720493960615,0.118,0.073,1.48740894039407e-14,"RP5-832C2.5"
7.8858741000083e-19,0.397801375782387,0.127,0.08,1.51329923979159e-14,"PIGQ"
8.57359549393507e-19,-0.451119828203816,0.459,0.487,1.64527297528614e-14,"NCOA7"
8.84787348155466e-19,-0.867951199401616,0.098,0.14,1.69790692111034e-14,"DHRS12"
8.8794678244525e-19,0.306601527859581,0.206,0.145,1.70396987551244e-14,"ACSS1"
9.72395079373526e-19,-0.255666818126183,0.61,0.634,1.8660261573178e-14,"TNFSF13B"
9.93208866145407e-19,0.331394539880698,0.166,0.112,1.90596781413304e-14,"NUFIP1"
1.03669373125072e-18,0.26251389284036,0.207,0.144,1.98941527027013e-14,"PAK4"
1.0572371855046e-18,0.320855055793249,0.212,0.15,2.02883815898333e-14,"GBE1"
1.10638573236018e-18,0.321995942507987,0.159,0.105,2.12315422039919e-14,"FAM234A"
1.13616725256371e-18,0.385813262378737,0.143,0.094,2.18030495766976e-14,"SMPDL3B"
1.20162699576715e-18,0.338042362262557,0.22,0.158,2.30592220487716e-14,"NEU3"
1.30703512134189e-18,0.25002826296649,0.28,0.207,2.50820039785508e-14,"NAA35"
1.55638440896686e-18,0.409802439510104,0.141,0.092,2.9867016808074e-14,"ENTPD5"
1.59107569669193e-18,0.26536542491107,0.212,0.149,3.05327426195181e-14,"SH2B1"
1.87547751361157e-18,0.300373757656111,0.205,0.145,3.5990413486206e-14,"ARRDC2"
1.90996076097828e-18,0.263096518225708,0.227,0.163,3.66521470031731e-14,"TGDS"
2.07685008636896e-18,0.479591462168397,0.12,0.076,3.98547531574203e-14,"ATG4A"
2.12470924633444e-18,0.276456244836414,0.201,0.141,4.07731704371579e-14,"OPA1"
2.24387796362977e-18,-0.502203125294546,0.304,0.345,4.30600181220554e-14,"CEP170"
2.47260154726851e-18,0.372755566998638,0.673,0.615,4.74492236920826e-14,"CD52"
2.7200653215955e-18,0.397945062195748,0.118,0.074,5.21980535214177e-14,"PUS3"
2.78798797268988e-18,0.277575848020969,0.284,0.214,5.35014891959187e-14,"THEMIS2"
2.98058173017892e-18,0.370834255482652,0.152,0.101,5.71973634021336e-14,"MED26"
3.02927703810248e-18,0.426330212667453,0.114,0.07,5.81318263611866e-14,"SIRT3"
3.10435383205367e-18,0.287503399631444,0.142,0.092,5.95725500371099e-14,"SNX8"
3.11795279454606e-18,0.324264673918369,0.163,0.11,5.98335141273388e-14,"RP11-708J19.1"
3.21945310169837e-18,-0.597986630477864,0.191,0.237,6.17813050215918e-14,"RUNX2"
3.3928386271603e-18,-0.341242214317286,0.519,0.535,6.51085732552062e-14,"CTDSP2"
3.4304409188113e-18,-0.763629479524444,0.111,0.154,6.58301612319889e-14,"HACD4"
3.56904371319225e-18,0.298835455662227,0.167,0.113,6.84899488561594e-14,"NDUFAF5"
3.58836044415873e-18,0.281339250850889,0.21,0.149,6.88606369234061e-14,"ZNF592"
3.60280687886081e-18,0.254688662473698,0.242,0.175,6.9137864005339e-14,"EIF2B3"
3.60458089680813e-18,0.343287355586294,0.16,0.108,6.9171907409748e-14,"MOCS3"
3.83643150039902e-18,-0.280716512909915,0.637,0.639,7.36211204926571e-14,"RSRP1"
3.85030875434492e-18,0.29268795513262,0.18,0.124,7.3887424995879e-14,"TRIT1"
3.85274627669531e-18,-0.38112701095367,0.499,0.522,7.3934201049783e-14,"RAD51AP1"
3.9608753305184e-18,0.281777747621168,0.229,0.166,7.60091975926482e-14,"TDP1"
3.97380170279869e-18,0.315108670000152,0.241,0.177,7.62572546767069e-14,"INTS3"
3.99430009767801e-18,-0.540723376483228,0.24,0.286,7.66506188744411e-14,"HOXB3"
4.28359873904893e-18,-0.665492750225038,0.194,0.239,8.22022598023489e-14,"NR3C1"
4.3173699955392e-18,-0.917996835726234,0.07,0.107,8.28503302143972e-14,"FLJ27354"
4.40672344878184e-18,0.43082433853563,0.126,0.081,8.45650229821235e-14,"PIGN"
4.7302470756239e-18,0.374067971071907,0.153,0.102,9.07734413812227e-14,"USP20"
4.81999256267987e-18,-0.474204939774453,0.314,0.354,9.24956572778267e-14,"PICALM"
5.38128244099744e-18,0.287977517950999,0.309,0.237,1.03266810042741e-13,"SAPCD2"
5.78233035761851e-18,-0.71152646636549,0.17,0.216,1.10962919562699e-13,"DMC1"
6.76056080823398e-18,0.344638354407018,0.161,0.108,1.2973516191001e-13,"SLC7A6OS"
7.85995077192244e-18,0.290898522293552,0.195,0.138,1.50832455313192e-13,"WBP1L"
7.87992866098601e-18,-0.4816430144537,0.335,0.374,1.51215831004322e-13,"CLK1"
7.9779183920275e-18,-0.533967889160334,0.284,0.326,1.53096253943008e-13,"RP11-1000B6.3"
8.91396208559738e-18,-0.541250086028858,0.128,0.174,1.71058932422614e-13,"CDKN1C"
8.9943976496132e-18,0.250173736271255,0.228,0.165,1.72602490896077e-13,"ITPR1"
9.81727108473783e-18,-0.775271713465399,0.105,0.148,1.88393432116119e-13,"MYL9"
9.83766840251652e-18,0.324689376751873,0.162,0.11,1.88784856644292e-13,"KDM6B"
1.00468388216349e-17,0.269301483816376,0.192,0.134,1.92798836987173e-13,"UBE4B"
1.00515277270488e-17,0.382019442288053,0.148,0.099,1.92888817082066e-13,"SS18L1"
1.08443877890465e-17,0.377311721992464,0.126,0.081,2.08103801671802e-13,"TBL2"
1.18352927606983e-17,0.331843157259613,0.175,0.121,2.271192680778e-13,"RAB11FIP1"
1.319719054781e-17,0.328708737675298,0.186,0.13,2.53254086612474e-13,"PPT2"
1.33389772467454e-17,0.413186790396086,0.118,0.075,2.55974973365044e-13,"C1orf159"
1.36110361520643e-17,0.354468940297127,0.132,0.086,2.61195783758114e-13,"COG7"
1.38886798349055e-17,-0.41597336435856,0.327,0.366,2.66523766031837e-13,"CLDND1"
1.44792905868985e-17,-0.303719269287033,0.473,0.512,2.77857586362582e-13,"GPAT3"
1.54212269442494e-17,0.416053812022816,0.126,0.081,2.95933345060146e-13,"KLHDC8B"
1.77785151085866e-17,-0.363300399509714,0.597,0.599,3.41169704933777e-13,"MKI67"
1.86866491896881e-17,-0.801577981945463,0.103,0.143,3.58596797950115e-13,"SLC25A24"
1.88463321614981e-17,0.313109840321954,0.19,0.133,3.61661114179148e-13,"CDK5RAP1"
1.92044772820669e-17,0.269103576910823,0.222,0.16,3.68533919042865e-13,"LCLAT1"
1.99004861479582e-17,0.273443477064903,0.17,0.117,3.81890329179318e-13,"ABCF2"
2.14599877036943e-17,0.415430853869133,0.122,0.078,4.11817164033893e-13,"ADARB1"
2.27781397613775e-17,-0.429924296169641,0.382,0.416,4.37112502020835e-13,"STX7"
2.31489020830047e-17,0.396774705450403,0.12,0.076,4.44227430972861e-13,"CYB5D1"
2.45347516323537e-17,0.260447348656089,0.231,0.167,4.70821883824867e-13,"NDUFAF1"
2.476339238107e-17,-0.29985080309182,0.607,0.607,4.75209499792733e-13,"PRKAR1A"
2.81547242454617e-17,0.318030429089133,0.166,0.114,5.40289158270409e-13,"TANGO2"
2.86316195583242e-17,-0.672222062540444,0.196,0.237,5.49440779324242e-13,"ESCO2"
3.70297497873142e-17,-0.832386407136553,0.096,0.136,7.1060089841856e-13,"RP11-367G6.3"
3.73854311195174e-17,0.278191631194029,0.161,0.109,7.17426423183539e-13,"FAM193A"
3.80061559521707e-17,0.271787730925428,0.179,0.124,7.29338132722157e-13,"TKFC"
3.96435820628285e-17,0.304146781319236,0.189,0.133,7.60760339785679e-13,"ARHGEF7"
4.06685122619156e-17,-0.374645288955629,0.433,0.463,7.80428750306159e-13,"HIST3H2A"
4.27725616703033e-17,0.355663565696192,0.136,0.089,8.20805458453121e-13,"SMYD5"
4.29809464063959e-17,-0.325561482520896,0.498,0.525,8.24804361538738e-13,"OXT"
4.31348878579354e-17,0.374243295080366,0.107,0.066,8.2775849799378e-13,"CORO7"
4.35959374502331e-17,-0.680813740016486,0.148,0.19,8.36606039669972e-13,"IGFLR1"
4.44733624864012e-17,0.307150045435778,0.154,0.104,8.53443826114039e-13,"ZNF296"
4.60492328785865e-17,0.29838350227588,0.159,0.108,8.83684778940075e-13,"ZNF512B"
4.88841234921635e-17,-0.527291101184848,0.226,0.272,9.38086329814618e-13,"MTSS1"
4.95543347080379e-17,0.250223966085038,0.219,0.158,9.50947683047248e-13,"STAU2"
4.96626124376254e-17,-0.952745392913121,0.082,0.119,9.53025532678032e-13,"RP11-382A20.3"
5.29769546182908e-17,0.262106219779669,0.184,0.129,1.016627759125e-12,"LINC01311"
5.33376001780456e-17,0.295147332569588,0.159,0.109,1.0235485474167e-12,"NPIPA1"
5.48138629021751e-17,0.287063569336481,0.211,0.152,1.05187802909274e-12,"FOXRED1"
5.54362195370487e-17,0.345220514321283,0.139,0.092,1.06382105291596e-12,"UBR1"
5.68779046186297e-17,0.307328242158406,0.176,0.122,1.0914869896315e-12,"ZNF202"
6.2766118344224e-17,-0.922804076814142,0.065,0.1,1.20448181102566e-12,"AKT3"
6.46305962306898e-17,-0.896548977396383,0.066,0.101,1.24026114166694e-12,"ETS1"
6.82331543943621e-17,-0.349012508589989,0.548,0.554,1.30939423282781e-12,"PHIP"
7.29868556546551e-17,0.311576210371619,0.141,0.094,1.40061776001283e-12,"C10orf95"
7.32231255699922e-17,0.33542295835016,0.17,0.118,1.40515177968815e-12,"SMCR8"
7.70321627379144e-17,-0.488551241550242,0.32,0.358,1.47824720294058e-12,"GRINA"
7.81567149432686e-17,0.352323550442155,0.144,0.096,1.49982735976133e-12,"MKS1"
7.96383065614234e-17,0.333099992025907,0.145,0.097,1.52825910291371e-12,"ZNF550"
9.71384508930669e-17,-0.325457558488452,0.469,0.5,1.86408687263795e-12,"AKR1B1"
1.20580206977169e-16,0.428616233687244,0.118,0.075,2.31393417189187e-12,"WDR90"
1.26933211732706e-16,0.432403208606786,0.121,0.079,2.43584833315062e-12,"NUDT18"
1.2758093548521e-16,-0.370931562732475,0.433,0.459,2.44827815196117e-12,"SAT2"
1.3694773070822e-16,-0.400536572441074,0.399,0.433,2.62802695229075e-12,"GTSE1"
1.42128491630813e-16,-0.648681235338852,0.19,0.231,2.72744575439531e-12,"NCAPG"
1.42236667787851e-16,-0.609437629830738,0.212,0.254,2.72952165484887e-12,"ELK3"
1.5097198336247e-16,-0.397906637212565,0.419,0.447,2.8971523607258e-12,"HNRNPLL"
1.67973169985624e-16,0.318255558819702,0.148,0.1,3.22340513202412e-12,"CSF2RA"
1.74429105375828e-16,0.301987511358968,0.144,0.096,3.34729453216214e-12,"PPFIA3"
1.86490904425515e-16,-0.51299128884917,0.262,0.304,3.57876045592563e-12,"PTPRC"
1.878352208403e-16,-0.810245802697951,0.075,0.111,3.60455788792536e-12,"ZFYVE16"
2.05625257158136e-16,0.301760176984654,0.136,0.09,3.94594868486462e-12,"CSNK1G1"
2.11323817576129e-16,0.252319583700237,0.146,0.098,4.05530405928591e-12,"DNAJC3-AS1"
2.15453773005791e-16,0.436015549559854,0.118,0.076,4.13455790398114e-12,"MMP2"
2.15954383900369e-16,0.362053263304596,0.127,0.083,4.14416462704807e-12,"NSMF"
2.18589945234434e-16,-0.667827794668874,0.181,0.223,4.19474104904879e-12,"ANKRD36"
2.37868296128034e-16,0.316440977028654,0.148,0.101,4.56469260269698e-12,"TRIP6"
2.45944537145876e-16,-0.296857367966203,0.552,0.562,4.71967566782936e-12,"PAN3"
2.57276485174669e-16,0.298378417195257,0.165,0.114,4.9371357505019e-12,"SUPV3L1"
2.65239627178947e-16,0.25132210960054,0.241,0.178,5.089948445564e-12,"FANCF"
2.66905336692232e-16,0.413407737354983,0.113,0.072,5.12191341112393e-12,"KDM4A"
2.80154704885159e-16,0.313638820011426,0.173,0.121,5.3761687867462e-12,"TRADD"
2.85696372654988e-16,0.262773352178155,0.246,0.183,5.48251339124921e-12,"TSPAN17"
2.98004664186992e-16,0.356992211225862,0.131,0.086,5.71870950574838e-12,"TMEM186"
3.28974112859839e-16,-0.511085730677586,0.318,0.351,6.31301322578031e-12,"ZNF609"
3.53774515050803e-16,0.263039070327445,0.262,0.198,6.7889329438249e-12,"CSNK2A2"
3.6191196371069e-16,-0.651626488872775,0.165,0.208,6.94509058360814e-12,"LIMK2"
4.2571693989125e-16,-0.476043481911035,0.295,0.333,8.16950807651308e-12,"UBE4A"
4.56833741322442e-16,0.557396281657622,0.11,0.071,8.76663949597767e-12,"CD300A"
4.69149207442344e-16,-0.747540931654846,0.128,0.168,9.00297329081857e-12,"CTC-260E6.6"
4.98177506062082e-16,0.255486191672439,0.176,0.124,9.56002634133136e-12,"SLC30A6"
5.38529824958114e-16,0.316613589326143,0.16,0.111,1.03343873409462e-11,"ICAM4"
5.41797689458648e-16,0.300028092649908,0.153,0.105,1.03970976607115e-11,"VPS33A"
5.52852884481698e-16,-0.436200100607329,0.333,0.368,1.06092468532038e-11,"FBXO5"
5.75773158302874e-16,0.280731022729281,0.173,0.121,1.10490869078321e-11,"ADCY3"
5.78863797918209e-16,0.25016808071158,0.209,0.151,1.11083962820504e-11,"NUP188"
5.82980139260686e-16,0.264485729361899,0.207,0.151,1.11873888724126e-11,"TMEM170B"
6.92131491318364e-16,-0.592979269645563,0.23,0.269,1.32820033183994e-11,"CKAP2L"
7.0304097000767e-16,0.272289107191109,0.163,0.112,1.34913562144472e-11,"C7orf26"
7.36668248837508e-16,0.309830017062044,0.144,0.097,1.41366636951918e-11,"NUP93"
7.56024077619073e-16,0.303326893027479,0.607,0.537,1.450810204951e-11,"PTRF"
9.33415279904976e-16,0.503091325048914,0.107,0.068,1.79122392213765e-11,"PTPN22"
9.52669224949345e-16,0.328558950889022,0.157,0.109,1.82817224267779e-11,"NOP9"
9.53614046844172e-16,0.303388172132146,0.166,0.116,1.82998535589397e-11,"WDR92"
9.80002990663807e-16,-0.368942487650705,0.458,0.48,1.88062573908384e-11,"ITGB1"
1.01100835955119e-15,-0.763210751685928,0.096,0.134,1.94012504197874e-11,"RP11-195F19.5"
1.01630574768151e-15,-0.478488098609477,0.262,0.304,1.95029072980082e-11,"FAM105A"
1.24195528203295e-15,-0.73983676890558,0.13,0.169,2.38331218622124e-11,"EIF3C"
1.2510076640276e-15,0.332439409705434,0.164,0.116,2.40068370726897e-11,"SLC25A28"
1.34036584871993e-15,0.30788069382494,0.164,0.115,2.57216206369354e-11,"TBC1D13"
1.55949857213286e-15,-0.48601385613705,0.327,0.359,2.99267775992296e-11,"ARHGAP11B"
1.6306774380507e-15,0.286201173032724,0.195,0.142,3.12927000361929e-11,"PAQR7"
1.668407246425e-15,0.480850339128989,0.107,0.069,3.20167350588957e-11,"RP11-10L12.4"
1.66939207025727e-15,-0.334037698721358,0.541,0.556,3.2035633828237e-11,"H1F0"
1.69964446373987e-15,0.31748995307863,0.122,0.08,3.26161772591681e-11,"TXNRD2"
1.70339138648146e-15,0.305259086854589,0.169,0.119,3.26880807065793e-11,"TRAK1"
1.75290020805101e-15,0.262887410090494,0.161,0.112,3.36381549924989e-11,"GEMIN4"
1.83240585700367e-15,0.268240892719834,0.159,0.11,3.51638683959005e-11,"ZNF577"
2.04738881944513e-15,0.278064221853284,0.16,0.111,3.92893914451521e-11,"ZNF350"
2.0794237307014e-15,0.275607754630045,0.168,0.119,3.99041413921599e-11,"MKL1"
2.18303007313553e-15,-0.324804528532157,0.439,0.473,4.18923471034709e-11,"CDK1"
2.59015834155507e-15,0.370678731495736,0.124,0.082,4.97051385744417e-11,"CWF19L1"
3.03850447568553e-15,0.518924134563986,0.262,0.204,5.83089008884053e-11,"OSM"
3.09382825359833e-15,-0.836635367223759,0.075,0.109,5.9370564186552e-11,"FAM171B"
3.36296257412216e-15,-0.743454934023463,0.122,0.16,6.45352517974043e-11,"TM6SF1"
3.59740968389652e-15,0.385341203636181,0.109,0.071,6.90342918339742e-11,"APOM"
3.60848768418428e-15,0.385349238213369,0.12,0.08,6.92468786594964e-11,"UBTD1"
3.61856441009534e-15,-0.277002026504815,0.582,0.588,6.94402510297295e-11,"CHIC2"
3.99193531222845e-15,-0.414513988693282,0.356,0.386,7.66052386416639e-11,"RASSF2"
4.01454668759994e-15,0.394472870695278,0.113,0.073,7.70391509350429e-11,"SLC25A35"
4.06393043554514e-15,0.289297395277394,0.171,0.121,7.79868250581112e-11,"SUMF1"
4.12046498819191e-15,0.262022983930253,0.172,0.122,7.90717231234028e-11,"VPRBP"
4.12674235773623e-15,0.265177380163828,0.22,0.162,7.91921858449583e-11,"SIRPA"
4.36594479549827e-15,-0.626751566285306,0.149,0.189,8.37824806256119e-11,"SORT1"
4.40824771043655e-15,0.256550449782848,0.128,0.085,8.45942735632774e-11,"RBAK-RBAKDN"
4.53861421988251e-15,-0.481672665048888,0.32,0.355,8.70960068795454e-11,"CDC42EP3"
4.96200998281846e-15,0.312254027916954,0.13,0.087,9.52209715702862e-11,"AMMECR1"
5.07401086633636e-15,0.299184737774472,0.175,0.125,9.73702685249948e-11,"RNF144A"
5.64613876463558e-15,0.406250796964885,0.117,0.077,1.08349402893357e-10,"PPP1R12B"
5.88695799201914e-15,0.276608288304335,0.192,0.139,1.12970723866847e-10,"UBE2O"
6.00025131644764e-15,0.342439416238476,0.116,0.076,1.1514482276263e-10,"ALG1"
6.14649193448071e-15,-0.675942498769234,0.15,0.189,1.17951180222685e-10,"RP11-841O20.2"
6.26223484685563e-15,-0.8896342521715,0.071,0.105,1.20172286711159e-10,"EMP1"
6.34582083620657e-15,0.371416264786274,0.113,0.074,1.21776301846804e-10,"VPS41"
6.44823507723967e-15,0.260641666825275,0.175,0.125,1.23741631132229e-10,"ZDHHC8"
6.60620829530525e-15,0.264505554980064,0.129,0.087,1.26773137186908e-10,"B4GALT2"
6.62194101219305e-15,0.322779023087645,0.138,0.095,1.27075048023985e-10,"VIPAS39"
7.43872986473939e-15,-0.496251121014569,0.268,0.305,1.42749226104349e-10,"KIAA1033"
7.67576196072505e-15,0.291469483647097,0.198,0.146,1.47297872026314e-10,"ZNF264"
8.0622514718981e-15,0.436201560413349,0.106,0.069,1.54714605745725e-10,"ZNF175"
8.20139916458691e-15,0.335497146250407,0.113,0.073,1.57384849968423e-10,"FANCE"
8.28492141937303e-15,0.27428376719117,0.167,0.119,1.58987642037768e-10,"ABL1"
8.2963495862857e-15,0.358166001300762,0.131,0.089,1.59206948560823e-10,"PIGB"
9.26477652791372e-15,0.260426214909592,0.184,0.133,1.77791061570664e-10,"PRKAB1"
9.30826469379957e-15,0.323836987057764,0.13,0.088,1.78625599474014e-10,"LSG1"
9.35374943998525e-15,-0.674016211297322,0.162,0.201,1.79498451753317e-10,"ZC3H12C"
9.86679365512242e-15,-0.258333488404004,0.608,0.617,1.89343770241799e-10,"ICAM3"
9.95483792528373e-15,0.368857150390282,0.107,0.07,1.91033339786195e-10,"PSTK"
1.01152194881719e-14,-0.830915732771184,0.076,0.11,1.9411106197802e-10,"SGPL1"
1.18854741614192e-14,0.423834128386866,0.102,0.065,2.28082249157635e-10,"WDR60"
1.19334926459446e-14,-0.469891482038413,0.303,0.337,2.29003723875677e-10,"FRYL"
1.31710605753098e-14,-0.763323829025276,0.086,0.121,2.52752652440195e-10,"GXYLT2"
1.33274418645216e-14,-0.302409137859442,0.517,0.533,2.55753609380169e-10,"MAPK14"
1.35357730519292e-14,0.295280900493013,0.172,0.122,2.59751484866522e-10,"EMC1"
1.36540897592914e-14,0.254226537498505,0.16,0.112,2.62021982480802e-10,"RP11-156K23.3"
1.40953607892008e-14,-0.507160997215696,0.231,0.27,2.70489973544764e-10,"CHST14"
1.43973459624288e-14,-0.551708424503336,0.197,0.237,2.76285069019009e-10,"C21orf58"
1.44907795716044e-14,0.285383522049475,0.177,0.128,2.78078059979088e-10,"MUL1"
1.46259794123016e-14,0.259087569186777,0.214,0.161,2.80672544922068e-10,"MPO"
1.49114284868017e-14,-0.395889808365963,0.255,0.295,2.86150312661725e-10,"CTSZ"
1.9326792980419e-14,-0.439156361592881,0.32,0.352,3.70881157294241e-10,"OTULIN"
1.94344438180524e-14,0.270830001100753,0.289,0.226,3.72946976868426e-10,"TM7SF2"
1.95592791301239e-14,0.275970823680931,0.17,0.121,3.75342566507078e-10,"CUL1"
1.96534670823497e-14,0.373250928057328,0.118,0.079,3.77150033310291e-10,"RPAP1"
1.97100392921747e-14,0.288332481210916,0.179,0.129,3.78235654016832e-10,"ARMC5"
2.26115519296186e-14,0.338584965224529,0.128,0.086,4.33915681529381e-10,"PNPO"
2.26461789438194e-14,0.418433500790679,0.12,0.081,4.34580173931895e-10,"KIF3B"
2.39775064738891e-14,0.368905526710571,0.115,0.076,4.60128349233932e-10,"NSDHL"
2.5070277055965e-14,0.328562231210469,0.125,0.084,4.81098616703967e-10,"LRRC8A"
2.62397851830519e-14,0.26856816416355,0.159,0.112,5.03541477662765e-10,"ZZEF1"
2.68860809534626e-14,0.284392866110976,0.125,0.084,5.15943893496947e-10,"SPATA2"
2.74239805370792e-14,-0.758946431948907,0.091,0.126,5.2626618650655e-10,"GPR85"
2.82151826024872e-14,0.298689758259926,0.17,0.122,5.4144935414173e-10,"GBA"
2.83265369529594e-14,0.257678509853038,0.175,0.125,5.43586244127292e-10,"LMBR1"
2.88289936135822e-14,0.268839756013842,0.139,0.095,5.53228387444642e-10,"ULK4"
2.97147970601558e-14,-0.525671903738917,0.249,0.285,5.7022695558439e-10,"STK38"
3.09592247087372e-14,0.301073861150879,0.16,0.113,5.94107522160667e-10,"DENND3"
3.12901236898528e-14,-0.455999326222086,0.235,0.275,6.00457473608276e-10,"SLC44A1"
3.21940952883637e-14,0.302640617882911,0.129,0.087,6.17804688583699e-10,"SCLY"
3.2508609904006e-14,-0.398425891461951,0.3,0.339,6.23840224057874e-10,"ISYNA1"
3.34823547093352e-14,0.448946197281068,0.114,0.076,6.42526386872143e-10,"INTS5"
3.70691249462651e-14,0.258454857850241,0.122,0.082,7.11356507718827e-10,"SNX29"
3.93779491990005e-14,-0.684841187154833,0.163,0.2,7.5566284512882e-10,"METAP1D"
4.32248411536813e-14,0.27482259763466,0.146,0.101,8.29484701739145e-10,"ZNF324"
4.53116727718966e-14,-0.304579065564294,0.519,0.525,8.69531000492696e-10,"ASXL1"
4.61573219241302e-14,-0.442047867025255,0.33,0.362,8.85759007724059e-10,"BIN2"
4.70771036096474e-14,0.254430260690193,0.143,0.1,9.03409618269134e-10,"NSF"
4.87818518887341e-14,-0.345102699633776,0.447,0.471,9.36123737744808e-10,"ITM2C"
5.39838647288697e-14,0.364588097699798,0.101,0.065,1.03595036414701e-09,"CYB5RL"
6.31184843433635e-14,0.348607002084866,0.148,0.105,1.21124371454915e-09,"DGKD"
6.31413571332505e-14,-0.391775725088389,0.43,0.451,1.21168264338708e-09,"FAM219B"
6.50650366142932e-14,-0.534957804945243,0.225,0.261,1.24859805262829e-09,"MDP1"
6.88284220946865e-14,-0.39264261369999,0.435,0.451,1.32081741999703e-09,"CYB5B"
6.94859764142324e-14,0.332094799220029,0.138,0.096,1.33343588738912e-09,"GNL3L"
6.98061991418115e-14,0.263995235350995,0.178,0.129,1.33958096153136e-09,"KIF1B"
7.11332941906339e-14,0.280679996040103,0.134,0.092,1.36504791551826e-09,"UTP4"
7.26157899839083e-14,-0.690500757926895,0.089,0.124,1.3934970097912e-09,"KLHDC7B"
7.6874242211035e-14,-0.52562139633833,0.194,0.234,1.47521670802976e-09,"RAB8B"
9.33485224404741e-14,-0.77413851586971,0.078,0.111,1.7913581456327e-09,"ACVR1B"
1.06437872853331e-13,0.273170504192028,0.111,0.074,2.04254278005542e-09,"PSPH"
1.06544511427054e-13,-0.419254054664932,0.36,0.388,2.04458917428516e-09,"MIR4435-2HG"
1.08774802648874e-13,-0.322941080867434,0.514,0.521,2.08738846283189e-09,"YAF2"
1.11239945982668e-13,0.317284101072497,0.128,0.087,2.1346945634074e-09,"GPD1L"
1.16501347532321e-13,0.255375824839569,0.136,0.094,2.23566085914525e-09,"CIPC"
1.18148582017623e-13,-0.309418703971659,0.546,0.549,2.26727128891818e-09,"CBX5"
1.18690690091922e-13,0.362374168973014,0.107,0.07,2.27767434286399e-09,"SLC38A6"
1.20211082907459e-13,0.307727234508513,0.137,0.095,2.30685068099414e-09,"TTC7A"
1.2430045785921e-13,0.334474531917152,0.114,0.076,2.38532578631824e-09,"CCDC85C"
1.29837057587164e-13,-0.762601634226076,0.11,0.145,2.49157313509769e-09,"CD109"
1.35833021511086e-13,-0.282597435708474,0.568,0.574,2.60663568279774e-09,"ITGB3BP"
1.35921490927873e-13,-0.361437091016423,0.436,0.454,2.60833341090588e-09,"HERC2"
1.40120037962881e-13,-0.709354451022849,0.106,0.141,2.68890352850768e-09,"HYLS1"
1.69889321912262e-13,-0.81877458390775,0.087,0.121,3.2601760874963e-09,"ADAM8"
1.74410732414068e-13,-0.332624247172161,0.488,0.506,3.34694195502596e-09,"CLEC2B"
1.91834643650659e-13,0.29735547400337,0.113,0.076,3.68130681165615e-09,"KBTBD4"
2.05319786667205e-13,0.257789549534897,0.149,0.105,3.94008670614367e-09,"TBCD"
2.09923495675851e-13,0.28413120165673,0.149,0.106,4.02843188201959e-09,"MNT"
2.19402229155886e-13,0.288580341749574,0.132,0.091,4.21032877750146e-09,"HOMER2"
2.24755280090623e-13,0.260473356232082,0.152,0.108,4.31305382493905e-09,"SLU7"
2.35232012094966e-13,-0.40459710230535,0.364,0.391,4.5141023121024e-09,"MAP2K1"
2.38672666181135e-13,0.311351460231816,0.124,0.085,4.58012846401597e-09,"PTAFR"
2.53203322853811e-13,0.287690681586089,0.162,0.117,4.85897176556464e-09,"BORA"
2.79775481932478e-13,0.269547544351838,0.104,0.068,5.36889149828426e-09,"NR1D1"
3.07082228394022e-13,-0.370028300914534,0.55,0.552,5.89290796288128e-09,"SOD2"
3.0897176896321e-13,0.275821185477772,0.141,0.099,5.929168246404e-09,"WARS2"
3.20571084848134e-13,0.382476576631825,0.106,0.071,6.15175911823569e-09,"BRAT1"
3.35234041112555e-13,0.269884876298171,0.164,0.119,6.43314124894994e-09,"GNS"
3.46661821615414e-13,-0.627452904315992,0.116,0.152,6.65244035679979e-09,"ZNF429"
3.51541356910619e-13,-0.284178869566619,0.09,0.125,6.74607863911477e-09,"CYTIP"
3.77953559246743e-13,-0.630379205983283,0.148,0.184,7.25292880194499e-09,"RNF125"
3.83251093564373e-13,0.282424323234061,0.119,0.081,7.35458848550032e-09,"PKD1"
3.99899975225088e-13,-1.17248669940432,0.298,0.331,7.67408052456945e-09,"LYZ"
4.04383200089029e-13,-0.725375764082245,0.094,0.128,7.76011360970847e-09,"BAZ2B"
4.09547796580255e-13,0.264800994386112,0.183,0.134,7.8592222163751e-09,"HSD17B4"
4.79240287927843e-13,-0.790754691284661,0.085,0.117,9.19662112533531e-09,"ZNF286A"
4.98339511679289e-13,0.274642021190489,0.131,0.091,9.56313522912556e-09,"MTHFR"
5.10422219112811e-13,0.301022510835844,0.123,0.085,9.79500238477485e-09,"EXT2"
5.36571289691101e-13,0.25333099368403,0.188,0.139,1.02968030491722e-08,"NCOA6"
5.53673787577646e-13,-0.502206262010474,0.243,0.278,1.0624999983615e-08,"HDAC7"
5.60640480489412e-13,-0.502090869359932,0.246,0.28,1.07586908205918e-08,"TMEM263"
5.83700366578957e-13,-0.701027122562177,0.101,0.135,1.12012100346502e-08,"LY75"
5.94718994275928e-13,0.26605457660816,0.112,0.076,1.1412657500155e-08,"RP11-539L10.3"
6.5963629165555e-13,-0.392017391841162,0.375,0.398,1.265842043687e-08,"ZC3H7A"
7.35648548237204e-13,-0.457936736952535,0.315,0.345,1.41170956406719e-08,"ATP2A1-AS1"
7.47720696857761e-13,-0.661347437586306,0.129,0.164,1.43487601727004e-08,"SMN1"
7.9725856337169e-13,-0.610252988766495,0.144,0.181,1.52993918311027e-08,"DENND5A"
8.0109547300694e-13,0.272581157191706,0.127,0.088,1.53730221270032e-08,"NUDT9"
8.25884893899151e-13,0.364633255275815,0.584,0.506,1.58487311139247e-08,"SLC40A1"
8.35474634880448e-13,0.277905733171054,0.131,0.091,1.60327582433558e-08,"TESK1"
8.45452861452707e-13,0.270668643585151,0.22,0.168,1.62242404112775e-08,"FYB"
8.48354709936064e-13,0.250940541402996,0.141,0.099,1.62799268836731e-08,"FAAP100"
8.69898646784707e-13,-0.782685746686723,0.092,0.124,1.66933550317985e-08,"HEATR5A"
8.81115504064949e-13,-0.684794926806668,0.145,0.179,1.69086065230064e-08,"KCTD6"
9.23775956968763e-13,0.320825974656237,0.115,0.078,1.77272606142306e-08,"FNTB"
1.03754271969748e-12,0.325378891374578,0.102,0.068,1.99104447909945e-08,"SPTLC1"
1.06142461706827e-12,0.347431978785952,0.112,0.076,2.036873840154e-08,"CTD-3185P2.1"
1.06752702911087e-12,0.256427989571384,0.147,0.105,2.04858436886377e-08,"TRERF1"
1.09979432275919e-12,-0.759177378582019,0.082,0.114,2.11050530537489e-08,"RRAS"
1.12887551656898e-12,0.252657666304591,0.142,0.1,2.16631211629587e-08,"SLC22A16"
1.20833653011646e-12,0.335166050729887,0.117,0.08,2.31879780129349e-08,"SAP130"
1.2396149150435e-12,0.255706080219216,0.215,0.166,2.37882102196847e-08,"C11orf74"
1.2474641873101e-12,0.273044354044106,0.117,0.08,2.39388377544808e-08,"DDX31"
1.26708868163352e-12,0.273894433579072,0.133,0.094,2.43154318005473e-08,"BST1"
1.27731343605788e-12,0.360317813349377,0.101,0.067,2.45116448379508e-08,"LURAP1"
1.30376672826408e-12,0.321163531769989,0.425,0.353,2.50192835153877e-08,"FHL2"
1.35580110380618e-12,-0.707496475309798,0.109,0.143,2.60178231820405e-08,"TRIM54"
1.44191886753844e-12,0.287395207864655,0.124,0.086,2.76704230680626e-08,"TELO2"
1.47202037497719e-12,0.314486406060725,0.128,0.089,2.82480709958122e-08,"KLHL15"
1.5664454877796e-12,0.29106220544077,0.108,0.072,3.00600889104906e-08,"CEP19"
1.59063057080007e-12,-0.36306272002492,0.451,0.466,3.05242006536533e-08,"RASSF1"
1.74699550102276e-12,-0.501006982482757,0.263,0.295,3.35248436646267e-08,"SYMPK"
1.78069743593463e-12,-0.400020719807709,0.306,0.338,3.41715837955855e-08,"C8orf88"
1.89903115989776e-12,0.251975299076215,0.155,0.112,3.6442407958438e-08,"ADCK2"
2.70035168139463e-12,-0.602395109085238,0.154,0.189,5.18197487659629e-08,"LDLR"
2.72660056990820e-12,-0.315479387884682,0.511,0.515,5.23234649365385e-08,"DNAJC4"
2.9987071287906e-12,-0.310727588432331,0.47,0.485,5.75451898014917e-08,"CBX1"
3.06009334100635e-12,-0.401536379149485,0.314,0.344,5.87231912139118e-08,"ZNF431"
3.09536601625582e-12,0.308235937130242,0.116,0.08,5.94000738519492e-08,"SLC25A25"
3.28940240362686e-12,0.284586224261594,0.135,0.096,6.31236321255995e-08,"RP11-538P18.2"
3.29374634043404e-12,-0.596050153773874,0.165,0.2,6.32069922729292e-08,"NBPF19"
3.41495324081367e-12,-0.409167230545679,0.333,0.36,6.55329526912144e-08,"NRM"
3.46084621539041e-12,0.270990266127148,0.132,0.093,6.6413638873342e-08,"ZNF772"
3.53688479098585e-12,0.264930993032584,0.108,0.073,6.78728191390185e-08,"HPS6"
3.7170326892857e-12,0.261972935079992,0.162,0.118,7.13298573073925e-08,"ACSL4"
4.44239332142255e-12,0.35400153289401,0.11,0.076,8.52495278380988e-08,"RALY-AS1"
4.76452390948769e-12,-0.75545870210132,0.096,0.127,9.14312138230688e-08,"DDX60L"
4.8517473438588e-12,-0.589471075033065,0.181,0.215,9.31050315286503e-08,"NAB1"
5.35549042616794e-12,0.274785598837062,0.132,0.094,1.02771861278163e-07,"ZSCAN2"
5.69773493028209e-12,0.266521818222741,0.137,0.098,1.09339533312113e-07,"KPTN"
5.88298843997073e-12,-0.434176065435051,0.317,0.344,1.12894548163038e-07,"FOXO3"
5.99415385528368e-12,-0.615730904006317,0.144,0.178,1.15027812482894e-07,"KIF13A"
6.18561995335562e-12,0.263494442224159,0.148,0.107,1.18702046904894e-07,"RSPRY1"
6.22341243899828e-12,-0.641419516584909,0.118,0.152,1.19427284704377e-07,"AGTPBP1"
6.36008339366689e-12,0.309994699340235,0.129,0.091,1.22050000324468e-07,"QSOX2"
6.86645514297081e-12,-0.691551735514719,0.103,0.135,1.3176727419361e-07,"ZNF217"
7.21357883497955e-12,-0.72774972394356,0.095,0.126,1.38428577843258e-07,"RP11-545E17.3"
7.57084505183246e-12,0.287693771715316,0.123,0.086,1.45284516544665e-07,"KANK1"
7.66189602531638e-12,-0.506073683326584,0.216,0.25,1.47031784725821e-07,"CEP135"
7.97001010788966e-12,0.297561080882069,0.108,0.074,1.52944493970403e-07,"PLEKHA4"
8.76079195964611e-12,-0.508448390182223,0.232,0.266,1.68119597705609e-07,"CD55"
1.01557574162466e-11,-0.703717977266913,0.129,0.161,1.94888984817772e-07,"CEP70"
1.11078334707788e-11,-0.676802056059341,0.122,0.155,2.13159324304244e-07,"TRAM2"
1.18361485686203e-11,-0.255749705151611,0.541,0.542,2.27135691031824e-07,"LEPROT"
1.3310190753924e-11,-0.486563683349038,0.243,0.273,2.55422560567801e-07,"CTNND1"
1.46685688051286e-11,-0.468227658188148,0.171,0.207,2.81489835370417e-07,"KCNMB1"
1.52792088190981e-11,-0.261886748729522,0.521,0.535,2.93208017238493e-07,"INSIG1"
1.61981021897275e-11,-0.609070096773236,0.146,0.179,3.10841581020871e-07,"PKD2"
1.65567509476090e-11,0.287756051523312,0.126,0.089,3.17724050684618e-07,"IKBKAP"
1.6595524364177e-11,-0.449730010339874,0.271,0.301,3.18468112548557e-07,"TRIOBP"
2.14128306307976e-11,0.272916157379556,0.141,0.102,4.10912219805005e-07,"TMEM53"
2.18433886800819e-11,0.385613337628066,0.137,0.1,4.19174628770772e-07,"ABCC4"
2.29720852233224e-11,0.319595537143728,0.101,0.068,4.40834315435557e-07,"FAM220A"
2.35112175776450e-11,-0.474251574345752,0.235,0.267,4.51180265315008e-07,"CYP2R1"
2.40425680482513e-11,-0.586027153325958,0.154,0.187,4.61376880845942e-07,"FAM127A"
2.42758916342175e-11,0.316458533183372,0.105,0.072,4.65854360460634e-07,"AP001462.6"
2.46000011400335e-11,0.285531344770647,0.115,0.08,4.72074021877243e-07,"GFOD2"
2.58763435338436e-11,0.282322892375512,0.11,0.076,4.96567032414459e-07,"NUBPL"
2.67961473169816e-11,0.255699760058635,0.125,0.088,5.14218067012878e-07,"WWOX"
2.79949071420801e-11,0.400318962995681,0.232,0.183,5.37222268056516e-07,"PLPP1"
2.88606933647521e-11,-0.712252727497841,0.102,0.133,5.53836705669594e-07,"NSUN3"
3.02547699654408e-11,-0.407302962722145,0.356,0.375,5.8058903563681e-07,"ANKRD49"
3.39175126062686e-11,-0.597706398007175,0.174,0.207,6.50877066914294e-07,"IRF2BPL"
3.53594494070593e-11,0.302906534328324,0.107,0.074,6.78547834121469e-07,"TTLL4"
4.61930184061991e-11,-0.376093542925262,0.395,0.413,8.8644402321496e-07,"DPYSL2"
4.90638713670581e-11,-0.565260804077811,0.153,0.186,9.41535691533845e-07,"MBD5"
5.01322347852815e-11,0.313000075253855,0.108,0.075,9.62037585529552e-07,"SUSD3"
5.14284813014064e-11,-0.421913238035361,0.252,0.286,9.86912556173988e-07,"LINC00869"
5.18420716392438e-11,-0.254358144767375,0.59,0.587,9.94849354757089e-07,"SYPL1"
5.1855513034096e-11,-0.574323791968046,0.164,0.196,9.95107295124303e-07,"KLF10"
5.39843778187302e-11,0.251876697482865,0.114,0.079,1.03596021034143e-06,"DOLPP1"
6.07120394052308e-11,-0.685466725067112,0.103,0.133,1.16506403618638e-06,"TP53I3"
6.85898383734107e-11,-0.361379831478903,0.369,0.389,1.31623899838575e-06,"TWSG1"
7.74309397729271e-11,0.279939975656939,0.164,0.123,1.48589973424247e-06,"PEX26"
9.63384675415057e-11,-0.441819153272849,0.292,0.318,1.84873519212149e-06,"IL10RB"
9.64653042833598e-11,0.30625085223273,0.102,0.071,1.85116918919768e-06,"DAGLB"
9.6894037628934e-11,-0.28623072974665,0.561,0.552,1.85939658209924e-06,"DLEU2"
1.00802473680342e-10,0.281192930138785,0.102,0.07,1.93439946992576e-06,"ZNF525"
1.2621721837766e-10,-0.300539155693439,0.451,0.463,2.42210842066729e-06,"PLEKHF2"
1.26999989251623e-10,0.260608019430084,0.129,0.093,2.43712979373864e-06,"AREL1"
1.31559586596841e-10,-0.414603710673768,0.303,0.328,2.52462846679337e-06,"MB21D1"
1.33156019385823e-10,-0.457354042813614,0.243,0.272,2.55526401201394e-06,"STXBP3"
1.33254169849512e-10,-0.566474657163718,0.157,0.189,2.55714751941213e-06,"CCNE2"
1.42816512710745e-10,0.267544219905293,0.108,0.076,2.7406488789192e-06,"CLP1"
1.4301101016833e-10,-0.565989595712517,0.164,0.196,2.74438128513026e-06,"FAM198B"
1.68201534037074e-10,0.32287131843769,0.1,0.07,3.22778743817145e-06,"CYFIP2"
2.01174841683672e-10,0.268931300706091,0.148,0.11,3.86054521190966e-06,"TMEM39A"
2.09919824793505e-10,-0.504695242886777,0.162,0.194,4.02836143778735e-06,"ATE1"
2.55653201156736e-10,-0.447392897344736,0.261,0.289,4.90598493019776e-06,"PROM1"
2.59336236633547e-10,-0.347515327361491,0.368,0.39,4.97666238099777e-06,"MPZL1"
2.71421559271916e-10,-0.28401955603085,0.49,0.504,5.20857972242808e-06,"DUSP6"
2.96096026939088e-10,-0.341957072117314,0.457,0.463,5.68208275696109e-06,"NTAN1"
2.97979146296656e-10,-0.64676332046596,0.096,0.125,5.71821981743283e-06,"MDFI"
3.01162104197044e-10,-0.738611957880524,0.114,0.142,5.77930077954127e-06,"TRIP4"
3.52887745800489e-10,-0.539953736154491,0.2,0.229,6.77191584191138e-06,"KIFC1"
3.53292305948825e-10,-0.471220495936997,0.266,0.292,6.77967935115795e-06,"PRKAR2B"
4.2327771670532e-10,0.26839813692885,0.11,0.078,8.12269938357509e-06,"TCTE3"
4.61836758589437e-10,-0.565076368000478,0.178,0.208,8.8626473973313e-06,"RINL"
5.14626619177594e-10,-0.288121167171346,0.492,0.5,9.87568482201804e-06,"ZNF292"
5.23588335675309e-10,-0.396116650558313,0.292,0.319,1.00476601616092e-05,"LINC00969"
5.31732310375457e-10,-0.720219763847977,0.077,0.104,1.0203943036105e-05,"AC093818.1"
5.34590840438845e-10,-0.278848266101023,0.459,0.464,1.02587982280214e-05,"DDX6"
5.38053829029868e-10,-0.513400481641433,0.197,0.228,1.03252529790832e-05,"ARRDC3"
5.55638634295861e-10,-0.437465040286153,0.27,0.295,1.06627053921376e-05,"UBA3"
5.58877098551142e-10,0.28115011207885,0.125,0.091,1.07248515211964e-05,"FAM160A2"
5.93262993724303e-10,-0.468706069497021,0.164,0.196,1.13847168495694e-05,"GCHFR"
6.68635707878489e-10,-0.452313321573606,0.232,0.261,1.28311192341882e-05,"MBD2"
6.85236759696347e-10,-0.515126104468844,0.196,0.225,1.31496934185729e-05,"CTD-3252C9.4"
6.86055632769365e-10,-0.418178041962119,0.242,0.271,1.31654075928441e-05,"STAT6"
8.40121012775008e-10,-0.700258403631695,0.087,0.114,1.61219222351524e-05,"DSE"
8.41672288887385e-10,-0.311016815605944,0.378,0.396,1.61516912237489e-05,"NABP1"
8.41997338892866e-10,-0.277912332462725,0.578,0.575,1.61579289333541e-05,"CLSPN"
8.52183260913411e-10,-0.658019815476959,0.105,0.133,1.63533967769284e-05,"ZNF662"
9.23380467915625e-10,0.4075586750196,0.324,0.275,1.77196711793008e-05,"CSF2RB"
9.90085990558822e-10,-0.327798305766823,0.424,0.439,1.89997501588238e-05,"GNG11"
1.04552495036676e-09,-0.270359469847859,0.514,0.514,2.00636237975381e-05,"SLC38A2"
1.10336749606117e-09,-0.457653896745153,0.196,0.227,2.11736222494139e-05,"EPS8L2"
1.10532899281211e-09,0.297957462572881,0.1,0.07,2.12112633720644e-05,"TTC7B"
1.17120884245725e-09,-0.557383226433247,0.156,0.185,2.24754976867547e-05,"GAS7"
1.2608916847215e-09,-0.638355950209975,0.101,0.129,2.41965114298057e-05,"IL6ST"
1.37989101388186e-09,-0.476758883105417,0.25,0.274,2.6480108556393e-05,"LOXL1-AS1"
1.52548886810704e-09,0.254643145815014,0.113,0.082,2.92741313789741e-05,"MED25"
1.6330789494823e-09,-0.556683254475434,0.123,0.153,3.13387850405653e-05,"TRIM38"
1.64330524264091e-09,-0.737096470553759,0.092,0.118,3.15350276062791e-05,"PRR5L"
1.65399220811249e-09,-0.593162686173206,0.105,0.134,3.17401104736786e-05,"ANKRD65"
1.96812947281523e-09,-0.542716186986421,0.168,0.196,3.77684045833243e-05,"YBEY"
1.9715973780316e-09,0.398141361674154,0.14,0.106,3.78349536844265e-05,"TSC22D3"
1.98935545453851e-09,-0.375783521044442,0.331,0.353,3.81757311725941e-05,"POLD3"
1.99891819856101e-09,-0.532453393502794,0.113,0.141,3.83592402303858e-05,"TRIM69"
2.04451577718938e-09,-0.646849750938184,0.11,0.138,3.92342577642642e-05,"SELM"
2.18236699817707e-09,-0.381487220706761,0.294,0.319,4.1879622695018e-05,"UBL3"
2.1899132442847e-09,-0.747812936054527,0.128,0.156,4.20244351578234e-05,"CXCL2"
2.43094642835408e-09,-0.463942915246259,0.2,0.23,4.66498619601148e-05,"PPWD1"
2.45437700555592e-09,-0.302254580118018,0.43,0.439,4.7099494736618e-05,"MFSD14A"
2.499187285621e-09,0.259361395474505,0.121,0.089,4.79594040110669e-05,"ANXA6"
2.52577212954793e-09,-0.546377832592722,0.142,0.171,4.84695671660248e-05,"TCTEX1D1"
2.54262945661101e-09,0.272497835569182,0.122,0.09,4.87930592723653e-05,"AC009506.1"
2.79062759241407e-09,-0.360947411988101,0.37,0.383,5.3552143498426e-05,"RRN3"
2.86422644093107e-09,-0.426167904862608,0.247,0.273,5.49645054014671e-05,"NXPE3"
3.22234882746337e-09,-0.601527977940873,0.126,0.154,6.18368739990222e-05,"FRMD4B"
3.27308056031755e-09,-0.430378530681822,0.278,0.304,6.28104159524939e-05,"STARD10"
3.42772324411383e-09,-0.29187961674116,0.476,0.477,6.57780090545445e-05,"VPS4B"
3.67263368660509e-09,-0.305416652518876,0.44,0.454,7.04778404459517e-05,"TP53I13"
3.81002118933044e-09,-0.388552394690942,0.309,0.328,7.31143066232511e-05,"EIF2A"
4.23887697323504e-09,-0.53558215256566,0.216,0.241,8.13440491163804e-05,"PIP5K1B"
4.43738808357195e-09,-0.370254213781222,0.276,0.303,8.51534773237457e-05,"RICTOR"
5.15108713603854e-09,-0.690712967818807,0.106,0.132,9.88493621405796e-05,"ANKRD26"
5.77595849081969e-09,-0.495074980537495,0.206,0.234,0.00011084064343883,"ATM"
7.7933422253464e-09,-0.4458197331445,0.196,0.225,0.000149554237304397,"ATN1"
8.83522995295864e-09,-0.670920789744136,0.095,0.121,0.000169548062797276,"ZFAND4"
8.9907548886162e-09,-0.412544958637825,0.319,0.337,0.000172532586312545,"QPRT"
9.50388288459985e-09,-0.690573648641305,0.11,0.136,0.000182379512555471,"CA11"
1.00606422683198e-08,-0.325261069066791,0.363,0.38,0.000193063725129056,"GPATCH8"
1.03568702869549e-08,-0.275810197208842,0.49,0.492,0.000198748340806664,"CARD8"
1.04446798903696e-08,-0.305289130252591,0.432,0.442,0.000200433407096193,"IFT57"
1.06655686026102e-08,-0.354013344038547,0.391,0.401,0.000204672261484089,"EPM2AIP1"
1.12210332343821e-08,-0.432556727439432,0.222,0.249,0.000215331627767793,"MANBA"
1.14076410359541e-08,-0.527769982065707,0.164,0.191,0.000218912631479958,"DDX39B"
1.19787890064332e-08,-0.42799080946681,0.25,0.275,0.000229872961033453,"CSGALNACT2"
1.27302095116512e-08,-0.504158083569579,0.158,0.186,0.000244292720528586,"RTKN2"
1.41091029769106e-08,-0.476457394699031,0.181,0.208,0.000270753686126913,"RP11-262H14.4"
1.4176699010959e-08,-0.500826213185079,0.19,0.216,0.000272050854020303,"C2CD5"
1.56069342500251e-08,-0.273630184827522,0.437,0.446,0.000299497068257981,"UNK"
1.64056482685326e-08,-0.60777123801367,0.113,0.139,0.000314824390273141,"ABLIM1"
1.8706920049148e-08,-0.547374107201358,0.189,0.213,0.00035898579574315,"FAIM"
1.92338996640875e-08,-0.394868673520507,0.334,0.35,0.00036909853455384,"CDC25B"
2.04689516157988e-08,-0.520175646347934,0.19,0.216,0.000392799181507178,"GALM"
2.95621836193094e-08,-0.525690012529309,0.161,0.188,0.000567298303654547,"CXorf21"
2.97169565845238e-08,-0.339157041186371,0.357,0.371,0.000570268396857012,"REL"
3.0951072927347e-08,-0.401502997309465,0.288,0.307,0.000593951089475789,"RP11-345J4.5"
3.12730026103108e-08,-0.25651636192592,0.481,0.481,0.000600128920091864,"ELF2"
3.40225742388095e-08,-0.511975613415119,0.114,0.139,0.000652893199642754,"AK1"
4.04881551274128e-08,-0.342800968125342,0.394,0.402,0.000776967696895052,"BRD9"
4.05267928861724e-08,-0.586825999556047,0.124,0.149,0.000777709155485648,"NEURL1B"
4.13991458010184e-08,-0.257451262408967,0.581,0.572,0.000794449607921543,"CDKN3"
4.14180163182072e-08,-0.380380882347789,0.53,0.528,0.000794811733146395,"CENPF"
4.37229670341458e-08,-0.432899214346449,0.277,0.297,0.000839043737385257,"PIP5K1A"
5.19505210534358e-08,-0.691188780637794,0.094,0.118,0.000996930499015433,"NBPF15"
5.58992429525077e-08,-0.649598998506535,0.1,0.125,0.00107270647225862,"CTD-3074O7.5"
5.69394828128986e-08,-0.746195940889629,0.082,0.104,0.00109266867517952,"RP11-473M20.16"
6.03252823046965e-08,-0.458718071439898,0.208,0.231,0.00115764216742713,"LACTB"
6.20940304528919e-08,-0.362225189527459,0.279,0.303,0.00119158444439099,"ATP1B1"
6.57412604597878e-08,-0.410763598173065,0.354,0.368,0.00126157478822333,"ACSM3"
7.00772584090738e-08,-0.483755574271258,0.178,0.204,0.00134478258887013,"TST"
7.91418021564886e-08,-0.660638296102493,0.108,0.132,0.00151873118338302,"FAM41C"
7.94718047312847e-08,-0.507647406996796,0.131,0.157,0.00152506393279335,"MOSPD3"
9.54190677180523e-08,-0.358887728769555,0.313,0.33,0.00183109190950942,"C19orf66"
1.01425879838432e-07,-0.589002017794974,0.097,0.121,0.00194636263409952,"FCGR1A"
1.06429884300644e-07,-0.280834796124833,0.462,0.462,0.00204238947972936,"RP11-352M15.2"
1.10981487183428e-07,-0.5383708985741,0.112,0.137,0.00212973473904999,"LINC00623"
1.24891749295045e-07,-0.269853231677938,0.473,0.474,0.00239667266897192,"WBP4"
1.28167816189661e-07,-0.392916988372718,0.245,0.267,0.00245954039267959,"HIST1H1C"
1.2917494383044e-07,-0.48653984735689,0.194,0.218,0.00247886717210615,"ZNF100"
1.3287117760611e-07,-0.464276832798568,0.19,0.213,0.00254979789826125,"PLK4"
1.60875414382661e-07,-0.299447956218501,0.393,0.402,0.00308719920200326,"ASCC2"
1.62723169299765e-07,-0.379035757757629,0.293,0.31,0.00312265761886249,"ARID2"
1.780909769375e-07,-0.508554184493248,0.193,0.216,0.00341756584743062,"NLRC3"
1.88731051280697e-07,-0.319280674978991,0.405,0.411,0.00362174887407657,"INTS6"
1.97074269740188e-07,-0.365954974310905,0.306,0.322,0.00378185523631421,"EIF2AK2"
2.02994779805215e-07,-0.619225215471628,0.096,0.119,0.00389546982446207,"ACAD8"
2.25726569981686e-07,-0.328188115307543,0.338,0.354,0.00433169287794856,"RAB22A"
2.29437536172299e-07,-0.65442037164925,0.091,0.113,0.00440290631914643,"FLVCR1-AS1"
2.39935001296108e-07,-0.577473125264238,0.1,0.123,0.00460435267487231,"LIN9"
2.59018631196117e-07,-0.282547532384862,0.407,0.415,0.00497056753265348,"C2orf68"
2.69006230082548e-07,-0.551073347362408,0.121,0.144,0.0051622295552841,"RFFL"
2.72444958642804e-07,-0.368534085470902,0.337,0.349,0.00522821875635541,"SMAP2"
2.74858417292176e-07,-0.335296978636603,0.318,0.337,0.00527453302783686,"GUCY1B3"
2.76490076515181e-07,-0.556726369717838,0.087,0.11,0.00530584456832633,"FLT3LG"
3.04836955017547e-07,-0.434107280782956,0.24,0.26,0.00584982116678674,"PLSCR1"
3.12950691083736e-07,-0.270160054926674,0.439,0.444,0.00600552376189689,"ILK"
3.19432750548959e-07,-0.503123946363854,0.131,0.156,0.00612991448303452,"CYTH4"
4.22524311953498e-07,-0.521749576990501,0.138,0.161,0.00810824154638764,"ZBTB25"
4.39426599145112e-07,-0.37150162934436,0.27,0.287,0.00843259643759469,"C18orf32"
5.05757227620347e-07,-0.488435386823385,0.17,0.192,0.00970548119803447,"APOL6"
5.26896054563582e-07,-0.528795982304744,0.131,0.155,0.0101111352870751,"CCDC92"
5.55626115599008e-07,-0.430951033212682,0.228,0.249,0.010662465158345,"BCL3"
5.66166064177054e-07,-0.450722436867091,0.185,0.208,0.0108647267715577,"PAG1"
5.93296487481269e-07,-0.490479766831438,0.161,0.184,0.0113853595947656,"TRIM26"
6.44171835804939e-07,-0.255791542064115,0.479,0.479,0.0123616575290968,"PITPNB"
6.79599586931545e-07,-0.369004209107104,0.266,0.284,0.0130415160732163,"KIF11"
6.9058391077484e-07,-0.481593019883791,0.193,0.215,0.0132523052477692,"SLC12A5"
6.94913212545793e-07,-0.569499404470823,0.1,0.122,0.0133353845487538,"SERAC1"
7.31206879034424e-07,-0.41748947725453,0.253,0.273,0.0140318600086706,"MIR155HG"
8.24947698135434e-07,-0.609937173504436,0.087,0.109,0.015830746327219,"SLC35G1"
8.84513231285909e-07,-0.420102865796498,0.247,0.265,0.0169738089083766,"ZBED5"
9.0580833935294e-07,-0.61085814309319,0.087,0.108,0.0173824620321829,"SCPEP1"
9.5596942596611e-07,-0.276875588898476,0.435,0.434,0.0183450532842897,"CTDSPL2"
9.65124739163534e-07,-0.580063144124557,0.1,0.122,0.0185207437445482,"FGD5"
9.87544462419006e-07,-0.623091277425393,0.101,0.122,0.0189509782338207,"TNFSF12"
1.03446022691069e-06,-0.501846446568401,0.132,0.155,0.0198512917544161,"ATF7IP"
1.1135048721328e-06,-0.63149684139526,0.08,0.101,0.0213681584962284,"SMIM14"
1.18390547123077e-06,-0.622756749270528,0.086,0.106,0.0227191459929185,"LRP6"
1.20283411711398e-06,-0.547216077528849,0.118,0.14,0.0230823867074173,"ANKRD44"
1.22133860559654e-06,-0.334997367426519,0.338,0.349,0.0234374878413976,"PSMB8-AS1"
1.25749209824407e-06,-0.395331855264725,0.213,0.233,0.0241312733653038,"COL4A3BP"
1.25871581512854e-06,-0.396536156557658,0.296,0.31,0.0241547564923167,"NNT-AS1"
1.31899241287053e-06,-0.621777763023482,0.113,0.135,0.0253114644029854,"TRIM47"
1.36540733295728e-06,-0.54857235803079,0.091,0.112,0.0262021667194502,"GOLGA8N"
1.41226792007825e-06,-0.398616211333715,0.256,0.272,0.0271014213863016,"CASC5"
1.42793155755784e-06,-0.292739290338474,0.431,0.428,0.027402006589535,"FMNL1"
1.611534555283e-06,-0.415384228305776,0.238,0.256,0.0309253481158809,"COMMD2"
1.74661178487454e-06,-0.388531714469543,0.251,0.268,0.0335174801517424,"STX11"
1.88917766022694e-06,-0.524488943638087,0.131,0.152,0.0362533192997549,"SEZ6L2"
1.90471900601421e-06,-0.355424845736785,0.296,0.31,0.0365515577254127,"ZFP91"
1.92739866025588e-06,0.298862573093789,0.155,0.126,0.0369867802903103,"DOK2"
2.25261784414957e-06,-0.349046854432176,0.352,0.359,0.0432277364292302,"CASP4"
2.58320813347019e-06,-0.402379450934637,0.238,0.256,0.0495717640812929,"BCOR"
2.61882119306415e-06,-0.543159434495226,0.123,0.144,0.050255178694901,"AC108488.4"
2.75472066582869e-06,-0.56577226720615,0.139,0.159,0.0528630895772526,"AC113189.5"
2.76116226130978e-06,-0.405020451962736,0.251,0.267,0.0529867037945346,"PATL1"
2.84186830488765e-06,-0.626859874218792,0.121,0.142,0.054535452770794,"SMAGP"
2.92062842146158e-06,-0.323916111871143,0.289,0.306,0.0560468594078478,"FCHO1"
2.97902126944969e-06,-0.357451755766223,0.242,0.263,0.0571674181607396,"HCG11"
3.08820914813523e-06,-0.377146632690854,0.298,0.312,0.059262733552715,"TNFAIP8L1"
3.53843819681053e-06,-0.391865306140809,0.217,0.237,0.0679026289967941,"STAG1"
3.80077308086265e-06,-0.331339124893656,0.349,0.357,0.0729368354217542,"CREB1"
3.99059610606615e-06,-0.48503912943983,0.139,0.16,0.0765795392754094,"PEA15"
4.1651107354271e-06,-0.323564941579919,0.393,0.395,0.0799284750128461,"NFKBIE"
4.2129853175082e-06,-0.424498842626758,0.195,0.214,0.0808471882429823,"CCDC77"
4.59012355084604e-06,-0.253278895619484,0.45,0.447,0.0880844709407354,"SYAP1"
4.64004544332851e-06,-0.319251317573536,0.374,0.379,0.0890424720574742,"COPA"
5.01038256201771e-06,-0.28301481571427,0.397,0.4,0.0961492413651199,"CCNL1"
5.08963560905136e-06,-0.430242133415592,0.216,0.234,0.0976701073376955,"HOXA7"
5.30390344040401e-06,-0.555539389719868,0.11,0.13,0.101781907021353,"CBWD7"
5.7943358797728e-06,-0.456553042111492,0.156,0.177,0.11119330553284,"ALDH2"
6.9086502497931e-06,-0.314913355950177,0.178,0.201,0.13257699829353,"SLC27A2"
6.91960616504265e-06,-0.378815924232894,0.224,0.242,0.132787242307169,"HJURP"
7.41951538953005e-06,-0.310560473843763,0.356,0.362,0.142380500325082,"BOD1L1"
7.43442969757956e-06,-0.433696472202608,0.191,0.21,0.142666705896552,"MORC3"
7.49241940856585e-06,-0.428453976621012,0.153,0.175,0.143779528450379,"HRH2"
7.7874542054549e-06,-0.531187229720517,0.121,0.141,0.149441246202679,"TBC1D4"
7.82194033400713e-06,-0.300206668479843,0.39,0.393,0.150103035009597,"PSMA6"
7.92382364678974e-06,-0.474853466771167,0.15,0.17,0.152058175781895,"MSH3"
8.12972719843637e-06,-0.510942293935242,0.131,0.151,0.156009464937994,"BRD8"
8.20959148842447e-06,-0.290052610127116,0.388,0.391,0.157542060662866,"SFT2D2"
8.22772944344074e-06,-0.363317070576826,0.276,0.291,0.157890128019628,"HOXB5"
8.35790120310494e-06,-0.361691968202473,0.292,0.303,0.160388124087584,"PAK1"
8.3625214356513e-06,-0.498545747876805,0.181,0.198,0.160476786350148,"CIITA"
9.04317718125419e-06,-0.633499741489769,0.086,0.105,0.173538570108268,"CPA3"
9.55014394649282e-06,-0.475555380954703,0.174,0.192,0.183267262333197,"MELK"
9.87128750705642e-06,-0.292925187472769,0.367,0.374,0.189430007260413,"ATP8B4"
1.04044695272661e-05,-0.596305458123776,0.084,0.102,0.199661770228236,"RP11-35G9.3"
1.08369278082207e-05,-0.392017646516301,0.208,0.226,0.207960644639755,"RAB37"
1.11566507374302e-05,-0.364239143103361,0.267,0.282,0.214096127651286,"TANK"
1.22924131052596e-05,-0.448974861299591,0.173,0.192,0.235891407489932,"SUSD6"
1.26543545750836e-05,-0.311571278571387,0.326,0.337,0.242837064295854,"GDF11"
1.30036700393113e-05,-0.28708723539192,0.364,0.372,0.249540428054384,"TNRC6A"
1.34888233722524e-05,-0.359877379115806,0.295,0.307,0.258850520513524,"EAF1"
1.4456692637159e-05,-0.406470229883707,0.206,0.223,0.277423931707081,"RAB24"
1.50409562417729e-05,-0.541960252996198,0.096,0.114,0.288635950279621,"KIFC3"
1.55602617626616e-05,-0.450524967169474,0.201,0.218,0.298601423225476,"RNF149"
1.56408486324666e-05,-0.476949393065147,0.129,0.149,0.300147885257034,"MAP3K1"
1.59217722655672e-05,-0.300692456495945,0.442,0.437,0.305538809776234,"BCL11A"
1.65286161547606e-05,-0.271874083675979,0.347,0.358,0.317184144009855,"PRC1"
1.74326469088778e-05,-0.47648942359971,0.137,0.156,0.334532494181365,"SRGAP2C"
1.86152039876065e-05,-0.434664685305647,0.212,0.229,0.357225764522169,"THEM6"
1.90429279386332e-05,-0.51998870161236,0.149,0.168,0.365433787142371,"CMBL"
2.09988072496806e-05,-0.295479739133652,0.343,0.352,0.40296711112137,"ATP6V1B2"
2.25497425512251e-05,-0.255424707836285,0.459,0.453,0.43272955955801,"IFNGR2"
2.25721581223217e-05,-0.507409497109582,0.094,0.112,0.433159714367353,"UBA7"
2.30725604841634e-05,-0.569309216303195,0.085,0.103,0.442762435691095,"SEMA6B"
2.35431693168996e-05,-0.299372471306617,0.389,0.39,0.451793419191304,"SGOL2"
2.37870888239032e-05,-0.364980363100594,0.257,0.272,0.456474234530702,"FBXL3"
2.62090781913751e-05,-0.372003290227202,0.258,0.27,0.502952210492489,"ATG16L2"
2.87627727581647e-05,-0.455919115797766,0.17,0.187,0.55195760922918,"MEF2A"
2.88085506742804e-05,-0.306954783976457,0.295,0.308,0.552836087439441,"PELI2"
2.95506005108918e-05,-0.379398319432666,0.25,0.263,0.567076023804013,"PDHX"
3.0906127287299e-05,-0.425383810177669,0.159,0.177,0.593088582643267,"EPSTI1"
3.09154776511439e-05,-0.503591263859216,0.122,0.141,0.593268016125452,"PDCD4-AS1"
3.20550292446713e-05,-0.421335059943654,0.198,0.215,0.615136011205242,"HERC1"
3.27894595741146e-05,-0.334302611784032,0.247,0.263,0.62922972922726,"ORAI3"
3.44203086672561e-05,-0.407638367041853,0.164,0.182,0.660525723324644,"ASGR1"
3.49329988721593e-05,-0.371161994965763,0.286,0.296,0.670364248356737,"TAGAP"
3.56489066010399e-05,-0.40515998392771,0.182,0.2,0.684102517673956,"RRM2B"
3.72094979646891e-05,-0.286169934285788,0.391,0.393,0.714050265942385,"TDP2"
3.72421182040683e-05,-0.329171054217105,0.27,0.285,0.714676248336071,"DCP2"
3.85365858477346e-05,-0.652207587941374,0.086,0.103,0.739517082418026,"KDELC2"
3.9956667867815e-05,-0.410693593096828,0.178,0.197,0.766768456383371,"MXD4"
4.22185927420511e-05,-0.32274720671751,0.281,0.293,0.810174794719961,"TMEM19"
4.43554570372073e-05,-0.455032996883755,0.12,0.139,0.851181220544009,"STX3"
4.82133131206374e-05,-0.418920803770031,0.101,0.119,0.925213478785032,"AGO4"
4.90523940463378e-05,-0.532653342851189,0.157,0.173,0.941315441749222,"SYNJ2BP"
5.11236378083715e-05,-0.338296188056213,0.275,0.285,0.981062609542649,"NCK1"
5.1709031137922e-05,-0.307011361515247,0.326,0.333,0.992296307536723,"CHD2"
5.40215274134115e-05,-0.446248527902894,0.211,0.225,1,"GUCY1A3"
5.59305066117248e-05,-0.495410452551933,0.107,0.124,1,"FBXO30"
6.42790584756876e-05,-0.336717742647119,0.234,0.25,1,"LRP10"
6.66134314519262e-05,-0.327740263205853,0.321,0.327,1,"ABHD17B"
6.75513793447507e-05,-0.343308095361582,0.277,0.286,1,"FAM76B"
7.69177450362985e-05,-0.397990703592012,0.21,0.224,1,"ARHGAP5"
7.69495956336736e-05,-0.473367476229543,0.153,0.17,1,"CENPQ"
7.75889516065013e-05,-0.463978461434169,0.083,0.1,1,"CYSTM1"
7.89424643132445e-05,-0.313662291410845,0.261,0.276,1,"TRIM56"
8.23832484247044e-05,-0.285224071404893,0.363,0.365,1,"MGEA5"
8.42185799829243e-05,-0.500611639363443,0.097,0.114,1,"WDR37"
8.59897279040637e-05,-0.500494089731737,0.142,0.159,1,"MYLIP"
9.15035716071216e-05,-0.45967705777437,0.197,0.211,1,"HIST2H2AC"
9.47973008009084e-05,-0.33427846077004,0.237,0.251,1,"CDK2"
9.84201926897221e-05,-0.370117826924228,0.236,0.249,1,"TAP1"
9.85559343348002e-05,-0.418521387280334,0.11,0.127,1,"ARHGEF12"
0.000113046076502418,-0.503574026089791,0.123,0.139,1,"TRAPPC13"
0.000113900608713727,-0.391900293057739,0.207,0.222,1,"EIF4E3"
0.00011467631403513,-0.45655222337215,0.216,0.228,1,"LPIN1"
0.000115080416720856,-0.362096140425642,0.233,0.246,1,"HGSNAT"
0.000116862268004154,-0.454997934460422,0.103,0.12,1,"SGMS1"
0.000117240875861343,-0.529710697294185,0.095,0.111,1,"MASTL"
0.000119712375867437,-0.404020380201781,0.191,0.207,1,"LTC4S"
0.000129498170634238,-0.401639684914623,0.176,0.192,1,"RXRA"
0.000130581602757287,-0.282695313359606,0.385,0.383,1,"RNF168"
0.000135431689610132,-0.48875526001906,0.107,0.124,1,"ERAP1"
0.000137909078348933,-0.296170556492787,0.27,0.284,1,"TSLP"
0.000140093275884869,-0.330315303171195,0.324,0.33,1,"LRBA"
0.000144796781674843,-0.513587269295471,0.098,0.114,1,"SAMD9"
0.000168401559411264,-0.395899720721288,0.173,0.189,1,"RHBDD2"
0.000169312274761047,-0.319715579502018,0.299,0.306,1,"NRROS"
0.000169808107158034,-0.363868529648902,0.21,0.224,1,"NEK7"
0.000173319970940263,-0.462287671563666,0.107,0.124,1,"RHPN1"
0.000175723065660899,-0.342890030703206,0.218,0.231,1,"LRRC61"
0.000178486790451616,-0.311095958658113,0.289,0.297,1,"RNF44"
0.00018738284991052,-0.575067907973378,0.097,0.113,1,"MEGF9"
0.00019041342132479,-0.30867970696779,0.251,0.263,1,"ERBB2IP"
0.000196800789949171,-0.437182878629285,0.124,0.141,1,"APOL2"
0.000197677376257798,-0.444655089694613,0.13,0.146,1,"ANKS1A"
0.000200733387594622,-0.307823385587165,0.259,0.272,1,"C10orf11"
0.000202860845687432,-0.496275375884556,0.09,0.106,1,"RP11-670E13.6"
0.000207857992712756,-0.465858158801941,0.138,0.153,1,"NEK9"
0.000216594103889021,-0.484842453400876,0.119,0.135,1,"FAM72B"
0.000220136494798175,-0.263651306339133,0.376,0.375,1,"CHD3"
0.000220185058469045,-0.423339484244194,0.173,0.188,1,"CEP295"
0.000220850118264332,-0.457346635743457,0.097,0.113,1,"RASAL3"
0.000234631812891468,-0.389500653043846,0.206,0.219,1,"NSUN6"
0.000241308756446347,-0.382410690758696,0.23,0.242,1,"DONSON"
0.000266264953413625,-0.492588453624007,0.116,0.131,1,"DNASE1L1"
0.000278765288722917,-0.288455037156705,0.347,0.349,1,"DOCK8"
0.0002811349452106,-0.446121934069694,0.108,0.124,1,"MCTP1"
0.000282832057624015,-0.472286765096617,0.114,0.13,1,"E2F2"
0.000305363768703629,-0.335122851212125,0.206,0.22,1,"GDI1"
0.000307446264884549,-0.406769109884355,0.182,0.195,1,"USP6NL"
0.000314336931439168,-0.466752133315638,0.137,0.152,1,"SCARF1"
0.00032602913643699,-0.287967959377009,0.351,0.351,1,"IFNAR1"
0.000326661951792405,-0.49291542682844,0.116,0.131,1,"MARCH9"
0.000338124943609385,-0.348388662695939,0.296,0.303,1,"FAR2"
0.000338155581831728,-0.337580638217099,0.233,0.244,1,"MOAP1"
0.000340657999468375,-0.554103112723487,0.093,0.107,1,"IFIT5"
0.000346787791786946,-0.265733174073117,0.362,0.362,1,"MND1"
0.000346817994181026,-0.474503610623577,0.1,0.115,1,"HELB"
0.000353854194206779,-0.383247583622617,0.23,0.24,1,"BICD1"
0.000363444003518971,-0.376058301435156,0.234,0.244,1,"REV3L"
0.000368253363697904,-0.429441034581782,0.134,0.149,1,"DACH1"
0.000417088939103426,-0.358502174936493,0.201,0.215,1,"RILP"
0.000439704138082951,-0.282522993989123,0.361,0.358,1,"SP3"
0.000463743757296804,-0.421118609389824,0.097,0.112,1,"IL1RAP"
0.000517587095131627,-0.359848182826999,0.23,0.24,1,"OGFRL1"
0.000536708862376188,-0.285425087293767,0.272,0.281,1,"KANSL1-AS1"
0.000618759307833626,-0.508744105530683,0.098,0.112,1,"KLHL6"
0.000636167759588912,-0.367020817849589,0.221,0.232,1,"CERK"
0.000648326909859705,-0.379415027539391,0.158,0.172,1,"ZKSCAN8"
0.000655737258390918,-0.385793340481893,0.201,0.213,1,"MAP4K5"
0.000666912012313649,-0.367917697259033,0.147,0.161,1,"BUB1"
0.000690354894022047,-0.263309210848909,0.353,0.356,1,"NUF2"
0.000721559238878049,-0.418693372462289,0.118,0.132,1,"NDC80"
0.000741335752003963,-0.425254978280404,0.136,0.15,1,"CDC42BPB"
0.000845528705124253,-0.427189472140143,0.157,0.169,1,"DTNB"
0.000862458886768082,-1.11823189161668,0.141,0.154,1,"RETN"
0.000864229860964918,-0.338097405280927,0.179,0.193,1,"SNX20"
0.000880875698424648,-0.424959236806651,0.147,0.161,1,"CTC-246B18.10"
0.000881572795792583,-0.285785010323127,0.312,0.316,1,"CIDEB"
0.000907061348000655,-0.298775686331775,0.258,0.268,1,"GNB5"
0.00096242432509321,-0.302494241280931,0.292,0.297,1,"GPSM2"
0.00103228197291549,-0.387927308272787,0.144,0.157,1,"HIST1H1D"
0.0010470343062336,-0.43649920354709,0.116,0.13,1,"PNPLA8"
0.00104956829762986,-0.36217711603979,0.258,0.265,1,"TRIM8"
0.00108763455109032,-0.304795698888223,0.3,0.304,1,"NRDE2"
0.0011278948586376,-0.388272116978229,0.17,0.182,1,"ITCH"
0.00114602117115651,-0.30235702917112,0.146,0.16,1,"CXCL3"
0.00132950089701357,-0.354767555090732,0.221,0.23,1,"RP11-452F19.3"
0.0013358290347415,-0.467760139801644,0.096,0.109,1,"FAM65B"
0.00137960356393044,-0.359708400366674,0.204,0.214,1,"ZNF91"
0.00139178798152513,-0.321267030277629,0.268,0.275,1,"PGS1"
0.00143383772633162,-0.446057674947751,0.139,0.151,1,"B4GALT6"
0.00160321274271681,-0.361785124800716,0.245,0.253,1,"CPPED1"
0.00165989086715194,-0.390138815553598,0.166,0.178,1,"CDKN1B"
0.00185299101336868,-0.347655129281612,0.157,0.169,1,"CYB5R1"
0.00188377530951661,-0.395998793230716,0.164,0.175,1,"BIVM"
0.00190723748880924,-0.388833366791202,0.092,0.106,1,"PHC3"
0.00193087188562584,-0.391079149655194,0.132,0.145,1,"LDLRAD4"
0.00199350693544348,-0.379582841128529,0.133,0.146,1,"ERCC5"
0.00226867045206103,-0.324511219470534,0.142,0.156,1,"WASIR2"
0.00233288869962858,-0.464420769507044,0.107,0.119,1,"RFX1"
0.00233453248521608,-0.262530786856352,0.374,0.367,1,"MSL1"
0.0024013829735117,-0.376992868501448,0.207,0.216,1,"TPT1-AS1"
0.00249956984492139,-0.38045844833428,0.204,0.177,1,"MT1X"
0.00252091642915207,-0.340512019350284,0.214,0.224,1,"DEPDC1"
0.00260666956878042,-0.418034109705784,0.134,0.146,1,"ZBTB8A"
0.00277219526747142,-0.305327036453163,0.281,0.283,1,"TTC17"
0.00282174715107289,-0.501596794023421,0.093,0.105,1,"AK9"
0.00285483077297999,-0.455852666759665,0.105,0.117,1,"GALNT6"
0.0030148832551973,-0.5045264011752,0.09,0.102,1,"MLH3"
0.00305733686240691,-0.306953200284875,0.239,0.246,1,"CDKN2C"
0.00310857934268271,-0.386264086494913,0.173,0.182,1,"SLC31A1"
0.00313614062603387,-0.309490651214197,0.273,0.277,1,"SOCS4"
0.0031456108080963,-0.350868931175881,0.187,0.197,1,"SLC35E2B"
0.0032306458971066,-0.416239483401429,0.126,0.138,1,"ZNF85"
0.00324067629089463,-0.256503650121245,0.322,0.324,1,"AKAP13"
0.0034067825187706,-0.301543496625231,0.273,0.277,1,"GCC2"
0.00342998929577484,-0.436246643814061,0.105,0.117,1,"ST8SIA4"
0.00349294258387839,-0.437662382176646,0.124,0.135,1,"KIAA1147"
0.00352714650756595,-0.251816668417276,0.441,0.423,1,"BIRC2"
0.00355594937808778,-0.393553587987616,0.148,0.16,1,"SLC11A2"
0.0036756345944042,-0.277048121984281,0.326,0.326,1,"CASP2"
0.00370817706523444,-0.490125645799089,0.127,0.138,1,"VPS45"
0.00373855791408404,-0.448777911513365,0.099,0.111,1,"ETV3"
0.00378647688827743,-0.353129399794977,0.199,0.207,1,"SMPD2"
0.003820288770535,-0.360849121642729,0.179,0.188,1,"MAP3K3"
0.003861600180389,-0.412168877218091,0.117,0.129,1,"ZMAT3"
0.00393224011247972,-0.332278150737414,0.288,0.288,1,"RPAP2"
0.00394896470243645,-0.368235293265192,0.17,0.18,1,"CDCA2"
0.00400434386751758,-0.315136519676786,0.284,0.284,1,"CEP78"
0.00400893598322251,-0.369143507464568,0.176,0.185,1,"VEGFB"
0.0042164914043398,-0.315326106798553,0.278,0.279,1,"C16orf52"
0.00428775320686606,-0.478711002093814,0.102,0.113,1,"USP49"
0.00447474000271275,-0.380264639652989,0.162,0.172,1,"SARNP"
0.00483843858791415,-0.503999194346971,0.114,0.125,1,"UBR5-AS1"
0.00495681548550664,-0.350501176251669,0.151,0.162,1,"ZEB1-AS1"
0.00496047277753908,-0.294843170040158,0.276,0.28,1,"CIR1"
0.00501286706858521,-0.431367851821192,0.12,0.132,1,"RAB33B"
0.0050721542419835,-0.356098317341927,0.149,0.16,1,"FIGNL1"
0.00517715700133928,-0.306310595904689,0.265,0.269,1,"CCDC82"
0.00527647364194803,-0.386835588460173,0.179,0.187,1,"ZDHHC21"
0.00531854510732637,-0.252963284704169,0.251,0.258,1,"ARID4A"
0.00533371701273444,-0.330921339703211,0.174,0.184,1,"INTS8"
0.00541816142387337,-0.422716486735346,0.109,0.12,1,"FAM8A1"
0.00553088371974933,-0.408668611280942,0.135,0.146,1,"ZNF519"
0.0056020984506298,-0.417705014751592,0.101,0.112,1,"FANCM"
0.00564126202377585,-0.394804651766847,0.122,0.133,1,"PTPN4"
0.00578058133868984,-0.363170070022822,0.162,0.172,1,"NECAP1"
0.00606108014589139,-0.286417486403852,0.335,0.329,1,"GBAS"
0.00607812019969478,-0.324009182996774,0.146,0.157,1,"NCOA3"
0.00614501635857086,-0.438998166334,0.145,0.154,1,"DDHD1"
0.00616716145827423,-0.473672674249121,0.097,0.107,1,"E2F8"
0.00634652424543288,-0.356068709794735,0.189,0.198,1,"SOAT1"
0.00646357499672297,-0.345860649605108,0.154,0.164,1,"CAPN2"
0.00669583628379497,-0.273647217223699,0.325,0.323,1,"SSH2"
0.00674531912126785,-0.261207849760709,0.347,0.341,1,"NAT9"
0.00689924577025398,-0.326553492563088,0.184,0.193,1,"FMR1"
0.00699682717124514,-0.343510155369803,0.162,0.172,1,"AMN1"
0.00734746075240635,-0.360820664872809,0.091,0.102,1,"PLEKHO2"
0.00746394527782889,-0.449711503643039,0.096,0.107,1,"TGIF1"
0.0075701194035618,-0.307874305308304,0.211,0.218,1,"LACTB2"
0.00774494661414932,-0.409810277024985,0.128,0.138,1,"KIAA1524"
0.0078135163472823,-0.254606173189841,0.336,0.334,1,"FAM127B"
0.00792754350011337,-0.378051132267367,0.197,0.204,1,"FASTKD2"
0.00821275377719221,-0.254825436640724,0.323,0.319,1,"RFX5"
0.00849065657359944,-0.318314087935959,0.259,0.261,1,"HTT"
0.0085182546339289,-0.309975448740956,0.262,0.263,1,"ENTPD1-AS1"
0.00861958258708639,-0.323217311696383,0.258,0.259,1,"ZMYM2"
0.00875761847840075,-0.388757350284456,0.118,0.128,1,"SUPT3H"
0.00886269793046174,-0.370464395861494,0.167,0.175,1,"PTBP2"
0.0093123258607893,-0.422165583323016,0.097,0.108,1,"GTSF1"
0.00932105142342861,-0.431707672654889,0.097,0.107,1,"ZNF124"
0.00941104962546397,-0.354466010896587,0.122,0.132,1,"MGAT5"
0.00949709375289872,-0.312455826791569,0.253,0.256,1,"OSER1"
0.00987538792137712,-0.298732805600928,0.25,0.254,1,"RP11-242D8.1"
0.00997078646440532,-0.466831257633926,0.096,0.106,1,"RP11-706O15.3"
0.00997848616496424,-0.305523070390704,0.27,0.27,1,"PI4KA"
0.0101273046916454,-0.399120397974881,0.093,0.103,1,"C22orf46"
0.0103284295770341,-0.306249338429208,0.289,0.287,1,"ABCD4"
0.0105229536453069,-0.385699726842312,0.17,0.177,1,"VSIG10"
0.0105373839661617,-0.367882691909723,0.134,0.144,1,"NDST2"
0.0107651524549847,-0.36370982375987,0.195,0.202,1,"ERV3-1"
0.0113257032399425,-0.337956324988272,0.137,0.146,1,"FAM83D"
0.0118554849173694,-0.342997582619018,0.159,0.167,1,"CCDC186"
0.0125134200266771,-0.330717657062428,0.204,0.21,1,"GTF2H2C"
0.0126423627860648,-0.294570190850433,0.245,0.248,1,"LOXL1"
0.0128533936375881,-0.354608208652571,0.183,0.191,1,"IRF2"
0.0130284980376436,-0.345731992718442,0.185,0.191,1,"DLGAP5"
0.0132526104562941,-0.268695678184901,0.326,0.323,1,"EFCAB2"
0.0134226670602815,-0.361458539835525,0.122,0.131,1,"TOB1"
0.0139019083775682,-0.285756586278304,0.319,0.315,1,"RBM5"
0.0139303476142401,-0.397163248664493,0.093,0.103,1,"TMTC3"
0.0140041907509593,-0.391444305883634,0.097,0.107,1,"PRIMPOL"
0.0147688062584432,-0.340887717567762,0.2,0.205,1,"PDIK1L"
0.0150764301973795,-0.313340067923402,0.25,0.25,1,"INSIG2"
0.0151234137932027,-0.254035821497343,0.103,0.113,1,"SMOX"
0.0158639912182012,-0.397043208803932,0.115,0.123,1,"CCDC71L"
0.0160285361315541,-0.365385381587633,0.142,0.151,1,"KIF15"
0.0164812877820775,-0.319882049957485,0.184,0.191,1,"RP1-313I6.12"
0.016485737525558,-0.288162780806968,0.269,0.269,1,"BCAP29"
0.0167594164717855,-0.310369869672627,0.239,0.242,1,"TAB2"
0.016870838473445,-0.423850991356253,0.096,0.105,1,"DTX3L"
0.0174099465264291,-0.337319276351125,0.164,0.171,1,"SLC6A6"
0.0174198076983412,-0.315085916294715,0.285,0.281,1,"CRYZL1"
0.0175406446676849,-0.290980647161426,0.316,0.311,1,"RP11-500C11.3"
0.0176478526283643,-0.265755795775541,0.258,0.26,1,"POLK"
0.0177524826976001,-0.372773876066482,0.16,0.168,1,"GEN1"
0.0183322334402013,-0.363546289152173,0.195,0.2,1,"HAUS5"
0.0195541758116229,-0.362647190116801,0.192,0.198,1,"SMAD3"
0.0204354733116509,-0.279448687355052,0.26,0.262,1,"SUN2"
0.0208648547057689,-0.344970023188062,0.185,0.191,1,"SFR1"
0.0210599970623026,-0.391704791149378,0.145,0.153,1,"TMTC4"
0.0222470567606345,-0.271653752033707,0.342,0.334,1,"HOXA10"
0.0229224095907758,-0.392431616983467,0.133,0.141,1,"AFF4"
0.0229547630426452,-0.467075731955247,0.098,0.106,1,"NIPSNAP1"
0.0234218702387628,-0.347028806389686,0.133,0.142,1,"ZNF44"
0.0234236009146048,-0.322411124992211,0.209,0.213,1,"BCL10"
0.0239850226175437,-0.419467938882041,0.105,0.113,1,"ZNF135"
0.0240539828048977,-0.319709383499218,0.191,0.196,1,"GPR108"
0.0241668929667966,-0.422558635884732,0.162,0.168,1,"CD200"
0.0245355604537973,-0.318755040067929,0.183,0.189,1,"ALDH1A1"
0.0263242372343842,-0.337011785393547,0.147,0.154,1,"SP140L"
0.0263889203796276,-0.284831250532215,0.218,0.223,1,"NPTN"
0.0275915909376374,-0.297161001872875,0.185,0.191,1,"CLK4"
0.0280406181077524,-0.350662072373678,0.126,0.134,1,"IER5"
0.0283545761687262,-0.294557646780286,0.224,0.226,1,"HERC4"
0.0295401988660059,-0.345297607190512,0.196,0.2,1,"FANCL"
0.030403800364061,-0.268255652444149,0.276,0.275,1,"PRNP"
0.0310173711322995,-0.287658556947102,0.239,0.241,1,"FBXO11"
0.0312710001309841,-0.284286442914478,0.282,0.281,1,"SFXN1"
0.0317340242183006,-0.32138541768071,0.181,0.186,1,"CHKB"
0.0319156350550651,-0.346512480300538,0.1,0.108,1,"SV2A"
0.0320277159724144,-0.326305780189441,0.175,0.181,1,"FAM89A"
0.0324298621021308,-0.42968795616251,0.093,0.101,1,"FMNL3"
0.0336438510152215,-0.423992460361296,0.132,0.139,1,"EFHC1"
0.0339910949865995,-0.420953167028258,0.102,0.11,1,"P2RY11"
0.034436229557821,-0.337984990318271,0.18,0.185,1,"SLFN11"
0.0351923550284199,-0.311282601528952,0.137,0.144,1,"AP1AR"
0.0358736141196182,-0.303401343827031,0.231,0.233,1,"RGL2"
0.0362052074694128,-0.301860290586453,0.209,0.212,1,"CYSLTR1"
0.0376784760066441,-0.39361734076083,0.115,0.122,1,"ASPHD2"
0.0383491627119854,-0.379360333163498,0.151,0.157,1,"KPNA5"
0.0383747728011573,-0.279062864441124,0.207,0.211,1,"XAF1"
0.0385063946750276,-0.320097884944619,0.257,0.257,1,"CENPE"
0.0387272702790728,-0.448668611414713,0.131,0.137,1,"MZF1"
0.0387428706657218,-0.383904489963219,0.099,0.106,1,"HMGA2"
0.0392719154439552,-0.296552651920456,0.24,0.24,1,"HOOK2"
0.0396974289044419,-0.376995725232435,0.141,0.146,1,"ANKRD13C"
0.041694971203473,-0.28155759059867,0.251,0.251,1,"WDR11"
0.0420467147651686,-0.398252081751054,0.151,0.157,1,"HSPA1A"
0.0421387657360051,-0.2527695462987,0.265,0.263,1,"CDS2"
0.0425999143870043,-0.314559397588234,0.163,0.169,1,"PDGFC"
0.0426816909616317,-0.328258833337653,0.104,0.111,1,"PBX3"
0.0430620821636117,-0.252811120141168,0.244,0.245,1,"CORO1B"
0.0434962690774366,-0.35530608865528,0.093,0.101,1,"ARMT1"
0.0440803948474959,-0.321787215315852,0.14,0.146,1,"PLAU"
0.046977209594446,-0.353210045513093,0.106,0.113,1,"FBXO8"
0.0480690399217957,-0.292940172543989,0.245,0.244,1,"SAV1"
0.0482068368620409,-0.428177428004552,0.102,0.108,1,"NCOA2"
0.0484713259085225,-0.268530344482677,0.2,0.205,1,"PAPSS1"
0.0489940624595659,-0.315837930548912,0.177,0.182,1,"TBK1"
0.0519253625041324,-0.389578320284113,0.108,0.114,1,"KLHL28"
0.0540999091285807,-0.328800723077706,0.109,0.116,1,"CLK2"
0.0551049310407498,-0.250426641274616,0.268,0.266,1,"ZNF430"
0.0554904470612544,-0.361314754846669,0.171,0.175,1,"F2RL1"
0.0567379889927304,-0.41835853451501,0.132,0.137,1,"BMPR2"
0.0582516737028016,-0.358589220583451,0.149,0.154,1,"C18orf54"
0.0592990913947388,-0.384337571461256,0.122,0.128,1,"ARHGEF39"
0.0594577768679091,-0.261689419194823,0.207,0.21,1,"STX6"
0.0633103549412158,-0.316466003148794,0.121,0.127,1,"MFAP3L"
0.0662524922323319,-0.287894182243972,0.188,0.191,1,"UBQLN2"
0.0729430391377095,-0.30071831570112,0.175,0.179,1,"ZNF738"
0.0756097360958308,-0.346616378995249,0.158,0.161,1,"ZBED3"
0.0777031379216418,-0.299666319256286,0.138,0.144,1,"HLTF"
0.0779088141831065,-0.431513930298319,0.102,0.108,1,"MYD88"
0.0792023480368724,-0.372115083132778,0.101,0.107,1,"RASA2"
0.0793155117046006,-0.322531970280621,0.158,0.162,1,"CNKSR3"
0.0816697922138578,-0.256099875915655,0.24,0.24,1,"CBL"
0.0829141783724786,-0.309843778622549,0.26,0.256,1,"ZNF280B"
0.0832270498481556,-0.26241236845456,0.3,0.29,1,"TIFA"
0.0842557613500914,-0.288910502367607,0.147,0.152,1,"ZNF83"
0.0847253994778128,-0.260719761488672,0.218,0.218,1,"EP300"
0.0850836489661373,-0.363464733249353,0.127,0.132,1,"KLHL2"
0.0871863139565026,-0.335809653382038,0.101,0.106,1,"ZNF230"
0.089409897766576,-0.268768541521077,0.188,0.19,1,"FBXO34"
0.0913656517491861,-0.352216790964905,0.192,0.194,1,"FHL1"
0.091549716421787,-0.34231398770138,0.151,0.155,1,"MARCH2"
0.0927339493125625,-0.305350975322907,0.136,0.141,1,"ZBTB1"
0.0946271663709049,-0.326579609790457,0.141,0.145,1,"PIK3C2A"
0.0981470010283251,-0.410782986121232,0.103,0.108,1,"NOMO3"
0.0997410901399525,-0.357180757620872,0.12,0.125,1,"MICA"
0.101021309202838,-0.303792106521523,0.18,0.182,1,"PSEN1"
0.103314976840666,-0.386186096524093,0.132,0.135,1,"DNA2"
0.104396857837608,-0.29076118145972,0.15,0.153,1,"CEP89"
0.105999805100149,-0.368009354674759,0.099,0.104,1,"CARD16"
0.106813952572465,-0.261809138124217,0.131,0.136,1,"FBXO25"
0.107472357613934,-0.333670137990314,0.121,0.126,1,"KLHL20"
0.107580193964393,-0.277651338301261,0.191,0.192,1,"SCARB2"
0.108014116336146,-0.310617556501809,0.164,0.167,1,"ZNF43"
0.111122903386697,-0.291377278956583,0.227,0.225,1,"LRRCC1"
0.113258689747378,-0.308641840601979,0.132,0.137,1,"ZSCAN29"
0.113768581653632,-0.332904391345125,0.147,0.15,1,"SLC39A13"
0.114094319557475,-0.33078826418545,0.21,0.209,1,"ZFP36"
0.115389297358129,-0.38512708415384,0.132,0.136,1,"TRIM59"
0.115795111716991,-0.274376162301963,0.177,0.179,1,"NEMP1"
0.116774406655033,-0.304982009733039,0.186,0.187,1,"HMBOX1"
0.117581619287346,-0.303016442953656,0.102,0.107,1,"ITPRIP"
0.118811234453206,-0.25803622865575,0.217,0.217,1,"LYSMD3"
0.119769585450422,-0.386189006087521,0.144,0.146,1,"STX12"
0.120209302705363,-0.372224169785683,0.138,0.141,1,"CH507-154B10.1"
0.120781754581049,-0.348278967667856,0.113,0.117,1,"C11orf54"
0.121198968942938,-0.380843445323663,0.126,0.13,1,"TCF7L2"
0.123992305692111,-0.401731490694744,0.113,0.117,1,"C11orf80"
0.125095206616373,-0.283082123397848,0.249,0.245,1,"RANBP9"
0.125810905023899,-0.31483092133961,0.099,0.104,1,"SLC25A40"
0.127431383994327,-0.342512802497684,0.159,0.161,1,"ZDHHC13"
0.128073845745974,-0.294491509113722,0.147,0.15,1,"ATG14"
0.129601046543851,-0.289156665984463,0.146,0.15,1,"TMEM64"
0.131161224707444,-0.290523276169822,0.199,0.199,1,"LINC00685"
0.135951388331348,-0.341962996704305,0.141,0.144,1,"CDK17"
0.136313072558961,-0.256603247042433,0.222,0.22,1,"FOXK1"
0.142425652941932,-0.310689388468013,0.182,0.182,1,"ITPRIPL1"
0.143681467871843,-0.325444319406117,0.138,0.141,1,"ZBTB48"
0.144418242677114,-0.321211660101362,0.104,0.109,1,"NLRP2"
0.146125581605104,-0.293901622607388,0.222,0.219,1,"NEDD1"
0.146516018355192,-0.397326922344585,0.102,0.106,1,"SMAD1"
0.149295406426691,-0.33729129694209,0.115,0.119,1,"NPIPB5"
0.15640448052711,-0.291077790561268,0.197,0.197,1,"MDFIC"
0.157787051366563,-0.292150919897073,0.202,0.202,1,"RIMKLB"
0.158266188230844,-0.365849583119767,0.112,0.115,1,"PIBF1"
0.158936573365539,-0.314462240517623,0.235,0.23,1,"TPD52"
0.162756239525171,-0.264481001947027,0.124,0.128,1,"TRIM21"
0.170605127675144,-0.410820374728918,0.142,0.144,1,"ADGRE2"
0.173332436802289,-0.294729592890609,0.099,0.103,1,"CACNA1A"
0.182152841421975,-0.294911798007573,0.151,0.154,1,"FAM13A"
0.18598172059187,-0.307583419575759,0.124,0.128,1,"RP11-158I9.8"
0.186349079980227,-0.316244401748436,0.102,0.105,1,"FBXO43"
0.192649365652574,-0.291347964377013,0.245,0.239,1,"CCDC14"
0.194785401834388,-0.270079769935663,0.211,0.209,1,"SEC23A"
0.196541257296785,-0.415543841719659,0.105,0.108,1,"FAM161A"
0.199963404089722,-0.464803685138268,0.129,0.13,1,"IGHD"
0.202762648679302,-0.325117867616322,0.102,0.105,1,"SLC2A8"
0.22044851529332,-0.286406290906504,0.198,0.197,1,"SNX9"
0.225243760875479,-0.271837062359699,0.188,0.187,1,"MOK"
0.233716825477605,-0.315239369201442,0.191,0.189,1,"DEDD2"
0.237063495039953,-0.315481544602453,0.111,0.114,1,"DMTF1"
0.237840017349831,-0.252310588347333,0.172,0.173,1,"DHX8"
0.24659661029763,-0.255387448107526,0.192,0.191,1,"FGFR1OP"
0.252140038198502,-0.273429197357462,0.117,0.12,1,"AMPD3"
0.263831812170057,-0.279802373318556,0.174,0.173,1,"NBPF1"
0.26755785719781,-0.276280593703328,0.225,0.22,1,"PDK1"
0.273663074977207,-0.254918438900409,0.191,0.189,1,"USP32"
0.280444403526231,-0.329461315906245,0.14,0.141,1,"FAM118A"
0.284314055824248,-0.254900020734316,0.206,0.205,1,"FAM76A"
0.286046472745225,-0.259237274706249,0.223,0.219,1,"FAM43A"
0.288930079222438,-0.361462308878836,0.12,0.121,1,"RP11-73E17.2"
0.301500473764519,-0.278082209613836,0.105,0.107,1,"POLQ"
0.306089017961002,-0.256746270091101,0.217,0.212,1,"MAT2B"
0.309355568288773,-0.364568394299563,0.124,0.125,1,"RP11-140K17.3"
0.309801819434646,-0.292350440972585,0.113,0.114,1,"KIF18B"
0.3184199796994,-0.312722418327676,0.128,0.129,1,"RP11-544A12.8"
0.320254439581371,-0.279118077809339,0.15,0.151,1,"B3GALNT2"
0.335829395883637,-0.295559367270857,0.147,0.147,1,"DOCK10"
0.336104246337736,-0.343576550486923,0.109,0.111,1,"ZNF362"
0.343465152291034,-0.312111944069379,0.122,0.123,1,"RABGAP1"
0.345241755630953,-0.28465668540765,0.116,0.117,1,"MAN2C1"
0.356024336398815,-0.250996791445958,0.187,0.185,1,"RP4-816N1.6"
0.3593469680773,-0.25901071725144,0.177,0.175,1,"PPP3CC"
0.362707024646357,-0.270945753196116,0.118,0.119,1,"ARHGAP21"
0.381164869246178,-0.259788177541097,0.169,0.167,1,"ING3"
0.38261889901215,-0.270487166747154,0.166,0.164,1,"SOX18"
0.389191092618269,-0.292848540677773,0.184,0.181,1,"PPM1N"
0.392461981135909,-0.336873170825878,0.114,0.114,1,"HIVEP3"
0.39799407518843,-0.291740734448004,0.099,0.101,1,"NCAPG2"
0.403425352887356,-0.318522798374139,0.099,0.1,1,"CCDC142"
0.428926525242434,-0.255339249803304,0.136,0.127,1,"TP53I11"
0.439812028068616,-0.307720034855461,0.108,0.108,1,"RUFY3"
0.453555723113241,-0.260136861206356,0.215,0.21,1,"RC3H1"
0.467383139428393,-0.261066002421285,0.116,0.116,1,"RP11-977G19.11"
0.48280172840607,-0.253081573783356,0.236,0.228,1,"MAP1S"
0.492558718718842,-0.300131649089995,0.144,0.143,1,"DBF4B"
0.498023267384946,-0.252425648896508,0.239,0.229,1,"MPPE1"
0.501325220949072,-0.348572929625317,0.109,0.109,1,"SPATA20"
0.514636768172788,-0.261929362474407,0.161,0.159,1,"USP11"
0.514665251341875,-0.254375107969433,0.104,0.104,1,"PPP1R21"
0.515419476804238,-0.302765381600537,0.112,0.112,1,"KRBOX4"
0.523940040972577,-0.298081359168676,0.136,0.135,1,"TNRC6C"
0.52663835928589,-0.269607959999892,0.122,0.122,1,"ENTPD4"
0.530887905446207,-0.255816718871253,0.197,0.192,1,"HOXA10-AS"
0.545622372100808,-0.26463410366079,0.139,0.138,1,"ARSA"
0.546109763038221,-0.262907467867746,0.118,0.118,1,"CCDC102A"
0.564324551271646,-0.286726056337205,0.124,0.123,1,"NR2C1"
0.565418264068832,-0.2658934020223,0.165,0.162,1,"UBLCP1"
0.570205546839576,-0.293656821485023,0.158,0.155,1,"RAB3IP"
0.583985956602332,-0.288286346102798,0.166,0.163,1,"RP11-51J9.5"
0.594176844219478,-0.32226848624024,0.109,0.108,1,"ZNF333"
0.603608643356189,-0.251462729536549,0.194,0.189,1,"SECISBP2L"
0.616962258155314,-0.314449869061956,0.158,0.153,1,"LINC01116"
0.618786383348587,-0.328659013563499,0.124,0.122,1,"RP2"
0.631069770028282,-0.263709842613126,0.1,0.1,1,"SESN1"
0.642605167325712,-0.261148375899197,0.102,0.102,1,"ARNTL2"
0.655349573463606,-0.28992913398312,0.136,0.133,1,"GKAP1"
0.661953790728536,-0.256180146251694,0.134,0.133,1,"ZNF561"
0.671927824022093,-0.254408313823371,0.149,0.146,1,"HAUS3"
0.678377904158027,-0.274580105092386,0.13,0.127,1,"RNF111"
0.686842164738928,-0.271311363285672,0.136,0.133,1,"SNX16"
0.687454221277258,-0.29790291447214,0.122,0.12,1,"NAV1"
0.693738907777783,-0.250425826806331,0.139,0.136,1,"UHRF1BP1L"
0.700283238744521,-0.27840546771451,0.101,0.096,1,"UBE3D"
0.734674389158331,-0.251759167817441,0.201,0.194,1,"CNTLN"
0.740832106944048,-0.250194657642738,0.218,0.208,1,"DUSP14"
0.772185380320143,-0.292995821237054,0.129,0.123,1,"ZNF711"
0.787968644498171,-0.263009122335278,0.164,0.159,1,"CRNKL1"
0.801978503964155,-0.258422162161953,0.141,0.137,1,"FHIT"
0.828413391013449,-0.253962644303411,0.168,0.161,1,"RANBP17"
0.868379716963258,-0.254890861623203,0.148,0.144,1,"RBL1"
0.878658627969212,-0.288438045565467,0.105,0.1,1,"KHK"
0.882098933306554,-0.287532644810656,0.108,0.104,1,"AHDC1"
0.882500743563949,-0.311861123631394,0.123,0.119,1,"SVIL"
0.889650713805519,-0.299561805968954,0.136,0.132,1,"ZBTB10"
0.898904210733366,-0.292274280087083,0.139,0.135,1,"TTC28"
0.90535279467322,-0.260335910995958,0.132,0.127,1,"ZNF254"
0.917369459134896,-0.27398909619133,0.133,0.127,1,"EXOG"
0.936369935138639,-0.33513043048718,0.113,0.11,1,"SCOC-AS1"
0.958683625352779,-0.272224235349195,0.124,0.121,1,"USP51"
0.975554356952666,-0.250467626826293,0.136,0.132,1,"TUBD1"
0.988104057039206,-0.250762672040938,0.117,0.113,1,"PROCA1"
0.993828972932822,-0.27318839570449,0.11,0.107,1,"HSD17B7"
